2026-01-24 13:10:58,606 - INFO - [2026-01-24 13:10:58] ℹ️ INFO: Verificando/creando tabla sync_hashes...
2026-01-24 13:10:58,696 - INFO - [2026-01-24 13:10:58] ✅ ÉXITO: ✅ Tabla sync_hashes lista
2026-01-24 13:10:58,697 - INFO - [2026-01-24 13:10:58] ℹ️ INFO: 
2026-01-24 13:10:58,697 - INFO - [2026-01-24 13:10:58] ℹ️ INFO: ╔════════════════════════════════════════════════════════════════╗
2026-01-24 13:10:58,697 - INFO - [2026-01-24 13:10:58] ℹ️ INFO: ║          SINCRONIZACIÓN INTELIGENTE CON TABLA DE HASHES          ║
2026-01-24 13:10:58,697 - INFO - [2026-01-24 13:10:58] ℹ️ INFO: ╚════════════════════════════════════════════════════════════════╝
2026-01-24 13:10:58,697 - INFO - [2026-01-24 13:10:58] ℹ️ INFO: 
2026-01-24 13:10:58,704 - INFO - [2026-01-24 13:10:58] ✅ ÉXITO: ✅ Conectado a PostgreSQL
2026-01-24 13:11:00,304 - INFO - [2026-01-24 13:11:00] ✅ ÉXITO: ✅ Conectado a MySQL
2026-01-24 13:11:00,305 - INFO - [2026-01-24 13:11:00] ℹ️ INFO: Detectando cambios en products...
2026-01-24 13:11:00,465 - INFO - [2026-01-24 13:11:00] 🔍 DEBUG:   ✨ NUEVO: 001
2026-01-24 13:11:00,476 - INFO - [2026-01-24 13:11:00] 🔍 DEBUG:   ✨ NUEVO: 002
2026-01-24 13:11:00,477 - INFO - [2026-01-24 13:11:00] 🔍 DEBUG:   ✨ NUEVO: 003
2026-01-24 13:11:00,478 - INFO - [2026-01-24 13:11:00] 🔍 DEBUG:   ✨ NUEVO: 004
2026-01-24 13:11:00,478 - INFO - [2026-01-24 13:11:00] 🔍 DEBUG:   ✨ NUEVO: 0040962166604
2026-01-24 13:11:00,479 - INFO - [2026-01-24 13:11:00] 🔍 DEBUG:   ✨ NUEVO: 005
2026-01-24 13:11:00,480 - INFO - [2026-01-24 13:11:00] 🔍 DEBUG:   ✨ NUEVO: 006
2026-01-24 13:11:00,480 - INFO - [2026-01-24 13:11:00] 🔍 DEBUG:   ✨ NUEVO: 007
2026-01-24 13:11:00,481 - INFO - [2026-01-24 13:11:00] 🔍 DEBUG:   ✨ NUEVO: 008
2026-01-24 13:11:00,481 - INFO - [2026-01-24 13:11:00] 🔍 DEBUG:   ✨ NUEVO: 009
2026-01-24 13:11:00,482 - INFO - [2026-01-24 13:11:00] 🔍 DEBUG:   ✨ NUEVO: 01
2026-01-24 13:11:00,483 - INFO - [2026-01-24 13:11:00] 🔍 DEBUG:   ✨ NUEVO: 010
2026-01-24 13:11:00,483 - INFO - [2026-01-24 13:11:00] 🔍 DEBUG:   ✨ NUEVO: 011
2026-01-24 13:11:00,484 - INFO - [2026-01-24 13:11:00] 🔍 DEBUG:   ✨ NUEVO: 012
2026-01-24 13:11:00,485 - INFO - [2026-01-24 13:11:00] 🔍 DEBUG:   ✨ NUEVO: 013
2026-01-24 13:11:00,485 - INFO - [2026-01-24 13:11:00] 🔍 DEBUG:   ✨ NUEVO: 0137137400038
2026-01-24 13:11:00,486 - INFO - [2026-01-24 13:11:00] 🔍 DEBUG:   ✨ NUEVO: 0137137400068
2026-01-24 13:11:00,486 - INFO - [2026-01-24 13:11:00] 🔍 DEBUG:   ✨ NUEVO: 014
2026-01-24 13:11:00,487 - INFO - [2026-01-24 13:11:00] 🔍 DEBUG:   ✨ NUEVO: 015
2026-01-24 13:11:00,488 - INFO - [2026-01-24 13:11:00] 🔍 DEBUG:   ✨ NUEVO: 016
2026-01-24 13:11:00,489 - INFO - [2026-01-24 13:11:00] 🔍 DEBUG:   ✨ NUEVO: 017
2026-01-24 13:11:00,490 - INFO - [2026-01-24 13:11:00] 🔍 DEBUG:   ✨ NUEVO: 018
2026-01-24 13:11:00,490 - INFO - [2026-01-24 13:11:00] 🔍 DEBUG:   ✨ NUEVO: 019
2026-01-24 13:11:00,491 - INFO - [2026-01-24 13:11:00] 🔍 DEBUG:   ✨ NUEVO: 02
2026-01-24 13:11:00,492 - INFO - [2026-01-24 13:11:00] 🔍 DEBUG:   ✨ NUEVO: 020
2026-01-24 13:11:00,493 - INFO - [2026-01-24 13:11:00] 🔍 DEBUG:   ✨ NUEVO: 02004
2026-01-24 13:11:00,493 - INFO - [2026-01-24 13:11:00] 🔍 DEBUG:   ✨ NUEVO: 021
2026-01-24 13:11:00,494 - INFO - [2026-01-24 13:11:00] 🔍 DEBUG:   ✨ NUEVO: 022
2026-01-24 13:11:00,495 - INFO - [2026-01-24 13:11:00] 🔍 DEBUG:   ✨ NUEVO: 023
2026-01-24 13:11:00,496 - INFO - [2026-01-24 13:11:00] 🔍 DEBUG:   ✨ NUEVO: 024
2026-01-24 13:11:00,496 - INFO - [2026-01-24 13:11:00] 🔍 DEBUG:   ✨ NUEVO: 025
2026-01-24 13:11:00,497 - INFO - [2026-01-24 13:11:00] 🔍 DEBUG:   ✨ NUEVO: 026
2026-01-24 13:11:00,497 - INFO - [2026-01-24 13:11:00] 🔍 DEBUG:   ✨ NUEVO: 027
2026-01-24 13:11:00,499 - INFO - [2026-01-24 13:11:00] 🔍 DEBUG:   ✨ NUEVO: 028
2026-01-24 13:11:00,499 - INFO - [2026-01-24 13:11:00] 🔍 DEBUG:   ✨ NUEVO: 029
2026-01-24 13:11:00,500 - INFO - [2026-01-24 13:11:00] 🔍 DEBUG:   ✨ NUEVO: 030
2026-01-24 13:11:00,500 - INFO - [2026-01-24 13:11:00] 🔍 DEBUG:   ✨ NUEVO: 031
2026-01-24 13:11:00,501 - INFO - [2026-01-24 13:11:00] 🔍 DEBUG:   ✨ NUEVO: 031655531908
2026-01-24 13:11:00,501 - INFO - [2026-01-24 13:11:00] 🔍 DEBUG:   ✨ NUEVO: 032
2026-01-24 13:11:00,502 - INFO - [2026-01-24 13:11:00] 🔍 DEBUG:   ✨ NUEVO: 033
2026-01-24 13:11:00,502 - INFO - [2026-01-24 13:11:00] 🔍 DEBUG:   ✨ NUEVO: 034
2026-01-24 13:11:00,503 - INFO - [2026-01-24 13:11:00] 🔍 DEBUG:   ✨ NUEVO: 035
2026-01-24 13:11:00,503 - INFO - [2026-01-24 13:11:00] 🔍 DEBUG:   ✨ NUEVO: 036
2026-01-24 13:11:00,504 - INFO - [2026-01-24 13:11:00] 🔍 DEBUG:   ✨ NUEVO: 037
2026-01-24 13:11:00,505 - INFO - [2026-01-24 13:11:00] 🔍 DEBUG:   ✨ NUEVO: 038
2026-01-24 13:11:00,506 - INFO - [2026-01-24 13:11:00] 🔍 DEBUG:   ✨ NUEVO: 039
2026-01-24 13:11:00,506 - INFO - [2026-01-24 13:11:00] 🔍 DEBUG:   ✨ NUEVO: 040
2026-01-24 13:11:00,507 - INFO - [2026-01-24 13:11:00] 🔍 DEBUG:   ✨ NUEVO: 041
2026-01-24 13:11:00,508 - INFO - [2026-01-24 13:11:00] 🔍 DEBUG:   ✨ NUEVO: 042
2026-01-24 13:11:00,509 - INFO - [2026-01-24 13:11:00] 🔍 DEBUG:   ✨ NUEVO: 043
2026-01-24 13:11:00,509 - INFO - [2026-01-24 13:11:00] 🔍 DEBUG:   ✨ NUEVO: 044
2026-01-24 13:11:00,510 - INFO - [2026-01-24 13:11:00] 🔍 DEBUG:   ✨ NUEVO: 045
2026-01-24 13:11:00,511 - INFO - [2026-01-24 13:11:00] 🔍 DEBUG:   ✨ NUEVO: 046
2026-01-24 13:11:00,512 - INFO - [2026-01-24 13:11:00] 🔍 DEBUG:   ✨ NUEVO: 046500017919
2026-01-24 13:11:00,513 - INFO - [2026-01-24 13:11:00] 🔍 DEBUG:   ✨ NUEVO: 046500761911
2026-01-24 13:11:00,514 - INFO - [2026-01-24 13:11:00] 🔍 DEBUG:   ✨ NUEVO: 047
2026-01-24 13:11:00,515 - INFO - [2026-01-24 13:11:00] 🔍 DEBUG:   ✨ NUEVO: 048
2026-01-24 13:11:00,516 - INFO - [2026-01-24 13:11:00] 🔍 DEBUG:   ✨ NUEVO: 049
2026-01-24 13:11:00,516 - INFO - [2026-01-24 13:11:00] 🔍 DEBUG:   ✨ NUEVO: 050
2026-01-24 13:11:00,517 - INFO - [2026-01-24 13:11:00] 🔍 DEBUG:   ✨ NUEVO: 051
2026-01-24 13:11:00,518 - INFO - [2026-01-24 13:11:00] 🔍 DEBUG:   ✨ NUEVO: 052
2026-01-24 13:11:00,518 - INFO - [2026-01-24 13:11:00] 🔍 DEBUG:   ✨ NUEVO: 053
2026-01-24 13:11:00,519 - INFO - [2026-01-24 13:11:00] 🔍 DEBUG:   ✨ NUEVO: 054
2026-01-24 13:11:00,519 - INFO - [2026-01-24 13:11:00] 🔍 DEBUG:   ✨ NUEVO: 055
2026-01-24 13:11:00,520 - INFO - [2026-01-24 13:11:00] 🔍 DEBUG:   ✨ NUEVO: 056
2026-01-24 13:11:00,520 - INFO - [2026-01-24 13:11:00] 🔍 DEBUG:   ✨ NUEVO: 057
2026-01-24 13:11:00,521 - INFO - [2026-01-24 13:11:00] 🔍 DEBUG:   ✨ NUEVO: 058
2026-01-24 13:11:00,522 - INFO - [2026-01-24 13:11:00] 🔍 DEBUG:   ✨ NUEVO: 059
2026-01-24 13:11:00,522 - INFO - [2026-01-24 13:11:00] 🔍 DEBUG:   ✨ NUEVO: 060
2026-01-24 13:11:00,523 - INFO - [2026-01-24 13:11:00] 🔍 DEBUG:   ✨ NUEVO: 061
2026-01-24 13:11:00,523 - INFO - [2026-01-24 13:11:00] 🔍 DEBUG:   ✨ NUEVO: 064
2026-01-24 13:11:00,524 - INFO - [2026-01-24 13:11:00] 🔍 DEBUG:   ✨ NUEVO: 065
2026-01-24 13:11:00,525 - INFO - [2026-01-24 13:11:00] 🔍 DEBUG:   ✨ NUEVO: 0651536393441
2026-01-24 13:11:00,526 - INFO - [2026-01-24 13:11:00] 🔍 DEBUG:   ✨ NUEVO: 066
2026-01-24 13:11:00,526 - INFO - [2026-01-24 13:11:00] 🔍 DEBUG:   ✨ NUEVO: 067
2026-01-24 13:11:00,527 - INFO - [2026-01-24 13:11:00] 🔍 DEBUG:   ✨ NUEVO: 068
2026-01-24 13:11:00,527 - INFO - [2026-01-24 13:11:00] 🔍 DEBUG:   ✨ NUEVO: 069
2026-01-24 13:11:00,528 - INFO - [2026-01-24 13:11:00] 🔍 DEBUG:   ✨ NUEVO: 070
2026-01-24 13:11:00,529 - INFO - [2026-01-24 13:11:00] 🔍 DEBUG:   ✨ NUEVO: 071
2026-01-24 13:11:00,529 - INFO - [2026-01-24 13:11:00] 🔍 DEBUG:   ✨ NUEVO: 071641300019
2026-01-24 13:11:00,530 - INFO - [2026-01-24 13:11:00] 🔍 DEBUG:   ✨ NUEVO: 072
2026-01-24 13:11:00,531 - INFO - [2026-01-24 13:11:00] 🔍 DEBUG:   ✨ NUEVO: 073
2026-01-24 13:11:00,532 - INFO - [2026-01-24 13:11:00] 🔍 DEBUG:   ✨ NUEVO: 074
2026-01-24 13:11:00,533 - INFO - [2026-01-24 13:11:00] 🔍 DEBUG:   ✨ NUEVO: 075
2026-01-24 13:11:00,534 - INFO - [2026-01-24 13:11:00] 🔍 DEBUG:   ✨ NUEVO: 076
2026-01-24 13:11:00,535 - INFO - [2026-01-24 13:11:00] 🔍 DEBUG:   ✨ NUEVO: 077
2026-01-24 13:11:00,535 - INFO - [2026-01-24 13:11:00] 🔍 DEBUG:   ✨ NUEVO: 078
2026-01-24 13:11:00,536 - INFO - [2026-01-24 13:11:00] 🔍 DEBUG:   ✨ NUEVO: 079
2026-01-24 13:11:00,537 - INFO - [2026-01-24 13:11:00] 🔍 DEBUG:   ✨ NUEVO: 080
2026-01-24 13:11:00,537 - INFO - [2026-01-24 13:11:00] 🔍 DEBUG:   ✨ NUEVO: 081
2026-01-24 13:11:00,538 - INFO - [2026-01-24 13:11:00] 🔍 DEBUG:   ✨ NUEVO: 083
2026-01-24 13:11:00,539 - INFO - [2026-01-24 13:11:00] 🔍 DEBUG:   ✨ NUEVO: 084
2026-01-24 13:11:00,540 - INFO - [2026-01-24 13:11:00] 🔍 DEBUG:   ✨ NUEVO: 085
2026-01-24 13:11:00,541 - INFO - [2026-01-24 13:11:00] 🔍 DEBUG:   ✨ NUEVO: 086
2026-01-24 13:11:00,542 - INFO - [2026-01-24 13:11:00] 🔍 DEBUG:   ✨ NUEVO: 087
2026-01-24 13:11:00,543 - INFO - [2026-01-24 13:11:00] 🔍 DEBUG:   ✨ NUEVO: 088
2026-01-24 13:11:00,544 - INFO - [2026-01-24 13:11:00] 🔍 DEBUG:   ✨ NUEVO: 089
2026-01-24 13:11:00,544 - INFO - [2026-01-24 13:11:00] 🔍 DEBUG:   ✨ NUEVO: 090
2026-01-24 13:11:00,545 - INFO - [2026-01-24 13:11:00] 🔍 DEBUG:   ✨ NUEVO: 091
2026-01-24 13:11:00,546 - INFO - [2026-01-24 13:11:00] 🔍 DEBUG:   ✨ NUEVO: 092
2026-01-24 13:11:00,547 - INFO - [2026-01-24 13:11:00] 🔍 DEBUG:   ✨ NUEVO: 093
2026-01-24 13:11:00,547 - INFO - [2026-01-24 13:11:00] 🔍 DEBUG:   ✨ NUEVO: 094
2026-01-24 13:11:00,548 - INFO - [2026-01-24 13:11:00] 🔍 DEBUG:   ✨ NUEVO: 095
2026-01-24 13:11:00,549 - INFO - [2026-01-24 13:11:00] 🔍 DEBUG:   ✨ NUEVO: 096
2026-01-24 13:11:00,550 - INFO - [2026-01-24 13:11:00] 🔍 DEBUG:   ✨ NUEVO: 097
2026-01-24 13:11:00,550 - INFO - [2026-01-24 13:11:00] 🔍 DEBUG:   ✨ NUEVO: 098
2026-01-24 13:11:00,551 - INFO - [2026-01-24 13:11:00] 🔍 DEBUG:   ✨ NUEVO: 099
2026-01-24 13:11:00,552 - INFO - [2026-01-24 13:11:00] 🔍 DEBUG:   ✨ NUEVO: 100
2026-01-24 13:11:00,552 - INFO - [2026-01-24 13:11:00] 🔍 DEBUG:   ✨ NUEVO: 101
2026-01-24 13:11:00,553 - INFO - [2026-01-24 13:11:00] 🔍 DEBUG:   ✨ NUEVO: 10100000106
2026-01-24 13:11:00,553 - INFO - [2026-01-24 13:11:00] 🔍 DEBUG:   ✨ NUEVO: 10100000203
2026-01-24 13:11:00,554 - INFO - [2026-01-24 13:11:00] 🔍 DEBUG:   ✨ NUEVO: 102
2026-01-24 13:11:00,555 - INFO - [2026-01-24 13:11:00] 🔍 DEBUG:   ✨ NUEVO: 103
2026-01-24 13:11:00,555 - INFO - [2026-01-24 13:11:00] 🔍 DEBUG:   ✨ NUEVO: 104
2026-01-24 13:11:00,556 - INFO - [2026-01-24 13:11:00] 🔍 DEBUG:   ✨ NUEVO: 105
2026-01-24 13:11:00,557 - INFO - [2026-01-24 13:11:00] 🔍 DEBUG:   ✨ NUEVO: 106
2026-01-24 13:11:00,558 - INFO - [2026-01-24 13:11:00] 🔍 DEBUG:   ✨ NUEVO: 107
2026-01-24 13:11:00,558 - INFO - [2026-01-24 13:11:00] 🔍 DEBUG:   ✨ NUEVO: 108
2026-01-24 13:11:00,559 - INFO - [2026-01-24 13:11:00] 🔍 DEBUG:   ✨ NUEVO: 109
2026-01-24 13:11:00,560 - INFO - [2026-01-24 13:11:00] 🔍 DEBUG:   ✨ NUEVO: 110
2026-01-24 13:11:00,561 - INFO - [2026-01-24 13:11:00] 🔍 DEBUG:   ✨ NUEVO: 111
2026-01-24 13:11:00,561 - INFO - [2026-01-24 13:11:00] 🔍 DEBUG:   ✨ NUEVO: 113
2026-01-24 13:11:00,562 - INFO - [2026-01-24 13:11:00] 🔍 DEBUG:   ✨ NUEVO: 114
2026-01-24 13:11:00,563 - INFO - [2026-01-24 13:11:00] 🔍 DEBUG:   ✨ NUEVO: 115
2026-01-24 13:11:00,563 - INFO - [2026-01-24 13:11:00] 🔍 DEBUG:   ✨ NUEVO: 119
2026-01-24 13:11:00,564 - INFO - [2026-01-24 13:11:00] 🔍 DEBUG:   ✨ NUEVO: 16042002
2026-01-24 13:11:00,565 - INFO - [2026-01-24 13:11:00] 🔍 DEBUG:   ✨ NUEVO: 1666141661112
2026-01-24 13:11:00,565 - INFO - [2026-01-24 13:11:00] 🔍 DEBUG:   ✨ NUEVO: 194252151037
2026-01-24 13:11:00,566 - INFO - [2026-01-24 13:11:00] 🔍 DEBUG:   ✨ NUEVO: 194850587290
2026-01-24 13:11:00,567 - INFO - [2026-01-24 13:11:00] 🔍 DEBUG:   ✨ NUEVO: 2001800043000
2026-01-24 13:11:00,567 - INFO - [2026-01-24 13:11:00] 🔍 DEBUG:   ✨ NUEVO: 2064U
2026-01-24 13:11:00,568 - INFO - [2026-01-24 13:11:00] 🔍 DEBUG:   ✨ NUEVO: 2190PAM1
2026-01-24 13:11:00,569 - INFO - [2026-01-24 13:11:00] 🔍 DEBUG:   ✨ NUEVO: 2467574075480
2026-01-24 13:11:00,569 - INFO - [2026-01-24 13:11:00] 🔍 DEBUG:   ✨ NUEVO: 3303201707318
2026-01-24 13:11:00,572 - INFO - [2026-01-24 13:11:00] 🔍 DEBUG:   ✨ NUEVO: 41250.51
2026-01-24 13:11:00,572 - INFO - [2026-01-24 13:11:00] 🔍 DEBUG:   ✨ NUEVO: 4443436520173
2026-01-24 13:11:00,573 - INFO - [2026-01-24 13:11:00] 🔍 DEBUG:   ✨ NUEVO: 4650125480155
2026-01-24 13:11:00,574 - INFO - [2026-01-24 13:11:00] 🔍 DEBUG:   ✨ NUEVO: 4712927861874
2026-01-24 13:11:00,574 - INFO - [2026-01-24 13:11:00] 🔍 DEBUG:   ✨ NUEVO: 47661800763561
2026-01-24 13:11:00,575 - INFO - [2026-01-24 13:11:00] 🔍 DEBUG:   ✨ NUEVO: 4786234500641
2026-01-24 13:11:00,576 - INFO - [2026-01-24 13:11:00] 🔍 DEBUG:   ✨ NUEVO: 4786234500658
2026-01-24 13:11:00,577 - INFO - [2026-01-24 13:11:00] 🔍 DEBUG:   ✨ NUEVO: 4891199136313
2026-01-24 13:11:00,578 - INFO - [2026-01-24 13:11:00] 🔍 DEBUG:   ✨ NUEVO: 4891199145773
2026-01-24 13:11:00,579 - INFO - [2026-01-24 13:11:00] 🔍 DEBUG:   ✨ NUEVO: 5469840256681
2026-01-24 13:11:00,579 - INFO - [2026-01-24 13:11:00] 🔍 DEBUG:   ✨ NUEVO: 569
2026-01-24 13:11:00,580 - INFO - [2026-01-24 13:11:00] 🔍 DEBUG:   ✨ NUEVO: 57X38 MM
2026-01-24 13:11:00,581 - INFO - [2026-01-24 13:11:00] 🔍 DEBUG:   ✨ NUEVO: 5-A
2026-01-24 13:11:00,582 - INFO - [2026-01-24 13:11:00] 🔍 DEBUG:   ✨ NUEVO: 6085010044712
2026-01-24 13:11:00,582 - INFO - [2026-01-24 13:11:00] 🔍 DEBUG:   ✨ NUEVO: 6085010094182
2026-01-24 13:11:00,583 - INFO - [2026-01-24 13:11:00] 🔍 DEBUG:   ✨ NUEVO: 6290171002338
2026-01-24 13:11:00,584 - INFO - [2026-01-24 13:11:00] 🔍 DEBUG:   ✨ NUEVO: 6290171072591
2026-01-24 13:11:00,584 - INFO - [2026-01-24 13:11:00] 🔍 DEBUG:   ✨ NUEVO: 6290171072836
2026-01-24 13:11:00,585 - INFO - [2026-01-24 13:11:00] 🔍 DEBUG:   ✨ NUEVO: 6291100137565
2026-01-24 13:11:00,586 - INFO - [2026-01-24 13:11:00] 🔍 DEBUG:   ✨ NUEVO: 6291108730317
2026-01-24 13:11:00,586 - INFO - [2026-01-24 13:11:00] 🔍 DEBUG:   ✨ NUEVO: 6291108730515
2026-01-24 13:11:00,587 - INFO - [2026-01-24 13:11:00] 🔍 DEBUG:   ✨ NUEVO: 6291108733486
2026-01-24 13:11:00,588 - INFO - [2026-01-24 13:11:00] 🔍 DEBUG:   ✨ NUEVO: 6291108735879
2026-01-24 13:11:00,588 - INFO - [2026-01-24 13:11:00] 🔍 DEBUG:   ✨ NUEVO: 6294015102260
2026-01-24 13:11:00,589 - INFO - [2026-01-24 13:11:00] 🔍 DEBUG:   ✨ NUEVO: 6294015136470
2026-01-24 13:11:00,590 - INFO - [2026-01-24 13:11:00] 🔍 DEBUG:   ✨ NUEVO: 6294015149371
2026-01-24 13:11:00,590 - INFO - [2026-01-24 13:11:00] 🔍 DEBUG:   ✨ NUEVO: 6294015160734
2026-01-24 13:11:00,591 - INFO - [2026-01-24 13:11:00] 🔍 DEBUG:   ✨ NUEVO: 6294015164176
2026-01-24 13:11:00,592 - INFO - [2026-01-24 13:11:00] 🔍 DEBUG:   ✨ NUEVO: 6833158749552
2026-01-24 13:11:00,593 - INFO - [2026-01-24 13:11:00] 🔍 DEBUG:   ✨ NUEVO: 6901826888138
2026-01-24 13:11:00,593 - INFO - [2026-01-24 13:11:00] 🔍 DEBUG:   ✨ NUEVO: 6902130638242
2026-01-24 13:11:00,594 - INFO - [2026-01-24 13:11:00] 🔍 DEBUG:   ✨ NUEVO: 6931905006139
2026-01-24 13:11:00,594 - INFO - [2026-01-24 13:11:00] 🔍 DEBUG:   ✨ NUEVO: 6932746800030
2026-01-24 13:11:00,595 - INFO - [2026-01-24 13:11:00] 🔍 DEBUG:   ✨ NUEVO: 6935364089634
2026-01-24 13:11:00,596 - INFO - [2026-01-24 13:11:00] 🔍 DEBUG:   ✨ NUEVO: 6935364095635
2026-01-24 13:11:00,596 - INFO - [2026-01-24 13:11:00] 🔍 DEBUG:   ✨ NUEVO: 6935482287691
2026-01-24 13:11:00,597 - INFO - [2026-01-24 13:11:00] 🔍 DEBUG:   ✨ NUEVO: 6936648520454
2026-01-24 13:11:00,598 - INFO - [2026-01-24 13:11:00] 🔍 DEBUG:   ✨ NUEVO: 6937544301406
2026-01-24 13:11:00,598 - INFO - [2026-01-24 13:11:00] 🔍 DEBUG:   ✨ NUEVO: 6937544370297
2026-01-24 13:11:00,599 - INFO - [2026-01-24 13:11:00] 🔍 DEBUG:   ✨ NUEVO: 6938408021270
2026-01-24 13:11:00,600 - INFO - [2026-01-24 13:11:00] 🔍 DEBUG:   ✨ NUEVO: 6940975926506
2026-01-24 13:11:00,601 - INFO - [2026-01-24 13:11:00] 🔍 DEBUG:   ✨ NUEVO: 6942063600022
2026-01-24 13:11:00,602 - INFO - [2026-01-24 13:11:00] 🔍 DEBUG:   ✨ NUEVO: 6948391225111
2026-01-24 13:11:00,602 - INFO - [2026-01-24 13:11:00] 🔍 DEBUG:   ✨ NUEVO: 6948447510406
2026-01-24 13:11:00,603 - INFO - [2026-01-24 13:11:00] 🔍 DEBUG:   ✨ NUEVO: 6952879101033
2026-01-24 13:11:00,604 - INFO - [2026-01-24 13:11:00] 🔍 DEBUG:   ✨ NUEVO: 6954300622285
2026-01-24 13:11:00,604 - INFO - [2026-01-24 13:11:00] 🔍 DEBUG:   ✨ NUEVO: 6954300625989
2026-01-24 13:11:00,605 - INFO - [2026-01-24 13:11:00] 🔍 DEBUG:   ✨ NUEVO: 6954300626245
2026-01-24 13:11:00,606 - INFO - [2026-01-24 13:11:00] 🔍 DEBUG:   ✨ NUEVO: 6954300636572
2026-01-24 13:11:00,606 - INFO - [2026-01-24 13:11:00] 🔍 DEBUG:   ✨ NUEVO: 6954300685921
2026-01-24 13:11:00,607 - INFO - [2026-01-24 13:11:00] 🔍 DEBUG:   ✨ NUEVO: 6954300698860
2026-01-24 13:11:00,608 - INFO - [2026-01-24 13:11:00] 🔍 DEBUG:   ✨ NUEVO: 6955331816124
2026-01-24 13:11:00,608 - INFO - [2026-01-24 13:11:00] 🔍 DEBUG:   ✨ NUEVO: 6959984401041
2026-01-24 13:11:00,609 - INFO - [2026-01-24 13:11:00] 🔍 DEBUG:   ✨ NUEVO: 6960770170287
2026-01-24 13:11:00,610 - INFO - [2026-01-24 13:11:00] 🔍 DEBUG:   ✨ NUEVO: 6970466900395
2026-01-24 13:11:00,610 - INFO - [2026-01-24 13:11:00] 🔍 DEBUG:   ✨ NUEVO: 6971192051948
2026-01-24 13:11:00,611 - INFO - [2026-01-24 13:11:00] 🔍 DEBUG:   ✨ NUEVO: 6971192051993
2026-01-24 13:11:00,612 - INFO - [2026-01-24 13:11:00] 🔍 DEBUG:   ✨ NUEVO: 6971399289939
2026-01-24 13:11:00,612 - INFO - [2026-01-24 13:11:00] 🔍 DEBUG:   ✨ NUEVO: 6971542158273
2026-01-24 13:11:00,613 - INFO - [2026-01-24 13:11:00] 🔍 DEBUG:   ✨ NUEVO: 6975391430207
2026-01-24 13:11:00,613 - INFO - [2026-01-24 13:11:00] 🔍 DEBUG:   ✨ NUEVO: 6976367601676
2026-01-24 13:11:00,614 - INFO - [2026-01-24 13:11:00] 🔍 DEBUG:   ✨ NUEVO: 6986283615695
2026-01-24 13:11:00,615 - INFO - [2026-01-24 13:11:00] 🔍 DEBUG:   ✨ NUEVO: 6988822375350
2026-01-24 13:11:00,615 - INFO - [2026-01-24 13:11:00] 🔍 DEBUG:   ✨ NUEVO: 6989652360011
2026-01-24 13:11:00,616 - INFO - [2026-01-24 13:11:00] 🔍 DEBUG:   ✨ NUEVO: 6992019802208
2026-01-24 13:11:00,617 - INFO - [2026-01-24 13:11:00] 🔍 DEBUG:   ✨ NUEVO: 6999881512181
2026-01-24 13:11:00,618 - INFO - [2026-01-24 13:11:00] 🔍 DEBUG:   ✨ NUEVO: 710497705592
2026-01-24 13:11:00,618 - INFO - [2026-01-24 13:11:00] 🔍 DEBUG:   ✨ NUEVO: 710497705608
2026-01-24 13:11:00,619 - INFO - [2026-01-24 13:11:00] 🔍 DEBUG:   ✨ NUEVO: 710497971362
2026-01-24 13:11:00,620 - INFO - [2026-01-24 13:11:00] 🔍 DEBUG:   ✨ NUEVO: 713757145015
2026-01-24 13:11:00,620 - INFO - [2026-01-24 13:11:00] 🔍 DEBUG:   ✨ NUEVO: 713757150118
2026-01-24 13:11:00,621 - INFO - [2026-01-24 13:11:00] 🔍 DEBUG:   ✨ NUEVO: 719346065405
2026-01-24 13:11:00,621 - INFO - [2026-01-24 13:11:00] 🔍 DEBUG:   ✨ NUEVO: 720171614218
2026-01-24 13:11:00,623 - INFO - [2026-01-24 13:11:00] 🔍 DEBUG:   ✨ NUEVO: 720171614577
2026-01-24 13:11:00,623 - INFO - [2026-01-24 13:11:00] 🔍 DEBUG:   ✨ NUEVO: 720171615529
2026-01-24 13:11:00,624 - INFO - [2026-01-24 13:11:00] 🔍 DEBUG:   ✨ NUEVO: 720171616373
2026-01-24 13:11:00,624 - INFO - [2026-01-24 13:11:00] 🔍 DEBUG:   ✨ NUEVO: 723868935856
2026-01-24 13:11:00,625 - INFO - [2026-01-24 13:11:00] 🔍 DEBUG:   ✨ NUEVO: 740617263442
2026-01-24 13:11:00,625 - INFO - [2026-01-24 13:11:00] 🔍 DEBUG:   ✨ NUEVO: 740617309720
2026-01-24 13:11:00,626 - INFO - [2026-01-24 13:11:00] 🔍 DEBUG:   ✨ NUEVO: 740617309829
2026-01-24 13:11:00,626 - INFO - [2026-01-24 13:11:00] 🔍 DEBUG:   ✨ NUEVO: 740617309928
2026-01-24 13:11:00,626 - INFO - [2026-01-24 13:11:00] 🔍 DEBUG:   ✨ NUEVO: 7453010000950
2026-01-24 13:11:00,627 - INFO - [2026-01-24 13:11:00] 🔍 DEBUG:   ✨ NUEVO: 7453010005757
2026-01-24 13:11:00,627 - INFO - [2026-01-24 13:11:00] 🔍 DEBUG:   ✨ NUEVO: 7453010010089
2026-01-24 13:11:00,628 - INFO - [2026-01-24 13:11:00] 🔍 DEBUG:   ✨ NUEVO: 7453010047818
2026-01-24 13:11:00,628 - INFO - [2026-01-24 13:11:00] 🔍 DEBUG:   ✨ NUEVO: 7453010064600
2026-01-24 13:11:00,629 - INFO - [2026-01-24 13:11:00] 🔍 DEBUG:   ✨ NUEVO: 7453010082727
2026-01-24 13:11:00,629 - INFO - [2026-01-24 13:11:00] 🔍 DEBUG:   ✨ NUEVO: 7453010083656
2026-01-24 13:11:00,630 - INFO - [2026-01-24 13:11:00] 🔍 DEBUG:   ✨ NUEVO: 7453015107371
2026-01-24 13:11:00,630 - INFO - [2026-01-24 13:11:00] 🔍 DEBUG:   ✨ NUEVO: 7453015108293
2026-01-24 13:11:00,630 - INFO - [2026-01-24 13:11:00] 🔍 DEBUG:   ✨ NUEVO: 7453015110562
2026-01-24 13:11:00,631 - INFO - [2026-01-24 13:11:00] 🔍 DEBUG:   ✨ NUEVO: 7453015111996
2026-01-24 13:11:00,631 - INFO - [2026-01-24 13:11:00] 🔍 DEBUG:   ✨ NUEVO: 7453015117103
2026-01-24 13:11:00,632 - INFO - [2026-01-24 13:11:00] 🔍 DEBUG:   ✨ NUEVO: 7453015117110
2026-01-24 13:11:00,632 - INFO - [2026-01-24 13:11:00] 🔍 DEBUG:   ✨ NUEVO: 7453015117127
2026-01-24 13:11:00,632 - INFO - [2026-01-24 13:11:00] 🔍 DEBUG:   ✨ NUEVO: 7453015129489
2026-01-24 13:11:00,633 - INFO - [2026-01-24 13:11:00] 🔍 DEBUG:   ✨ NUEVO: 7453015145809
2026-01-24 13:11:00,633 - INFO - [2026-01-24 13:11:00] 🔍 DEBUG:   ✨ NUEVO: 7453038406413
2026-01-24 13:11:00,634 - INFO - [2026-01-24 13:11:00] 🔍 DEBUG:   ✨ NUEVO: 7453038417976
2026-01-24 13:11:00,634 - INFO - [2026-01-24 13:11:00] 🔍 DEBUG:   ✨ NUEVO: 7453038433075
2026-01-24 13:11:00,635 - INFO - [2026-01-24 13:11:00] 🔍 DEBUG:   ✨ NUEVO: 7453038433181
2026-01-24 13:11:00,635 - INFO - [2026-01-24 13:11:00] 🔍 DEBUG:   ✨ NUEVO: 7453038436915
2026-01-24 13:11:00,635 - INFO - [2026-01-24 13:11:00] 🔍 DEBUG:   ✨ NUEVO: 7453038443937
2026-01-24 13:11:00,636 - INFO - [2026-01-24 13:11:00] 🔍 DEBUG:   ✨ NUEVO: 7453038448291
2026-01-24 13:11:00,636 - INFO - [2026-01-24 13:11:00] 🔍 DEBUG:   ✨ NUEVO: 7453038455961
2026-01-24 13:11:00,637 - INFO - [2026-01-24 13:11:00] 🔍 DEBUG:   ✨ NUEVO: 7453038470971
2026-01-24 13:11:00,637 - INFO - [2026-01-24 13:11:00] 🔍 DEBUG:   ✨ NUEVO: 7453038486026
2026-01-24 13:11:00,637 - INFO - [2026-01-24 13:11:00] 🔍 DEBUG:   ✨ NUEVO: 7453078501925
2026-01-24 13:11:00,638 - INFO - [2026-01-24 13:11:00] 🔍 DEBUG:   ✨ NUEVO: 7453078528021
2026-01-24 13:11:00,638 - INFO - [2026-01-24 13:11:00] 🔍 DEBUG:   ✨ NUEVO: 7453078547626
2026-01-24 13:11:00,639 - INFO - [2026-01-24 13:11:00] 🔍 DEBUG:   ✨ NUEVO: 7453078547732
2026-01-24 13:11:00,639 - INFO - [2026-01-24 13:11:00] 🔍 DEBUG:   ✨ NUEVO: 7453091307061
2026-01-24 13:11:00,640 - INFO - [2026-01-24 13:11:00] 🔍 DEBUG:   ✨ NUEVO: 7501037022476
2026-01-24 13:11:00,641 - INFO - [2026-01-24 13:11:00] 🔍 DEBUG:   ✨ NUEVO: 7591147022589
2026-01-24 13:11:00,641 - INFO - [2026-01-24 13:11:00] 🔍 DEBUG:   ✨ NUEVO: 7591147360025
2026-01-24 13:11:00,642 - INFO - [2026-01-24 13:11:00] 🔍 DEBUG:   ✨ NUEVO: 7591163327163
2026-01-24 13:11:00,643 - INFO - [2026-01-24 13:11:00] 🔍 DEBUG:   ✨ NUEVO: 7591163327187
2026-01-24 13:11:00,643 - INFO - [2026-01-24 13:11:00] 🔍 DEBUG:   ✨ NUEVO: 7592474240028
2026-01-24 13:11:00,644 - INFO - [2026-01-24 13:11:00] 🔍 DEBUG:   ✨ NUEVO: 7594003390013
2026-01-24 13:11:00,645 - INFO - [2026-01-24 13:11:00] 🔍 DEBUG:   ✨ NUEVO: 7595218000384
2026-01-24 13:11:00,645 - INFO - [2026-01-24 13:11:00] 🔍 DEBUG:   ✨ NUEVO: 7597024102207
2026-01-24 13:11:00,646 - INFO - [2026-01-24 13:11:00] 🔍 DEBUG:   ✨ NUEVO: 7598874011633
2026-01-24 13:11:00,646 - INFO - [2026-01-24 13:11:00] 🔍 DEBUG:   ✨ NUEVO: 7611160127570
2026-01-24 13:11:00,646 - INFO - [2026-01-24 13:11:00] 🔍 DEBUG:   ✨ NUEVO: 7640496670160
2026-01-24 13:11:00,647 - INFO - [2026-01-24 13:11:00] 🔍 DEBUG:   ✨ NUEVO: 7750082006140
2026-01-24 13:11:00,648 - INFO - [2026-01-24 13:11:00] 🔍 DEBUG:   ✨ NUEVO: 779778980608
2026-01-24 13:11:00,648 - INFO - [2026-01-24 13:11:00] 🔍 DEBUG:   ✨ NUEVO: 7822295316467
2026-01-24 13:11:00,649 - INFO - [2026-01-24 13:11:00] 🔍 DEBUG:   ✨ NUEVO: 7851488574360
2026-01-24 13:11:00,650 - INFO - [2026-01-24 13:11:00] 🔍 DEBUG:   ✨ NUEVO: 7891173019448
2026-01-24 13:11:00,650 - INFO - [2026-01-24 13:11:00] 🔍 DEBUG:   ✨ NUEVO: 7891173024480
2026-01-24 13:11:00,651 - INFO - [2026-01-24 13:11:00] 🔍 DEBUG:   ✨ NUEVO: 80X63 MM
2026-01-24 13:11:00,651 - INFO - [2026-01-24 13:11:00] 🔍 DEBUG:   ✨ NUEVO: 80X80MM
2026-01-24 13:11:00,652 - INFO - [2026-01-24 13:11:00] 🔍 DEBUG:   ✨ NUEVO: 8411061701034
2026-01-24 13:11:00,653 - INFO - [2026-01-24 13:11:00] 🔍 DEBUG:   ✨ NUEVO: 8435450003714
2026-01-24 13:11:00,653 - INFO - [2026-01-24 13:11:00] 🔍 DEBUG:   ✨ NUEVO: 8435450003721
2026-01-24 13:11:00,654 - INFO - [2026-01-24 13:11:00] 🔍 DEBUG:   ✨ NUEVO: 8554144454776
2026-01-24 13:11:00,654 - INFO - [2026-01-24 13:11:00] 🔍 DEBUG:   ✨ NUEVO: 8806086511162
2026-01-24 13:11:00,655 - INFO - [2026-01-24 13:11:00] 🔍 DEBUG:   ✨ NUEVO: 8965347986528
2026-01-24 13:11:00,656 - INFO - [2026-01-24 13:11:00] 🔍 DEBUG:   ✨ NUEVO: 9023800122025
2026-01-24 13:11:00,656 - INFO - [2026-01-24 13:11:00] 🔍 DEBUG:   ✨ NUEVO: 9023800933126
2026-01-24 13:11:00,657 - INFO - [2026-01-24 13:11:00] 🔍 DEBUG:   ✨ NUEVO: 909101811302
2026-01-24 13:11:00,657 - INFO - [2026-01-24 13:11:00] 🔍 DEBUG:   ✨ NUEVO: 9593340882067
2026-01-24 13:11:00,658 - INFO - [2026-01-24 13:11:00] 🔍 DEBUG:   ✨ NUEVO: 9593340892059
2026-01-24 13:11:00,659 - INFO - [2026-01-24 13:11:00] 🔍 DEBUG:   ✨ NUEVO: 9789806587106
2026-01-24 13:11:00,659 - INFO - [2026-01-24 13:11:00] 🔍 DEBUG:   ✨ NUEVO: AA
2026-01-24 13:11:00,660 - INFO - [2026-01-24 13:11:00] 🔍 DEBUG:   ✨ NUEVO: AAA
2026-01-24 13:11:00,661 - INFO - [2026-01-24 13:11:00] 🔍 DEBUG:   ✨ NUEVO: ADAP HDMI VGA
2026-01-24 13:11:00,662 - INFO - [2026-01-24 13:11:00] 🔍 DEBUG:   ✨ NUEVO: ADAP HDMI VGA CON AUDIO
2026-01-24 13:11:00,663 - INFO - [2026-01-24 13:11:00] 🔍 DEBUG:   ✨ NUEVO: ADAP-AUDIO-D08
2026-01-24 13:11:00,664 - INFO - [2026-01-24 13:11:00] 🔍 DEBUG:   ✨ NUEVO: ADAP-EUR2P
2026-01-24 13:11:00,665 - INFO - [2026-01-24 13:11:00] 🔍 DEBUG:   ✨ NUEVO: ADAP-REDMI-8V
2026-01-24 13:11:00,666 - INFO - [2026-01-24 13:11:00] 🔍 DEBUG:   ✨ NUEVO: ADAPTADOR EUROPA
2026-01-24 13:11:00,666 - INFO - [2026-01-24 13:11:00] 🔍 DEBUG:   ✨ NUEVO: ADAP-USB-SATA
2026-01-24 13:11:00,667 - INFO - [2026-01-24 13:11:00] 🔍 DEBUG:   ✨ NUEVO: AD-HDMI/VGA
2026-01-24 13:11:00,668 - INFO - [2026-01-24 13:11:00] 🔍 DEBUG:   ✨ NUEVO: AD-UH
2026-01-24 13:11:00,669 - INFO - [2026-01-24 13:11:00] 🔍 DEBUG:   ✨ NUEVO: AFILADOR
2026-01-24 13:11:00,669 - INFO - [2026-01-24 13:11:00] 🔍 DEBUG:   ✨ NUEVO: AIRTAG
2026-01-24 13:11:00,670 - INFO - [2026-01-24 13:11:00] 🔍 DEBUG:   ✨ NUEVO: AIRTAGFORRO
2026-01-24 13:11:00,671 - INFO - [2026-01-24 13:11:00] 🔍 DEBUG:   ✨ NUEVO: AIRTAGLLAVERO
2026-01-24 13:11:00,671 - INFO - [2026-01-24 13:11:00] 🔍 DEBUG:   ✨ NUEVO: ALCALDIA
2026-01-24 13:11:00,672 - INFO - [2026-01-24 13:11:00] 🔍 DEBUG:   ✨ NUEVO: ALQ-01
2026-01-24 13:11:00,673 - INFO - [2026-01-24 13:11:00] 🔍 DEBUG:   ✨ NUEVO: ARO LUZ CELULAR D66
2026-01-24 13:11:00,673 - INFO - [2026-01-24 13:11:00] 🔍 DEBUG:   ✨ NUEVO: ARO LUZ LED 8 PULGADAS
2026-01-24 13:11:00,674 - INFO - [2026-01-24 13:11:00] 🔍 DEBUG:   ✨ NUEVO: AUDIFONO AIRPODS IPHONE
2026-01-24 13:11:00,675 - INFO - [2026-01-24 13:11:00] 🔍 DEBUG:   ✨ NUEVO: AUDIFONO CAT
2026-01-24 13:11:00,676 - INFO - [2026-01-24 13:11:00] 🔍 DEBUG:   ✨ NUEVO: AUDIFONO STN-13
2026-01-24 13:11:00,676 - INFO - [2026-01-24 13:11:00] 🔍 DEBUG:   ✨ NUEVO: AUDIO-PLUG
2026-01-24 13:11:00,677 - INFO - [2026-01-24 13:11:00] 🔍 DEBUG:   ✨ NUEVO: B091GR8KM6
2026-01-24 13:11:00,677 - INFO - [2026-01-24 13:11:00] 🔍 DEBUG:   ✨ NUEVO: B27-S-BTV
2026-01-24 13:11:00,678 - INFO - [2026-01-24 13:11:00] 🔍 DEBUG:   ✨ NUEVO: BAL-DIGITALB2090
2026-01-24 13:11:00,679 - INFO - [2026-01-24 13:11:00] 🔍 DEBUG:   ✨ NUEVO: BASE PARA TABLET STENTS
2026-01-24 13:11:00,681 - INFO - [2026-01-24 13:11:00] 🔍 DEBUG:   ✨ NUEVO: BASE SOPORTE DE TELEFONO CELULAR 360°
2026-01-24 13:11:00,682 - INFO - [2026-01-24 13:11:00] 🔍 DEBUG:   ✨ NUEVO: BASE SOPORTE ESCRITORIO
2026-01-24 13:11:00,683 - INFO - [2026-01-24 13:11:00] 🔍 DEBUG:   ✨ NUEVO: BASE TV FIJA
2026-01-24 13:11:00,684 - INFO - [2026-01-24 13:11:00] 🔍 DEBUG:   ✨ NUEVO: BDPTCMR
2026-01-24 13:11:00,684 - INFO - [2026-01-24 13:11:00] 🔍 DEBUG:   ✨ NUEVO: BIKE HOLDER
2026-01-24 13:11:00,685 - INFO - [2026-01-24 13:11:00] 🔍 DEBUG:   ✨ NUEVO: BOLIGR-01
2026-01-24 13:11:00,686 - INFO - [2026-01-24 13:11:00] 🔍 DEBUG:   ✨ NUEVO: BOLSO DE TELA HAMACA
2026-01-24 13:11:00,686 - INFO - [2026-01-24 13:11:00] 🔍 DEBUG:   ✨ NUEVO: BORRABLANCA
2026-01-24 13:11:00,687 - INFO - [2026-01-24 13:11:00] 🔍 DEBUG:   ✨ NUEVO: BSXTDD
2026-01-24 13:11:00,688 - INFO - [2026-01-24 13:11:00] 🔍 DEBUG:   ✨ NUEVO: C1
2026-01-24 13:11:00,688 - INFO - [2026-01-24 13:11:00] 🔍 DEBUG:   ✨ NUEVO: CABLE HDMI BOLSA 3 METROS
2026-01-24 13:11:00,689 - INFO - [2026-01-24 13:11:00] 🔍 DEBUG:   ✨ NUEVO: CABLE HDMI BOLSA 5 METROS
2026-01-24 13:11:00,690 - INFO - [2026-01-24 13:11:00] 🔍 DEBUG:   ✨ NUEVO: CABLE IMPRESORA AZUL 1.5 M
2026-01-24 13:11:00,690 - INFO - [2026-01-24 13:11:00] 🔍 DEBUG:   ✨ NUEVO: CABLE IMPRESORA AZUL 3 M
2026-01-24 13:11:00,691 - INFO - [2026-01-24 13:11:00] 🔍 DEBUG:   ✨ NUEVO: CABLE IMPRESORA AZUL 5M
2026-01-24 13:11:00,692 - INFO - [2026-01-24 13:11:00] 🔍 DEBUG:   ✨ NUEVO: CABLE PLUG A PLUG
2026-01-24 13:11:00,693 - INFO - [2026-01-24 13:11:00] 🔍 DEBUG:   ✨ NUEVO: CABLE TELA TIPO C
2026-01-24 13:11:00,694 - INFO - [2026-01-24 13:11:00] 🔍 DEBUG:   ✨ NUEVO: CABLE USB SAMSUNG
2026-01-24 13:11:00,695 - INFO - [2026-01-24 13:11:00] 🔍 DEBUG:   ✨ NUEVO: CABLE-EXT-USB
2026-01-24 13:11:00,696 - INFO - [2026-01-24 13:11:00] 🔍 DEBUG:   ✨ NUEVO: CABLE-VGA
2026-01-24 13:11:00,697 - INFO - [2026-01-24 13:11:00] 🔍 DEBUG:   ✨ NUEVO: CA-MARRON-CARTA
2026-01-24 13:11:00,698 - INFO - [2026-01-24 13:11:00] 🔍 DEBUG:   ✨ NUEVO: CANTV
2026-01-24 13:11:00,698 - INFO - [2026-01-24 13:11:00] 🔍 DEBUG:   ✨ NUEVO: CAR HOLDER
2026-01-24 13:11:00,699 - INFO - [2026-01-24 13:11:00] 🔍 DEBUG:   ✨ NUEVO: CAR MP3 PLAYER
2026-01-24 13:11:00,700 - INFO - [2026-01-24 13:11:00] 🔍 DEBUG:   ✨ NUEVO: CAR MP3 PLAYER MULTIFUNCION
2026-01-24 13:11:00,700 - INFO - [2026-01-24 13:11:00] 🔍 DEBUG:   ✨ NUEVO: CARGADOR 67W XIAOMI
2026-01-24 13:11:00,701 - INFO - [2026-01-24 13:11:00] 🔍 DEBUG:   ✨ NUEVO: CARGADOR BELKIN
2026-01-24 13:11:00,702 - INFO - [2026-01-24 13:11:00] 🔍 DEBUG:   ✨ NUEVO: CARGADOR CERTIFICADO
2026-01-24 13:11:00,703 - INFO - [2026-01-24 13:11:00] 🔍 DEBUG:   ✨ NUEVO: CARGADOR COMPLETO SAMSUNG 2 IN 1
2026-01-24 13:11:00,703 - INFO - [2026-01-24 13:11:00] 🔍 DEBUG:   ✨ NUEVO: CARGADOR LAPTOP UNIVERSAL
2026-01-24 13:11:00,704 - INFO - [2026-01-24 13:11:00] 🔍 DEBUG:   ✨ NUEVO: CARGADOR MICRO POWER ADAPTER
2026-01-24 13:11:00,705 - INFO - [2026-01-24 13:11:00] 🔍 DEBUG:   ✨ NUEVO: CARGADOR-00
2026-01-24 13:11:00,705 - INFO - [2026-01-24 13:11:00] 🔍 DEBUG:   ✨ NUEVO: CARG-SAFETY-CARRO
2026-01-24 13:11:00,706 - INFO - [2026-01-24 13:11:00] 🔍 DEBUG:   ✨ NUEVO: CARPETA DE AROS BLANCA
2026-01-24 13:11:00,707 - INFO - [2026-01-24 13:11:00] 🔍 DEBUG:   ✨ NUEVO: CARPETA MANILA CARTA
2026-01-24 13:11:00,708 - INFO - [2026-01-24 13:11:00] 🔍 DEBUG:   ✨ NUEVO: CARPETA PRESENTACION OFICIO
2026-01-24 13:11:00,708 - INFO - [2026-01-24 13:11:00] 🔍 DEBUG:   ✨ NUEVO: CARP-MARRON-OFICIO
2026-01-24 13:11:00,709 - INFO - [2026-01-24 13:11:00] 🔍 DEBUG:   ✨ NUEVO: CARTULIN ESCARCHADA FUCSIA
2026-01-24 13:11:00,710 - INFO - [2026-01-24 13:11:00] 🔍 DEBUG:   ✨ NUEVO: CARTULINA DISEÑO
2026-01-24 13:11:00,711 - INFO - [2026-01-24 13:11:00] 🔍 DEBUG:   ✨ NUEVO: CARTULINA ESCARCHADA DE PLATA
2026-01-24 13:11:00,711 - INFO - [2026-01-24 13:11:00] 🔍 DEBUG:   ✨ NUEVO: CARTULINA ESCARCHADA ROSADA
2026-01-24 13:11:00,712 - INFO - [2026-01-24 13:11:00] 🔍 DEBUG:   ✨ NUEVO: CARTULINA ESCARCHADA VERDE NAVIDAD
2026-01-24 13:11:00,713 - INFO - [2026-01-24 13:11:00] 🔍 DEBUG:   ✨ NUEVO: CARTULINA METALDORADA
2026-01-24 13:11:00,714 - INFO - [2026-01-24 13:11:00] 🔍 DEBUG:   ✨ NUEVO: CARTULINA METALIZADA NEGRA
2026-01-24 13:11:00,715 - INFO - [2026-01-24 13:11:00] 🔍 DEBUG:   ✨ NUEVO: CARTULINA METALPLATEADA
2026-01-24 13:11:00,716 - INFO - [2026-01-24 13:11:00] 🔍 DEBUG:   ✨ NUEVO: CELOVEN18X25
2026-01-24 13:11:00,717 - INFO - [2026-01-24 13:11:00] 🔍 DEBUG:   ✨ NUEVO: CELOVEN24X50
2026-01-24 13:11:00,717 - INFO - [2026-01-24 13:11:00] 🔍 DEBUG:   ✨ NUEVO: CIDEA
2026-01-24 13:11:00,718 - INFO - [2026-01-24 13:11:00] 🔍 DEBUG:   ✨ NUEVO: CIL-CANON049
2026-01-24 13:11:00,719 - INFO - [2026-01-24 13:11:00] 🔍 DEBUG:   ✨ NUEVO: CINTA TRANSPARENTE 25 MTS
2026-01-24 13:11:00,720 - INFO - [2026-01-24 13:11:00] 🔍 DEBUG:   ✨ NUEVO: CINT-TALLY
2026-01-24 13:11:00,721 - INFO - [2026-01-24 13:11:00] 🔍 DEBUG:   ✨ NUEVO: CLIPS-STANDARD
2026-01-24 13:11:00,722 - INFO - [2026-01-24 13:11:00] 🔍 DEBUG:   ✨ NUEVO: COLORES-MAD
2026-01-24 13:11:00,723 - INFO - [2026-01-24 13:11:00] 🔍 DEBUG:   ✨ NUEVO: COMB-MC-H-B
2026-01-24 13:11:00,723 - INFO - [2026-01-24 13:11:00] 🔍 DEBUG:   ✨ NUEVO: COMB-MOF-H-B
2026-01-24 13:11:00,724 - INFO - [2026-01-24 13:11:00] 🔍 DEBUG:   ✨ NUEVO: COMPAS-ESCOLAR
2026-01-24 13:11:00,725 - INFO - [2026-01-24 13:11:00] 🔍 DEBUG:   ✨ NUEVO: CONTABILIDAD
2026-01-24 13:11:00,726 - INFO - [2026-01-24 13:11:00] 🔍 DEBUG:   ✨ NUEVO: CONTROL-INAL-X3
2026-01-24 13:11:00,727 - INFO - [2026-01-24 13:11:00] 🔍 DEBUG:   ✨ NUEVO: CORNETA J
2026-01-24 13:11:00,727 - INFO - [2026-01-24 13:11:00] 🔍 DEBUG:   ✨ NUEVO: CORNETA KIMISO
2026-01-24 13:11:00,728 - INFO - [2026-01-24 13:11:00] 🔍 DEBUG:   ✨ NUEVO: CORNETA-00
2026-01-24 13:11:00,729 - INFO - [2026-01-24 13:11:00] 🔍 DEBUG:   ✨ NUEVO: CP306
2026-01-24 13:11:00,730 - INFO - [2026-01-24 13:11:00] 🔍 DEBUG:   ✨ NUEVO: CREDITO-01
2026-01-24 13:11:00,730 - INFO - [2026-01-24 13:11:00] 🔍 DEBUG:   ✨ NUEVO: CREDITO-02
2026-01-24 13:11:00,731 - INFO - [2026-01-24 13:11:00] 🔍 DEBUG:   ✨ NUEVO: CREDITO-03
2026-01-24 13:11:00,732 - INFO - [2026-01-24 13:11:00] 🔍 DEBUG:   ✨ NUEVO: CREDITO-04
2026-01-24 13:11:00,733 - INFO - [2026-01-24 13:11:00] 🔍 DEBUG:   ✨ NUEVO: CREDITO-05
2026-01-24 13:11:00,733 - INFO - [2026-01-24 13:11:00] 🔍 DEBUG:   ✨ NUEVO: CREDITO-06
2026-01-24 13:11:00,734 - INFO - [2026-01-24 13:11:00] 🔍 DEBUG:   ✨ NUEVO: CYRUZ X-2
2026-01-24 13:11:00,735 - INFO - [2026-01-24 13:11:00] 🔍 DEBUG:   ✨ NUEVO: D-02
2026-01-24 13:11:00,735 - INFO - [2026-01-24 13:11:00] 🔍 DEBUG:   ✨ NUEVO: D18W
2026-01-24 13:11:00,736 - INFO - [2026-01-24 13:11:00] 🔍 DEBUG:   ✨ NUEVO: D24W
2026-01-24 13:11:00,737 - INFO - [2026-01-24 13:11:00] 🔍 DEBUG:   ✨ NUEVO: DELIVERY
2026-01-24 13:11:00,737 - INFO - [2026-01-24 13:11:00] 🔍 DEBUG:   ✨ NUEVO: DISCO DURO 320GB
2026-01-24 13:11:00,738 - INFO - [2026-01-24 13:11:00] 🔍 DEBUG:   ✨ NUEVO: DISP-017
2026-01-24 13:11:00,739 - INFO - [2026-01-24 13:11:00] 🔍 DEBUG:   ✨ NUEVO: DTX/32GB
2026-01-24 13:11:00,740 - INFO - [2026-01-24 13:11:00] 🔍 DEBUG:   ✨ NUEVO: E-1046
2026-01-24 13:11:00,740 - INFO - [2026-01-24 13:11:00] 🔍 DEBUG:   ✨ NUEVO: ENGRAPADORA MEDIANA AMAZON
2026-01-24 13:11:00,741 - INFO - [2026-01-24 13:11:00] 🔍 DEBUG:   ✨ NUEVO: ESENCIA HUMIFICADOR KP2130
2026-01-24 13:11:00,742 - INFO - [2026-01-24 13:11:00] 🔍 DEBUG:   ✨ NUEVO: ESENCIA REPELENTE
2026-01-24 13:11:00,742 - INFO - [2026-01-24 13:11:00] 🔍 DEBUG:   ✨ NUEVO: FAST CHARGER
2026-01-24 13:11:00,743 - INFO - [2026-01-24 13:11:00] 🔍 DEBUG:   ✨ NUEVO: FUNDAS-PROCT
2026-01-24 13:11:00,744 - INFO - [2026-01-24 13:11:00] 🔍 DEBUG:   ✨ NUEVO: FUNDAS-PROT
2026-01-24 13:11:00,745 - INFO - [2026-01-24 13:11:00] 🔍 DEBUG:   ✨ NUEVO: GANCHOS
2026-01-24 13:11:00,745 - INFO - [2026-01-24 13:11:00] 🔍 DEBUG:   ✨ NUEVO: GANCHOS MARIPOSAS
2026-01-24 13:11:00,746 - INFO - [2026-01-24 13:11:00] 🔍 DEBUG:   ✨ NUEVO: GASTOS-CONDOMINIO
2026-01-24 13:11:00,747 - INFO - [2026-01-24 13:11:00] 🔍 DEBUG:   ✨ NUEVO: GASTOS-VARIOS
2026-01-24 13:11:00,748 - INFO - [2026-01-24 13:11:00] 🔍 DEBUG:   ✨ NUEVO: GASTOS-VARIOS-IV
2026-01-24 13:11:00,748 - INFO - [2026-01-24 13:11:00] 🔍 DEBUG:   ✨ NUEVO: GLADE VAINILLA
2026-01-24 13:11:00,749 - INFO - [2026-01-24 13:11:00] 🔍 DEBUG:   ✨ NUEVO: GLASS SUCTION TRAY
2026-01-24 13:11:00,750 - INFO - [2026-01-24 13:11:00] 🔍 DEBUG:   ✨ NUEVO: GRAPAS LISAS AMIKO X 5000 PIEZAS
2026-01-24 13:11:00,751 - INFO - [2026-01-24 13:11:00] 🔍 DEBUG:   ✨ NUEVO: GRAP-OK04
2026-01-24 13:11:00,752 - INFO - [2026-01-24 13:11:00] 🔍 DEBUG:   ✨ NUEVO: GRAP-RAPID
2026-01-24 13:11:00,753 - INFO - [2026-01-24 13:11:00] 🔍 DEBUG:   ✨ NUEVO: GTX300
2026-01-24 13:11:00,753 - INFO - [2026-01-24 13:11:00] 🔍 DEBUG:   ✨ NUEVO: HAMACA
2026-01-24 13:11:00,754 - INFO - [2026-01-24 13:11:00] 🔍 DEBUG:   ✨ NUEVO: HDMI-RJ45
2026-01-24 13:11:00,755 - INFO - [2026-01-24 13:11:00] 🔍 DEBUG:   ✨ NUEVO: HOLOGRAFICA
2026-01-24 13:11:00,756 - INFO - [2026-01-24 13:11:00] 🔍 DEBUG:   ✨ NUEVO: HOLOGRAFICA PLATEADA
2026-01-24 13:11:00,757 - INFO - [2026-01-24 13:11:00] 🔍 DEBUG:   ✨ NUEVO: HUMIFICADOR H2O DQ-107
2026-01-24 13:11:00,758 - INFO - [2026-01-24 13:11:00] 🔍 DEBUG:   ✨ NUEVO: ID90
2026-01-24 13:11:00,758 - INFO - [2026-01-24 13:11:00] 🔍 DEBUG:   ✨ NUEVO: IMP-ASEO
2026-01-24 13:11:00,759 - INFO - [2026-01-24 13:11:00] 🔍 DEBUG:   ✨ NUEVO: INPODS INALAMBRICOS
2026-01-24 13:11:00,760 - INFO - [2026-01-24 13:11:00] 🔍 DEBUG:   ✨ NUEVO: JBL J-04
2026-01-24 13:11:00,761 - INFO - [2026-01-24 13:11:00] 🔍 DEBUG:   ✨ NUEVO: JUEGO-GEOMETRICO
2026-01-24 13:11:00,762 - INFO - [2026-01-24 13:11:00] 🔍 DEBUG:   ✨ NUEVO: K1MCOLORES
2026-01-24 13:11:00,762 - INFO - [2026-01-24 13:11:00] 🔍 DEBUG:   ✨ NUEVO: K8
2026-01-24 13:11:00,763 - INFO - [2026-01-24 13:11:00] 🔍 DEBUG:   ✨ NUEVO: KBS-1301
2026-01-24 13:11:00,764 - INFO - [2026-01-24 13:11:00] 🔍 DEBUG:   ✨ NUEVO: KIN-OTG
2026-01-24 13:11:00,765 - INFO - [2026-01-24 13:11:00] 🔍 DEBUG:   ✨ NUEVO: KVR133D3N9/4G
2026-01-24 13:11:00,766 - INFO - [2026-01-24 13:11:00] 🔍 DEBUG:   ✨ NUEVO: KY-192
2026-01-24 13:11:00,767 - INFO - [2026-01-24 13:11:00] 🔍 DEBUG:   ✨ NUEVO: LAMINA PARA PLASTIFICAR
2026-01-24 13:11:00,768 - INFO - [2026-01-24 13:11:00] 🔍 DEBUG:   ✨ NUEVO: LAMPARA
2026-01-24 13:11:00,769 - INFO - [2026-01-24 13:11:00] 🔍 DEBUG:   ✨ NUEVO: LAMPARA 3 LUCES
2026-01-24 13:11:00,770 - INFO - [2026-01-24 13:11:00] 🔍 DEBUG:   ✨ NUEVO: LAMPARA DE MESA
2026-01-24 13:11:00,771 - INFO - [2026-01-24 13:11:00] 🔍 DEBUG:   ✨ NUEVO: LAMPARA MESA TIPO BARRA
2026-01-24 13:11:00,772 - INFO - [2026-01-24 13:11:00] 🔍 DEBUG:   ✨ NUEVO: LAPICERO BIC NEGRO Y AZUL
2026-01-24 13:11:00,773 - INFO - [2026-01-24 13:11:00] 🔍 DEBUG:   ✨ NUEVO: LAPIZ
2026-01-24 13:11:00,774 - INFO - [2026-01-24 13:11:00] 🔍 DEBUG:   ✨ NUEVO: LAPIZ AMAZON BASICS
2026-01-24 13:11:00,775 - INFO - [2026-01-24 13:11:00] 🔍 DEBUG:   ✨ NUEVO: LAPIZ DOBLE PUNTA AZUL/ROJO
2026-01-24 13:11:00,776 - INFO - [2026-01-24 13:11:00] 🔍 DEBUG:   ✨ NUEVO: LDO-C600-MICRO
2026-01-24 13:11:00,777 - INFO - [2026-01-24 13:11:00] 🔍 DEBUG:   ✨ NUEVO: LDO-CX150 MICRO
2026-01-24 13:11:00,778 - INFO - [2026-01-24 13:11:00] 🔍 DEBUG:   ✨ NUEVO: LED024
2026-01-24 13:11:00,779 - INFO - [2026-01-24 13:11:00] 🔍 DEBUG:   ✨ NUEVO: LED113
2026-01-24 13:11:00,780 - INFO - [2026-01-24 13:11:00] 🔍 DEBUG:   ✨ NUEVO: LIBRE01
2026-01-24 13:11:00,781 - INFO - [2026-01-24 13:11:00] 🔍 DEBUG:   ✨ NUEVO: LIBTA-EMP-100H
2026-01-24 13:11:00,782 - INFO - [2026-01-24 13:11:00] 🔍 DEBUG:   ✨ NUEVO: LICENCIAMULTI
2026-01-24 13:11:00,783 - INFO - [2026-01-24 13:11:00] 🔍 DEBUG:   ✨ NUEVO: LINTERNA LED LY 825
2026-01-24 13:11:00,784 - INFO - [2026-01-24 13:11:00] 🔍 DEBUG:   ✨ NUEVO: LK87
2026-01-24 13:11:00,785 - INFO - [2026-01-24 13:11:00] 🔍 DEBUG:   ✨ NUEVO: LLAVERO UPPOMI
2026-01-24 13:11:00,785 - INFO - [2026-01-24 13:11:00] 🔍 DEBUG:   ✨ NUEVO: LUCES LED SENSORIALES AMAZON
2026-01-24 13:11:00,786 - INFO - [2026-01-24 13:11:00] 🔍 DEBUG:   ✨ NUEVO: LUZ LAMPARA MESA BRAZO
2026-01-24 13:11:00,787 - INFO - [2026-01-24 13:11:00] 🔍 DEBUG:   ✨ NUEVO: MACADOR-NEGRO
2026-01-24 13:11:00,788 - INFO - [2026-01-24 13:11:00] 🔍 DEBUG:   ✨ NUEVO: MARCADOR-00
2026-01-24 13:11:00,788 - INFO - [2026-01-24 13:11:00] 🔍 DEBUG:   ✨ NUEVO: MARC-DELGADOS MAX45
2026-01-24 13:11:00,789 - INFO - [2026-01-24 13:11:00] 🔍 DEBUG:   ✨ NUEVO: MARC-GRUESO
2026-01-24 13:11:00,790 - INFO - [2026-01-24 13:11:00] 🔍 DEBUG:   ✨ NUEVO: MARC-OK92L
2026-01-24 13:11:00,791 - INFO - [2026-01-24 13:11:00] 🔍 DEBUG:   ✨ NUEVO: MARC-OK93
2026-01-24 13:11:00,792 - INFO - [2026-01-24 13:11:00] 🔍 DEBUG:   ✨ NUEVO: MAR-OK91
2026-01-24 13:11:00,793 - INFO - [2026-01-24 13:11:00] 🔍 DEBUG:   ✨ NUEVO: MB-MA64E
2026-01-24 13:11:00,794 - INFO - [2026-01-24 13:11:00] 🔍 DEBUG:   ✨ NUEVO: ME-MA32E
2026-01-24 13:11:00,795 - INFO - [2026-01-24 13:11:00] 🔍 DEBUG:   ✨ NUEVO: MI HEADSET NARANJA
2026-01-24 13:11:00,796 - INFO - [2026-01-24 13:11:00] 🔍 DEBUG:   ✨ NUEVO: MINI EXACTOS
2026-01-24 13:11:00,797 - INFO - [2026-01-24 13:11:00] 🔍 DEBUG:   ✨ NUEVO: MINI HUMIFICADOR
2026-01-24 13:11:00,798 - INFO - [2026-01-24 13:11:00] 🔍 DEBUG:   ✨ NUEVO: MINI VENTILADOR
2026-01-24 13:11:00,798 - INFO - [2026-01-24 13:11:00] 🔍 DEBUG:   ✨ NUEVO: M-L-L
2026-01-24 13:11:00,799 - INFO - [2026-01-24 13:11:00] 🔍 DEBUG:   ✨ NUEVO: M-L-L-2
2026-01-24 13:11:00,800 - INFO - [2026-01-24 13:11:00] 🔍 DEBUG:   ✨ NUEVO: MLTD 111S
2026-01-24 13:11:00,800 - INFO - [2026-01-24 13:11:00] 🔍 DEBUG:   ✨ NUEVO: MOSQUITERO
2026-01-24 13:11:00,801 - INFO - [2026-01-24 13:11:00] 🔍 DEBUG:   ✨ NUEVO: MOUSE GAMING HP S600
2026-01-24 13:11:00,802 - INFO - [2026-01-24 13:11:00] 🔍 DEBUG:   ✨ NUEVO: MOUSE HP RECARGABLE
2026-01-24 13:11:00,802 - INFO - [2026-01-24 13:11:00] 🔍 DEBUG:   ✨ NUEVO: MOUSE TJ-1 GAMING TINJI
2026-01-24 13:11:00,803 - INFO - [2026-01-24 13:11:00] 🔍 DEBUG:   ✨ NUEVO: MOUSE TJ-3 GAMING TINJI
2026-01-24 13:11:00,804 - INFO - [2026-01-24 13:11:00] 🔍 DEBUG:   ✨ NUEVO: MOUSE TJ-7
2026-01-24 13:11:00,805 - INFO - [2026-01-24 13:11:00] 🔍 DEBUG:   ✨ NUEVO: MOUSE-MIXIE
2026-01-24 13:11:00,805 - INFO - [2026-01-24 13:11:00] 🔍 DEBUG:   ✨ NUEVO: MOUSE-TJ-10
2026-01-24 13:11:00,806 - INFO - [2026-01-24 13:11:00] 🔍 DEBUG:   ✨ NUEVO: MR1909
2026-01-24 13:11:00,807 - INFO - [2026-01-24 13:11:00] 🔍 DEBUG:   ✨ NUEVO: MSATA SSD
2026-01-24 13:11:00,807 - INFO - [2026-01-24 13:11:00] 🔍 DEBUG:   ✨ NUEVO: MS-HP510A
2026-01-24 13:11:00,808 - INFO - [2026-01-24 13:11:00] 🔍 DEBUG:   ✨ NUEVO: MU-CU3X3
2026-01-24 13:11:00,809 - INFO - [2026-01-24 13:11:00] 🔍 DEBUG:   ✨ NUEVO: MUF-16BE
2026-01-24 13:11:00,809 - INFO - [2026-01-24 13:11:00] 🔍 DEBUG:   ✨ NUEVO: MUF-64BE
2026-01-24 13:11:00,810 - INFO - [2026-01-24 13:11:00] 🔍 DEBUG:   ✨ NUEVO: MU-RM-5U
2026-01-24 13:11:00,811 - INFO - [2026-01-24 13:11:00] 🔍 DEBUG:   ✨ NUEVO: NANFU AAA
2026-01-24 13:11:00,812 - INFO - [2026-01-24 13:11:00] 🔍 DEBUG:   ✨ NUEVO: NANO
2026-01-24 13:11:00,812 - INFO - [2026-01-24 13:11:00] 🔍 DEBUG:   ✨ NUEVO: NOMINA
2026-01-24 13:11:00,813 - INFO - [2026-01-24 13:11:00] 🔍 DEBUG:   ✨ NUEVO: NOT-ADH-3X3
2026-01-24 13:11:00,814 - INFO - [2026-01-24 13:11:00] 🔍 DEBUG:   ✨ NUEVO: OK-05
2026-01-24 13:11:00,814 - INFO - [2026-01-24 13:11:00] 🔍 DEBUG:   ✨ NUEVO: OPALINA
2026-01-24 13:11:00,815 - INFO - [2026-01-24 13:11:00] 🔍 DEBUG:   ✨ NUEVO: ORIN CERTIFICADO
2026-01-24 13:11:00,816 - INFO - [2026-01-24 13:11:00] 🔍 DEBUG:   ✨ NUEVO: OTG MICRO BLISTER
2026-01-24 13:11:00,817 - INFO - [2026-01-24 13:11:00] 🔍 DEBUG:   ✨ NUEVO: OTG-TC-06
2026-01-24 13:11:00,817 - INFO - [2026-01-24 13:11:00] 🔍 DEBUG:   ✨ NUEVO: PAGO DE COMISION ML
2026-01-24 13:11:00,818 - INFO - [2026-01-24 13:11:00] 🔍 DEBUG:   ✨ NUEVO: PAGO RECARGAS
2026-01-24 13:11:00,819 - INFO - [2026-01-24 13:11:00] 🔍 DEBUG:   ✨ NUEVO: PANEL SOLAR
2026-01-24 13:11:00,820 - INFO - [2026-01-24 13:11:00] 🔍 DEBUG:   ✨ NUEVO: PAPEL BOND
2026-01-24 13:11:00,820 - INFO - [2026-01-24 13:11:00] 🔍 DEBUG:   ✨ NUEVO: PAPEL FOTOGRAFICO 180G
2026-01-24 13:11:00,821 - INFO - [2026-01-24 13:11:00] 🔍 DEBUG:   ✨ NUEVO: PASAJE
2026-01-24 13:11:00,822 - INFO - [2026-01-24 13:11:00] 🔍 DEBUG:   ✨ NUEVO: PBPCS
2026-01-24 13:11:00,823 - INFO - [2026-01-24 13:11:00] 🔍 DEBUG:   ✨ NUEVO: PEG-3
2026-01-24 13:11:00,823 - INFO - [2026-01-24 13:11:00] 🔍 DEBUG:   ✨ NUEVO: PERFORADOR
2026-01-24 13:11:00,824 - INFO - [2026-01-24 13:11:00] 🔍 DEBUG:   ✨ NUEVO: PERF-PH-15A
2026-01-24 13:11:00,825 - INFO - [2026-01-24 13:11:00] 🔍 DEBUG:   ✨ NUEVO: PERFUME-01
2026-01-24 13:11:00,826 - INFO - [2026-01-24 13:11:00] 🔍 DEBUG:   ✨ NUEVO: PERFUME-02
2026-01-24 13:11:00,827 - INFO - [2026-01-24 13:11:00] 🔍 DEBUG:   ✨ NUEVO: PERFUME-03
2026-01-24 13:11:00,827 - INFO - [2026-01-24 13:11:00] 🔍 DEBUG:   ✨ NUEVO: PESO
2026-01-24 13:11:00,828 - INFO - [2026-01-24 13:11:00] 🔍 DEBUG:   ✨ NUEVO: PESO-00
2026-01-24 13:11:00,829 - INFO - [2026-01-24 13:11:00] 🔍 DEBUG:   ✨ NUEVO: PHONE HOLDER
2026-01-24 13:11:00,829 - INFO - [2026-01-24 13:11:00] 🔍 DEBUG:   ✨ NUEVO: PINTURA-00
2026-01-24 13:11:00,830 - INFO - [2026-01-24 13:11:00] 🔍 DEBUG:   ✨ NUEVO: PINZA
2026-01-24 13:11:00,831 - INFO - [2026-01-24 13:11:00] 🔍 DEBUG:   ✨ NUEVO: PIZARRA-00
2026-01-24 13:11:00,832 - INFO - [2026-01-24 13:11:00] 🔍 DEBUG:   ✨ NUEVO: PLASTIFICACION-
2026-01-24 13:11:00,832 - INFO - [2026-01-24 13:11:00] 🔍 DEBUG:   ✨ NUEVO: POLVO CACAO 250 GR
2026-01-24 13:11:00,833 - INFO - [2026-01-24 13:11:00] 🔍 DEBUG:   ✨ NUEVO: POLVO CACAO 500 GR
2026-01-24 13:11:00,834 - INFO - [2026-01-24 13:11:00] 🔍 DEBUG:   ✨ NUEVO: PORTA CARNET
2026-01-24 13:11:00,835 - INFO - [2026-01-24 13:11:00] 🔍 DEBUG:   ✨ NUEVO: PORTARETRARO
2026-01-24 13:11:00,836 - INFO - [2026-01-24 13:11:00] 🔍 DEBUG:   ✨ NUEVO: POWER BANK MAGSAFE
2026-01-24 13:11:00,836 - INFO - [2026-01-24 13:11:00] 🔍 DEBUG:   ✨ NUEVO: POWER BANK MAGSAFE 5 MIL MAH
2026-01-24 13:11:00,837 - INFO - [2026-01-24 13:11:00] 🔍 DEBUG:   ✨ NUEVO: POWER BANK SOLAR YELOMIN 42800
2026-01-24 13:11:00,838 - INFO - [2026-01-24 13:11:00] 🔍 DEBUG:   ✨ NUEVO: PR-0-0143
2026-01-24 13:11:00,839 - INFO - [2026-01-24 13:11:00] 🔍 DEBUG:   ✨ NUEVO: PRESTAMO
2026-01-24 13:11:00,839 - INFO - [2026-01-24 13:11:00] 🔍 DEBUG:   ✨ NUEVO: PRESTAMO-01
2026-01-24 13:11:00,840 - INFO - [2026-01-24 13:11:00] 🔍 DEBUG:   ✨ NUEVO: PROTECTOR DE VOLTAJE
2026-01-24 13:11:00,841 - INFO - [2026-01-24 13:11:00] 🔍 DEBUG:   ✨ NUEVO: PTO278-285
2026-01-24 13:11:00,842 - INFO - [2026-01-24 13:11:00] 🔍 DEBUG:   ✨ NUEVO: PULSERA NIÑOS AIRTAG
2026-01-24 13:11:00,842 - INFO - [2026-01-24 13:11:00] 🔍 DEBUG:   ✨ NUEVO: PULSERA-00
2026-01-24 13:11:00,843 - INFO - [2026-01-24 13:11:00] 🔍 DEBUG:   ✨ NUEVO: RAD-T6 MINI
2026-01-24 13:11:00,844 - INFO - [2026-01-24 13:11:00] 🔍 DEBUG:   ✨ NUEVO: RCA-JK
2026-01-24 13:11:00,845 - INFO - [2026-01-24 13:11:00] 🔍 DEBUG:   ✨ NUEVO: RECEPTOR WIFI DOBLE BANDA
2026-01-24 13:11:00,845 - INFO - [2026-01-24 13:11:00] 🔍 DEBUG:   ✨ NUEVO: REG-PLAST-30CM
2026-01-24 13:11:00,846 - INFO - [2026-01-24 13:11:00] 🔍 DEBUG:   ✨ NUEVO: REG-UPPOMI-2064U AZUL
2026-01-24 13:11:00,847 - INFO - [2026-01-24 13:11:00] 🔍 DEBUG:   ✨ NUEVO: REG-UPPOMI-2064U VERDE
2026-01-24 13:11:00,848 - INFO - [2026-01-24 13:11:00] 🔍 DEBUG:   ✨ NUEVO: REG-UPPOMI-LH-K2500W
2026-01-24 13:11:00,848 - INFO - [2026-01-24 13:11:00] 🔍 DEBUG:   ✨ NUEVO: RELOJ-00
2026-01-24 13:11:00,849 - INFO - [2026-01-24 13:11:00] 🔍 DEBUG:   ✨ NUEVO: REPELENTE
2026-01-24 13:11:00,850 - INFO - [2026-01-24 13:11:00] 🔍 DEBUG:   ✨ NUEVO: REPUESTO FLORES
2026-01-24 13:11:00,850 - INFO - [2026-01-24 13:11:00] 🔍 DEBUG:   ✨ NUEVO: RESALT-VERDE
2026-01-24 13:11:00,851 - INFO - [2026-01-24 13:11:00] 🔍 DEBUG:   ✨ NUEVO: RESMA- EXECUTIVE
2026-01-24 13:11:00,852 - INFO - [2026-01-24 13:11:00] 🔍 DEBUG:   ✨ NUEVO: RESMAHPOFICIO
2026-01-24 13:11:00,853 - INFO - [2026-01-24 13:11:00] 🔍 DEBUG:   ✨ NUEVO: RES-OFIC-CHAMEX
2026-01-24 13:11:00,854 - INFO - [2026-01-24 13:11:00] 🔍 DEBUG:   ✨ NUEVO: RES-PAP-OFIC HAMMERMILL
2026-01-24 13:11:00,855 - INFO - [2026-01-24 13:11:00] 🔍 DEBUG:   ✨ NUEVO: RES-PRINTON
2026-01-24 13:11:00,856 - INFO - [2026-01-24 13:11:00] 🔍 DEBUG:   ✨ NUEVO: RETRACTIL NEGRO/AZUL AMAZON
2026-01-24 13:11:00,857 - INFO - [2026-01-24 13:11:00] 🔍 DEBUG:   ✨ NUEVO: REVISION
2026-01-24 13:11:00,858 - INFO - [2026-01-24 13:11:00] 🔍 DEBUG:   ✨ NUEVO: RIMER
2026-01-24 13:11:00,858 - INFO - [2026-01-24 13:11:00] 🔍 DEBUG:   ✨ NUEVO: ROLLO-PUNTO
2026-01-24 13:11:00,859 - INFO - [2026-01-24 13:11:00] 🔍 DEBUG:   ✨ NUEVO: ROU-025
2026-01-24 13:11:00,860 - INFO - [2026-01-24 13:11:00] 🔍 DEBUG:   ✨ NUEVO: RP
2026-01-24 13:11:00,861 - INFO - [2026-01-24 13:11:00] 🔍 DEBUG:   ✨ NUEVO: RQ-CH-09
2026-01-24 13:11:00,862 - INFO - [2026-01-24 13:11:00] 🔍 DEBUG:   ✨ NUEVO: S8TRAVEL ADAPTER
2026-01-24 13:11:00,863 - INFO - [2026-01-24 13:11:00] 🔍 DEBUG:   ✨ NUEVO: SD-CF-8GB
2026-01-24 13:11:00,864 - INFO - [2026-01-24 13:11:00] 🔍 DEBUG:   ✨ NUEVO: SER-VARIOS
2026-01-24 13:11:00,865 - INFO - [2026-01-24 13:11:00] 🔍 DEBUG:   ✨ NUEVO: S-G
2026-01-24 13:11:00,866 - INFO - [2026-01-24 13:11:00] 🔍 DEBUG:   ✨ NUEVO: SOBRE DE BROCHE CARTA
2026-01-24 13:11:00,867 - INFO - [2026-01-24 13:11:00] 🔍 DEBUG:   ✨ NUEVO: SOBRE MANILA CARTA
2026-01-24 13:11:00,868 - INFO - [2026-01-24 13:11:00] 🔍 DEBUG:   ✨ NUEVO: SOBRE MANILA OFICIO
2026-01-24 13:11:00,869 - INFO - [2026-01-24 13:11:00] 🔍 DEBUG:   ✨ NUEVO: SOBRES BLANCO #11 MEDIA CARTA
2026-01-24 13:11:00,869 - INFO - [2026-01-24 13:11:00] 🔍 DEBUG:   ✨ NUEVO: SOCATE ON-OFF
2026-01-24 13:11:00,870 - INFO - [2026-01-24 13:11:00] 🔍 DEBUG:   ✨ NUEVO: SOLID-STATE DRIVE
2026-01-24 13:11:00,871 - INFO - [2026-01-24 13:11:00] 🔍 DEBUG:   ✨ NUEVO: SOMBRAS
2026-01-24 13:11:00,872 - INFO - [2026-01-24 13:11:00] 🔍 DEBUG:   ✨ NUEVO: SREV-MOVILNET
2026-01-24 13:11:00,872 - INFO - [2026-01-24 13:11:00] 🔍 DEBUG:   ✨ NUEVO: SS-065
2026-01-24 13:11:00,874 - INFO - [2026-01-24 13:11:00] 🔍 DEBUG:   ✨ NUEVO: ST-01701
2026-01-24 13:11:00,874 - INFO - [2026-01-24 13:11:00] 🔍 DEBUG:   ✨ NUEVO: ST-03556-B
2026-01-24 13:11:00,875 - INFO - [2026-01-24 13:11:00] 🔍 DEBUG:   ✨ NUEVO: ST-03905
2026-01-24 13:11:00,876 - INFO - [2026-01-24 13:11:00] 🔍 DEBUG:   ✨ NUEVO: ST-MS-951B
2026-01-24 13:11:00,877 - INFO - [2026-01-24 13:11:00] 🔍 DEBUG:   ✨ NUEVO: TABLAS-00
2026-01-24 13:11:00,877 - INFO - [2026-01-24 13:11:00] 🔍 DEBUG:   ✨ NUEVO: TABLET 10 PULGADAS AMAZON
2026-01-24 13:11:00,878 - INFO - [2026-01-24 13:11:00] 🔍 DEBUG:   ✨ NUEVO: TABLET 4 RAM VERDE
2026-01-24 13:11:00,879 - INFO - [2026-01-24 13:11:00] 🔍 DEBUG:   ✨ NUEVO: TABLET 7 PULAGADAS AMAZON
2026-01-24 13:11:00,880 - INFO - [2026-01-24 13:11:00] 🔍 DEBUG:   ✨ NUEVO: TABLET NEGRA 7 INCH 3 RAM
2026-01-24 13:11:00,881 - INFO - [2026-01-24 13:11:00] 🔍 DEBUG:   ✨ NUEVO: TABLET PARA NIÑOS 7 INCH
2026-01-24 13:11:00,882 - INFO - [2026-01-24 13:11:00] 🔍 DEBUG:   ✨ NUEVO: TAC-CL01
2026-01-24 13:11:00,882 - INFO - [2026-01-24 13:11:00] 🔍 DEBUG:   ✨ NUEVO: TAC-SAMSUG5G
2026-01-24 13:11:00,883 - INFO - [2026-01-24 13:11:00] 🔍 DEBUG:   ✨ NUEVO: TAP-001
2026-01-24 13:11:00,884 - INFO - [2026-01-24 13:11:00] 🔍 DEBUG:   ✨ NUEVO: TD-T35
2026-01-24 13:11:00,885 - INFO - [2026-01-24 13:11:00] 🔍 DEBUG:   ✨ NUEVO: TE-1
2026-01-24 13:11:00,885 - INFO - [2026-01-24 13:11:00] 🔍 DEBUG:   ✨ NUEVO: TERCER BRAZO
2026-01-24 13:11:00,886 - INFO - [2026-01-24 13:11:00] 🔍 DEBUG:   ✨ NUEVO: TIJERA
2026-01-24 13:11:00,887 - INFO - [2026-01-24 13:11:00] 🔍 DEBUG:   ✨ NUEVO: TINTA T544
2026-01-24 13:11:00,888 - INFO - [2026-01-24 13:11:00] 🔍 DEBUG:   ✨ NUEVO: TINTA T544 COLORES
2026-01-24 13:11:00,889 - INFO - [2026-01-24 13:11:00] 🔍 DEBUG:   ✨ NUEVO: TINTA T664
2026-01-24 13:11:00,890 - INFO - [2026-01-24 13:11:00] 🔍 DEBUG:   ✨ NUEVO: TINTA T664 AMARILLA
2026-01-24 13:11:00,891 - INFO - [2026-01-24 13:11:00] 🔍 DEBUG:   ✨ NUEVO: TINTA T664 CELESTE
2026-01-24 13:11:00,891 - INFO - [2026-01-24 13:11:00] 🔍 DEBUG:   ✨ NUEVO: TINTA T664 NEGRA
2026-01-24 13:11:00,892 - INFO - [2026-01-24 13:11:00] 🔍 DEBUG:   ✨ NUEVO: TIRRO
2026-01-24 13:11:00,893 - INFO - [2026-01-24 13:11:00] 🔍 DEBUG:   ✨ NUEVO: TJ-11 MOUSE GAMER
2026-01-24 13:11:00,894 - INFO - [2026-01-24 13:11:00] 🔍 DEBUG:   ✨ NUEVO: TONER-104
2026-01-24 13:11:00,895 - INFO - [2026-01-24 13:11:00] 🔍 DEBUG:   ✨ NUEVO: TONER-137/83A
2026-01-24 13:11:00,896 - INFO - [2026-01-24 13:11:00] 🔍 DEBUG:   ✨ NUEVO: TONER-COMP-CANON
2026-01-24 13:11:00,897 - INFO - [2026-01-24 13:11:00] 🔍 DEBUG:   ✨ NUEVO: TONER-COMP-HP
2026-01-24 13:11:00,898 - INFO - [2026-01-24 13:11:00] 🔍 DEBUG:   ✨ NUEVO: TONER-HP
2026-01-24 13:11:00,899 - INFO - [2026-01-24 13:11:00] 🔍 DEBUG:   ✨ NUEVO: TONER-MXP-MLTD101S
2026-01-24 13:11:00,900 - INFO - [2026-01-24 13:11:00] 🔍 DEBUG:   ✨ NUEVO: TONER-STAMPRINT
2026-01-24 13:11:00,901 - INFO - [2026-01-24 13:11:00] 🔍 DEBUG:   ✨ NUEVO: TP101
2026-01-24 13:11:00,902 - INFO - [2026-01-24 13:11:00] 🔍 DEBUG:   ✨ NUEVO: TRIPOIDE PARA SELFIE
2026-01-24 13:11:00,903 - INFO - [2026-01-24 13:11:00] 🔍 DEBUG:   ✨ NUEVO: TWS I18
2026-01-24 13:11:00,903 - INFO - [2026-01-24 13:11:00] 🔍 DEBUG:   ✨ NUEVO: USB FLASH DRIVE
2026-01-24 13:11:00,904 - INFO - [2026-01-24 13:11:00] 🔍 DEBUG:   ✨ NUEVO: USB-4PTO-HUB
2026-01-24 13:11:00,905 - INFO - [2026-01-24 13:11:00] 🔍 DEBUG:   ✨ NUEVO: USB-7PTO-HUB
2026-01-24 13:11:00,906 - INFO - [2026-01-24 13:11:00] 🔍 DEBUG:   ✨ NUEVO: VARIOS SERVICIOS
2026-01-24 13:11:00,906 - INFO - [2026-01-24 13:11:00] 🔍 DEBUG:   ✨ NUEVO: WD2500AAKX
2026-01-24 13:11:00,908 - INFO - [2026-01-24 13:11:00] 🔍 DEBUG:   ✨ NUEVO: X002UZCVP1
2026-01-24 13:11:00,909 - INFO - [2026-01-24 13:11:00] 🔍 DEBUG:   ✨ NUEVO: X0033B2V51
2026-01-24 13:11:00,910 - INFO - [2026-01-24 13:11:00] 🔍 DEBUG:   ✨ NUEVO: X003CGDNHH
2026-01-24 13:11:00,911 - INFO - [2026-01-24 13:11:00] 🔍 DEBUG:   ✨ NUEVO: X003D43FOJ
2026-01-24 13:11:00,912 - INFO - [2026-01-24 13:11:00] 🔍 DEBUG:   ✨ NUEVO: X003Z1RAMD
2026-01-24 13:11:00,913 - INFO - [2026-01-24 13:11:00] 🔍 DEBUG:   ✨ NUEVO: X004AT548L
2026-01-24 13:11:00,914 - INFO - [2026-01-24 13:11:00] 🔍 DEBUG:   ✨ NUEVO: X6 USB STANDARD
2026-01-24 13:11:00,915 - INFO - [2026-01-24 13:11:00] 🔍 DEBUG:   ✨ NUEVO: X-CABLE
2026-01-24 13:11:00,916 - INFO - [2026-01-24 13:11:00] 🔍 DEBUG:   ✨ NUEVO: X-IZ
2026-01-24 13:11:00,926 - INFO - [2026-01-24 13:11:00] ℹ️ INFO: Products: 595 nuevos, 0 modificados, 0 eliminados
2026-01-24 13:11:00,926 - INFO - [2026-01-24 13:11:00] ℹ️ INFO: Detectando cambios en customers...
2026-01-24 13:11:00,943 - INFO - [2026-01-24 13:11:00] 🔍 DEBUG:   ✨ NUEVO:  V147941338 
2026-01-24 13:11:00,944 - INFO - [2026-01-24 13:11:00] 🔍 DEBUG:   ✨ NUEVO:  V19123572
2026-01-24 13:11:00,944 - INFO - [2026-01-24 13:11:00] 🔍 DEBUG:   ✨ NUEVO:  V19599699
2026-01-24 13:11:00,945 - INFO - [2026-01-24 13:11:00] 🔍 DEBUG:   ✨ NUEVO:  V-21057371
2026-01-24 13:11:00,946 - INFO - [2026-01-24 13:11:00] 🔍 DEBUG:   ✨ NUEVO:  V21281251
2026-01-24 13:11:00,946 - INFO - [2026-01-24 13:11:00] 🔍 DEBUG:   ✨ NUEVO:  V32643984
2026-01-24 13:11:00,947 - INFO - [2026-01-24 13:11:00] 🔍 DEBUG:   ✨ NUEVO: 0.0
2026-01-24 13:11:00,947 - INFO - [2026-01-24 13:11:00] 🔍 DEBUG:   ✨ NUEVO: 00
2026-01-24 13:11:00,947 - INFO - [2026-01-24 13:11:00] 🔍 DEBUG:   ✨ NUEVO: 02
2026-01-24 13:11:00,948 - INFO - [2026-01-24 13:11:00] 🔍 DEBUG:   ✨ NUEVO: 10279810
2026-01-24 13:11:00,948 - INFO - [2026-01-24 13:11:00] 🔍 DEBUG:   ✨ NUEVO: 10485638
2026-01-24 13:11:00,949 - INFO - [2026-01-24 13:11:00] 🔍 DEBUG:   ✨ NUEVO: 10510037
2026-01-24 13:11:00,950 - INFO - [2026-01-24 13:11:00] 🔍 DEBUG:   ✨ NUEVO: 10632924
2026-01-24 13:11:00,950 - INFO - [2026-01-24 13:11:00] 🔍 DEBUG:   ✨ NUEVO: 10691997
2026-01-24 13:11:00,951 - INFO - [2026-01-24 13:11:00] 🔍 DEBUG:   ✨ NUEVO: 10786541
2026-01-24 13:11:00,952 - INFO - [2026-01-24 13:11:00] 🔍 DEBUG:   ✨ NUEVO: 10794802
2026-01-24 13:11:00,953 - INFO - [2026-01-24 13:11:00] 🔍 DEBUG:   ✨ NUEVO: 11118099
2026-01-24 13:11:00,954 - INFO - [2026-01-24 13:11:00] 🔍 DEBUG:   ✨ NUEVO: 11164910
2026-01-24 13:11:00,954 - INFO - [2026-01-24 13:11:00] 🔍 DEBUG:   ✨ NUEVO: 11201520
2026-01-24 13:11:00,955 - INFO - [2026-01-24 13:11:00] 🔍 DEBUG:   ✨ NUEVO: 11563705
2026-01-24 13:11:00,956 - INFO - [2026-01-24 13:11:00] 🔍 DEBUG:   ✨ NUEVO: 12059913
2026-01-24 13:11:00,957 - INFO - [2026-01-24 13:11:00] 🔍 DEBUG:   ✨ NUEVO: 12398596
2026-01-24 13:11:00,957 - INFO - [2026-01-24 13:11:00] 🔍 DEBUG:   ✨ NUEVO: 12533659
2026-01-24 13:11:00,958 - INFO - [2026-01-24 13:11:00] 🔍 DEBUG:   ✨ NUEVO: 12670323
2026-01-24 13:11:00,958 - INFO - [2026-01-24 13:11:00] 🔍 DEBUG:   ✨ NUEVO: 12711366
2026-01-24 13:11:00,959 - INFO - [2026-01-24 13:11:00] 🔍 DEBUG:   ✨ NUEVO: 12866034
2026-01-24 13:11:00,959 - INFO - [2026-01-24 13:11:00] 🔍 DEBUG:   ✨ NUEVO: 12904363
2026-01-24 13:11:00,960 - INFO - [2026-01-24 13:11:00] 🔍 DEBUG:   ✨ NUEVO: 13110331
2026-01-24 13:11:00,960 - INFO - [2026-01-24 13:11:00] 🔍 DEBUG:   ✨ NUEVO: 13218046
2026-01-24 13:11:00,961 - INFO - [2026-01-24 13:11:00] 🔍 DEBUG:   ✨ NUEVO: 13419486
2026-01-24 13:11:00,961 - INFO - [2026-01-24 13:11:00] 🔍 DEBUG:   ✨ NUEVO: 13432891
2026-01-24 13:11:00,962 - INFO - [2026-01-24 13:11:00] 🔍 DEBUG:   ✨ NUEVO: 13466646
2026-01-24 13:11:00,962 - INFO - [2026-01-24 13:11:00] 🔍 DEBUG:   ✨ NUEVO: 13545829
2026-01-24 13:11:00,962 - INFO - [2026-01-24 13:11:00] 🔍 DEBUG:   ✨ NUEVO: 13637637
2026-01-24 13:11:00,963 - INFO - [2026-01-24 13:11:00] 🔍 DEBUG:   ✨ NUEVO: 13979326
2026-01-24 13:11:00,963 - INFO - [2026-01-24 13:11:00] 🔍 DEBUG:   ✨ NUEVO: 14098303
2026-01-24 13:11:00,964 - INFO - [2026-01-24 13:11:00] 🔍 DEBUG:   ✨ NUEVO: 14406441
2026-01-24 13:11:00,964 - INFO - [2026-01-24 13:11:00] 🔍 DEBUG:   ✨ NUEVO: 14453133
2026-01-24 13:11:00,964 - INFO - [2026-01-24 13:11:00] 🔍 DEBUG:   ✨ NUEVO: 14528040
2026-01-24 13:11:00,965 - INFO - [2026-01-24 13:11:00] 🔍 DEBUG:   ✨ NUEVO: 14533866
2026-01-24 13:11:00,965 - INFO - [2026-01-24 13:11:00] 🔍 DEBUG:   ✨ NUEVO: 14830805
2026-01-24 13:11:00,966 - INFO - [2026-01-24 13:11:00] 🔍 DEBUG:   ✨ NUEVO: 15204407
2026-01-24 13:11:00,966 - INFO - [2026-01-24 13:11:00] 🔍 DEBUG:   ✨ NUEVO: 15.240.848
2026-01-24 13:11:00,966 - INFO - [2026-01-24 13:11:00] 🔍 DEBUG:   ✨ NUEVO: 15373399
2026-01-24 13:11:00,967 - INFO - [2026-01-24 13:11:00] 🔍 DEBUG:   ✨ NUEVO: 16029393
2026-01-24 13:11:00,967 - INFO - [2026-01-24 13:11:00] 🔍 DEBUG:   ✨ NUEVO: 16037143
2026-01-24 13:11:00,968 - INFO - [2026-01-24 13:11:00] 🔍 DEBUG:   ✨ NUEVO: 16450339
2026-01-24 13:11:00,968 - INFO - [2026-01-24 13:11:00] 🔍 DEBUG:   ✨ NUEVO: 16450915
2026-01-24 13:11:00,968 - INFO - [2026-01-24 13:11:00] 🔍 DEBUG:   ✨ NUEVO: 16452624
2026-01-24 13:11:00,969 - INFO - [2026-01-24 13:11:00] 🔍 DEBUG:   ✨ NUEVO: 16820476
2026-01-24 13:11:00,969 - INFO - [2026-01-24 13:11:00] 🔍 DEBUG:   ✨ NUEVO: 16910902
2026-01-24 13:11:00,969 - INFO - [2026-01-24 13:11:00] 🔍 DEBUG:   ✨ NUEVO: 16911034
2026-01-24 13:11:00,970 - INFO - [2026-01-24 13:11:00] 🔍 DEBUG:   ✨ NUEVO: 17052034
2026-01-24 13:11:00,970 - INFO - [2026-01-24 13:11:00] 🔍 DEBUG:   ✨ NUEVO: 17059902
2026-01-24 13:11:00,971 - INFO - [2026-01-24 13:11:00] 🔍 DEBUG:   ✨ NUEVO: 17453493
2026-01-24 13:11:00,971 - INFO - [2026-01-24 13:11:00] 🔍 DEBUG:   ✨ NUEVO: 17570151
2026-01-24 13:11:00,971 - INFO - [2026-01-24 13:11:00] 🔍 DEBUG:   ✨ NUEVO: 17632786
2026-01-24 13:11:00,972 - INFO - [2026-01-24 13:11:00] 🔍 DEBUG:   ✨ NUEVO: 17772965
2026-01-24 13:11:00,972 - INFO - [2026-01-24 13:11:00] 🔍 DEBUG:   ✨ NUEVO: 17773320
2026-01-24 13:11:00,973 - INFO - [2026-01-24 13:11:00] 🔍 DEBUG:   ✨ NUEVO: 18093340
2026-01-24 13:11:00,973 - INFO - [2026-01-24 13:11:00] 🔍 DEBUG:   ✨ NUEVO: 18304266
2026-01-24 13:11:00,974 - INFO - [2026-01-24 13:11:00] 🔍 DEBUG:   ✨ NUEVO: 18304801
2026-01-24 13:11:00,974 - INFO - [2026-01-24 13:11:00] 🔍 DEBUG:   ✨ NUEVO: 18367113
2026-01-24 13:11:00,975 - INFO - [2026-01-24 13:11:00] 🔍 DEBUG:   ✨ NUEVO: 18446925
2026-01-24 13:11:00,975 - INFO - [2026-01-24 13:11:00] 🔍 DEBUG:   ✨ NUEVO: 19116622
2026-01-24 13:11:00,976 - INFO - [2026-01-24 13:11:00] 🔍 DEBUG:   ✨ NUEVO: 19305271
2026-01-24 13:11:00,977 - INFO - [2026-01-24 13:11:00] 🔍 DEBUG:   ✨ NUEVO: 19788862
2026-01-24 13:11:00,977 - INFO - [2026-01-24 13:11:00] 🔍 DEBUG:   ✨ NUEVO: 20418024
2026-01-24 13:11:00,978 - INFO - [2026-01-24 13:11:00] 🔍 DEBUG:   ✨ NUEVO: 20418874
2026-01-24 13:11:00,978 - INFO - [2026-01-24 13:11:00] 🔍 DEBUG:   ✨ NUEVO: 20980156
2026-01-24 13:11:00,979 - INFO - [2026-01-24 13:11:00] 🔍 DEBUG:   ✨ NUEVO: 20997625
2026-01-24 13:11:00,979 - INFO - [2026-01-24 13:11:00] 🔍 DEBUG:   ✨ NUEVO: 21132816
2026-01-24 13:11:00,980 - INFO - [2026-01-24 13:11:00] 🔍 DEBUG:   ✨ NUEVO: 21534608
2026-01-24 13:11:00,980 - INFO - [2026-01-24 13:11:00] 🔍 DEBUG:   ✨ NUEVO: 21573868
2026-01-24 13:11:00,981 - INFO - [2026-01-24 13:11:00] 🔍 DEBUG:   ✨ NUEVO: 22043076
2026-01-24 13:11:00,982 - INFO - [2026-01-24 13:11:00] 🔍 DEBUG:   ✨ NUEVO: 22346693
2026-01-24 13:11:00,982 - INFO - [2026-01-24 13:11:00] 🔍 DEBUG:   ✨ NUEVO: 22537737
2026-01-24 13:11:00,983 - INFO - [2026-01-24 13:11:00] 🔍 DEBUG:   ✨ NUEVO: 23651517
2026-01-24 13:11:00,983 - INFO - [2026-01-24 13:11:00] 🔍 DEBUG:   ✨ NUEVO: 23651607
2026-01-24 13:11:00,984 - INFO - [2026-01-24 13:11:00] 🔍 DEBUG:   ✨ NUEVO: 23651745
2026-01-24 13:11:00,984 - INFO - [2026-01-24 13:11:00] 🔍 DEBUG:   ✨ NUEVO: 23651840
2026-01-24 13:11:00,985 - INFO - [2026-01-24 13:11:00] 🔍 DEBUG:   ✨ NUEVO: 24280188
2026-01-24 13:11:00,985 - INFO - [2026-01-24 13:11:00] 🔍 DEBUG:   ✨ NUEVO: 25959068
2026-01-24 13:11:00,986 - INFO - [2026-01-24 13:11:00] 🔍 DEBUG:   ✨ NUEVO: 26100970
2026-01-24 13:11:00,986 - INFO - [2026-01-24 13:11:00] 🔍 DEBUG:   ✨ NUEVO: 26443722
2026-01-24 13:11:00,987 - INFO - [2026-01-24 13:11:00] 🔍 DEBUG:   ✨ NUEVO: 26893863
2026-01-24 13:11:00,988 - INFO - [2026-01-24 13:11:00] 🔍 DEBUG:   ✨ NUEVO: 27039508
2026-01-24 13:11:00,989 - INFO - [2026-01-24 13:11:00] 🔍 DEBUG:   ✨ NUEVO: 27454709
2026-01-24 13:11:00,990 - INFO - [2026-01-24 13:11:00] 🔍 DEBUG:   ✨ NUEVO: 27454941
2026-01-24 13:11:00,991 - INFO - [2026-01-24 13:11:00] 🔍 DEBUG:   ✨ NUEVO: 27807395
2026-01-24 13:11:00,992 - INFO - [2026-01-24 13:11:00] 🔍 DEBUG:   ✨ NUEVO: 28250065
2026-01-24 13:11:00,993 - INFO - [2026-01-24 13:11:00] 🔍 DEBUG:   ✨ NUEVO: 28361701.
2026-01-24 13:11:00,993 - INFO - [2026-01-24 13:11:00] 🔍 DEBUG:   ✨ NUEVO: 30305762
2026-01-24 13:11:00,994 - INFO - [2026-01-24 13:11:00] 🔍 DEBUG:   ✨ NUEVO: 30859147
2026-01-24 13:11:00,995 - INFO - [2026-01-24 13:11:00] 🔍 DEBUG:   ✨ NUEVO: 31005327
2026-01-24 13:11:00,996 - INFO - [2026-01-24 13:11:00] 🔍 DEBUG:   ✨ NUEVO: 310103070
2026-01-24 13:11:00,997 - INFO - [2026-01-24 13:11:00] 🔍 DEBUG:   ✨ NUEVO: 31955614
2026-01-24 13:11:00,998 - INFO - [2026-01-24 13:11:00] 🔍 DEBUG:   ✨ NUEVO: 31956081
2026-01-24 13:11:00,998 - INFO - [2026-01-24 13:11:00] 🔍 DEBUG:   ✨ NUEVO: 32214471
2026-01-24 13:11:00,999 - INFO - [2026-01-24 13:11:00] 🔍 DEBUG:   ✨ NUEVO: 3414872
2026-01-24 13:11:01,000 - INFO - [2026-01-24 13:11:01] 🔍 DEBUG:   ✨ NUEVO: 3635117
2026-01-24 13:11:01,001 - INFO - [2026-01-24 13:11:01] 🔍 DEBUG:   ✨ NUEVO: 3816471
2026-01-24 13:11:01,001 - INFO - [2026-01-24 13:11:01] 🔍 DEBUG:   ✨ NUEVO: 3839562
2026-01-24 13:11:01,002 - INFO - [2026-01-24 13:11:01] 🔍 DEBUG:   ✨ NUEVO: 3972618
2026-01-24 13:11:01,003 - INFO - [2026-01-24 13:11:01] 🔍 DEBUG:   ✨ NUEVO: 4272017
2026-01-24 13:11:01,004 - INFO - [2026-01-24 13:11:01] 🔍 DEBUG:   ✨ NUEVO: 4354571
2026-01-24 13:11:01,005 - INFO - [2026-01-24 13:11:01] 🔍 DEBUG:   ✨ NUEVO: 5416511
2026-01-24 13:11:01,005 - INFO - [2026-01-24 13:11:01] 🔍 DEBUG:   ✨ NUEVO: 5590127
2026-01-24 13:11:01,006 - INFO - [2026-01-24 13:11:01] 🔍 DEBUG:   ✨ NUEVO: 6096099
2026-01-24 13:11:01,007 - INFO - [2026-01-24 13:11:01] 🔍 DEBUG:   ✨ NUEVO: 6216663
2026-01-24 13:11:01,008 - INFO - [2026-01-24 13:11:01] 🔍 DEBUG:   ✨ NUEVO: 6236154
2026-01-24 13:11:01,008 - INFO - [2026-01-24 13:11:01] 🔍 DEBUG:   ✨ NUEVO: 6271808
2026-01-24 13:11:01,009 - INFO - [2026-01-24 13:11:01] 🔍 DEBUG:   ✨ NUEVO: 6513887
2026-01-24 13:11:01,011 - INFO - [2026-01-24 13:11:01] 🔍 DEBUG:   ✨ NUEVO: 6672784
2026-01-24 13:11:01,012 - INFO - [2026-01-24 13:11:01] 🔍 DEBUG:   ✨ NUEVO: 6708224
2026-01-24 13:11:01,013 - INFO - [2026-01-24 13:11:01] 🔍 DEBUG:   ✨ NUEVO: 6732485
2026-01-24 13:11:01,013 - INFO - [2026-01-24 13:11:01] 🔍 DEBUG:   ✨ NUEVO: 6837615
2026-01-24 13:11:01,014 - INFO - [2026-01-24 13:11:01] 🔍 DEBUG:   ✨ NUEVO: 6838042
2026-01-24 13:11:01,015 - INFO - [2026-01-24 13:11:01] 🔍 DEBUG:   ✨ NUEVO: 6838085
2026-01-24 13:11:01,016 - INFO - [2026-01-24 13:11:01] 🔍 DEBUG:   ✨ NUEVO: 6926417
2026-01-24 13:11:01,017 - INFO - [2026-01-24 13:11:01] 🔍 DEBUG:   ✨ NUEVO: 6926568
2026-01-24 13:11:01,017 - INFO - [2026-01-24 13:11:01] 🔍 DEBUG:   ✨ NUEVO: 6934115
2026-01-24 13:11:01,018 - INFO - [2026-01-24 13:11:01] 🔍 DEBUG:   ✨ NUEVO: 8486612
2026-01-24 13:11:01,019 - INFO - [2026-01-24 13:11:01] 🔍 DEBUG:   ✨ NUEVO: 8571695
2026-01-24 13:11:01,020 - INFO - [2026-01-24 13:11:01] 🔍 DEBUG:   ✨ NUEVO: 8758986
2026-01-24 13:11:01,021 - INFO - [2026-01-24 13:11:01] 🔍 DEBUG:   ✨ NUEVO: 9089757
2026-01-24 13:11:01,021 - INFO - [2026-01-24 13:11:01] 🔍 DEBUG:   ✨ NUEVO: 9965410
2026-01-24 13:11:01,022 - INFO - [2026-01-24 13:11:01] 🔍 DEBUG:   ✨ NUEVO: ANA MARIA LURGI
2026-01-24 13:11:01,023 - INFO - [2026-01-24 13:11:01] 🔍 DEBUG:   ✨ NUEVO: ANNE ZANCAN
2026-01-24 13:11:01,024 - INFO - [2026-01-24 13:11:01] 🔍 DEBUG:   ✨ NUEVO: BRIYIT VALDERRAMA
2026-01-24 13:11:01,025 - INFO - [2026-01-24 13:11:01] 🔍 DEBUG:   ✨ NUEVO: C299558184
2026-01-24 13:11:01,026 - INFO - [2026-01-24 13:11:01] 🔍 DEBUG:   ✨ NUEVO: C299703249
2026-01-24 13:11:01,027 - INFO - [2026-01-24 13:11:01] 🔍 DEBUG:   ✨ NUEVO: C310216118
2026-01-24 13:11:01,027 - INFO - [2026-01-24 13:11:01] 🔍 DEBUG:   ✨ NUEVO: COMUNIUDAD LOS SERRANOS
2026-01-24 13:11:01,028 - INFO - [2026-01-24 13:11:01] 🔍 DEBUG:   ✨ NUEVO: E80772778
2026-01-24 13:11:01,029 - INFO - [2026-01-24 13:11:01] 🔍 DEBUG:   ✨ NUEVO: E810826110
2026-01-24 13:11:01,030 - INFO - [2026-01-24 13:11:01] 🔍 DEBUG:   ✨ NUEVO: E81516829
2026-01-24 13:11:01,031 - INFO - [2026-01-24 13:11:01] 🔍 DEBUG:   ✨ NUEVO: E82127388
2026-01-24 13:11:01,031 - INFO - [2026-01-24 13:11:01] 🔍 DEBUG:   ✨ NUEVO: E82151195
2026-01-24 13:11:01,032 - INFO - [2026-01-24 13:11:01] 🔍 DEBUG:   ✨ NUEVO: E82274378
2026-01-24 13:11:01,033 - INFO - [2026-01-24 13:11:01] 🔍 DEBUG:   ✨ NUEVO: E82299456
2026-01-24 13:11:01,033 - INFO - [2026-01-24 13:11:01] 🔍 DEBUG:   ✨ NUEVO: E84317031
2026-01-24 13:11:01,034 - INFO - [2026-01-24 13:11:01] 🔍 DEBUG:   ✨ NUEVO: E84474802
2026-01-24 13:11:01,035 - INFO - [2026-01-24 13:11:01] 🔍 DEBUG:   ✨ NUEVO: E892160
2026-01-24 13:11:01,036 - INFO - [2026-01-24 13:11:01] 🔍 DEBUG:   ✨ NUEVO: EYLIN MORA
2026-01-24 13:11:01,037 - INFO - [2026-01-24 13:11:01] 🔍 DEBUG:   ✨ NUEVO: G100021411
2026-01-24 13:11:01,038 - INFO - [2026-01-24 13:11:01] 🔍 DEBUG:   ✨ NUEVO: G200004517
2026-01-24 13:11:01,039 - INFO - [2026-01-24 13:11:01] 🔍 DEBUG:   ✨ NUEVO: G200095482
2026-01-24 13:11:01,039 - INFO - [2026-01-24 13:11:01] 🔍 DEBUG:   ✨ NUEVO: HECTOR IBARRA
2026-01-24 13:11:01,040 - INFO - [2026-01-24 13:11:01] 🔍 DEBUG:   ✨ NUEVO: HENRY MARIN
2026-01-24 13:11:01,041 - INFO - [2026-01-24 13:11:01] 🔍 DEBUG:   ✨ NUEVO: HENRY PALOMBIZIO
2026-01-24 13:11:01,042 - INFO - [2026-01-24 13:11:01] 🔍 DEBUG:   ✨ NUEVO: HERMEYBE PEDROZA
2026-01-24 13:11:01,043 - INFO - [2026-01-24 13:11:01] 🔍 DEBUG:   ✨ NUEVO: INVERSIONES TECNICOMPTER C.A.
2026-01-24 13:11:01,043 - INFO - [2026-01-24 13:11:01] 🔍 DEBUG:   ✨ NUEVO: IVAN RAMOS
2026-01-24 13:11:01,044 - INFO - [2026-01-24 13:11:01] 🔍 DEBUG:   ✨ NUEVO: J000000000
2026-01-24 13:11:01,044 - INFO - [2026-01-24 13:11:01] 🔍 DEBUG:   ✨ NUEVO: J000944741
2026-01-24 13:11:01,045 - INFO - [2026-01-24 13:11:01] 🔍 DEBUG:   ✨ NUEVO: J001277862
2026-01-24 13:11:01,045 - INFO - [2026-01-24 13:11:01] 🔍 DEBUG:   ✨ NUEVO: J001281487
2026-01-24 13:11:01,046 - INFO - [2026-01-24 13:11:01] 🔍 DEBUG:   ✨ NUEVO: J001460780
2026-01-24 13:11:01,046 - INFO - [2026-01-24 13:11:01] 🔍 DEBUG:   ✨ NUEVO: J001468498
2026-01-24 13:11:01,047 - INFO - [2026-01-24 13:11:01] 🔍 DEBUG:   ✨ NUEVO: J001786538
2026-01-24 13:11:01,047 - INFO - [2026-01-24 13:11:01] 🔍 DEBUG:   ✨ NUEVO: J001788735
2026-01-24 13:11:01,048 - INFO - [2026-01-24 13:11:01] 🔍 DEBUG:   ✨ NUEVO: J002155892
2026-01-24 13:11:01,048 - INFO - [2026-01-24 13:11:01] 🔍 DEBUG:   ✨ NUEVO: J002740981
2026-01-24 13:11:01,049 - INFO - [2026-01-24 13:11:01] 🔍 DEBUG:   ✨ NUEVO: J002793988
2026-01-24 13:11:01,049 - INFO - [2026-01-24 13:11:01] 🔍 DEBUG:   ✨ NUEVO: J003084883
2026-01-24 13:11:01,050 - INFO - [2026-01-24 13:11:01] 🔍 DEBUG:   ✨ NUEVO: J003381705
2026-01-24 13:11:01,051 - INFO - [2026-01-24 13:11:01] 🔍 DEBUG:   ✨ NUEVO: J080041127
2026-01-24 13:11:01,051 - INFO - [2026-01-24 13:11:01] 🔍 DEBUG:   ✨ NUEVO: J293674573
2026-01-24 13:11:01,052 - INFO - [2026-01-24 13:11:01] 🔍 DEBUG:   ✨ NUEVO: J293810876
2026-01-24 13:11:01,053 - INFO - [2026-01-24 13:11:01] 🔍 DEBUG:   ✨ NUEVO: J294161038
2026-01-24 13:11:01,054 - INFO - [2026-01-24 13:11:01] 🔍 DEBUG:   ✨ NUEVO: J294374867
2026-01-24 13:11:01,055 - INFO - [2026-01-24 13:11:01] 🔍 DEBUG:   ✨ NUEVO: J295437951
2026-01-24 13:11:01,056 - INFO - [2026-01-24 13:11:01] 🔍 DEBUG:   ✨ NUEVO: J295671962
2026-01-24 13:11:01,057 - INFO - [2026-01-24 13:11:01] 🔍 DEBUG:   ✨ NUEVO: J295780168
2026-01-24 13:11:01,058 - INFO - [2026-01-24 13:11:01] 🔍 DEBUG:   ✨ NUEVO: J295821727
2026-01-24 13:11:01,059 - INFO - [2026-01-24 13:11:01] 🔍 DEBUG:   ✨ NUEVO: J295846711
2026-01-24 13:11:01,060 - INFO - [2026-01-24 13:11:01] 🔍 DEBUG:   ✨ NUEVO: J295901070
2026-01-24 13:11:01,061 - INFO - [2026-01-24 13:11:01] 🔍 DEBUG:   ✨ NUEVO: J296087288
2026-01-24 13:11:01,062 - INFO - [2026-01-24 13:11:01] 🔍 DEBUG:   ✨ NUEVO: J296635196
2026-01-24 13:11:01,063 - INFO - [2026-01-24 13:11:01] 🔍 DEBUG:   ✨ NUEVO: J296651566
2026-01-24 13:11:01,064 - INFO - [2026-01-24 13:11:01] 🔍 DEBUG:   ✨ NUEVO: J296914516
2026-01-24 13:11:01,064 - INFO - [2026-01-24 13:11:01] 🔍 DEBUG:   ✨ NUEVO: J297472959
2026-01-24 13:11:01,065 - INFO - [2026-01-24 13:11:01] 🔍 DEBUG:   ✨ NUEVO: J297487387
2026-01-24 13:11:01,066 - INFO - [2026-01-24 13:11:01] 🔍 DEBUG:   ✨ NUEVO: J297593179
2026-01-24 13:11:01,067 - INFO - [2026-01-24 13:11:01] 🔍 DEBUG:   ✨ NUEVO: J297980172
2026-01-24 13:11:01,068 - INFO - [2026-01-24 13:11:01] 🔍 DEBUG:   ✨ NUEVO: J297997776
2026-01-24 13:11:01,068 - INFO - [2026-01-24 13:11:01] 🔍 DEBUG:   ✨ NUEVO: J298020075
2026-01-24 13:11:01,069 - INFO - [2026-01-24 13:11:01] 🔍 DEBUG:   ✨ NUEVO: J298042303
2026-01-24 13:11:01,070 - INFO - [2026-01-24 13:11:01] 🔍 DEBUG:   ✨ NUEVO: J298070897
2026-01-24 13:11:01,071 - INFO - [2026-01-24 13:11:01] 🔍 DEBUG:   ✨ NUEVO: J298113065
2026-01-24 13:11:01,072 - INFO - [2026-01-24 13:11:01] 🔍 DEBUG:   ✨ NUEVO: J298132841
2026-01-24 13:11:01,072 - INFO - [2026-01-24 13:11:01] 🔍 DEBUG:   ✨ NUEVO: J298201606
2026-01-24 13:11:01,073 - INFO - [2026-01-24 13:11:01] 🔍 DEBUG:   ✨ NUEVO: J298260939
2026-01-24 13:11:01,074 - INFO - [2026-01-24 13:11:01] 🔍 DEBUG:   ✨ NUEVO: J298262940
2026-01-24 13:11:01,075 - INFO - [2026-01-24 13:11:01] 🔍 DEBUG:   ✨ NUEVO: J298403683
2026-01-24 13:11:01,076 - INFO - [2026-01-24 13:11:01] 🔍 DEBUG:   ✨ NUEVO: J298430192
2026-01-24 13:11:01,076 - INFO - [2026-01-24 13:11:01] 🔍 DEBUG:   ✨ NUEVO: J298822961
2026-01-24 13:11:01,077 - INFO - [2026-01-24 13:11:01] 🔍 DEBUG:   ✨ NUEVO: J298938200
2026-01-24 13:11:01,078 - INFO - [2026-01-24 13:11:01] 🔍 DEBUG:   ✨ NUEVO: J299267546
2026-01-24 13:11:01,079 - INFO - [2026-01-24 13:11:01] 🔍 DEBUG:   ✨ NUEVO: J299344923
2026-01-24 13:11:01,080 - INFO - [2026-01-24 13:11:01] 🔍 DEBUG:   ✨ NUEVO: J299462209
2026-01-24 13:11:01,081 - INFO - [2026-01-24 13:11:01] 🔍 DEBUG:   ✨ NUEVO: J299503509
2026-01-24 13:11:01,082 - INFO - [2026-01-24 13:11:01] 🔍 DEBUG:   ✨ NUEVO: J299566519
2026-01-24 13:11:01,083 - INFO - [2026-01-24 13:11:01] 🔍 DEBUG:   ✨ NUEVO: J299648760
2026-01-24 13:11:01,084 - INFO - [2026-01-24 13:11:01] 🔍 DEBUG:   ✨ NUEVO: J299719803
2026-01-24 13:11:01,084 - INFO - [2026-01-24 13:11:01] 🔍 DEBUG:   ✨ NUEVO: J300303390
2026-01-24 13:11:01,085 - INFO - [2026-01-24 13:11:01] 🔍 DEBUG:   ✨ NUEVO: J300740455
2026-01-24 13:11:01,086 - INFO - [2026-01-24 13:11:01] 🔍 DEBUG:   ✨ NUEVO: J300843394
2026-01-24 13:11:01,087 - INFO - [2026-01-24 13:11:01] 🔍 DEBUG:   ✨ NUEVO: J301016432
2026-01-24 13:11:01,088 - INFO - [2026-01-24 13:11:01] 🔍 DEBUG:   ✨ NUEVO: J302401046
2026-01-24 13:11:01,089 - INFO - [2026-01-24 13:11:01] 🔍 DEBUG:   ✨ NUEVO: J302638321
2026-01-24 13:11:01,089 - INFO - [2026-01-24 13:11:01] 🔍 DEBUG:   ✨ NUEVO: J-303241875
2026-01-24 13:11:01,090 - INFO - [2026-01-24 13:11:01] 🔍 DEBUG:   ✨ NUEVO: J303320660
2026-01-24 13:11:01,091 - INFO - [2026-01-24 13:11:01] 🔍 DEBUG:   ✨ NUEVO: J303861210
2026-01-24 13:11:01,092 - INFO - [2026-01-24 13:11:01] 🔍 DEBUG:   ✨ NUEVO: J304016204
2026-01-24 13:11:01,093 - INFO - [2026-01-24 13:11:01] 🔍 DEBUG:   ✨ NUEVO: J304543352
2026-01-24 13:11:01,093 - INFO - [2026-01-24 13:11:01] 🔍 DEBUG:   ✨ NUEVO: J305001294
2026-01-24 13:11:01,094 - INFO - [2026-01-24 13:11:01] 🔍 DEBUG:   ✨ NUEVO: J305321930
2026-01-24 13:11:01,095 - INFO - [2026-01-24 13:11:01] 🔍 DEBUG:   ✨ NUEVO: J305354898
2026-01-24 13:11:01,096 - INFO - [2026-01-24 13:11:01] 🔍 DEBUG:   ✨ NUEVO: J305416788
2026-01-24 13:11:01,097 - INFO - [2026-01-24 13:11:01] 🔍 DEBUG:   ✨ NUEVO: J305730997
2026-01-24 13:11:01,098 - INFO - [2026-01-24 13:11:01] 🔍 DEBUG:   ✨ NUEVO: J305961506
2026-01-24 13:11:01,098 - INFO - [2026-01-24 13:11:01] 🔍 DEBUG:   ✨ NUEVO: J306217274
2026-01-24 13:11:01,099 - INFO - [2026-01-24 13:11:01] 🔍 DEBUG:   ✨ NUEVO: J306340408
2026-01-24 13:11:01,100 - INFO - [2026-01-24 13:11:01] 🔍 DEBUG:   ✨ NUEVO: J306451234
2026-01-24 13:11:01,101 - INFO - [2026-01-24 13:11:01] 🔍 DEBUG:   ✨ NUEVO: J306481346
2026-01-24 13:11:01,102 - INFO - [2026-01-24 13:11:01] 🔍 DEBUG:   ✨ NUEVO: J306725024
2026-01-24 13:11:01,103 - INFO - [2026-01-24 13:11:01] 🔍 DEBUG:   ✨ NUEVO: J307004738
2026-01-24 13:11:01,103 - INFO - [2026-01-24 13:11:01] 🔍 DEBUG:   ✨ NUEVO: J307147326
2026-01-24 13:11:01,104 - INFO - [2026-01-24 13:11:01] 🔍 DEBUG:   ✨ NUEVO: J307243597
2026-01-24 13:11:01,105 - INFO - [2026-01-24 13:11:01] 🔍 DEBUG:   ✨ NUEVO: J307603089
2026-01-24 13:11:01,106 - INFO - [2026-01-24 13:11:01] 🔍 DEBUG:   ✨ NUEVO: J307831502
2026-01-24 13:11:01,107 - INFO - [2026-01-24 13:11:01] 🔍 DEBUG:   ✨ NUEVO: J307860669
2026-01-24 13:11:01,107 - INFO - [2026-01-24 13:11:01] 🔍 DEBUG:   ✨ NUEVO: J307970103
2026-01-24 13:11:01,108 - INFO - [2026-01-24 13:11:01] 🔍 DEBUG:   ✨ NUEVO: J308103616
2026-01-24 13:11:01,109 - INFO - [2026-01-24 13:11:01] 🔍 DEBUG:   ✨ NUEVO: J308361143
2026-01-24 13:11:01,110 - INFO - [2026-01-24 13:11:01] 🔍 DEBUG:   ✨ NUEVO: J308480142
2026-01-24 13:11:01,111 - INFO - [2026-01-24 13:11:01] 🔍 DEBUG:   ✨ NUEVO: J30856740-0
2026-01-24 13:11:01,112 - INFO - [2026-01-24 13:11:01] 🔍 DEBUG:   ✨ NUEVO: J308567400
2026-01-24 13:11:01,112 - INFO - [2026-01-24 13:11:01] 🔍 DEBUG:   ✨ NUEVO: J308582379
2026-01-24 13:11:01,113 - INFO - [2026-01-24 13:11:01] 🔍 DEBUG:   ✨ NUEVO: J309093894
2026-01-24 13:11:01,114 - INFO - [2026-01-24 13:11:01] 🔍 DEBUG:   ✨ NUEVO: J309134590
2026-01-24 13:11:01,115 - INFO - [2026-01-24 13:11:01] 🔍 DEBUG:   ✨ NUEVO: J309209108
2026-01-24 13:11:01,116 - INFO - [2026-01-24 13:11:01] 🔍 DEBUG:   ✨ NUEVO: J309302272
2026-01-24 13:11:01,117 - INFO - [2026-01-24 13:11:01] 🔍 DEBUG:   ✨ NUEVO: J309317156
2026-01-24 13:11:01,118 - INFO - [2026-01-24 13:11:01] 🔍 DEBUG:   ✨ NUEVO: J309644394
2026-01-24 13:11:01,119 - INFO - [2026-01-24 13:11:01] 🔍 DEBUG:   ✨ NUEVO: J309723650
2026-01-24 13:11:01,120 - INFO - [2026-01-24 13:11:01] 🔍 DEBUG:   ✨ NUEVO: J309724029
2026-01-24 13:11:01,121 - INFO - [2026-01-24 13:11:01] 🔍 DEBUG:   ✨ NUEVO: J310003599
2026-01-24 13:11:01,122 - INFO - [2026-01-24 13:11:01] 🔍 DEBUG:   ✨ NUEVO: J310320497
2026-01-24 13:11:01,123 - INFO - [2026-01-24 13:11:01] 🔍 DEBUG:   ✨ NUEVO: J310475636
2026-01-24 13:11:01,123 - INFO - [2026-01-24 13:11:01] 🔍 DEBUG:   ✨ NUEVO: J311085190
2026-01-24 13:11:01,124 - INFO - [2026-01-24 13:11:01] 🔍 DEBUG:   ✨ NUEVO: J311226338
2026-01-24 13:11:01,125 - INFO - [2026-01-24 13:11:01] 🔍 DEBUG:   ✨ NUEVO: J311322019
2026-01-24 13:11:01,126 - INFO - [2026-01-24 13:11:01] 🔍 DEBUG:   ✨ NUEVO: J311335390
2026-01-24 13:11:01,127 - INFO - [2026-01-24 13:11:01] 🔍 DEBUG:   ✨ NUEVO: J311579532
2026-01-24 13:11:01,128 - INFO - [2026-01-24 13:11:01] 🔍 DEBUG:   ✨ NUEVO: J311622306
2026-01-24 13:11:01,129 - INFO - [2026-01-24 13:11:01] 🔍 DEBUG:   ✨ NUEVO: J311651519
2026-01-24 13:11:01,130 - INFO - [2026-01-24 13:11:01] 🔍 DEBUG:   ✨ NUEVO: J311657878
2026-01-24 13:11:01,131 - INFO - [2026-01-24 13:11:01] 🔍 DEBUG:   ✨ NUEVO: J311666761
2026-01-24 13:11:01,131 - INFO - [2026-01-24 13:11:01] 🔍 DEBUG:   ✨ NUEVO: J312209100
2026-01-24 13:11:01,132 - INFO - [2026-01-24 13:11:01] 🔍 DEBUG:   ✨ NUEVO: J312223081
2026-01-24 13:11:01,133 - INFO - [2026-01-24 13:11:01] 🔍 DEBUG:   ✨ NUEVO: J312315369
2026-01-24 13:11:01,134 - INFO - [2026-01-24 13:11:01] 🔍 DEBUG:   ✨ NUEVO: J312676647
2026-01-24 13:11:01,135 - INFO - [2026-01-24 13:11:01] 🔍 DEBUG:   ✨ NUEVO: J312683929
2026-01-24 13:11:01,136 - INFO - [2026-01-24 13:11:01] 🔍 DEBUG:   ✨ NUEVO: J312730978
2026-01-24 13:11:01,137 - INFO - [2026-01-24 13:11:01] 🔍 DEBUG:   ✨ NUEVO: J312799617
2026-01-24 13:11:01,138 - INFO - [2026-01-24 13:11:01] 🔍 DEBUG:   ✨ NUEVO: J312989335
2026-01-24 13:11:01,139 - INFO - [2026-01-24 13:11:01] 🔍 DEBUG:   ✨ NUEVO: J313437662
2026-01-24 13:11:01,140 - INFO - [2026-01-24 13:11:01] 🔍 DEBUG:   ✨ NUEVO: J313511250
2026-01-24 13:11:01,141 - INFO - [2026-01-24 13:11:01] 🔍 DEBUG:   ✨ NUEVO: J313686611
2026-01-24 13:11:01,142 - INFO - [2026-01-24 13:11:01] 🔍 DEBUG:   ✨ NUEVO: J313720852
2026-01-24 13:11:01,143 - INFO - [2026-01-24 13:11:01] 🔍 DEBUG:   ✨ NUEVO: J314079794
2026-01-24 13:11:01,144 - INFO - [2026-01-24 13:11:01] 🔍 DEBUG:   ✨ NUEVO: J314082981
2026-01-24 13:11:01,145 - INFO - [2026-01-24 13:11:01] 🔍 DEBUG:   ✨ NUEVO: J314224603
2026-01-24 13:11:01,146 - INFO - [2026-01-24 13:11:01] 🔍 DEBUG:   ✨ NUEVO: J314643233
2026-01-24 13:11:01,146 - INFO - [2026-01-24 13:11:01] 🔍 DEBUG:   ✨ NUEVO: J316224970
2026-01-24 13:11:01,147 - INFO - [2026-01-24 13:11:01] 🔍 DEBUG:   ✨ NUEVO: J316268772
2026-01-24 13:11:01,148 - INFO - [2026-01-24 13:11:01] 🔍 DEBUG:   ✨ NUEVO: J316277860
2026-01-24 13:11:01,149 - INFO - [2026-01-24 13:11:01] 🔍 DEBUG:   ✨ NUEVO: J316323005
2026-01-24 13:11:01,150 - INFO - [2026-01-24 13:11:01] 🔍 DEBUG:   ✨ NUEVO: J316333507
2026-01-24 13:11:01,151 - INFO - [2026-01-24 13:11:01] 🔍 DEBUG:   ✨ NUEVO: J316348539
2026-01-24 13:11:01,152 - INFO - [2026-01-24 13:11:01] 🔍 DEBUG:   ✨ NUEVO: J316877264
2026-01-24 13:11:01,153 - INFO - [2026-01-24 13:11:01] 🔍 DEBUG:   ✨ NUEVO: J317189965
2026-01-24 13:11:01,154 - INFO - [2026-01-24 13:11:01] 🔍 DEBUG:   ✨ NUEVO: J317227719
2026-01-24 13:11:01,155 - INFO - [2026-01-24 13:11:01] 🔍 DEBUG:   ✨ NUEVO: J317280539
2026-01-24 13:11:01,156 - INFO - [2026-01-24 13:11:01] 🔍 DEBUG:   ✨ NUEVO: J317415191
2026-01-24 13:11:01,157 - INFO - [2026-01-24 13:11:01] 🔍 DEBUG:   ✨ NUEVO: J317499751
2026-01-24 13:11:01,158 - INFO - [2026-01-24 13:11:01] 🔍 DEBUG:   ✨ NUEVO: J400035910
2026-01-24 13:11:01,158 - INFO - [2026-01-24 13:11:01] 🔍 DEBUG:   ✨ NUEVO: J400236142
2026-01-24 13:11:01,159 - INFO - [2026-01-24 13:11:01] 🔍 DEBUG:   ✨ NUEVO: J400236177
2026-01-24 13:11:01,160 - INFO - [2026-01-24 13:11:01] 🔍 DEBUG:   ✨ NUEVO: J400436486
2026-01-24 13:11:01,161 - INFO - [2026-01-24 13:11:01] 🔍 DEBUG:   ✨ NUEVO: J400674190
2026-01-24 13:11:01,161 - INFO - [2026-01-24 13:11:01] 🔍 DEBUG:   ✨ NUEVO: J400716900
2026-01-24 13:11:01,162 - INFO - [2026-01-24 13:11:01] 🔍 DEBUG:   ✨ NUEVO: J400945887
2026-01-24 13:11:01,163 - INFO - [2026-01-24 13:11:01] 🔍 DEBUG:   ✨ NUEVO: J401123120
2026-01-24 13:11:01,164 - INFO - [2026-01-24 13:11:01] 🔍 DEBUG:   ✨ NUEVO: J401306420
2026-01-24 13:11:01,164 - INFO - [2026-01-24 13:11:01] 🔍 DEBUG:   ✨ NUEVO: J401481906
2026-01-24 13:11:01,165 - INFO - [2026-01-24 13:11:01] 🔍 DEBUG:   ✨ NUEVO: J401534392
2026-01-24 13:11:01,166 - INFO - [2026-01-24 13:11:01] 🔍 DEBUG:   ✨ NUEVO: J402144628
2026-01-24 13:11:01,166 - INFO - [2026-01-24 13:11:01] 🔍 DEBUG:   ✨ NUEVO: J402391927
2026-01-24 13:11:01,167 - INFO - [2026-01-24 13:11:01] 🔍 DEBUG:   ✨ NUEVO: J402440928
2026-01-24 13:11:01,168 - INFO - [2026-01-24 13:11:01] 🔍 DEBUG:   ✨ NUEVO: J402469888
2026-01-24 13:11:01,169 - INFO - [2026-01-24 13:11:01] 🔍 DEBUG:   ✨ NUEVO: J-40258819-4
2026-01-24 13:11:01,170 - INFO - [2026-01-24 13:11:01] 🔍 DEBUG:   ✨ NUEVO: J402611587
2026-01-24 13:11:01,171 - INFO - [2026-01-24 13:11:01] 🔍 DEBUG:   ✨ NUEVO: J403383324
2026-01-24 13:11:01,172 - INFO - [2026-01-24 13:11:01] 🔍 DEBUG:   ✨ NUEVO: J-40364067-0
2026-01-24 13:11:01,172 - INFO - [2026-01-24 13:11:01] 🔍 DEBUG:   ✨ NUEVO: J403640670
2026-01-24 13:11:01,173 - INFO - [2026-01-24 13:11:01] 🔍 DEBUG:   ✨ NUEVO: J404115641
2026-01-24 13:11:01,174 - INFO - [2026-01-24 13:11:01] 🔍 DEBUG:   ✨ NUEVO: J404163433
2026-01-24 13:11:01,175 - INFO - [2026-01-24 13:11:01] 🔍 DEBUG:   ✨ NUEVO: J404231021
2026-01-24 13:11:01,175 - INFO - [2026-01-24 13:11:01] 🔍 DEBUG:   ✨ NUEVO: J404362185
2026-01-24 13:11:01,176 - INFO - [2026-01-24 13:11:01] 🔍 DEBUG:   ✨ NUEVO: J404441530
2026-01-24 13:11:01,177 - INFO - [2026-01-24 13:11:01] 🔍 DEBUG:   ✨ NUEVO: J405451467
2026-01-24 13:11:01,177 - INFO - [2026-01-24 13:11:01] 🔍 DEBUG:   ✨ NUEVO: J405869976
2026-01-24 13:11:01,178 - INFO - [2026-01-24 13:11:01] 🔍 DEBUG:   ✨ NUEVO: J406399132
2026-01-24 13:11:01,179 - INFO - [2026-01-24 13:11:01] 🔍 DEBUG:   ✨ NUEVO: J406614912
2026-01-24 13:11:01,179 - INFO - [2026-01-24 13:11:01] 🔍 DEBUG:   ✨ NUEVO: J406685690
2026-01-24 13:11:01,180 - INFO - [2026-01-24 13:11:01] 🔍 DEBUG:   ✨ NUEVO: J407262467
2026-01-24 13:11:01,181 - INFO - [2026-01-24 13:11:01] 🔍 DEBUG:   ✨ NUEVO: J407796585
2026-01-24 13:11:01,182 - INFO - [2026-01-24 13:11:01] 🔍 DEBUG:   ✨ NUEVO: J408924420
2026-01-24 13:11:01,182 - INFO - [2026-01-24 13:11:01] 🔍 DEBUG:   ✨ NUEVO: J409457516
2026-01-24 13:11:01,183 - INFO - [2026-01-24 13:11:01] 🔍 DEBUG:   ✨ NUEVO: J409528510
2026-01-24 13:11:01,184 - INFO - [2026-01-24 13:11:01] 🔍 DEBUG:   ✨ NUEVO: J409940713
2026-01-24 13:11:01,185 - INFO - [2026-01-24 13:11:01] 🔍 DEBUG:   ✨ NUEVO: J410013435
2026-01-24 13:11:01,185 - INFO - [2026-01-24 13:11:01] 🔍 DEBUG:   ✨ NUEVO: J410723920
2026-01-24 13:11:01,186 - INFO - [2026-01-24 13:11:01] 🔍 DEBUG:   ✨ NUEVO: J4110686216
2026-01-24 13:11:01,187 - INFO - [2026-01-24 13:11:01] 🔍 DEBUG:   ✨ NUEVO: J411218448
2026-01-24 13:11:01,188 - INFO - [2026-01-24 13:11:01] 🔍 DEBUG:   ✨ NUEVO: J411536903
2026-01-24 13:11:01,188 - INFO - [2026-01-24 13:11:01] 🔍 DEBUG:   ✨ NUEVO: J412199870
2026-01-24 13:11:01,189 - INFO - [2026-01-24 13:11:01] 🔍 DEBUG:   ✨ NUEVO: J412235117
2026-01-24 13:11:01,190 - INFO - [2026-01-24 13:11:01] 🔍 DEBUG:   ✨ NUEVO: J500022263
2026-01-24 13:11:01,191 - INFO - [2026-01-24 13:11:01] 🔍 DEBUG:   ✨ NUEVO: J500227612 
2026-01-24 13:11:01,191 - INFO - [2026-01-24 13:11:01] 🔍 DEBUG:   ✨ NUEVO: J500297203
2026-01-24 13:11:01,192 - INFO - [2026-01-24 13:11:01] 🔍 DEBUG:   ✨ NUEVO: J50031403-5
2026-01-24 13:11:01,193 - INFO - [2026-01-24 13:11:01] 🔍 DEBUG:   ✨ NUEVO: J500425481
2026-01-24 13:11:01,193 - INFO - [2026-01-24 13:11:01] 🔍 DEBUG:   ✨ NUEVO: J500474407
2026-01-24 13:11:01,194 - INFO - [2026-01-24 13:11:01] 🔍 DEBUG:   ✨ NUEVO: J500536895
2026-01-24 13:11:01,194 - INFO - [2026-01-24 13:11:01] 🔍 DEBUG:   ✨ NUEVO: J500665610
2026-01-24 13:11:01,195 - INFO - [2026-01-24 13:11:01] 🔍 DEBUG:   ✨ NUEVO: J500686447
2026-01-24 13:11:01,195 - INFO - [2026-01-24 13:11:01] 🔍 DEBUG:   ✨ NUEVO: J500750170
2026-01-24 13:11:01,196 - INFO - [2026-01-24 13:11:01] 🔍 DEBUG:   ✨ NUEVO: J501276382
2026-01-24 13:11:01,196 - INFO - [2026-01-24 13:11:01] 🔍 DEBUG:   ✨ NUEVO: J501395217
2026-01-24 13:11:01,197 - INFO - [2026-01-24 13:11:01] 🔍 DEBUG:   ✨ NUEVO: J501673292
2026-01-24 13:11:01,197 - INFO - [2026-01-24 13:11:01] 🔍 DEBUG:   ✨ NUEVO: J501998507
2026-01-24 13:11:01,197 - INFO - [2026-01-24 13:11:01] 🔍 DEBUG:   ✨ NUEVO: J502464514
2026-01-24 13:11:01,198 - INFO - [2026-01-24 13:11:01] 🔍 DEBUG:   ✨ NUEVO: J502592784
2026-01-24 13:11:01,198 - INFO - [2026-01-24 13:11:01] 🔍 DEBUG:   ✨ NUEVO: J502741283
2026-01-24 13:11:01,199 - INFO - [2026-01-24 13:11:01] 🔍 DEBUG:   ✨ NUEVO: J502886311
2026-01-24 13:11:01,199 - INFO - [2026-01-24 13:11:01] 🔍 DEBUG:   ✨ NUEVO: J503381418
2026-01-24 13:11:01,200 - INFO - [2026-01-24 13:11:01] 🔍 DEBUG:   ✨ NUEVO: J504072044
2026-01-24 13:11:01,200 - INFO - [2026-01-24 13:11:01] 🔍 DEBUG:   ✨ NUEVO: J504367885
2026-01-24 13:11:01,201 - INFO - [2026-01-24 13:11:01] 🔍 DEBUG:   ✨ NUEVO: J504637386
2026-01-24 13:11:01,201 - INFO - [2026-01-24 13:11:01] 🔍 DEBUG:   ✨ NUEVO: J504926590
2026-01-24 13:11:01,202 - INFO - [2026-01-24 13:11:01] 🔍 DEBUG:   ✨ NUEVO: J505751263
2026-01-24 13:11:01,202 - INFO - [2026-01-24 13:11:01] 🔍 DEBUG:   ✨ NUEVO: J95042596
2026-01-24 13:11:01,203 - INFO - [2026-01-24 13:11:01] 🔍 DEBUG:   ✨ NUEVO: JEAN VERONIZ
2026-01-24 13:11:01,203 - INFO - [2026-01-24 13:11:01] 🔍 DEBUG:   ✨ NUEVO: JESUS ENRIQUE MENDOZA BASTIDAS
2026-01-24 13:11:01,204 - INFO - [2026-01-24 13:11:01] 🔍 DEBUG:   ✨ NUEVO: JONATHAN FREITES
2026-01-24 13:11:01,204 - INFO - [2026-01-24 13:11:01] 🔍 DEBUG:   ✨ NUEVO: JOSE FELIX DOMINGUEZ
2026-01-24 13:11:01,205 - INFO - [2026-01-24 13:11:01] 🔍 DEBUG:   ✨ NUEVO: JOSE MEDINA
2026-01-24 13:11:01,205 - INFO - [2026-01-24 13:11:01] 🔍 DEBUG:   ✨ NUEVO: KAISMER GUERRA
2026-01-24 13:11:01,205 - INFO - [2026-01-24 13:11:01] 🔍 DEBUG:   ✨ NUEVO: KELLY ML BASES TABLET
2026-01-24 13:11:01,206 - INFO - [2026-01-24 13:11:01] 🔍 DEBUG:   ✨ NUEVO: KEVIN CARABALLO
2026-01-24 13:11:01,206 - INFO - [2026-01-24 13:11:01] 🔍 DEBUG:   ✨ NUEVO: LUZ LUGO
2026-01-24 13:11:01,207 - INFO - [2026-01-24 13:11:01] 🔍 DEBUG:   ✨ NUEVO: PATRICIA RIVAS
2026-01-24 13:11:01,207 - INFO - [2026-01-24 13:11:01] 🔍 DEBUG:   ✨ NUEVO: ROSMARY CASTAÑEDA
2026-01-24 13:11:01,208 - INFO - [2026-01-24 13:11:01] 🔍 DEBUG:   ✨ NUEVO: RUBEN MATA
2026-01-24 13:11:01,208 - INFO - [2026-01-24 13:11:01] 🔍 DEBUG:   ✨ NUEVO: V 11124408
2026-01-24 13:11:01,209 - INFO - [2026-01-24 13:11:01] 🔍 DEBUG:   ✨ NUEVO: V 11541026
2026-01-24 13:11:01,209 - INFO - [2026-01-24 13:11:01] 🔍 DEBUG:   ✨ NUEVO: V 13959997
2026-01-24 13:11:01,210 - INFO - [2026-01-24 13:11:01] 🔍 DEBUG:   ✨ NUEVO: V 14157610
2026-01-24 13:11:01,210 - INFO - [2026-01-24 13:11:01] 🔍 DEBUG:   ✨ NUEVO: V 14395341
2026-01-24 13:11:01,211 - INFO - [2026-01-24 13:11:01] 🔍 DEBUG:   ✨ NUEVO: V 14476337
2026-01-24 13:11:01,211 - INFO - [2026-01-24 13:11:01] 🔍 DEBUG:   ✨ NUEVO: V 20687960 
2026-01-24 13:11:01,212 - INFO - [2026-01-24 13:11:01] 🔍 DEBUG:   ✨ NUEVO: V 8072922
2026-01-24 13:11:01,212 - INFO - [2026-01-24 13:11:01] 🔍 DEBUG:   ✨ NUEVO: V 9956774
2026-01-24 13:11:01,213 - INFO - [2026-01-24 13:11:01] 🔍 DEBUG:   ✨ NUEVO: V10051125
2026-01-24 13:11:01,213 - INFO - [2026-01-24 13:11:01] 🔍 DEBUG:   ✨ NUEVO: V10072483
2026-01-24 13:11:01,214 - INFO - [2026-01-24 13:11:01] 🔍 DEBUG:   ✨ NUEVO: V10078553
2026-01-24 13:11:01,214 - INFO - [2026-01-24 13:11:01] 🔍 DEBUG:   ✨ NUEVO: V10090239
2026-01-24 13:11:01,215 - INFO - [2026-01-24 13:11:01] 🔍 DEBUG:   ✨ NUEVO: V10091867
2026-01-24 13:11:01,215 - INFO - [2026-01-24 13:11:01] 🔍 DEBUG:   ✨ NUEVO: V10093535
2026-01-24 13:11:01,216 - INFO - [2026-01-24 13:11:01] 🔍 DEBUG:   ✨ NUEVO: V10096125
2026-01-24 13:11:01,216 - INFO - [2026-01-24 13:11:01] 🔍 DEBUG:   ✨ NUEVO: V10096754
2026-01-24 13:11:01,217 - INFO - [2026-01-24 13:11:01] 🔍 DEBUG:   ✨ NUEVO: V10098341
2026-01-24 13:11:01,217 - INFO - [2026-01-24 13:11:01] 🔍 DEBUG:   ✨ NUEVO: V10099923
2026-01-24 13:11:01,218 - INFO - [2026-01-24 13:11:01] 🔍 DEBUG:   ✨ NUEVO: V10117692
2026-01-24 13:11:01,218 - INFO - [2026-01-24 13:11:01] 🔍 DEBUG:   ✨ NUEVO: V10174084
2026-01-24 13:11:01,218 - INFO - [2026-01-24 13:11:01] 🔍 DEBUG:   ✨ NUEVO: V10186391
2026-01-24 13:11:01,219 - INFO - [2026-01-24 13:11:01] 🔍 DEBUG:   ✨ NUEVO: V10203949
2026-01-24 13:11:01,219 - INFO - [2026-01-24 13:11:01] 🔍 DEBUG:   ✨ NUEVO: V10219828
2026-01-24 13:11:01,220 - INFO - [2026-01-24 13:11:01] 🔍 DEBUG:   ✨ NUEVO: V10279810
2026-01-24 13:11:01,220 - INFO - [2026-01-24 13:11:01] 🔍 DEBUG:   ✨ NUEVO: V10318412
2026-01-24 13:11:01,221 - INFO - [2026-01-24 13:11:01] 🔍 DEBUG:   ✨ NUEVO: V10325688
2026-01-24 13:11:01,221 - INFO - [2026-01-24 13:11:01] 🔍 DEBUG:   ✨ NUEVO: V10357510
2026-01-24 13:11:01,222 - INFO - [2026-01-24 13:11:01] 🔍 DEBUG:   ✨ NUEVO: V10380897
2026-01-24 13:11:01,222 - INFO - [2026-01-24 13:11:01] 🔍 DEBUG:   ✨ NUEVO: V10382745
2026-01-24 13:11:01,223 - INFO - [2026-01-24 13:11:01] 🔍 DEBUG:   ✨ NUEVO: V10424674
2026-01-24 13:11:01,223 - INFO - [2026-01-24 13:11:01] 🔍 DEBUG:   ✨ NUEVO: V10484011
2026-01-24 13:11:01,224 - INFO - [2026-01-24 13:11:01] 🔍 DEBUG:   ✨ NUEVO: V10.509.853
2026-01-24 13:11:01,224 - INFO - [2026-01-24 13:11:01] 🔍 DEBUG:   ✨ NUEVO: V10512087
2026-01-24 13:11:01,225 - INFO - [2026-01-24 13:11:01] 🔍 DEBUG:   ✨ NUEVO: V10512683
2026-01-24 13:11:01,225 - INFO - [2026-01-24 13:11:01] 🔍 DEBUG:   ✨ NUEVO: V10523473
2026-01-24 13:11:01,226 - INFO - [2026-01-24 13:11:01] 🔍 DEBUG:   ✨ NUEVO: V10532058
2026-01-24 13:11:01,226 - INFO - [2026-01-24 13:11:01] 🔍 DEBUG:   ✨ NUEVO: V10548442
2026-01-24 13:11:01,227 - INFO - [2026-01-24 13:11:01] 🔍 DEBUG:   ✨ NUEVO: V10548518
2026-01-24 13:11:01,227 - INFO - [2026-01-24 13:11:01] 🔍 DEBUG:   ✨ NUEVO: V10625205
2026-01-24 13:11:01,228 - INFO - [2026-01-24 13:11:01] 🔍 DEBUG:   ✨ NUEVO: V10677925
2026-01-24 13:11:01,229 - INFO - [2026-01-24 13:11:01] 🔍 DEBUG:   ✨ NUEVO: V10690145
2026-01-24 13:11:01,230 - INFO - [2026-01-24 13:11:01] 🔍 DEBUG:   ✨ NUEVO: V10690822
2026-01-24 13:11:01,230 - INFO - [2026-01-24 13:11:01] 🔍 DEBUG:   ✨ NUEVO: V10691251
2026-01-24 13:11:01,231 - INFO - [2026-01-24 13:11:01] 🔍 DEBUG:   ✨ NUEVO: V10692118
2026-01-24 13:11:01,232 - INFO - [2026-01-24 13:11:01] 🔍 DEBUG:   ✨ NUEVO: V10693948
2026-01-24 13:11:01,233 - INFO - [2026-01-24 13:11:01] 🔍 DEBUG:   ✨ NUEVO: V10694633
2026-01-24 13:11:01,233 - INFO - [2026-01-24 13:11:01] 🔍 DEBUG:   ✨ NUEVO: V10697060
2026-01-24 13:11:01,234 - INFO - [2026-01-24 13:11:01] 🔍 DEBUG:   ✨ NUEVO: V10697428
2026-01-24 13:11:01,234 - INFO - [2026-01-24 13:11:01] 🔍 DEBUG:   ✨ NUEVO: V10699062
2026-01-24 13:11:01,235 - INFO - [2026-01-24 13:11:01] 🔍 DEBUG:   ✨ NUEVO: V10780896
2026-01-24 13:11:01,236 - INFO - [2026-01-24 13:11:01] 🔍 DEBUG:   ✨ NUEVO: V10781681
2026-01-24 13:11:01,236 - INFO - [2026-01-24 13:11:01] 🔍 DEBUG:   ✨ NUEVO: V10787551
2026-01-24 13:11:01,237 - INFO - [2026-01-24 13:11:01] 🔍 DEBUG:   ✨ NUEVO: V10793710
2026-01-24 13:11:01,237 - INFO - [2026-01-24 13:11:01] 🔍 DEBUG:   ✨ NUEVO: V10807182
2026-01-24 13:11:01,238 - INFO - [2026-01-24 13:11:01] 🔍 DEBUG:   ✨ NUEVO: V10807678
2026-01-24 13:11:01,239 - INFO - [2026-01-24 13:11:01] 🔍 DEBUG:   ✨ NUEVO: V10812644
2026-01-24 13:11:01,239 - INFO - [2026-01-24 13:11:01] 🔍 DEBUG:   ✨ NUEVO: V10826655
2026-01-24 13:11:01,240 - INFO - [2026-01-24 13:11:01] 🔍 DEBUG:   ✨ NUEVO: V10844084
2026-01-24 13:11:01,240 - INFO - [2026-01-24 13:11:01] 🔍 DEBUG:   ✨ NUEVO: V10924709
2026-01-24 13:11:01,241 - INFO - [2026-01-24 13:11:01] 🔍 DEBUG:   ✨ NUEVO: V11007471
2026-01-24 13:11:01,241 - INFO - [2026-01-24 13:11:01] 🔍 DEBUG:   ✨ NUEVO: V11030297
2026-01-24 13:11:01,242 - INFO - [2026-01-24 13:11:01] 🔍 DEBUG:   ✨ NUEVO: V11036416
2026-01-24 13:11:01,243 - INFO - [2026-01-24 13:11:01] 🔍 DEBUG:   ✨ NUEVO: V11062517
2026-01-24 13:11:01,243 - INFO - [2026-01-24 13:11:01] 🔍 DEBUG:   ✨ NUEVO: V11070616
2026-01-24 13:11:01,244 - INFO - [2026-01-24 13:11:01] 🔍 DEBUG:   ✨ NUEVO: V11072254
2026-01-24 13:11:01,244 - INFO - [2026-01-24 13:11:01] 🔍 DEBUG:   ✨ NUEVO: V11072291
2026-01-24 13:11:01,245 - INFO - [2026-01-24 13:11:01] 🔍 DEBUG:   ✨ NUEVO: V11159219
2026-01-24 13:11:01,246 - INFO - [2026-01-24 13:11:01] 🔍 DEBUG:   ✨ NUEVO: V11160121
2026-01-24 13:11:01,246 - INFO - [2026-01-24 13:11:01] 🔍 DEBUG:   ✨ NUEVO: V11183929
2026-01-24 13:11:01,247 - INFO - [2026-01-24 13:11:01] 🔍 DEBUG:   ✨ NUEVO: V11225754
2026-01-24 13:11:01,247 - INFO - [2026-01-24 13:11:01] 🔍 DEBUG:   ✨ NUEVO: V11247328
2026-01-24 13:11:01,248 - INFO - [2026-01-24 13:11:01] 🔍 DEBUG:   ✨ NUEVO: V11306260
2026-01-24 13:11:01,248 - INFO - [2026-01-24 13:11:01] 🔍 DEBUG:   ✨ NUEVO: V11317879
2026-01-24 13:11:01,249 - INFO - [2026-01-24 13:11:01] 🔍 DEBUG:   ✨ NUEVO: V11343213
2026-01-24 13:11:01,250 - INFO - [2026-01-24 13:11:01] 🔍 DEBUG:   ✨ NUEVO: V11350577
2026-01-24 13:11:01,250 - INFO - [2026-01-24 13:11:01] 🔍 DEBUG:   ✨ NUEVO: V11358726
2026-01-24 13:11:01,251 - INFO - [2026-01-24 13:11:01] 🔍 DEBUG:   ✨ NUEVO: V11412537
2026-01-24 13:11:01,251 - INFO - [2026-01-24 13:11:01] 🔍 DEBUG:   ✨ NUEVO: V11481747
2026-01-24 13:11:01,252 - INFO - [2026-01-24 13:11:01] 🔍 DEBUG:   ✨ NUEVO: V11556718
2026-01-24 13:11:01,253 - INFO - [2026-01-24 13:11:01] 🔍 DEBUG:   ✨ NUEVO: V11564706
2026-01-24 13:11:01,253 - INFO - [2026-01-24 13:11:01] 🔍 DEBUG:   ✨ NUEVO: V11641264
2026-01-24 13:11:01,254 - INFO - [2026-01-24 13:11:01] 🔍 DEBUG:   ✨ NUEVO: V11664596
2026-01-24 13:11:01,254 - INFO - [2026-01-24 13:11:01] 🔍 DEBUG:   ✨ NUEVO: V11681265
2026-01-24 13:11:01,255 - INFO - [2026-01-24 13:11:01] 🔍 DEBUG:   ✨ NUEVO: V11689599
2026-01-24 13:11:01,256 - INFO - [2026-01-24 13:11:01] 🔍 DEBUG:   ✨ NUEVO: V11714482
2026-01-24 13:11:01,256 - INFO - [2026-01-24 13:11:01] 🔍 DEBUG:   ✨ NUEVO: V11734834
2026-01-24 13:11:01,257 - INFO - [2026-01-24 13:11:01] 🔍 DEBUG:   ✨ NUEVO: V11736563
2026-01-24 13:11:01,257 - INFO - [2026-01-24 13:11:01] 🔍 DEBUG:   ✨ NUEVO: V11738967
2026-01-24 13:11:01,258 - INFO - [2026-01-24 13:11:01] 🔍 DEBUG:   ✨ NUEVO: V11795009
2026-01-24 13:11:01,259 - INFO - [2026-01-24 13:11:01] 🔍 DEBUG:   ✨ NUEVO: V11825092
2026-01-24 13:11:01,259 - INFO - [2026-01-24 13:11:01] 🔍 DEBUG:   ✨ NUEVO: V11854046
2026-01-24 13:11:01,260 - INFO - [2026-01-24 13:11:01] 🔍 DEBUG:   ✨ NUEVO: V11917525
2026-01-24 13:11:01,260 - INFO - [2026-01-24 13:11:01] 🔍 DEBUG:   ✨ NUEVO: V11918660
2026-01-24 13:11:01,261 - INFO - [2026-01-24 13:11:01] 🔍 DEBUG:   ✨ NUEVO: V11930020
2026-01-24 13:11:01,262 - INFO - [2026-01-24 13:11:01] 🔍 DEBUG:   ✨ NUEVO: V11933322
2026-01-24 13:11:01,262 - INFO - [2026-01-24 13:11:01] 🔍 DEBUG:   ✨ NUEVO: V11937631
2026-01-24 13:11:01,263 - INFO - [2026-01-24 13:11:01] 🔍 DEBUG:   ✨ NUEVO: V11939081
2026-01-24 13:11:01,263 - INFO - [2026-01-24 13:11:01] 🔍 DEBUG:   ✨ NUEVO: V11953377
2026-01-24 13:11:01,264 - INFO - [2026-01-24 13:11:01] 🔍 DEBUG:   ✨ NUEVO: V11991019
2026-01-24 13:11:01,264 - INFO - [2026-01-24 13:11:01] 🔍 DEBUG:   ✨ NUEVO: V11994899 
2026-01-24 13:11:01,265 - INFO - [2026-01-24 13:11:01] 🔍 DEBUG:   ✨ NUEVO: V12055409
2026-01-24 13:11:01,265 - INFO - [2026-01-24 13:11:01] 🔍 DEBUG:   ✨ NUEVO: V12059786
2026-01-24 13:11:01,266 - INFO - [2026-01-24 13:11:01] 🔍 DEBUG:   ✨ NUEVO: V12065373
2026-01-24 13:11:01,267 - INFO - [2026-01-24 13:11:01] 🔍 DEBUG:   ✨ NUEVO: V12065875
2026-01-24 13:11:01,268 - INFO - [2026-01-24 13:11:01] 🔍 DEBUG:   ✨ NUEVO: V12071154
2026-01-24 13:11:01,268 - INFO - [2026-01-24 13:11:01] 🔍 DEBUG:   ✨ NUEVO: V12089656
2026-01-24 13:11:01,269 - INFO - [2026-01-24 13:11:01] 🔍 DEBUG:   ✨ NUEVO: V12094239
2026-01-24 13:11:01,270 - INFO - [2026-01-24 13:11:01] 🔍 DEBUG:   ✨ NUEVO: V12116795
2026-01-24 13:11:01,271 - INFO - [2026-01-24 13:11:01] 🔍 DEBUG:   ✨ NUEVO: V12118826
2026-01-24 13:11:01,272 - INFO - [2026-01-24 13:11:01] 🔍 DEBUG:   ✨ NUEVO: V12119695
2026-01-24 13:11:01,272 - INFO - [2026-01-24 13:11:01] 🔍 DEBUG:   ✨ NUEVO: V12140743
2026-01-24 13:11:01,273 - INFO - [2026-01-24 13:11:01] 🔍 DEBUG:   ✨ NUEVO: V12241093
2026-01-24 13:11:01,274 - INFO - [2026-01-24 13:11:01] 🔍 DEBUG:   ✨ NUEVO: V12272196
2026-01-24 13:11:01,275 - INFO - [2026-01-24 13:11:01] 🔍 DEBUG:   ✨ NUEVO: V12287855
2026-01-24 13:11:01,276 - INFO - [2026-01-24 13:11:01] 🔍 DEBUG:   ✨ NUEVO: V12292978
2026-01-24 13:11:01,276 - INFO - [2026-01-24 13:11:01] 🔍 DEBUG:   ✨ NUEVO: V12294001
2026-01-24 13:11:01,277 - INFO - [2026-01-24 13:11:01] 🔍 DEBUG:   ✨ NUEVO: V12294316
2026-01-24 13:11:01,278 - INFO - [2026-01-24 13:11:01] 🔍 DEBUG:   ✨ NUEVO: V12298185
2026-01-24 13:11:01,279 - INFO - [2026-01-24 13:11:01] 🔍 DEBUG:   ✨ NUEVO: V12301832
2026-01-24 13:11:01,279 - INFO - [2026-01-24 13:11:01] 🔍 DEBUG:   ✨ NUEVO: V12329701
2026-01-24 13:11:01,280 - INFO - [2026-01-24 13:11:01] 🔍 DEBUG:   ✨ NUEVO: V12374418
2026-01-24 13:11:01,281 - INFO - [2026-01-24 13:11:01] 🔍 DEBUG:   ✨ NUEVO: V12378363
2026-01-24 13:11:01,282 - INFO - [2026-01-24 13:11:01] 🔍 DEBUG:   ✨ NUEVO: V12382808
2026-01-24 13:11:01,283 - INFO - [2026-01-24 13:11:01] 🔍 DEBUG:   ✨ NUEVO: V12384966
2026-01-24 13:11:01,283 - INFO - [2026-01-24 13:11:01] 🔍 DEBUG:   ✨ NUEVO: V12388068
2026-01-24 13:11:01,284 - INFO - [2026-01-24 13:11:01] 🔍 DEBUG:   ✨ NUEVO: V12393971
2026-01-24 13:11:01,285 - INFO - [2026-01-24 13:11:01] 🔍 DEBUG:   ✨ NUEVO: V12395769
2026-01-24 13:11:01,286 - INFO - [2026-01-24 13:11:01] 🔍 DEBUG:   ✨ NUEVO: V12397720
2026-01-24 13:11:01,287 - INFO - [2026-01-24 13:11:01] 🔍 DEBUG:   ✨ NUEVO: V12398473
2026-01-24 13:11:01,287 - INFO - [2026-01-24 13:11:01] 🔍 DEBUG:   ✨ NUEVO: V12.398.596
2026-01-24 13:11:01,288 - INFO - [2026-01-24 13:11:01] 🔍 DEBUG:   ✨ NUEVO: V12398596
2026-01-24 13:11:01,289 - INFO - [2026-01-24 13:11:01] 🔍 DEBUG:   ✨ NUEVO: V12399906
2026-01-24 13:11:01,290 - INFO - [2026-01-24 13:11:01] 🔍 DEBUG:   ✨ NUEVO: V12402374
2026-01-24 13:11:01,291 - INFO - [2026-01-24 13:11:01] 🔍 DEBUG:   ✨ NUEVO: V12410795
2026-01-24 13:11:01,291 - INFO - [2026-01-24 13:11:01] 🔍 DEBUG:   ✨ NUEVO: V12430919
2026-01-24 13:11:01,292 - INFO - [2026-01-24 13:11:01] 🔍 DEBUG:   ✨ NUEVO: V12454516
2026-01-24 13:11:01,293 - INFO - [2026-01-24 13:11:01] 🔍 DEBUG:   ✨ NUEVO: V12477433
2026-01-24 13:11:01,293 - INFO - [2026-01-24 13:11:01] 🔍 DEBUG:   ✨ NUEVO: V12508595
2026-01-24 13:11:01,294 - INFO - [2026-01-24 13:11:01] 🔍 DEBUG:   ✨ NUEVO: V12512441
2026-01-24 13:11:01,295 - INFO - [2026-01-24 13:11:01] 🔍 DEBUG:   ✨ NUEVO: V12532544
2026-01-24 13:11:01,295 - INFO - [2026-01-24 13:11:01] 🔍 DEBUG:   ✨ NUEVO: V12532805
2026-01-24 13:11:01,296 - INFO - [2026-01-24 13:11:01] 🔍 DEBUG:   ✨ NUEVO: V12533659
2026-01-24 13:11:01,297 - INFO - [2026-01-24 13:11:01] 🔍 DEBUG:   ✨ NUEVO: V12541858
2026-01-24 13:11:01,298 - INFO - [2026-01-24 13:11:01] 🔍 DEBUG:   ✨ NUEVO: V12591276
2026-01-24 13:11:01,298 - INFO - [2026-01-24 13:11:01] 🔍 DEBUG:   ✨ NUEVO: V12597607
2026-01-24 13:11:01,299 - INFO - [2026-01-24 13:11:01] 🔍 DEBUG:   ✨ NUEVO: V12607844
2026-01-24 13:11:01,300 - INFO - [2026-01-24 13:11:01] 🔍 DEBUG:   ✨ NUEVO: V12623567
2026-01-24 13:11:01,301 - INFO - [2026-01-24 13:11:01] 🔍 DEBUG:   ✨ NUEVO: V12675336
2026-01-24 13:11:01,301 - INFO - [2026-01-24 13:11:01] 🔍 DEBUG:   ✨ NUEVO: V12682204
2026-01-24 13:11:01,302 - INFO - [2026-01-24 13:11:01] 🔍 DEBUG:   ✨ NUEVO: V12682712
2026-01-24 13:11:01,303 - INFO - [2026-01-24 13:11:01] 🔍 DEBUG:   ✨ NUEVO: V12684178
2026-01-24 13:11:01,304 - INFO - [2026-01-24 13:11:01] 🔍 DEBUG:   ✨ NUEVO: V12756284
2026-01-24 13:11:01,305 - INFO - [2026-01-24 13:11:01] 🔍 DEBUG:   ✨ NUEVO: V12764812
2026-01-24 13:11:01,306 - INFO - [2026-01-24 13:11:01] 🔍 DEBUG:   ✨ NUEVO: V12765344
2026-01-24 13:11:01,306 - INFO - [2026-01-24 13:11:01] 🔍 DEBUG:   ✨ NUEVO: V12776799
2026-01-24 13:11:01,307 - INFO - [2026-01-24 13:11:01] 🔍 DEBUG:   ✨ NUEVO: V12817071
2026-01-24 13:11:01,308 - INFO - [2026-01-24 13:11:01] 🔍 DEBUG:   ✨ NUEVO: V12826316
2026-01-24 13:11:01,309 - INFO - [2026-01-24 13:11:01] 🔍 DEBUG:   ✨ NUEVO: V12827273
2026-01-24 13:11:01,310 - INFO - [2026-01-24 13:11:01] 🔍 DEBUG:   ✨ NUEVO: V12827586
2026-01-24 13:11:01,311 - INFO - [2026-01-24 13:11:01] 🔍 DEBUG:   ✨ NUEVO: V12828696
2026-01-24 13:11:01,312 - INFO - [2026-01-24 13:11:01] 🔍 DEBUG:   ✨ NUEVO: V12861378
2026-01-24 13:11:01,312 - INFO - [2026-01-24 13:11:01] 🔍 DEBUG:   ✨ NUEVO: V12864666
2026-01-24 13:11:01,313 - INFO - [2026-01-24 13:11:01] 🔍 DEBUG:   ✨ NUEVO: V12865640
2026-01-24 13:11:01,314 - INFO - [2026-01-24 13:11:01] 🔍 DEBUG:   ✨ NUEVO: V12953082
2026-01-24 13:11:01,315 - INFO - [2026-01-24 13:11:01] 🔍 DEBUG:   ✨ NUEVO: V12975217
2026-01-24 13:11:01,315 - INFO - [2026-01-24 13:11:01] 🔍 DEBUG:   ✨ NUEVO: V12984064
2026-01-24 13:11:01,316 - INFO - [2026-01-24 13:11:01] 🔍 DEBUG:   ✨ NUEVO: V12984382
2026-01-24 13:11:01,317 - INFO - [2026-01-24 13:11:01] 🔍 DEBUG:   ✨ NUEVO: V12984429
2026-01-24 13:11:01,318 - INFO - [2026-01-24 13:11:01] 🔍 DEBUG:   ✨ NUEVO: V12984535
2026-01-24 13:11:01,318 - INFO - [2026-01-24 13:11:01] 🔍 DEBUG:   ✨ NUEVO: V12984544
2026-01-24 13:11:01,319 - INFO - [2026-01-24 13:11:01] 🔍 DEBUG:   ✨ NUEVO: V12984656
2026-01-24 13:11:01,320 - INFO - [2026-01-24 13:11:01] 🔍 DEBUG:   ✨ NUEVO: V13070635
2026-01-24 13:11:01,320 - INFO - [2026-01-24 13:11:01] 🔍 DEBUG:   ✨ NUEVO: V13109634
2026-01-24 13:11:01,321 - INFO - [2026-01-24 13:11:01] 🔍 DEBUG:   ✨ NUEVO: V13111943
2026-01-24 13:11:01,322 - INFO - [2026-01-24 13:11:01] 🔍 DEBUG:   ✨ NUEVO: V13138944
2026-01-24 13:11:01,322 - INFO - [2026-01-24 13:11:01] 🔍 DEBUG:   ✨ NUEVO: V13140893
2026-01-24 13:11:01,323 - INFO - [2026-01-24 13:11:01] 🔍 DEBUG:   ✨ NUEVO: V13141386
2026-01-24 13:11:01,324 - INFO - [2026-01-24 13:11:01] 🔍 DEBUG:   ✨ NUEVO: V13190097
2026-01-24 13:11:01,324 - INFO - [2026-01-24 13:11:01] 🔍 DEBUG:   ✨ NUEVO: V13251238
2026-01-24 13:11:01,325 - INFO - [2026-01-24 13:11:01] 🔍 DEBUG:   ✨ NUEVO: V13281213
2026-01-24 13:11:01,326 - INFO - [2026-01-24 13:11:01] 🔍 DEBUG:   ✨ NUEVO: V13288215
2026-01-24 13:11:01,326 - INFO - [2026-01-24 13:11:01] 🔍 DEBUG:   ✨ NUEVO: V13320385
2026-01-24 13:11:01,327 - INFO - [2026-01-24 13:11:01] 🔍 DEBUG:   ✨ NUEVO: V13320922
2026-01-24 13:11:01,328 - INFO - [2026-01-24 13:11:01] 🔍 DEBUG:   ✨ NUEVO: V13321844
2026-01-24 13:11:01,329 - INFO - [2026-01-24 13:11:01] 🔍 DEBUG:   ✨ NUEVO: V13362581
2026-01-24 13:11:01,329 - INFO - [2026-01-24 13:11:01] 🔍 DEBUG:   ✨ NUEVO: V13367803
2026-01-24 13:11:01,330 - INFO - [2026-01-24 13:11:01] 🔍 DEBUG:   ✨ NUEVO: V13368129
2026-01-24 13:11:01,331 - INFO - [2026-01-24 13:11:01] 🔍 DEBUG:   ✨ NUEVO: V13375786
2026-01-24 13:11:01,331 - INFO - [2026-01-24 13:11:01] 🔍 DEBUG:   ✨ NUEVO: V-13.459.616
2026-01-24 13:11:01,332 - INFO - [2026-01-24 13:11:01] 🔍 DEBUG:   ✨ NUEVO: V13461628
2026-01-24 13:11:01,333 - INFO - [2026-01-24 13:11:01] 🔍 DEBUG:   ✨ NUEVO: V13528336
2026-01-24 13:11:01,333 - INFO - [2026-01-24 13:11:01] 🔍 DEBUG:   ✨ NUEVO: V13538731
2026-01-24 13:11:01,334 - INFO - [2026-01-24 13:11:01] 🔍 DEBUG:   ✨ NUEVO: V13557947
2026-01-24 13:11:01,335 - INFO - [2026-01-24 13:11:01] 🔍 DEBUG:   ✨ NUEVO: V13567628
2026-01-24 13:11:01,335 - INFO - [2026-01-24 13:11:01] 🔍 DEBUG:   ✨ NUEVO: V13568020
2026-01-24 13:11:01,336 - INFO - [2026-01-24 13:11:01] 🔍 DEBUG:   ✨ NUEVO: V13568059
2026-01-24 13:11:01,337 - INFO - [2026-01-24 13:11:01] 🔍 DEBUG:   ✨ NUEVO: V13568539
2026-01-24 13:11:01,337 - INFO - [2026-01-24 13:11:01] 🔍 DEBUG:   ✨ NUEVO: V13585598 
2026-01-24 13:11:01,338 - INFO - [2026-01-24 13:11:01] 🔍 DEBUG:   ✨ NUEVO: V13585937
2026-01-24 13:11:01,339 - INFO - [2026-01-24 13:11:01] 🔍 DEBUG:   ✨ NUEVO: V13599659
2026-01-24 13:11:01,339 - INFO - [2026-01-24 13:11:01] 🔍 DEBUG:   ✨ NUEVO: V13600097
2026-01-24 13:11:01,340 - INFO - [2026-01-24 13:11:01] 🔍 DEBUG:   ✨ NUEVO: V13600311
2026-01-24 13:11:01,340 - INFO - [2026-01-24 13:11:01] 🔍 DEBUG:   ✨ NUEVO: V13612976
2026-01-24 13:11:01,341 - INFO - [2026-01-24 13:11:01] 🔍 DEBUG:   ✨ NUEVO: V13617330
2026-01-24 13:11:01,342 - INFO - [2026-01-24 13:11:01] 🔍 DEBUG:   ✨ NUEVO: V13620961
2026-01-24 13:11:01,342 - INFO - [2026-01-24 13:11:01] 🔍 DEBUG:   ✨ NUEVO: V13658575
2026-01-24 13:11:01,343 - INFO - [2026-01-24 13:11:01] 🔍 DEBUG:   ✨ NUEVO: V13671298
2026-01-24 13:11:01,343 - INFO - [2026-01-24 13:11:01] 🔍 DEBUG:   ✨ NUEVO: V13703836
2026-01-24 13:11:01,344 - INFO - [2026-01-24 13:11:01] 🔍 DEBUG:   ✨ NUEVO: V13743864
2026-01-24 13:11:01,344 - INFO - [2026-01-24 13:11:01] 🔍 DEBUG:   ✨ NUEVO: V13749023
2026-01-24 13:11:01,345 - INFO - [2026-01-24 13:11:01] 🔍 DEBUG:   ✨ NUEVO: V13750524
2026-01-24 13:11:01,345 - INFO - [2026-01-24 13:11:01] 🔍 DEBUG:   ✨ NUEVO: V13827924
2026-01-24 13:11:01,346 - INFO - [2026-01-24 13:11:01] 🔍 DEBUG:   ✨ NUEVO: V13836249
2026-01-24 13:11:01,346 - INFO - [2026-01-24 13:11:01] 🔍 DEBUG:   ✨ NUEVO: V13844816
2026-01-24 13:11:01,347 - INFO - [2026-01-24 13:11:01] 🔍 DEBUG:   ✨ NUEVO: V13845112
2026-01-24 13:11:01,347 - INFO - [2026-01-24 13:11:01] 🔍 DEBUG:   ✨ NUEVO: V13846086
2026-01-24 13:11:01,349 - INFO - [2026-01-24 13:11:01] 🔍 DEBUG:   ✨ NUEVO: V13849077
2026-01-24 13:11:01,349 - INFO - [2026-01-24 13:11:01] 🔍 DEBUG:   ✨ NUEVO: V13853010
2026-01-24 13:11:01,350 - INFO - [2026-01-24 13:11:01] 🔍 DEBUG:   ✨ NUEVO: V13857713
2026-01-24 13:11:01,351 - INFO - [2026-01-24 13:11:01] 🔍 DEBUG:   ✨ NUEVO: V13858687
2026-01-24 13:11:01,352 - INFO - [2026-01-24 13:11:01] 🔍 DEBUG:   ✨ NUEVO: V13895473
2026-01-24 13:11:01,352 - INFO - [2026-01-24 13:11:01] 🔍 DEBUG:   ✨ NUEVO: V-13923496
2026-01-24 13:11:01,353 - INFO - [2026-01-24 13:11:01] 🔍 DEBUG:   ✨ NUEVO: V13927338
2026-01-24 13:11:01,354 - INFO - [2026-01-24 13:11:01] 🔍 DEBUG:   ✨ NUEVO: V13930401
2026-01-24 13:11:01,354 - INFO - [2026-01-24 13:11:01] 🔍 DEBUG:   ✨ NUEVO: V13950929
2026-01-24 13:11:01,355 - INFO - [2026-01-24 13:11:01] 🔍 DEBUG:   ✨ NUEVO: V13966060
2026-01-24 13:11:01,356 - INFO - [2026-01-24 13:11:01] 🔍 DEBUG:   ✨ NUEVO: V139688704
2026-01-24 13:11:01,357 - INFO - [2026-01-24 13:11:01] 🔍 DEBUG:   ✨ NUEVO: V13979254
2026-01-24 13:11:01,357 - INFO - [2026-01-24 13:11:01] 🔍 DEBUG:   ✨ NUEVO: V13979326
2026-01-24 13:11:01,358 - INFO - [2026-01-24 13:11:01] 🔍 DEBUG:   ✨ NUEVO: V13993594
2026-01-24 13:11:01,359 - INFO - [2026-01-24 13:11:01] 🔍 DEBUG:   ✨ NUEVO: V14017508
2026-01-24 13:11:01,360 - INFO - [2026-01-24 13:11:01] 🔍 DEBUG:   ✨ NUEVO: V14017508 
2026-01-24 13:11:01,361 - INFO - [2026-01-24 13:11:01] 🔍 DEBUG:   ✨ NUEVO: V14032548
2026-01-24 13:11:01,362 - INFO - [2026-01-24 13:11:01] 🔍 DEBUG:   ✨ NUEVO: V14062560
2026-01-24 13:11:01,363 - INFO - [2026-01-24 13:11:01] 🔍 DEBUG:   ✨ NUEVO: V14098303
2026-01-24 13:11:01,363 - INFO - [2026-01-24 13:11:01] 🔍 DEBUG:   ✨ NUEVO: V14098581
2026-01-24 13:11:01,364 - INFO - [2026-01-24 13:11:01] 🔍 DEBUG:   ✨ NUEVO: V14128908
2026-01-24 13:11:01,365 - INFO - [2026-01-24 13:11:01] 🔍 DEBUG:   ✨ NUEVO: V14129910
2026-01-24 13:11:01,366 - INFO - [2026-01-24 13:11:01] 🔍 DEBUG:   ✨ NUEVO: V14141829
2026-01-24 13:11:01,367 - INFO - [2026-01-24 13:11:01] 🔍 DEBUG:   ✨ NUEVO: V14164048
2026-01-24 13:11:01,368 - INFO - [2026-01-24 13:11:01] 🔍 DEBUG:   ✨ NUEVO: V14172961
2026-01-24 13:11:01,368 - INFO - [2026-01-24 13:11:01] 🔍 DEBUG:   ✨ NUEVO: V14225830
2026-01-24 13:11:01,369 - INFO - [2026-01-24 13:11:01] 🔍 DEBUG:   ✨ NUEVO: V14239139
2026-01-24 13:11:01,370 - INFO - [2026-01-24 13:11:01] 🔍 DEBUG:   ✨ NUEVO: V14260025
2026-01-24 13:11:01,371 - INFO - [2026-01-24 13:11:01] 🔍 DEBUG:   ✨ NUEVO: V14283553
2026-01-24 13:11:01,372 - INFO - [2026-01-24 13:11:01] 🔍 DEBUG:   ✨ NUEVO: V14286009
2026-01-24 13:11:01,373 - INFO - [2026-01-24 13:11:01] 🔍 DEBUG:   ✨ NUEVO: V14299237
2026-01-24 13:11:01,374 - INFO - [2026-01-24 13:11:01] 🔍 DEBUG:   ✨ NUEVO: V14308037
2026-01-24 13:11:01,375 - INFO - [2026-01-24 13:11:01] 🔍 DEBUG:   ✨ NUEVO: V14311102
2026-01-24 13:11:01,376 - INFO - [2026-01-24 13:11:01] 🔍 DEBUG:   ✨ NUEVO: V14320613
2026-01-24 13:11:01,376 - INFO - [2026-01-24 13:11:01] 🔍 DEBUG:   ✨ NUEVO: V14330377
2026-01-24 13:11:01,377 - INFO - [2026-01-24 13:11:01] 🔍 DEBUG:   ✨ NUEVO: V14330381
2026-01-24 13:11:01,378 - INFO - [2026-01-24 13:11:01] 🔍 DEBUG:   ✨ NUEVO: V14330939
2026-01-24 13:11:01,379 - INFO - [2026-01-24 13:11:01] 🔍 DEBUG:   ✨ NUEVO: V14387148
2026-01-24 13:11:01,380 - INFO - [2026-01-24 13:11:01] 🔍 DEBUG:   ✨ NUEVO: V14415161
2026-01-24 13:11:01,380 - INFO - [2026-01-24 13:11:01] 🔍 DEBUG:   ✨ NUEVO: V14453696
2026-01-24 13:11:01,381 - INFO - [2026-01-24 13:11:01] 🔍 DEBUG:   ✨ NUEVO: V14472204
2026-01-24 13:11:01,382 - INFO - [2026-01-24 13:11:01] 🔍 DEBUG:   ✨ NUEVO: V14482126
2026-01-24 13:11:01,383 - INFO - [2026-01-24 13:11:01] 🔍 DEBUG:   ✨ NUEVO: V14519272
2026-01-24 13:11:01,384 - INFO - [2026-01-24 13:11:01] 🔍 DEBUG:   ✨ NUEVO: V14527894
2026-01-24 13:11:01,385 - INFO - [2026-01-24 13:11:01] 🔍 DEBUG:   ✨ NUEVO: V14528040
2026-01-24 13:11:01,386 - INFO - [2026-01-24 13:11:01] 🔍 DEBUG:   ✨ NUEVO: V14528544
2026-01-24 13:11:01,386 - INFO - [2026-01-24 13:11:01] 🔍 DEBUG:   ✨ NUEVO: V14533866
2026-01-24 13:11:01,387 - INFO - [2026-01-24 13:11:01] 🔍 DEBUG:   ✨ NUEVO: V14584862
2026-01-24 13:11:01,388 - INFO - [2026-01-24 13:11:01] 🔍 DEBUG:   ✨ NUEVO: V14609153
2026-01-24 13:11:01,389 - INFO - [2026-01-24 13:11:01] 🔍 DEBUG:   ✨ NUEVO: V14643435
2026-01-24 13:11:01,389 - INFO - [2026-01-24 13:11:01] 🔍 DEBUG:   ✨ NUEVO: V14652079
2026-01-24 13:11:01,390 - INFO - [2026-01-24 13:11:01] 🔍 DEBUG:   ✨ NUEVO: V14679857
2026-01-24 13:11:01,391 - INFO - [2026-01-24 13:11:01] 🔍 DEBUG:   ✨ NUEVO: V14687984
2026-01-24 13:11:01,392 - INFO - [2026-01-24 13:11:01] 🔍 DEBUG:   ✨ NUEVO: V14689308
2026-01-24 13:11:01,392 - INFO - [2026-01-24 13:11:01] 🔍 DEBUG:   ✨ NUEVO: V14690333
2026-01-24 13:11:01,393 - INFO - [2026-01-24 13:11:01] 🔍 DEBUG:   ✨ NUEVO: V14721894
2026-01-24 13:11:01,394 - INFO - [2026-01-24 13:11:01] 🔍 DEBUG:   ✨ NUEVO: V14728118
2026-01-24 13:11:01,395 - INFO - [2026-01-24 13:11:01] 🔍 DEBUG:   ✨ NUEVO: V14729408
2026-01-24 13:11:01,395 - INFO - [2026-01-24 13:11:01] 🔍 DEBUG:   ✨ NUEVO: V14796519
2026-01-24 13:11:01,396 - INFO - [2026-01-24 13:11:01] 🔍 DEBUG:   ✨ NUEVO: V14830805
2026-01-24 13:11:01,397 - INFO - [2026-01-24 13:11:01] 🔍 DEBUG:   ✨ NUEVO: V14844882
2026-01-24 13:11:01,398 - INFO - [2026-01-24 13:11:01] 🔍 DEBUG:   ✨ NUEVO: V14849134
2026-01-24 13:11:01,398 - INFO - [2026-01-24 13:11:01] 🔍 DEBUG:   ✨ NUEVO: V14868529
2026-01-24 13:11:01,399 - INFO - [2026-01-24 13:11:01] 🔍 DEBUG:   ✨ NUEVO: V14897933
2026-01-24 13:11:01,400 - INFO - [2026-01-24 13:11:01] 🔍 DEBUG:   ✨ NUEVO: V14972795
2026-01-24 13:11:01,401 - INFO - [2026-01-24 13:11:01] 🔍 DEBUG:   ✨ NUEVO: V14977478
2026-01-24 13:11:01,402 - INFO - [2026-01-24 13:11:01] 🔍 DEBUG:   ✨ NUEVO: V15016083
2026-01-24 13:11:01,403 - INFO - [2026-01-24 13:11:01] 🔍 DEBUG:   ✨ NUEVO: V15026567
2026-01-24 13:11:01,404 - INFO - [2026-01-24 13:11:01] 🔍 DEBUG:   ✨ NUEVO: V15098824
2026-01-24 13:11:01,405 - INFO - [2026-01-24 13:11:01] 🔍 DEBUG:   ✨ NUEVO: V15106479
2026-01-24 13:11:01,406 - INFO - [2026-01-24 13:11:01] 🔍 DEBUG:   ✨ NUEVO: V15118620
2026-01-24 13:11:01,407 - INFO - [2026-01-24 13:11:01] 🔍 DEBUG:   ✨ NUEVO: V15147736
2026-01-24 13:11:01,408 - INFO - [2026-01-24 13:11:01] 🔍 DEBUG:   ✨ NUEVO: V15155798
2026-01-24 13:11:01,409 - INFO - [2026-01-24 13:11:01] 🔍 DEBUG:   ✨ NUEVO: V15162904
2026-01-24 13:11:01,410 - INFO - [2026-01-24 13:11:01] 🔍 DEBUG:   ✨ NUEVO: V15166930
2026-01-24 13:11:01,410 - INFO - [2026-01-24 13:11:01] 🔍 DEBUG:   ✨ NUEVO: V15198816
2026-01-24 13:11:01,411 - INFO - [2026-01-24 13:11:01] 🔍 DEBUG:   ✨ NUEVO: V15204407
2026-01-24 13:11:01,412 - INFO - [2026-01-24 13:11:01] 🔍 DEBUG:   ✨ NUEVO: V15251271
2026-01-24 13:11:01,413 - INFO - [2026-01-24 13:11:01] 🔍 DEBUG:   ✨ NUEVO: V15267593
2026-01-24 13:11:01,414 - INFO - [2026-01-24 13:11:01] 🔍 DEBUG:   ✨ NUEVO: V-15315595
2026-01-24 13:11:01,415 - INFO - [2026-01-24 13:11:01] 🔍 DEBUG:   ✨ NUEVO: V15368476
2026-01-24 13:11:01,416 - INFO - [2026-01-24 13:11:01] 🔍 DEBUG:   ✨ NUEVO: V15373391
2026-01-24 13:11:01,416 - INFO - [2026-01-24 13:11:01] 🔍 DEBUG:   ✨ NUEVO: V15373399
2026-01-24 13:11:01,417 - INFO - [2026-01-24 13:11:01] 🔍 DEBUG:   ✨ NUEVO: V15376554+
2026-01-24 13:11:01,418 - INFO - [2026-01-24 13:11:01] 🔍 DEBUG:   ✨ NUEVO: V15420409
2026-01-24 13:11:01,419 - INFO - [2026-01-24 13:11:01] 🔍 DEBUG:   ✨ NUEVO: V15462577
2026-01-24 13:11:01,420 - INFO - [2026-01-24 13:11:01] 🔍 DEBUG:   ✨ NUEVO: V15474045
2026-01-24 13:11:01,421 - INFO - [2026-01-24 13:11:01] 🔍 DEBUG:   ✨ NUEVO: V15504515
2026-01-24 13:11:01,421 - INFO - [2026-01-24 13:11:01] 🔍 DEBUG:   ✨ NUEVO: V15508962
2026-01-24 13:11:01,422 - INFO - [2026-01-24 13:11:01] 🔍 DEBUG:   ✨ NUEVO: V15577602
2026-01-24 13:11:01,423 - INFO - [2026-01-24 13:11:01] 🔍 DEBUG:   ✨ NUEVO: V15586922
2026-01-24 13:11:01,424 - INFO - [2026-01-24 13:11:01] 🔍 DEBUG:   ✨ NUEVO: V15587328
2026-01-24 13:11:01,425 - INFO - [2026-01-24 13:11:01] 🔍 DEBUG:   ✨ NUEVO: V15614983
2026-01-24 13:11:01,426 - INFO - [2026-01-24 13:11:01] 🔍 DEBUG:   ✨ NUEVO: V15615733
2026-01-24 13:11:01,426 - INFO - [2026-01-24 13:11:01] 🔍 DEBUG:   ✨ NUEVO: V15616280
2026-01-24 13:11:01,427 - INFO - [2026-01-24 13:11:01] 🔍 DEBUG:   ✨ NUEVO: V15658541
2026-01-24 13:11:01,428 - INFO - [2026-01-24 13:11:01] 🔍 DEBUG:   ✨ NUEVO: V15696840
2026-01-24 13:11:01,429 - INFO - [2026-01-24 13:11:01] 🔍 DEBUG:   ✨ NUEVO: V15699954
2026-01-24 13:11:01,430 - INFO - [2026-01-24 13:11:01] 🔍 DEBUG:   ✨ NUEVO: V15715457
2026-01-24 13:11:01,431 - INFO - [2026-01-24 13:11:01] 🔍 DEBUG:   ✨ NUEVO: V15757727
2026-01-24 13:11:01,432 - INFO - [2026-01-24 13:11:01] 🔍 DEBUG:   ✨ NUEVO: V15781406
2026-01-24 13:11:01,433 - INFO - [2026-01-24 13:11:01] 🔍 DEBUG:   ✨ NUEVO: V15792284
2026-01-24 13:11:01,433 - INFO - [2026-01-24 13:11:01] 🔍 DEBUG:   ✨ NUEVO: V15836855
2026-01-24 13:11:01,434 - INFO - [2026-01-24 13:11:01] 🔍 DEBUG:   ✨ NUEVO: V15837130
2026-01-24 13:11:01,435 - INFO - [2026-01-24 13:11:01] 🔍 DEBUG:   ✨ NUEVO: V15871885
2026-01-24 13:11:01,436 - INFO - [2026-01-24 13:11:01] 🔍 DEBUG:   ✨ NUEVO: V15927793
2026-01-24 13:11:01,437 - INFO - [2026-01-24 13:11:01] 🔍 DEBUG:   ✨ NUEVO: V15985077
2026-01-24 13:11:01,438 - INFO - [2026-01-24 13:11:01] 🔍 DEBUG:   ✨ NUEVO: V16006069
2026-01-24 13:11:01,439 - INFO - [2026-01-24 13:11:01] 🔍 DEBUG:   ✨ NUEVO: V16029913
2026-01-24 13:11:01,440 - INFO - [2026-01-24 13:11:01] 🔍 DEBUG:   ✨ NUEVO: V16034567
2026-01-24 13:11:01,440 - INFO - [2026-01-24 13:11:01] 🔍 DEBUG:   ✨ NUEVO: V16056906
2026-01-24 13:11:01,441 - INFO - [2026-01-24 13:11:01] 🔍 DEBUG:   ✨ NUEVO: V16057742
2026-01-24 13:11:01,442 - INFO - [2026-01-24 13:11:01] 🔍 DEBUG:   ✨ NUEVO: V16057826
2026-01-24 13:11:01,443 - INFO - [2026-01-24 13:11:01] 🔍 DEBUG:   ✨ NUEVO: V16058593
2026-01-24 13:11:01,444 - INFO - [2026-01-24 13:11:01] 🔍 DEBUG:   ✨ NUEVO: V16094069
2026-01-24 13:11:01,445 - INFO - [2026-01-24 13:11:01] 🔍 DEBUG:   ✨ NUEVO: V16133550
2026-01-24 13:11:01,446 - INFO - [2026-01-24 13:11:01] 🔍 DEBUG:   ✨ NUEVO: V16136391
2026-01-24 13:11:01,446 - INFO - [2026-01-24 13:11:01] 🔍 DEBUG:   ✨ NUEVO: V16202002
2026-01-24 13:11:01,447 - INFO - [2026-01-24 13:11:01] 🔍 DEBUG:   ✨ NUEVO: V16223440
2026-01-24 13:11:01,448 - INFO - [2026-01-24 13:11:01] 🔍 DEBUG:   ✨ NUEVO: V16226077
2026-01-24 13:11:01,449 - INFO - [2026-01-24 13:11:01] 🔍 DEBUG:   ✨ NUEVO: V16236062
2026-01-24 13:11:01,450 - INFO - [2026-01-24 13:11:01] 🔍 DEBUG:   ✨ NUEVO: V16243024
2026-01-24 13:11:01,451 - INFO - [2026-01-24 13:11:01] 🔍 DEBUG:   ✨ NUEVO: V16250174
2026-01-24 13:11:01,453 - INFO - [2026-01-24 13:11:01] 🔍 DEBUG:   ✨ NUEVO: V16273367
2026-01-24 13:11:01,454 - INFO - [2026-01-24 13:11:01] 🔍 DEBUG:   ✨ NUEVO: V16309969
2026-01-24 13:11:01,455 - INFO - [2026-01-24 13:11:01] 🔍 DEBUG:   ✨ NUEVO: V16378295
2026-01-24 13:11:01,456 - INFO - [2026-01-24 13:11:01] 🔍 DEBUG:   ✨ NUEVO: V16404214
2026-01-24 13:11:01,456 - INFO - [2026-01-24 13:11:01] 🔍 DEBUG:   ✨ NUEVO: V16419770 
2026-01-24 13:11:01,457 - INFO - [2026-01-24 13:11:01] 🔍 DEBUG:   ✨ NUEVO: V16450236
2026-01-24 13:11:01,458 - INFO - [2026-01-24 13:11:01] 🔍 DEBUG:   ✨ NUEVO: V16450432
2026-01-24 13:11:01,459 - INFO - [2026-01-24 13:11:01] 🔍 DEBUG:   ✨ NUEVO: V16450568
2026-01-24 13:11:01,460 - INFO - [2026-01-24 13:11:01] 🔍 DEBUG:   ✨ NUEVO: V16450915
2026-01-24 13:11:01,461 - INFO - [2026-01-24 13:11:01] 🔍 DEBUG:   ✨ NUEVO: V16451268
2026-01-24 13:11:01,462 - INFO - [2026-01-24 13:11:01] 🔍 DEBUG:   ✨ NUEVO: V16451807
2026-01-24 13:11:01,463 - INFO - [2026-01-24 13:11:01] 🔍 DEBUG:   ✨ NUEVO: V16452046
2026-01-24 13:11:01,464 - INFO - [2026-01-24 13:11:01] 🔍 DEBUG:   ✨ NUEVO: V16452329
2026-01-24 13:11:01,465 - INFO - [2026-01-24 13:11:01] 🔍 DEBUG:   ✨ NUEVO: V16452376
2026-01-24 13:11:01,466 - INFO - [2026-01-24 13:11:01] 🔍 DEBUG:   ✨ NUEVO: V16452624
2026-01-24 13:11:01,466 - INFO - [2026-01-24 13:11:01] 🔍 DEBUG:   ✨ NUEVO: V16455580
2026-01-24 13:11:01,467 - INFO - [2026-01-24 13:11:01] 🔍 DEBUG:   ✨ NUEVO: V16502197
2026-01-24 13:11:01,468 - INFO - [2026-01-24 13:11:01] 🔍 DEBUG:   ✨ NUEVO: V16542215
2026-01-24 13:11:01,469 - INFO - [2026-01-24 13:11:01] 🔍 DEBUG:   ✨ NUEVO: V-16544734
2026-01-24 13:11:01,470 - INFO - [2026-01-24 13:11:01] 🔍 DEBUG:   ✨ NUEVO: V16560291
2026-01-24 13:11:01,471 - INFO - [2026-01-24 13:11:01] 🔍 DEBUG:   ✨ NUEVO: V16564423 
2026-01-24 13:11:01,472 - INFO - [2026-01-24 13:11:01] 🔍 DEBUG:   ✨ NUEVO: V16620421
2026-01-24 13:11:01,473 - INFO - [2026-01-24 13:11:01] 🔍 DEBUG:   ✨ NUEVO: V16620699
2026-01-24 13:11:01,474 - INFO - [2026-01-24 13:11:01] 🔍 DEBUG:   ✨ NUEVO: V16637845
2026-01-24 13:11:01,475 - INFO - [2026-01-24 13:11:01] 🔍 DEBUG:   ✨ NUEVO: V16640971
2026-01-24 13:11:01,476 - INFO - [2026-01-24 13:11:01] 🔍 DEBUG:   ✨ NUEVO: V16658428
2026-01-24 13:11:01,476 - INFO - [2026-01-24 13:11:01] 🔍 DEBUG:   ✨ NUEVO: V16669579
2026-01-24 13:11:01,477 - INFO - [2026-01-24 13:11:01] 🔍 DEBUG:   ✨ NUEVO: V16705702
2026-01-24 13:11:01,478 - INFO - [2026-01-24 13:11:01] 🔍 DEBUG:   ✨ NUEVO: V16705722
2026-01-24 13:11:01,479 - INFO - [2026-01-24 13:11:01] 🔍 DEBUG:   ✨ NUEVO: V16726529
2026-01-24 13:11:01,480 - INFO - [2026-01-24 13:11:01] 🔍 DEBUG:   ✨ NUEVO: V16754765
2026-01-24 13:11:01,481 - INFO - [2026-01-24 13:11:01] 🔍 DEBUG:   ✨ NUEVO: V16797535
2026-01-24 13:11:01,482 - INFO - [2026-01-24 13:11:01] 🔍 DEBUG:   ✨ NUEVO: V16819203
2026-01-24 13:11:01,482 - INFO - [2026-01-24 13:11:01] 🔍 DEBUG:   ✨ NUEVO: V16820853
2026-01-24 13:11:01,483 - INFO - [2026-01-24 13:11:01] 🔍 DEBUG:   ✨ NUEVO: V16830388
2026-01-24 13:11:01,484 - INFO - [2026-01-24 13:11:01] 🔍 DEBUG:   ✨ NUEVO: V16853087
2026-01-24 13:11:01,485 - INFO - [2026-01-24 13:11:01] 🔍 DEBUG:   ✨ NUEVO: V16861179
2026-01-24 13:11:01,486 - INFO - [2026-01-24 13:11:01] 🔍 DEBUG:   ✨ NUEVO: V16865716
2026-01-24 13:11:01,487 - INFO - [2026-01-24 13:11:01] 🔍 DEBUG:   ✨ NUEVO: V16909234
2026-01-24 13:11:01,488 - INFO - [2026-01-24 13:11:01] 🔍 DEBUG:   ✨ NUEVO: V16909909
2026-01-24 13:11:01,489 - INFO - [2026-01-24 13:11:01] 🔍 DEBUG:   ✨ NUEVO: V16910031
2026-01-24 13:11:01,490 - INFO - [2026-01-24 13:11:01] 🔍 DEBUG:   ✨ NUEVO: V16910902
2026-01-24 13:11:01,491 - INFO - [2026-01-24 13:11:01] 🔍 DEBUG:   ✨ NUEVO: V16911629
2026-01-24 13:11:01,491 - INFO - [2026-01-24 13:11:01] 🔍 DEBUG:   ✨ NUEVO: V16953140
2026-01-24 13:11:01,492 - INFO - [2026-01-24 13:11:01] 🔍 DEBUG:   ✨ NUEVO: V16994938
2026-01-24 13:11:01,493 - INFO - [2026-01-24 13:11:01] 🔍 DEBUG:   ✨ NUEVO: V17018092
2026-01-24 13:11:01,494 - INFO - [2026-01-24 13:11:01] 🔍 DEBUG:   ✨ NUEVO: V17075919
2026-01-24 13:11:01,495 - INFO - [2026-01-24 13:11:01] 🔍 DEBUG:   ✨ NUEVO: V17081025
2026-01-24 13:11:01,496 - INFO - [2026-01-24 13:11:01] 🔍 DEBUG:   ✨ NUEVO: V17084139
2026-01-24 13:11:01,497 - INFO - [2026-01-24 13:11:01] 🔍 DEBUG:   ✨ NUEVO: V17093683
2026-01-24 13:11:01,498 - INFO - [2026-01-24 13:11:01] 🔍 DEBUG:   ✨ NUEVO: V17105845
2026-01-24 13:11:01,499 - INFO - [2026-01-24 13:11:01] 🔍 DEBUG:   ✨ NUEVO: V17142234
2026-01-24 13:11:01,499 - INFO - [2026-01-24 13:11:01] 🔍 DEBUG:   ✨ NUEVO: V17146863
2026-01-24 13:11:01,500 - INFO - [2026-01-24 13:11:01] 🔍 DEBUG:   ✨ NUEVO: V17152840
2026-01-24 13:11:01,501 - INFO - [2026-01-24 13:11:01] 🔍 DEBUG:   ✨ NUEVO: V17159909 
2026-01-24 13:11:01,502 - INFO - [2026-01-24 13:11:01] 🔍 DEBUG:   ✨ NUEVO: V17198925
2026-01-24 13:11:01,503 - INFO - [2026-01-24 13:11:01] 🔍 DEBUG:   ✨ NUEVO: V17287422
2026-01-24 13:11:01,504 - INFO - [2026-01-24 13:11:01] 🔍 DEBUG:   ✨ NUEVO: V17311475
2026-01-24 13:11:01,505 - INFO - [2026-01-24 13:11:01] 🔍 DEBUG:   ✨ NUEVO: V17313275
2026-01-24 13:11:01,506 - INFO - [2026-01-24 13:11:01] 🔍 DEBUG:   ✨ NUEVO: V17337202
2026-01-24 13:11:01,507 - INFO - [2026-01-24 13:11:01] 🔍 DEBUG:   ✨ NUEVO: V17402418
2026-01-24 13:11:01,508 - INFO - [2026-01-24 13:11:01] 🔍 DEBUG:   ✨ NUEVO: V17425055
2026-01-24 13:11:01,509 - INFO - [2026-01-24 13:11:01] 🔍 DEBUG:   ✨ NUEVO: V17438094
2026-01-24 13:11:01,510 - INFO - [2026-01-24 13:11:01] 🔍 DEBUG:   ✨ NUEVO: V17439436
2026-01-24 13:11:01,511 - INFO - [2026-01-24 13:11:01] 🔍 DEBUG:   ✨ NUEVO: V17452020
2026-01-24 13:11:01,512 - INFO - [2026-01-24 13:11:01] 🔍 DEBUG:   ✨ NUEVO: V17453033
2026-01-24 13:11:01,513 - INFO - [2026-01-24 13:11:01] 🔍 DEBUG:   ✨ NUEVO: V17453328
2026-01-24 13:11:01,514 - INFO - [2026-01-24 13:11:01] 🔍 DEBUG:   ✨ NUEVO: V17453955
2026-01-24 13:11:01,515 - INFO - [2026-01-24 13:11:01] 🔍 DEBUG:   ✨ NUEVO: V17454075
2026-01-24 13:11:01,516 - INFO - [2026-01-24 13:11:01] 🔍 DEBUG:   ✨ NUEVO: V17454972
2026-01-24 13:11:01,517 - INFO - [2026-01-24 13:11:01] 🔍 DEBUG:   ✨ NUEVO: V17468439
2026-01-24 13:11:01,518 - INFO - [2026-01-24 13:11:01] 🔍 DEBUG:   ✨ NUEVO: V17502316
2026-01-24 13:11:01,519 - INFO - [2026-01-24 13:11:01] 🔍 DEBUG:   ✨ NUEVO: V17599643
2026-01-24 13:11:01,520 - INFO - [2026-01-24 13:11:01] 🔍 DEBUG:   ✨ NUEVO: V17649538
2026-01-24 13:11:01,522 - INFO - [2026-01-24 13:11:01] 🔍 DEBUG:   ✨ NUEVO: V17652100
2026-01-24 13:11:01,523 - INFO - [2026-01-24 13:11:01] 🔍 DEBUG:   ✨ NUEVO: V17678598
2026-01-24 13:11:01,524 - INFO - [2026-01-24 13:11:01] 🔍 DEBUG:   ✨ NUEVO: V17719608
2026-01-24 13:11:01,525 - INFO - [2026-01-24 13:11:01] 🔍 DEBUG:   ✨ NUEVO: V17772038
2026-01-24 13:11:01,526 - INFO - [2026-01-24 13:11:01] 🔍 DEBUG:   ✨ NUEVO: V17772494
2026-01-24 13:11:01,527 - INFO - [2026-01-24 13:11:01] 🔍 DEBUG:   ✨ NUEVO: V17772965
2026-01-24 13:11:01,528 - INFO - [2026-01-24 13:11:01] 🔍 DEBUG:   ✨ NUEVO: V17773180
2026-01-24 13:11:01,529 - INFO - [2026-01-24 13:11:01] 🔍 DEBUG:   ✨ NUEVO: V17773197
2026-01-24 13:11:01,530 - INFO - [2026-01-24 13:11:01] 🔍 DEBUG:   ✨ NUEVO: V17773277
2026-01-24 13:11:01,531 - INFO - [2026-01-24 13:11:01] 🔍 DEBUG:   ✨ NUEVO: V17773458
2026-01-24 13:11:01,532 - INFO - [2026-01-24 13:11:01] 🔍 DEBUG:   ✨ NUEVO: V17774268
2026-01-24 13:11:01,533 - INFO - [2026-01-24 13:11:01] 🔍 DEBUG:   ✨ NUEVO: V17774444
2026-01-24 13:11:01,534 - INFO - [2026-01-24 13:11:01] 🔍 DEBUG:   ✨ NUEVO: V17779185
2026-01-24 13:11:01,535 - INFO - [2026-01-24 13:11:01] 🔍 DEBUG:   ✨ NUEVO: V17836022
2026-01-24 13:11:01,536 - INFO - [2026-01-24 13:11:01] 🔍 DEBUG:   ✨ NUEVO: V17841256
2026-01-24 13:11:01,537 - INFO - [2026-01-24 13:11:01] 🔍 DEBUG:   ✨ NUEVO: V17855808
2026-01-24 13:11:01,538 - INFO - [2026-01-24 13:11:01] 🔍 DEBUG:   ✨ NUEVO: V17921393
2026-01-24 13:11:01,538 - INFO - [2026-01-24 13:11:01] 🔍 DEBUG:   ✨ NUEVO: V17964427
2026-01-24 13:11:01,539 - INFO - [2026-01-24 13:11:01] 🔍 DEBUG:   ✨ NUEVO: V17988079
2026-01-24 13:11:01,540 - INFO - [2026-01-24 13:11:01] 🔍 DEBUG:   ✨ NUEVO: V18004903
2026-01-24 13:11:01,541 - INFO - [2026-01-24 13:11:01] 🔍 DEBUG:   ✨ NUEVO: V18029347
2026-01-24 13:11:01,542 - INFO - [2026-01-24 13:11:01] 🔍 DEBUG:   ✨ NUEVO: V18035501
2026-01-24 13:11:01,543 - INFO - [2026-01-24 13:11:01] 🔍 DEBUG:   ✨ NUEVO: V18039393
2026-01-24 13:11:01,544 - INFO - [2026-01-24 13:11:01] 🔍 DEBUG:   ✨ NUEVO: V18072938
2026-01-24 13:11:01,545 - INFO - [2026-01-24 13:11:01] 🔍 DEBUG:   ✨ NUEVO: V18093899
2026-01-24 13:11:01,545 - INFO - [2026-01-24 13:11:01] 🔍 DEBUG:   ✨ NUEVO: V18094832
2026-01-24 13:11:01,546 - INFO - [2026-01-24 13:11:01] 🔍 DEBUG:   ✨ NUEVO: V18095523
2026-01-24 13:11:01,547 - INFO - [2026-01-24 13:11:01] 🔍 DEBUG:   ✨ NUEVO: V18111771
2026-01-24 13:11:01,548 - INFO - [2026-01-24 13:11:01] 🔍 DEBUG:   ✨ NUEVO: V18131999
2026-01-24 13:11:01,549 - INFO - [2026-01-24 13:11:01] 🔍 DEBUG:   ✨ NUEVO: V18132606
2026-01-24 13:11:01,550 - INFO - [2026-01-24 13:11:01] 🔍 DEBUG:   ✨ NUEVO: V18133205
2026-01-24 13:11:01,551 - INFO - [2026-01-24 13:11:01] 🔍 DEBUG:   ✨ NUEVO: V18133646
2026-01-24 13:11:01,552 - INFO - [2026-01-24 13:11:01] 🔍 DEBUG:   ✨ NUEVO: V18133690
2026-01-24 13:11:01,553 - INFO - [2026-01-24 13:11:01] 🔍 DEBUG:   ✨ NUEVO: V18133963
2026-01-24 13:11:01,554 - INFO - [2026-01-24 13:11:01] 🔍 DEBUG:   ✨ NUEVO: V18134102
2026-01-24 13:11:01,554 - INFO - [2026-01-24 13:11:01] 🔍 DEBUG:   ✨ NUEVO: V18134630
2026-01-24 13:11:01,555 - INFO - [2026-01-24 13:11:01] 🔍 DEBUG:   ✨ NUEVO: V18143354
2026-01-24 13:11:01,556 - INFO - [2026-01-24 13:11:01] 🔍 DEBUG:   ✨ NUEVO: V18160297
2026-01-24 13:11:01,557 - INFO - [2026-01-24 13:11:01] 🔍 DEBUG:   ✨ NUEVO: V18212505
2026-01-24 13:11:01,558 - INFO - [2026-01-24 13:11:01] 🔍 DEBUG:   ✨ NUEVO: V18270320
2026-01-24 13:11:01,559 - INFO - [2026-01-24 13:11:01] 🔍 DEBUG:   ✨ NUEVO: V18282495
2026-01-24 13:11:01,560 - INFO - [2026-01-24 13:11:01] 🔍 DEBUG:   ✨ NUEVO: V18301275
2026-01-24 13:11:01,561 - INFO - [2026-01-24 13:11:01] 🔍 DEBUG:   ✨ NUEVO: V18328179
2026-01-24 13:11:01,562 - INFO - [2026-01-24 13:11:01] 🔍 DEBUG:   ✨ NUEVO: V18336807
2026-01-24 13:11:01,563 - INFO - [2026-01-24 13:11:01] 🔍 DEBUG:   ✨ NUEVO: V18364476
2026-01-24 13:11:01,563 - INFO - [2026-01-24 13:11:01] 🔍 DEBUG:   ✨ NUEVO: V18368814
2026-01-24 13:11:01,564 - INFO - [2026-01-24 13:11:01] 🔍 DEBUG:   ✨ NUEVO: V18369039
2026-01-24 13:11:01,565 - INFO - [2026-01-24 13:11:01] 🔍 DEBUG:   ✨ NUEVO: V18441809
2026-01-24 13:11:01,566 - INFO - [2026-01-24 13:11:01] 🔍 DEBUG:   ✨ NUEVO: V18443132
2026-01-24 13:11:01,567 - INFO - [2026-01-24 13:11:01] 🔍 DEBUG:   ✨ NUEVO: V18445121
2026-01-24 13:11:01,568 - INFO - [2026-01-24 13:11:01] 🔍 DEBUG:   ✨ NUEVO: V18446765
2026-01-24 13:11:01,568 - INFO - [2026-01-24 13:11:01] 🔍 DEBUG:   ✨ NUEVO: V18446925
2026-01-24 13:11:01,569 - INFO - [2026-01-24 13:11:01] 🔍 DEBUG:   ✨ NUEVO: V18465260
2026-01-24 13:11:01,570 - INFO - [2026-01-24 13:11:01] 🔍 DEBUG:   ✨ NUEVO: V18467966
2026-01-24 13:11:01,571 - INFO - [2026-01-24 13:11:01] 🔍 DEBUG:   ✨ NUEVO: V18486794
2026-01-24 13:11:01,571 - INFO - [2026-01-24 13:11:01] 🔍 DEBUG:   ✨ NUEVO: V18527754
2026-01-24 13:11:01,572 - INFO - [2026-01-24 13:11:01] 🔍 DEBUG:   ✨ NUEVO: V18546464
2026-01-24 13:11:01,573 - INFO - [2026-01-24 13:11:01] 🔍 DEBUG:   ✨ NUEVO: V18598483
2026-01-24 13:11:01,574 - INFO - [2026-01-24 13:11:01] 🔍 DEBUG:   ✨ NUEVO: V18599909
2026-01-24 13:11:01,574 - INFO - [2026-01-24 13:11:01] 🔍 DEBUG:   ✨ NUEVO: V18601834
2026-01-24 13:11:01,575 - INFO - [2026-01-24 13:11:01] 🔍 DEBUG:   ✨ NUEVO: V18610064
2026-01-24 13:11:01,576 - INFO - [2026-01-24 13:11:01] 🔍 DEBUG:   ✨ NUEVO: V-18631214
2026-01-24 13:11:01,577 - INFO - [2026-01-24 13:11:01] 🔍 DEBUG:   ✨ NUEVO: V18637369
2026-01-24 13:11:01,578 - INFO - [2026-01-24 13:11:01] 🔍 DEBUG:   ✨ NUEVO: V18707610
2026-01-24 13:11:01,578 - INFO - [2026-01-24 13:11:01] 🔍 DEBUG:   ✨ NUEVO: V18710714
2026-01-24 13:11:01,579 - INFO - [2026-01-24 13:11:01] 🔍 DEBUG:   ✨ NUEVO: V18713154
2026-01-24 13:11:01,580 - INFO - [2026-01-24 13:11:01] 🔍 DEBUG:   ✨ NUEVO: V18777506
2026-01-24 13:11:01,581 - INFO - [2026-01-24 13:11:01] 🔍 DEBUG:   ✨ NUEVO: V18798299
2026-01-24 13:11:01,581 - INFO - [2026-01-24 13:11:01] 🔍 DEBUG:   ✨ NUEVO: V18816037
2026-01-24 13:11:01,582 - INFO - [2026-01-24 13:11:01] 🔍 DEBUG:   ✨ NUEVO: V18830755
2026-01-24 13:11:01,583 - INFO - [2026-01-24 13:11:01] 🔍 DEBUG:   ✨ NUEVO: V18837092
2026-01-24 13:11:01,584 - INFO - [2026-01-24 13:11:01] 🔍 DEBUG:   ✨ NUEVO: V18936754
2026-01-24 13:11:01,584 - INFO - [2026-01-24 13:11:01] 🔍 DEBUG:   ✨ NUEVO: V18938921
2026-01-24 13:11:01,585 - INFO - [2026-01-24 13:11:01] 🔍 DEBUG:   ✨ NUEVO: V18995284
2026-01-24 13:11:01,586 - INFO - [2026-01-24 13:11:01] 🔍 DEBUG:   ✨ NUEVO: V19018196
2026-01-24 13:11:01,587 - INFO - [2026-01-24 13:11:01] 🔍 DEBUG:   ✨ NUEVO: V19018288
2026-01-24 13:11:01,587 - INFO - [2026-01-24 13:11:01] 🔍 DEBUG:   ✨ NUEVO: V19018940
2026-01-24 13:11:01,588 - INFO - [2026-01-24 13:11:01] 🔍 DEBUG:   ✨ NUEVO: V19019944
2026-01-24 13:11:01,589 - INFO - [2026-01-24 13:11:01] 🔍 DEBUG:   ✨ NUEVO: V19060587
2026-01-24 13:11:01,590 - INFO - [2026-01-24 13:11:01] 🔍 DEBUG:   ✨ NUEVO: V19060653
2026-01-24 13:11:01,591 - INFO - [2026-01-24 13:11:01] 🔍 DEBUG:   ✨ NUEVO: V19078876
2026-01-24 13:11:01,592 - INFO - [2026-01-24 13:11:01] 🔍 DEBUG:   ✨ NUEVO: V19116622
2026-01-24 13:11:01,593 - INFO - [2026-01-24 13:11:01] 🔍 DEBUG:   ✨ NUEVO: V19123572
2026-01-24 13:11:01,593 - INFO - [2026-01-24 13:11:01] 🔍 DEBUG:   ✨ NUEVO: V19141083
2026-01-24 13:11:01,594 - INFO - [2026-01-24 13:11:01] 🔍 DEBUG:   ✨ NUEVO: V19145638
2026-01-24 13:11:01,595 - INFO - [2026-01-24 13:11:01] 🔍 DEBUG:   ✨ NUEVO: V19190062
2026-01-24 13:11:01,595 - INFO - [2026-01-24 13:11:01] 🔍 DEBUG:   ✨ NUEVO: V19200887
2026-01-24 13:11:01,596 - INFO - [2026-01-24 13:11:01] 🔍 DEBUG:   ✨ NUEVO: V19226812
2026-01-24 13:11:01,597 - INFO - [2026-01-24 13:11:01] 🔍 DEBUG:   ✨ NUEVO: V19274524
2026-01-24 13:11:01,598 - INFO - [2026-01-24 13:11:01] 🔍 DEBUG:   ✨ NUEVO: V19304380
2026-01-24 13:11:01,599 - INFO - [2026-01-24 13:11:01] 🔍 DEBUG:   ✨ NUEVO: V19305163
2026-01-24 13:11:01,600 - INFO - [2026-01-24 13:11:01] 🔍 DEBUG:   ✨ NUEVO: V19305271
2026-01-24 13:11:01,600 - INFO - [2026-01-24 13:11:01] 🔍 DEBUG:   ✨ NUEVO: V19305549
2026-01-24 13:11:01,601 - INFO - [2026-01-24 13:11:01] 🔍 DEBUG:   ✨ NUEVO: V19305683
2026-01-24 13:11:01,602 - INFO - [2026-01-24 13:11:01] 🔍 DEBUG:   ✨ NUEVO: V19305974
2026-01-24 13:11:01,603 - INFO - [2026-01-24 13:11:01] 🔍 DEBUG:   ✨ NUEVO: V19309454
2026-01-24 13:11:01,604 - INFO - [2026-01-24 13:11:01] 🔍 DEBUG:   ✨ NUEVO: V19313824
2026-01-24 13:11:01,605 - INFO - [2026-01-24 13:11:01] 🔍 DEBUG:   ✨ NUEVO: V19318243
2026-01-24 13:11:01,606 - INFO - [2026-01-24 13:11:01] 🔍 DEBUG:   ✨ NUEVO: V19340402
2026-01-24 13:11:01,607 - INFO - [2026-01-24 13:11:01] 🔍 DEBUG:   ✨ NUEVO: V19354457
2026-01-24 13:11:01,608 - INFO - [2026-01-24 13:11:01] 🔍 DEBUG:   ✨ NUEVO: V19362035
2026-01-24 13:11:01,609 - INFO - [2026-01-24 13:11:01] 🔍 DEBUG:   ✨ NUEVO: V19367400
2026-01-24 13:11:01,610 - INFO - [2026-01-24 13:11:01] 🔍 DEBUG:   ✨ NUEVO: V19381041
2026-01-24 13:11:01,611 - INFO - [2026-01-24 13:11:01] 🔍 DEBUG:   ✨ NUEVO: V19397319
2026-01-24 13:11:01,612 - INFO - [2026-01-24 13:11:01] 🔍 DEBUG:   ✨ NUEVO: V19459233
2026-01-24 13:11:01,612 - INFO - [2026-01-24 13:11:01] 🔍 DEBUG:   ✨ NUEVO: V19494874
2026-01-24 13:11:01,613 - INFO - [2026-01-24 13:11:01] 🔍 DEBUG:   ✨ NUEVO: V19497263
2026-01-24 13:11:01,614 - INFO - [2026-01-24 13:11:01] 🔍 DEBUG:   ✨ NUEVO: V19500928
2026-01-24 13:11:01,615 - INFO - [2026-01-24 13:11:01] 🔍 DEBUG:   ✨ NUEVO: V19505202
2026-01-24 13:11:01,615 - INFO - [2026-01-24 13:11:01] 🔍 DEBUG:   ✨ NUEVO: V19633850
2026-01-24 13:11:01,616 - INFO - [2026-01-24 13:11:01] 🔍 DEBUG:   ✨ NUEVO: V19682500
2026-01-24 13:11:01,617 - INFO - [2026-01-24 13:11:01] 🔍 DEBUG:   ✨ NUEVO: V19692041
2026-01-24 13:11:01,618 - INFO - [2026-01-24 13:11:01] 🔍 DEBUG:   ✨ NUEVO: V19710752 
2026-01-24 13:11:01,618 - INFO - [2026-01-24 13:11:01] 🔍 DEBUG:   ✨ NUEVO: V19721730
2026-01-24 13:11:01,619 - INFO - [2026-01-24 13:11:01] 🔍 DEBUG:   ✨ NUEVO: V19736964
2026-01-24 13:11:01,620 - INFO - [2026-01-24 13:11:01] 🔍 DEBUG:   ✨ NUEVO: V19753372
2026-01-24 13:11:01,621 - INFO - [2026-01-24 13:11:01] 🔍 DEBUG:   ✨ NUEVO: V19787096
2026-01-24 13:11:01,622 - INFO - [2026-01-24 13:11:01] 🔍 DEBUG:   ✨ NUEVO: V19787267
2026-01-24 13:11:01,623 - INFO - [2026-01-24 13:11:01] 🔍 DEBUG:   ✨ NUEVO: V19788251
2026-01-24 13:11:01,624 - INFO - [2026-01-24 13:11:01] 🔍 DEBUG:   ✨ NUEVO: V19788393
2026-01-24 13:11:01,624 - INFO - [2026-01-24 13:11:01] 🔍 DEBUG:   ✨ NUEVO: V19788872
2026-01-24 13:11:01,625 - INFO - [2026-01-24 13:11:01] 🔍 DEBUG:   ✨ NUEVO: V19879135
2026-01-24 13:11:01,626 - INFO - [2026-01-24 13:11:01] 🔍 DEBUG:   ✨ NUEVO: V19885318
2026-01-24 13:11:01,627 - INFO - [2026-01-24 13:11:01] 🔍 DEBUG:   ✨ NUEVO: V19885584
2026-01-24 13:11:01,627 - INFO - [2026-01-24 13:11:01] 🔍 DEBUG:   ✨ NUEVO: V19885695
2026-01-24 13:11:01,628 - INFO - [2026-01-24 13:11:01] 🔍 DEBUG:   ✨ NUEVO: V19905259
2026-01-24 13:11:01,629 - INFO - [2026-01-24 13:11:01] 🔍 DEBUG:   ✨ NUEVO: V19960575
2026-01-24 13:11:01,630 - INFO - [2026-01-24 13:11:01] 🔍 DEBUG:   ✨ NUEVO: V19985412
2026-01-24 13:11:01,631 - INFO - [2026-01-24 13:11:01] 🔍 DEBUG:   ✨ NUEVO: V20006485
2026-01-24 13:11:01,631 - INFO - [2026-01-24 13:11:01] 🔍 DEBUG:   ✨ NUEVO: V20026457
2026-01-24 13:11:01,632 - INFO - [2026-01-24 13:11:01] 🔍 DEBUG:   ✨ NUEVO: V20102083
2026-01-24 13:11:01,633 - INFO - [2026-01-24 13:11:01] 🔍 DEBUG:   ✨ NUEVO: V20102176
2026-01-24 13:11:01,634 - INFO - [2026-01-24 13:11:01] 🔍 DEBUG:   ✨ NUEVO: V20102968
2026-01-24 13:11:01,635 - INFO - [2026-01-24 13:11:01] 🔍 DEBUG:   ✨ NUEVO: V20114026
2026-01-24 13:11:01,636 - INFO - [2026-01-24 13:11:01] 🔍 DEBUG:   ✨ NUEVO: V20191547
2026-01-24 13:11:01,637 - INFO - [2026-01-24 13:11:01] 🔍 DEBUG:   ✨ NUEVO: V20208717
2026-01-24 13:11:01,638 - INFO - [2026-01-24 13:11:01] 🔍 DEBUG:   ✨ NUEVO: V20211859
2026-01-24 13:11:01,640 - INFO - [2026-01-24 13:11:01] 🔍 DEBUG:   ✨ NUEVO: V20220111
2026-01-24 13:11:01,641 - INFO - [2026-01-24 13:11:01] 🔍 DEBUG:   ✨ NUEVO: V20227233
2026-01-24 13:11:01,642 - INFO - [2026-01-24 13:11:01] 🔍 DEBUG:   ✨ NUEVO: V20228008 
2026-01-24 13:11:01,642 - INFO - [2026-01-24 13:11:01] 🔍 DEBUG:   ✨ NUEVO: V20240488
2026-01-24 13:11:01,643 - INFO - [2026-01-24 13:11:01] 🔍 DEBUG:   ✨ NUEVO: V20285434
2026-01-24 13:11:01,644 - INFO - [2026-01-24 13:11:01] 🔍 DEBUG:   ✨ NUEVO: V20296861
2026-01-24 13:11:01,645 - INFO - [2026-01-24 13:11:01] 🔍 DEBUG:   ✨ NUEVO: V20350333
2026-01-24 13:11:01,645 - INFO - [2026-01-24 13:11:01] 🔍 DEBUG:   ✨ NUEVO: V20417275
2026-01-24 13:11:01,646 - INFO - [2026-01-24 13:11:01] 🔍 DEBUG:   ✨ NUEVO: V20417448
2026-01-24 13:11:01,647 - INFO - [2026-01-24 13:11:01] 🔍 DEBUG:   ✨ NUEVO: V20417910
2026-01-24 13:11:01,647 - INFO - [2026-01-24 13:11:01] 🔍 DEBUG:   ✨ NUEVO: V20418001
2026-01-24 13:11:01,648 - INFO - [2026-01-24 13:11:01] 🔍 DEBUG:   ✨ NUEVO: V20453318
2026-01-24 13:11:01,648 - INFO - [2026-01-24 13:11:01] 🔍 DEBUG:   ✨ NUEVO: V20469533
2026-01-24 13:11:01,649 - INFO - [2026-01-24 13:11:01] 🔍 DEBUG:   ✨ NUEVO: V20592948
2026-01-24 13:11:01,649 - INFO - [2026-01-24 13:11:01] 🔍 DEBUG:   ✨ NUEVO: V20639815
2026-01-24 13:11:01,650 - INFO - [2026-01-24 13:11:01] 🔍 DEBUG:   ✨ NUEVO: V20677251
2026-01-24 13:11:01,651 - INFO - [2026-01-24 13:11:01] 🔍 DEBUG:   ✨ NUEVO: V20696624
2026-01-24 13:11:01,651 - INFO - [2026-01-24 13:11:01] 🔍 DEBUG:   ✨ NUEVO: V20741816
2026-01-24 13:11:01,652 - INFO - [2026-01-24 13:11:01] 🔍 DEBUG:   ✨ NUEVO: V20774973
2026-01-24 13:11:01,653 - INFO - [2026-01-24 13:11:01] 🔍 DEBUG:   ✨ NUEVO: V20781656
2026-01-24 13:11:01,654 - INFO - [2026-01-24 13:11:01] 🔍 DEBUG:   ✨ NUEVO: V20783619
2026-01-24 13:11:01,654 - INFO - [2026-01-24 13:11:01] 🔍 DEBUG:   ✨ NUEVO: V20799392
2026-01-24 13:11:01,655 - INFO - [2026-01-24 13:11:01] 🔍 DEBUG:   ✨ NUEVO: V20813394
2026-01-24 13:11:01,656 - INFO - [2026-01-24 13:11:01] 🔍 DEBUG:   ✨ NUEVO: V20820744
2026-01-24 13:11:01,657 - INFO - [2026-01-24 13:11:01] 🔍 DEBUG:   ✨ NUEVO: V20825502
2026-01-24 13:11:01,657 - INFO - [2026-01-24 13:11:01] 🔍 DEBUG:   ✨ NUEVO: V20838564
2026-01-24 13:11:01,658 - INFO - [2026-01-24 13:11:01] 🔍 DEBUG:   ✨ NUEVO: V20839699
2026-01-24 13:11:01,659 - INFO - [2026-01-24 13:11:01] 🔍 DEBUG:   ✨ NUEVO: V20850273 
2026-01-24 13:11:01,660 - INFO - [2026-01-24 13:11:01] 🔍 DEBUG:   ✨ NUEVO: V20853558
2026-01-24 13:11:01,661 - INFO - [2026-01-24 13:11:01] 🔍 DEBUG:   ✨ NUEVO: V20894062
2026-01-24 13:11:01,662 - INFO - [2026-01-24 13:11:01] 🔍 DEBUG:   ✨ NUEVO: V20964696
2026-01-24 13:11:01,663 - INFO - [2026-01-24 13:11:01] 🔍 DEBUG:   ✨ NUEVO: V20969351
2026-01-24 13:11:01,663 - INFO - [2026-01-24 13:11:01] 🔍 DEBUG:   ✨ NUEVO: V20996748
2026-01-24 13:11:01,664 - INFO - [2026-01-24 13:11:01] 🔍 DEBUG:   ✨ NUEVO: V20996752
2026-01-24 13:11:01,665 - INFO - [2026-01-24 13:11:01] 🔍 DEBUG:   ✨ NUEVO: V20997625
2026-01-24 13:11:01,666 - INFO - [2026-01-24 13:11:01] 🔍 DEBUG:   ✨ NUEVO: V20997934
2026-01-24 13:11:01,667 - INFO - [2026-01-24 13:11:01] 🔍 DEBUG:   ✨ NUEVO: V20998091
2026-01-24 13:11:01,668 - INFO - [2026-01-24 13:11:01] 🔍 DEBUG:   ✨ NUEVO: V20998838
2026-01-24 13:11:01,669 - INFO - [2026-01-24 13:11:01] 🔍 DEBUG:   ✨ NUEVO: V20998951
2026-01-24 13:11:01,669 - INFO - [2026-01-24 13:11:01] 🔍 DEBUG:   ✨ NUEVO: V21032684
2026-01-24 13:11:01,670 - INFO - [2026-01-24 13:11:01] 🔍 DEBUG:   ✨ NUEVO: V21055378
2026-01-24 13:11:01,671 - INFO - [2026-01-24 13:11:01] 🔍 DEBUG:   ✨ NUEVO: V21080395
2026-01-24 13:11:01,672 - INFO - [2026-01-24 13:11:01] 🔍 DEBUG:   ✨ NUEVO: V21119369
2026-01-24 13:11:01,673 - INFO - [2026-01-24 13:11:01] 🔍 DEBUG:   ✨ NUEVO: V21149023
2026-01-24 13:11:01,673 - INFO - [2026-01-24 13:11:01] 🔍 DEBUG:   ✨ NUEVO: V21165208
2026-01-24 13:11:01,674 - INFO - [2026-01-24 13:11:01] 🔍 DEBUG:   ✨ NUEVO: V21176000
2026-01-24 13:11:01,675 - INFO - [2026-01-24 13:11:01] 🔍 DEBUG:   ✨ NUEVO: V21187123
2026-01-24 13:11:01,676 - INFO - [2026-01-24 13:11:01] 🔍 DEBUG:   ✨ NUEVO: V21206522
2026-01-24 13:11:01,676 - INFO - [2026-01-24 13:11:01] 🔍 DEBUG:   ✨ NUEVO: V21242198
2026-01-24 13:11:01,677 - INFO - [2026-01-24 13:11:01] 🔍 DEBUG:   ✨ NUEVO: V21272017
2026-01-24 13:11:01,678 - INFO - [2026-01-24 13:11:01] 🔍 DEBUG:   ✨ NUEVO: V21282401
2026-01-24 13:11:01,679 - INFO - [2026-01-24 13:11:01] 🔍 DEBUG:   ✨ NUEVO: V21282604
2026-01-24 13:11:01,680 - INFO - [2026-01-24 13:11:01] 🔍 DEBUG:   ✨ NUEVO: V21360130
2026-01-24 13:11:01,681 - INFO - [2026-01-24 13:11:01] 🔍 DEBUG:   ✨ NUEVO: V21414332
2026-01-24 13:11:01,681 - INFO - [2026-01-24 13:11:01] 🔍 DEBUG:   ✨ NUEVO: V21531692
2026-01-24 13:11:01,682 - INFO - [2026-01-24 13:11:01] 🔍 DEBUG:   ✨ NUEVO: V21534214
2026-01-24 13:11:01,683 - INFO - [2026-01-24 13:11:01] 🔍 DEBUG:   ✨ NUEVO: V21545812
2026-01-24 13:11:01,684 - INFO - [2026-01-24 13:11:01] 🔍 DEBUG:   ✨ NUEVO: V21573637
2026-01-24 13:11:01,684 - INFO - [2026-01-24 13:11:01] 🔍 DEBUG:   ✨ NUEVO: V21574623
2026-01-24 13:11:01,685 - INFO - [2026-01-24 13:11:01] 🔍 DEBUG:   ✨ NUEVO: V22025972
2026-01-24 13:11:01,686 - INFO - [2026-01-24 13:11:01] 🔍 DEBUG:   ✨ NUEVO: V22040156
2026-01-24 13:11:01,687 - INFO - [2026-01-24 13:11:01] 🔍 DEBUG:   ✨ NUEVO: V22312285
2026-01-24 13:11:01,687 - INFO - [2026-01-24 13:11:01] 🔍 DEBUG:   ✨ NUEVO: V22346330
2026-01-24 13:11:01,688 - INFO - [2026-01-24 13:11:01] 🔍 DEBUG:   ✨ NUEVO: V22346404
2026-01-24 13:11:01,689 - INFO - [2026-01-24 13:11:01] 🔍 DEBUG:   ✨ NUEVO: V22346481
2026-01-24 13:11:01,690 - INFO - [2026-01-24 13:11:01] 🔍 DEBUG:   ✨ NUEVO: V22346923
2026-01-24 13:11:01,690 - INFO - [2026-01-24 13:11:01] 🔍 DEBUG:   ✨ NUEVO: V22346989.
2026-01-24 13:11:01,691 - INFO - [2026-01-24 13:11:01] 🔍 DEBUG:   ✨ NUEVO: V22347037
2026-01-24 13:11:01,692 - INFO - [2026-01-24 13:11:01] 🔍 DEBUG:   ✨ NUEVO: V22347413
2026-01-24 13:11:01,692 - INFO - [2026-01-24 13:11:01] 🔍 DEBUG:   ✨ NUEVO: V22347542
2026-01-24 13:11:01,693 - INFO - [2026-01-24 13:11:01] 🔍 DEBUG:   ✨ NUEVO: V22347635
2026-01-24 13:11:01,694 - INFO - [2026-01-24 13:11:01] 🔍 DEBUG:   ✨ NUEVO: V22347893
2026-01-24 13:11:01,694 - INFO - [2026-01-24 13:11:01] 🔍 DEBUG:   ✨ NUEVO: V22347926
2026-01-24 13:11:01,695 - INFO - [2026-01-24 13:11:01] 🔍 DEBUG:   ✨ NUEVO: V22502985
2026-01-24 13:11:01,696 - INFO - [2026-01-24 13:11:01] 🔍 DEBUG:   ✨ NUEVO: V22534734
2026-01-24 13:11:01,697 - INFO - [2026-01-24 13:11:01] 🔍 DEBUG:   ✨ NUEVO: V22534826
2026-01-24 13:11:01,697 - INFO - [2026-01-24 13:11:01] 🔍 DEBUG:   ✨ NUEVO: V22534857
2026-01-24 13:11:01,698 - INFO - [2026-01-24 13:11:01] 🔍 DEBUG:   ✨ NUEVO: V22535248
2026-01-24 13:11:01,699 - INFO - [2026-01-24 13:11:01] 🔍 DEBUG:   ✨ NUEVO: V22535306
2026-01-24 13:11:01,699 - INFO - [2026-01-24 13:11:01] 🔍 DEBUG:   ✨ NUEVO: V22574000
2026-01-24 13:11:01,700 - INFO - [2026-01-24 13:11:01] 🔍 DEBUG:   ✨ NUEVO: V22653705
2026-01-24 13:11:01,701 - INFO - [2026-01-24 13:11:01] 🔍 DEBUG:   ✨ NUEVO: V22708965
2026-01-24 13:11:01,702 - INFO - [2026-01-24 13:11:01] 🔍 DEBUG:   ✨ NUEVO: V22751791
2026-01-24 13:11:01,703 - INFO - [2026-01-24 13:11:01] 🔍 DEBUG:   ✨ NUEVO: V22756771
2026-01-24 13:11:01,703 - INFO - [2026-01-24 13:11:01] 🔍 DEBUG:   ✨ NUEVO: V22776749
2026-01-24 13:11:01,704 - INFO - [2026-01-24 13:11:01] 🔍 DEBUG:   ✨ NUEVO: V22776804
2026-01-24 13:11:01,705 - INFO - [2026-01-24 13:11:01] 🔍 DEBUG:   ✨ NUEVO: V22777014
2026-01-24 13:11:01,706 - INFO - [2026-01-24 13:11:01] 🔍 DEBUG:   ✨ NUEVO: V22788192
2026-01-24 13:11:01,706 - INFO - [2026-01-24 13:11:01] 🔍 DEBUG:   ✨ NUEVO: V22788653
2026-01-24 13:11:01,707 - INFO - [2026-01-24 13:11:01] 🔍 DEBUG:   ✨ NUEVO: V22789131
2026-01-24 13:11:01,708 - INFO - [2026-01-24 13:11:01] 🔍 DEBUG:   ✨ NUEVO: V23016986
2026-01-24 13:11:01,709 - INFO - [2026-01-24 13:11:01] 🔍 DEBUG:   ✨ NUEVO: V23041568
2026-01-24 13:11:01,709 - INFO - [2026-01-24 13:11:01] 🔍 DEBUG:   ✨ NUEVO: V23108115
2026-01-24 13:11:01,710 - INFO - [2026-01-24 13:11:01] 🔍 DEBUG:   ✨ NUEVO: V23496118
2026-01-24 13:11:01,711 - INFO - [2026-01-24 13:11:01] 🔍 DEBUG:   ✨ NUEVO: V23612105
2026-01-24 13:11:01,712 - INFO - [2026-01-24 13:11:01] 🔍 DEBUG:   ✨ NUEVO: V23623862
2026-01-24 13:11:01,712 - INFO - [2026-01-24 13:11:01] 🔍 DEBUG:   ✨ NUEVO: V23626683
2026-01-24 13:11:01,713 - INFO - [2026-01-24 13:11:01] 🔍 DEBUG:   ✨ NUEVO: V23643235
2026-01-24 13:11:01,714 - INFO - [2026-01-24 13:11:01] 🔍 DEBUG:   ✨ NUEVO: V23651517
2026-01-24 13:11:01,714 - INFO - [2026-01-24 13:11:01] 🔍 DEBUG:   ✨ NUEVO: V23651663
2026-01-24 13:11:01,715 - INFO - [2026-01-24 13:11:01] 🔍 DEBUG:   ✨ NUEVO: V23651669
2026-01-24 13:11:01,716 - INFO - [2026-01-24 13:11:01] 🔍 DEBUG:   ✨ NUEVO: V23651722
2026-01-24 13:11:01,717 - INFO - [2026-01-24 13:11:01] 🔍 DEBUG:   ✨ NUEVO: V23651739
2026-01-24 13:11:01,717 - INFO - [2026-01-24 13:11:01] 🔍 DEBUG:   ✨ NUEVO: V23651750
2026-01-24 13:11:01,718 - INFO - [2026-01-24 13:11:01] 🔍 DEBUG:   ✨ NUEVO: V23656968
2026-01-24 13:11:01,719 - INFO - [2026-01-24 13:11:01] 🔍 DEBUG:   ✨ NUEVO: V23708264
2026-01-24 13:11:01,719 - INFO - [2026-01-24 13:11:01] 🔍 DEBUG:   ✨ NUEVO: V23709424
2026-01-24 13:11:01,720 - INFO - [2026-01-24 13:11:01] 🔍 DEBUG:   ✨ NUEVO: V23729214
2026-01-24 13:11:01,721 - INFO - [2026-01-24 13:11:01] 🔍 DEBUG:   ✨ NUEVO: V23748141
2026-01-24 13:11:01,721 - INFO - [2026-01-24 13:11:01] 🔍 DEBUG:   ✨ NUEVO: V23793097
2026-01-24 13:11:01,722 - INFO - [2026-01-24 13:11:01] 🔍 DEBUG:   ✨ NUEVO: V23925839
2026-01-24 13:11:01,723 - INFO - [2026-01-24 13:11:01] 🔍 DEBUG:   ✨ NUEVO: V24219019
2026-01-24 13:11:01,723 - INFO - [2026-01-24 13:11:01] 🔍 DEBUG:   ✨ NUEVO: V24273991
2026-01-24 13:11:01,724 - INFO - [2026-01-24 13:11:01] 🔍 DEBUG:   ✨ NUEVO: V24274445
2026-01-24 13:11:01,725 - INFO - [2026-01-24 13:11:01] 🔍 DEBUG:   ✨ NUEVO: V24279923
2026-01-24 13:11:01,725 - INFO - [2026-01-24 13:11:01] 🔍 DEBUG:   ✨ NUEVO: V24279937
2026-01-24 13:11:01,726 - INFO - [2026-01-24 13:11:01] 🔍 DEBUG:   ✨ NUEVO: V24298446
2026-01-24 13:11:01,727 - INFO - [2026-01-24 13:11:01] 🔍 DEBUG:   ✨ NUEVO: V24318476
2026-01-24 13:11:01,727 - INFO - [2026-01-24 13:11:01] 🔍 DEBUG:   ✨ NUEVO: V24455399
2026-01-24 13:11:01,728 - INFO - [2026-01-24 13:11:01] 🔍 DEBUG:   ✨ NUEVO: V24478178
2026-01-24 13:11:01,729 - INFO - [2026-01-24 13:11:01] 🔍 DEBUG:   ✨ NUEVO: V24559417
2026-01-24 13:11:01,730 - INFO - [2026-01-24 13:11:01] 🔍 DEBUG:   ✨ NUEVO: V24590147
2026-01-24 13:11:01,731 - INFO - [2026-01-24 13:11:01] 🔍 DEBUG:   ✨ NUEVO: V24673503
2026-01-24 13:11:01,732 - INFO - [2026-01-24 13:11:01] 🔍 DEBUG:   ✨ NUEVO: V24699833
2026-01-24 13:11:01,733 - INFO - [2026-01-24 13:11:01] 🔍 DEBUG:   ✨ NUEVO: V24748495
2026-01-24 13:11:01,734 - INFO - [2026-01-24 13:11:01] 🔍 DEBUG:   ✨ NUEVO: V24804074
2026-01-24 13:11:01,735 - INFO - [2026-01-24 13:11:01] 🔍 DEBUG:   ✨ NUEVO: V24829177
2026-01-24 13:11:01,736 - INFO - [2026-01-24 13:11:01] 🔍 DEBUG:   ✨ NUEVO: V24939770
2026-01-24 13:11:01,737 - INFO - [2026-01-24 13:11:01] 🔍 DEBUG:   ✨ NUEVO: V24982384
2026-01-24 13:11:01,737 - INFO - [2026-01-24 13:11:01] 🔍 DEBUG:   ✨ NUEVO: V24998830
2026-01-24 13:11:01,738 - INFO - [2026-01-24 13:11:01] 🔍 DEBUG:   ✨ NUEVO: V25000351
2026-01-24 13:11:01,739 - INFO - [2026-01-24 13:11:01] 🔍 DEBUG:   ✨ NUEVO: V25011463
2026-01-24 13:11:01,740 - INFO - [2026-01-24 13:11:01] 🔍 DEBUG:   ✨ NUEVO: V25074754
2026-01-24 13:11:01,741 - INFO - [2026-01-24 13:11:01] 🔍 DEBUG:   ✨ NUEVO: V25125712
2026-01-24 13:11:01,742 - INFO - [2026-01-24 13:11:01] 🔍 DEBUG:   ✨ NUEVO: V25223069
2026-01-24 13:11:01,742 - INFO - [2026-01-24 13:11:01] 🔍 DEBUG:   ✨ NUEVO: V25223185
2026-01-24 13:11:01,743 - INFO - [2026-01-24 13:11:01] 🔍 DEBUG:   ✨ NUEVO: V25223401
2026-01-24 13:11:01,744 - INFO - [2026-01-24 13:11:01] 🔍 DEBUG:   ✨ NUEVO: V25223514
2026-01-24 13:11:01,745 - INFO - [2026-01-24 13:11:01] 🔍 DEBUG:   ✨ NUEVO: V25223778
2026-01-24 13:11:01,746 - INFO - [2026-01-24 13:11:01] 🔍 DEBUG:   ✨ NUEVO: V25223997
2026-01-24 13:11:01,747 - INFO - [2026-01-24 13:11:01] 🔍 DEBUG:   ✨ NUEVO: V25224157
2026-01-24 13:11:01,748 - INFO - [2026-01-24 13:11:01] 🔍 DEBUG:   ✨ NUEVO: V25226196
2026-01-24 13:11:01,749 - INFO - [2026-01-24 13:11:01] 🔍 DEBUG:   ✨ NUEVO: V25229280
2026-01-24 13:11:01,750 - INFO - [2026-01-24 13:11:01] 🔍 DEBUG:   ✨ NUEVO: V25252851
2026-01-24 13:11:01,751 - INFO - [2026-01-24 13:11:01] 🔍 DEBUG:   ✨ NUEVO: V25263616
2026-01-24 13:11:01,752 - INFO - [2026-01-24 13:11:01] 🔍 DEBUG:   ✨ NUEVO: V25272994
2026-01-24 13:11:01,753 - INFO - [2026-01-24 13:11:01] 🔍 DEBUG:   ✨ NUEVO: V25286097
2026-01-24 13:11:01,754 - INFO - [2026-01-24 13:11:01] 🔍 DEBUG:   ✨ NUEVO: V25301128
2026-01-24 13:11:01,755 - INFO - [2026-01-24 13:11:01] 🔍 DEBUG:   ✨ NUEVO: V25327174
2026-01-24 13:11:01,756 - INFO - [2026-01-24 13:11:01] 🔍 DEBUG:   ✨ NUEVO: V25376771
2026-01-24 13:11:01,757 - INFO - [2026-01-24 13:11:01] 🔍 DEBUG:   ✨ NUEVO: V25393086
2026-01-24 13:11:01,758 - INFO - [2026-01-24 13:11:01] 🔍 DEBUG:   ✨ NUEVO: V25414186
2026-01-24 13:11:01,758 - INFO - [2026-01-24 13:11:01] 🔍 DEBUG:   ✨ NUEVO: V25444454
2026-01-24 13:11:01,759 - INFO - [2026-01-24 13:11:01] 🔍 DEBUG:   ✨ NUEVO: V25478175
2026-01-24 13:11:01,760 - INFO - [2026-01-24 13:11:01] 🔍 DEBUG:   ✨ NUEVO: V25493690
2026-01-24 13:11:01,761 - INFO - [2026-01-24 13:11:01] 🔍 DEBUG:   ✨ NUEVO: V25501064
2026-01-24 13:11:01,762 - INFO - [2026-01-24 13:11:01] 🔍 DEBUG:   ✨ NUEVO: V25512992
2026-01-24 13:11:01,763 - INFO - [2026-01-24 13:11:01] 🔍 DEBUG:   ✨ NUEVO: V25539548
2026-01-24 13:11:01,764 - INFO - [2026-01-24 13:11:01] 🔍 DEBUG:   ✨ NUEVO: V25539756
2026-01-24 13:11:01,765 - INFO - [2026-01-24 13:11:01] 🔍 DEBUG:   ✨ NUEVO: V25539791
2026-01-24 13:11:01,766 - INFO - [2026-01-24 13:11:01] 🔍 DEBUG:   ✨ NUEVO: V25578377
2026-01-24 13:11:01,767 - INFO - [2026-01-24 13:11:01] 🔍 DEBUG:   ✨ NUEVO: V25663549
2026-01-24 13:11:01,768 - INFO - [2026-01-24 13:11:01] 🔍 DEBUG:   ✨ NUEVO: V25683114
2026-01-24 13:11:01,769 - INFO - [2026-01-24 13:11:01] 🔍 DEBUG:   ✨ NUEVO: V25685409
2026-01-24 13:11:01,770 - INFO - [2026-01-24 13:11:01] 🔍 DEBUG:   ✨ NUEVO: V25715866
2026-01-24 13:11:01,771 - INFO - [2026-01-24 13:11:01] 🔍 DEBUG:   ✨ NUEVO: V25749880
2026-01-24 13:11:01,772 - INFO - [2026-01-24 13:11:01] 🔍 DEBUG:   ✨ NUEVO: V25847964
2026-01-24 13:11:01,773 - INFO - [2026-01-24 13:11:01] 🔍 DEBUG:   ✨ NUEVO: V25852625
2026-01-24 13:11:01,774 - INFO - [2026-01-24 13:11:01] 🔍 DEBUG:   ✨ NUEVO: V25864419
2026-01-24 13:11:01,775 - INFO - [2026-01-24 13:11:01] 🔍 DEBUG:   ✨ NUEVO: V25878671
2026-01-24 13:11:01,776 - INFO - [2026-01-24 13:11:01] 🔍 DEBUG:   ✨ NUEVO: V25954632
2026-01-24 13:11:01,777 - INFO - [2026-01-24 13:11:01] 🔍 DEBUG:   ✨ NUEVO: V25963782
2026-01-24 13:11:01,777 - INFO - [2026-01-24 13:11:01] 🔍 DEBUG:   ✨ NUEVO: V26008200
2026-01-24 13:11:01,778 - INFO - [2026-01-24 13:11:01] 🔍 DEBUG:   ✨ NUEVO: V26009432
2026-01-24 13:11:01,779 - INFO - [2026-01-24 13:11:01] 🔍 DEBUG:   ✨ NUEVO: V26018583
2026-01-24 13:11:01,780 - INFO - [2026-01-24 13:11:01] 🔍 DEBUG:   ✨ NUEVO: V26027324
2026-01-24 13:11:01,780 - INFO - [2026-01-24 13:11:01] 🔍 DEBUG:   ✨ NUEVO: V26033038
2026-01-24 13:11:01,781 - INFO - [2026-01-24 13:11:01] 🔍 DEBUG:   ✨ NUEVO: V26070503
2026-01-24 13:11:01,782 - INFO - [2026-01-24 13:11:01] 🔍 DEBUG:   ✨ NUEVO: V26251895
2026-01-24 13:11:01,783 - INFO - [2026-01-24 13:11:01] 🔍 DEBUG:   ✨ NUEVO: V26255226
2026-01-24 13:11:01,784 - INFO - [2026-01-24 13:11:01] 🔍 DEBUG:   ✨ NUEVO: V26255507
2026-01-24 13:11:01,784 - INFO - [2026-01-24 13:11:01] 🔍 DEBUG:   ✨ NUEVO: V26255683
2026-01-24 13:11:01,785 - INFO - [2026-01-24 13:11:01] 🔍 DEBUG:   ✨ NUEVO: V26255908
2026-01-24 13:11:01,786 - INFO - [2026-01-24 13:11:01] 🔍 DEBUG:   ✨ NUEVO: V26317680
2026-01-24 13:11:01,787 - INFO - [2026-01-24 13:11:01] 🔍 DEBUG:   ✨ NUEVO: V26364056
2026-01-24 13:11:01,787 - INFO - [2026-01-24 13:11:01] 🔍 DEBUG:   ✨ NUEVO: V26367206
2026-01-24 13:11:01,788 - INFO - [2026-01-24 13:11:01] 🔍 DEBUG:   ✨ NUEVO: V26408436 
2026-01-24 13:11:01,788 - INFO - [2026-01-24 13:11:01] 🔍 DEBUG:   ✨ NUEVO: V26443343
2026-01-24 13:11:01,789 - INFO - [2026-01-24 13:11:01] 🔍 DEBUG:   ✨ NUEVO: V26475862
2026-01-24 13:11:01,790 - INFO - [2026-01-24 13:11:01] 🔍 DEBUG:   ✨ NUEVO: V26528782
2026-01-24 13:11:01,791 - INFO - [2026-01-24 13:11:01] 🔍 DEBUG:   ✨ NUEVO: V26574478
2026-01-24 13:11:01,792 - INFO - [2026-01-24 13:11:01] 🔍 DEBUG:   ✨ NUEVO: V26591460
2026-01-24 13:11:01,792 - INFO - [2026-01-24 13:11:01] 🔍 DEBUG:   ✨ NUEVO: V26592337
2026-01-24 13:11:01,793 - INFO - [2026-01-24 13:11:01] 🔍 DEBUG:   ✨ NUEVO: V26601734
2026-01-24 13:11:01,794 - INFO - [2026-01-24 13:11:01] 🔍 DEBUG:   ✨ NUEVO: V26613315
2026-01-24 13:11:01,795 - INFO - [2026-01-24 13:11:01] 🔍 DEBUG:   ✨ NUEVO: V26720469
2026-01-24 13:11:01,795 - INFO - [2026-01-24 13:11:01] 🔍 DEBUG:   ✨ NUEVO: V26740057
2026-01-24 13:11:01,796 - INFO - [2026-01-24 13:11:01] 🔍 DEBUG:   ✨ NUEVO: V26763922
2026-01-24 13:11:01,797 - INFO - [2026-01-24 13:11:01] 🔍 DEBUG:   ✨ NUEVO: V26785497
2026-01-24 13:11:01,798 - INFO - [2026-01-24 13:11:01] 🔍 DEBUG:   ✨ NUEVO: V26893104
2026-01-24 13:11:01,799 - INFO - [2026-01-24 13:11:01] 🔍 DEBUG:   ✨ NUEVO: V26893276
2026-01-24 13:11:01,799 - INFO - [2026-01-24 13:11:01] 🔍 DEBUG:   ✨ NUEVO: V26893334
2026-01-24 13:11:01,800 - INFO - [2026-01-24 13:11:01] 🔍 DEBUG:   ✨ NUEVO: V26893562
2026-01-24 13:11:01,801 - INFO - [2026-01-24 13:11:01] 🔍 DEBUG:   ✨ NUEVO: V26893684
2026-01-24 13:11:01,802 - INFO - [2026-01-24 13:11:01] 🔍 DEBUG:   ✨ NUEVO: V26893687
2026-01-24 13:11:01,803 - INFO - [2026-01-24 13:11:01] 🔍 DEBUG:   ✨ NUEVO: V26893812
2026-01-24 13:11:01,804 - INFO - [2026-01-24 13:11:01] 🔍 DEBUG:   ✨ NUEVO: V26893981
2026-01-24 13:11:01,804 - INFO - [2026-01-24 13:11:01] 🔍 DEBUG:   ✨ NUEVO: V26.950.057
2026-01-24 13:11:01,805 - INFO - [2026-01-24 13:11:01] 🔍 DEBUG:   ✨ NUEVO: V26953694
2026-01-24 13:11:01,806 - INFO - [2026-01-24 13:11:01] 🔍 DEBUG:   ✨ NUEVO: V27031422
2026-01-24 13:11:01,807 - INFO - [2026-01-24 13:11:01] 🔍 DEBUG:   ✨ NUEVO: V27037369
2026-01-24 13:11:01,807 - INFO - [2026-01-24 13:11:01] 🔍 DEBUG:   ✨ NUEVO: V27073249
2026-01-24 13:11:01,808 - INFO - [2026-01-24 13:11:01] 🔍 DEBUG:   ✨ NUEVO: V27083422
2026-01-24 13:11:01,809 - INFO - [2026-01-24 13:11:01] 🔍 DEBUG:   ✨ NUEVO: V27083512
2026-01-24 13:11:01,809 - INFO - [2026-01-24 13:11:01] 🔍 DEBUG:   ✨ NUEVO: V27159590
2026-01-24 13:11:01,810 - INFO - [2026-01-24 13:11:01] 🔍 DEBUG:   ✨ NUEVO: V27183835
2026-01-24 13:11:01,810 - INFO - [2026-01-24 13:11:01] 🔍 DEBUG:   ✨ NUEVO: V27257857
2026-01-24 13:11:01,811 - INFO - [2026-01-24 13:11:01] 🔍 DEBUG:   ✨ NUEVO: V27282414
2026-01-24 13:11:01,812 - INFO - [2026-01-24 13:11:01] 🔍 DEBUG:   ✨ NUEVO: V27282809
2026-01-24 13:11:01,813 - INFO - [2026-01-24 13:11:01] 🔍 DEBUG:   ✨ NUEVO: V27282872
2026-01-24 13:11:01,814 - INFO - [2026-01-24 13:11:01] 🔍 DEBUG:   ✨ NUEVO: V27282881
2026-01-24 13:11:01,815 - INFO - [2026-01-24 13:11:01] 🔍 DEBUG:   ✨ NUEVO: V27282930
2026-01-24 13:11:01,816 - INFO - [2026-01-24 13:11:01] 🔍 DEBUG:   ✨ NUEVO: V27391091
2026-01-24 13:11:01,816 - INFO - [2026-01-24 13:11:01] 🔍 DEBUG:   ✨ NUEVO: V27448391
2026-01-24 13:11:01,817 - INFO - [2026-01-24 13:11:01] 🔍 DEBUG:   ✨ NUEVO: V27454234
2026-01-24 13:11:01,818 - INFO - [2026-01-24 13:11:01] 🔍 DEBUG:   ✨ NUEVO: V27454312
2026-01-24 13:11:01,819 - INFO - [2026-01-24 13:11:01] 🔍 DEBUG:   ✨ NUEVO: V27490268
2026-01-24 13:11:01,820 - INFO - [2026-01-24 13:11:01] 🔍 DEBUG:   ✨ NUEVO: V27545214
2026-01-24 13:11:01,821 - INFO - [2026-01-24 13:11:01] 🔍 DEBUG:   ✨ NUEVO: V27593000
2026-01-24 13:11:01,822 - INFO - [2026-01-24 13:11:01] 🔍 DEBUG:   ✨ NUEVO: V27597180
2026-01-24 13:11:01,822 - INFO - [2026-01-24 13:11:01] 🔍 DEBUG:   ✨ NUEVO: V27652156
2026-01-24 13:11:01,823 - INFO - [2026-01-24 13:11:01] 🔍 DEBUG:   ✨ NUEVO: V27660716
2026-01-24 13:11:01,824 - INFO - [2026-01-24 13:11:01] 🔍 DEBUG:   ✨ NUEVO: V27692778
2026-01-24 13:11:01,825 - INFO - [2026-01-24 13:11:01] 🔍 DEBUG:   ✨ NUEVO: V27788794
2026-01-24 13:11:01,826 - INFO - [2026-01-24 13:11:01] 🔍 DEBUG:   ✨ NUEVO: V27798501
2026-01-24 13:11:01,827 - INFO - [2026-01-24 13:11:01] 🔍 DEBUG:   ✨ NUEVO: V27805927
2026-01-24 13:11:01,828 - INFO - [2026-01-24 13:11:01] 🔍 DEBUG:   ✨ NUEVO: V27978188
2026-01-24 13:11:01,828 - INFO - [2026-01-24 13:11:01] 🔍 DEBUG:   ✨ NUEVO: V27984142
2026-01-24 13:11:01,829 - INFO - [2026-01-24 13:11:01] 🔍 DEBUG:   ✨ NUEVO: V28301696
2026-01-24 13:11:01,830 - INFO - [2026-01-24 13:11:01] 🔍 DEBUG:   ✨ NUEVO: V28310058
2026-01-24 13:11:01,830 - INFO - [2026-01-24 13:11:01] 🔍 DEBUG:   ✨ NUEVO: V28326593
2026-01-24 13:11:01,831 - INFO - [2026-01-24 13:11:01] 🔍 DEBUG:   ✨ NUEVO: V28344002
2026-01-24 13:11:01,831 - INFO - [2026-01-24 13:11:01] 🔍 DEBUG:   ✨ NUEVO: V28496168
2026-01-24 13:11:01,832 - INFO - [2026-01-24 13:11:01] 🔍 DEBUG:   ✨ NUEVO: V28532203
2026-01-24 13:11:01,832 - INFO - [2026-01-24 13:11:01] 🔍 DEBUG:   ✨ NUEVO: V28725998
2026-01-24 13:11:01,833 - INFO - [2026-01-24 13:11:01] 🔍 DEBUG:   ✨ NUEVO: V-29501942
2026-01-24 13:11:01,834 - INFO - [2026-01-24 13:11:01] 🔍 DEBUG:   ✨ NUEVO: V29501942
2026-01-24 13:11:01,834 - INFO - [2026-01-24 13:11:01] 🔍 DEBUG:   ✨ NUEVO: V29508241
2026-01-24 13:11:01,835 - INFO - [2026-01-24 13:11:01] 🔍 DEBUG:   ✨ NUEVO: V29518624
2026-01-24 13:11:01,836 - INFO - [2026-01-24 13:11:01] 🔍 DEBUG:   ✨ NUEVO: V29533710
2026-01-24 13:11:01,837 - INFO - [2026-01-24 13:11:01] 🔍 DEBUG:   ✨ NUEVO: V29.533.967
2026-01-24 13:11:01,837 - INFO - [2026-01-24 13:11:01] 🔍 DEBUG:   ✨ NUEVO: V29535297
2026-01-24 13:11:01,838 - INFO - [2026-01-24 13:11:01] 🔍 DEBUG:   ✨ NUEVO: V29602109
2026-01-24 13:11:01,838 - INFO - [2026-01-24 13:11:01] 🔍 DEBUG:   ✨ NUEVO: V29611893
2026-01-24 13:11:01,839 - INFO - [2026-01-24 13:11:01] 🔍 DEBUG:   ✨ NUEVO: V29654762
2026-01-24 13:11:01,840 - INFO - [2026-01-24 13:11:01] 🔍 DEBUG:   ✨ NUEVO: V29656181
2026-01-24 13:11:01,840 - INFO - [2026-01-24 13:11:01] 🔍 DEBUG:   ✨ NUEVO: V29656280
2026-01-24 13:11:01,841 - INFO - [2026-01-24 13:11:01] 🔍 DEBUG:   ✨ NUEVO: V29656407
2026-01-24 13:11:01,842 - INFO - [2026-01-24 13:11:01] 🔍 DEBUG:   ✨ NUEVO: V29656637
2026-01-24 13:11:01,842 - INFO - [2026-01-24 13:11:01] 🔍 DEBUG:   ✨ NUEVO: V296566370
2026-01-24 13:11:01,843 - INFO - [2026-01-24 13:11:01] 🔍 DEBUG:   ✨ NUEVO: V29675932
2026-01-24 13:11:01,843 - INFO - [2026-01-24 13:11:01] 🔍 DEBUG:   ✨ NUEVO: V29735695
2026-01-24 13:11:01,844 - INFO - [2026-01-24 13:11:01] 🔍 DEBUG:   ✨ NUEVO: V29745623
2026-01-24 13:11:01,845 - INFO - [2026-01-24 13:11:01] 🔍 DEBUG:   ✨ NUEVO: V29764950
2026-01-24 13:11:01,845 - INFO - [2026-01-24 13:11:01] 🔍 DEBUG:   ✨ NUEVO: V29829147
2026-01-24 13:11:01,846 - INFO - [2026-01-24 13:11:01] 🔍 DEBUG:   ✨ NUEVO: V29829203
2026-01-24 13:11:01,846 - INFO - [2026-01-24 13:11:01] 🔍 DEBUG:   ✨ NUEVO: V29942213
2026-01-24 13:11:01,847 - INFO - [2026-01-24 13:11:01] 🔍 DEBUG:   ✨ NUEVO: V30002164
2026-01-24 13:11:01,848 - INFO - [2026-01-24 13:11:01] 🔍 DEBUG:   ✨ NUEVO: V30002314
2026-01-24 13:11:01,848 - INFO - [2026-01-24 13:11:01] 🔍 DEBUG:   ✨ NUEVO: V30002784
2026-01-24 13:11:01,849 - INFO - [2026-01-24 13:11:01] 🔍 DEBUG:   ✨ NUEVO: V30035200
2026-01-24 13:11:01,850 - INFO - [2026-01-24 13:11:01] 🔍 DEBUG:   ✨ NUEVO: V30109252
2026-01-24 13:11:01,851 - INFO - [2026-01-24 13:11:01] 🔍 DEBUG:   ✨ NUEVO: V30150884
2026-01-24 13:11:01,852 - INFO - [2026-01-24 13:11:01] 🔍 DEBUG:   ✨ NUEVO: V30150978
2026-01-24 13:11:01,852 - INFO - [2026-01-24 13:11:01] 🔍 DEBUG:   ✨ NUEVO: V30186530
2026-01-24 13:11:01,853 - INFO - [2026-01-24 13:11:01] 🔍 DEBUG:   ✨ NUEVO: V30223907
2026-01-24 13:11:01,854 - INFO - [2026-01-24 13:11:01] 🔍 DEBUG:   ✨ NUEVO: V30256944
2026-01-24 13:11:01,855 - INFO - [2026-01-24 13:11:01] 🔍 DEBUG:   ✨ NUEVO: V30282920
2026-01-24 13:11:01,856 - INFO - [2026-01-24 13:11:01] 🔍 DEBUG:   ✨ NUEVO: V30385678
2026-01-24 13:11:01,857 - INFO - [2026-01-24 13:11:01] 🔍 DEBUG:   ✨ NUEVO: V30400948
2026-01-24 13:11:01,857 - INFO - [2026-01-24 13:11:01] 🔍 DEBUG:   ✨ NUEVO: V30450251
2026-01-24 13:11:01,858 - INFO - [2026-01-24 13:11:01] 🔍 DEBUG:   ✨ NUEVO: V30551256
2026-01-24 13:11:01,859 - INFO - [2026-01-24 13:11:01] 🔍 DEBUG:   ✨ NUEVO: V30574957
2026-01-24 13:11:01,860 - INFO - [2026-01-24 13:11:01] 🔍 DEBUG:   ✨ NUEVO: V30575059
2026-01-24 13:11:01,861 - INFO - [2026-01-24 13:11:01] 🔍 DEBUG:   ✨ NUEVO: V30575064
2026-01-24 13:11:01,861 - INFO - [2026-01-24 13:11:01] 🔍 DEBUG:   ✨ NUEVO: V30575119
2026-01-24 13:11:01,862 - INFO - [2026-01-24 13:11:01] 🔍 DEBUG:   ✨ NUEVO: V30604611
2026-01-24 13:11:01,863 - INFO - [2026-01-24 13:11:01] 🔍 DEBUG:   ✨ NUEVO: V30699189
2026-01-24 13:11:01,864 - INFO - [2026-01-24 13:11:01] 🔍 DEBUG:   ✨ NUEVO: V30859316
2026-01-24 13:11:01,865 - INFO - [2026-01-24 13:11:01] 🔍 DEBUG:   ✨ NUEVO: V30860031
2026-01-24 13:11:01,866 - INFO - [2026-01-24 13:11:01] 🔍 DEBUG:   ✨ NUEVO: V31004693
2026-01-24 13:11:01,866 - INFO - [2026-01-24 13:11:01] 🔍 DEBUG:   ✨ NUEVO: V31004835
2026-01-24 13:11:01,867 - INFO - [2026-01-24 13:11:01] 🔍 DEBUG:   ✨ NUEVO: V31004840
2026-01-24 13:11:01,868 - INFO - [2026-01-24 13:11:01] 🔍 DEBUG:   ✨ NUEVO: V31044688
2026-01-24 13:11:01,869 - INFO - [2026-01-24 13:11:01] 🔍 DEBUG:   ✨ NUEVO: V31199050 
2026-01-24 13:11:01,870 - INFO - [2026-01-24 13:11:01] 🔍 DEBUG:   ✨ NUEVO: V31240124
2026-01-24 13:11:01,870 - INFO - [2026-01-24 13:11:01] 🔍 DEBUG:   ✨ NUEVO: V31360166
2026-01-24 13:11:01,871 - INFO - [2026-01-24 13:11:01] 🔍 DEBUG:   ✨ NUEVO: V3144666
2026-01-24 13:11:01,872 - INFO - [2026-01-24 13:11:01] 🔍 DEBUG:   ✨ NUEVO: V3153542
2026-01-24 13:11:01,873 - INFO - [2026-01-24 13:11:01] 🔍 DEBUG:   ✨ NUEVO: V31569640
2026-01-24 13:11:01,874 - INFO - [2026-01-24 13:11:01] 🔍 DEBUG:   ✨ NUEVO: V31592435
2026-01-24 13:11:01,875 - INFO - [2026-01-24 13:11:01] 🔍 DEBUG:   ✨ NUEVO: V31592885
2026-01-24 13:11:01,875 - INFO - [2026-01-24 13:11:01] 🔍 DEBUG:   ✨ NUEVO: V31593107
2026-01-24 13:11:01,876 - INFO - [2026-01-24 13:11:01] 🔍 DEBUG:   ✨ NUEVO: V31677380
2026-01-24 13:11:01,877 - INFO - [2026-01-24 13:11:01] 🔍 DEBUG:   ✨ NUEVO: V31715635
2026-01-24 13:11:01,878 - INFO - [2026-01-24 13:11:01] 🔍 DEBUG:   ✨ NUEVO: V31715640
2026-01-24 13:11:01,879 - INFO - [2026-01-24 13:11:01] 🔍 DEBUG:   ✨ NUEVO: V31748423
2026-01-24 13:11:01,880 - INFO - [2026-01-24 13:11:01] 🔍 DEBUG:   ✨ NUEVO: V31768455
2026-01-24 13:11:01,881 - INFO - [2026-01-24 13:11:01] 🔍 DEBUG:   ✨ NUEVO: V31955614
2026-01-24 13:11:01,881 - INFO - [2026-01-24 13:11:01] 🔍 DEBUG:   ✨ NUEVO: V31955806
2026-01-24 13:11:01,882 - INFO - [2026-01-24 13:11:01] 🔍 DEBUG:   ✨ NUEVO: V32214350
2026-01-24 13:11:01,883 - INFO - [2026-01-24 13:11:01] 🔍 DEBUG:   ✨ NUEVO: V32290890
2026-01-24 13:11:01,884 - INFO - [2026-01-24 13:11:01] 🔍 DEBUG:   ✨ NUEVO: V32463087
2026-01-24 13:11:01,885 - INFO - [2026-01-24 13:11:01] 🔍 DEBUG:   ✨ NUEVO: V32689394
2026-01-24 13:11:01,886 - INFO - [2026-01-24 13:11:01] 🔍 DEBUG:   ✨ NUEVO: V32689848
2026-01-24 13:11:01,887 - INFO - [2026-01-24 13:11:01] 🔍 DEBUG:   ✨ NUEVO: V32689944
2026-01-24 13:11:01,888 - INFO - [2026-01-24 13:11:01] 🔍 DEBUG:   ✨ NUEVO: V32738479
2026-01-24 13:11:01,889 - INFO - [2026-01-24 13:11:01] 🔍 DEBUG:   ✨ NUEVO: V32896003
2026-01-24 13:11:01,890 - INFO - [2026-01-24 13:11:01] 🔍 DEBUG:   ✨ NUEVO: V32953731
2026-01-24 13:11:01,891 - INFO - [2026-01-24 13:11:01] 🔍 DEBUG:   ✨ NUEVO: V33415718
2026-01-24 13:11:01,892 - INFO - [2026-01-24 13:11:01] 🔍 DEBUG:   ✨ NUEVO: V33740692
2026-01-24 13:11:01,893 - INFO - [2026-01-24 13:11:01] 🔍 DEBUG:   ✨ NUEVO: V3414872
2026-01-24 13:11:01,894 - INFO - [2026-01-24 13:11:01] 🔍 DEBUG:   ✨ NUEVO: V3724890
2026-01-24 13:11:01,895 - INFO - [2026-01-24 13:11:01] 🔍 DEBUG:   ✨ NUEVO: V3751032
2026-01-24 13:11:01,896 - INFO - [2026-01-24 13:11:01] 🔍 DEBUG:   ✨ NUEVO: V3762987
2026-01-24 13:11:01,897 - INFO - [2026-01-24 13:11:01] 🔍 DEBUG:   ✨ NUEVO: V3797919
2026-01-24 13:11:01,898 - INFO - [2026-01-24 13:11:01] 🔍 DEBUG:   ✨ NUEVO: V3808946
2026-01-24 13:11:01,899 - INFO - [2026-01-24 13:11:01] 🔍 DEBUG:   ✨ NUEVO: V3857640
2026-01-24 13:11:01,900 - INFO - [2026-01-24 13:11:01] 🔍 DEBUG:   ✨ NUEVO: V4074910
2026-01-24 13:11:01,900 - INFO - [2026-01-24 13:11:01] 🔍 DEBUG:   ✨ NUEVO: V4182047
2026-01-24 13:11:01,901 - INFO - [2026-01-24 13:11:01] 🔍 DEBUG:   ✨ NUEVO: V4235936
2026-01-24 13:11:01,902 - INFO - [2026-01-24 13:11:01] 🔍 DEBUG:   ✨ NUEVO: V4272017
2026-01-24 13:11:01,903 - INFO - [2026-01-24 13:11:01] 🔍 DEBUG:   ✨ NUEVO: V4335346
2026-01-24 13:11:01,904 - INFO - [2026-01-24 13:11:01] 🔍 DEBUG:   ✨ NUEVO: V4372052
2026-01-24 13:11:01,905 - INFO - [2026-01-24 13:11:01] 🔍 DEBUG:   ✨ NUEVO: V4372126
2026-01-24 13:11:01,907 - INFO - [2026-01-24 13:11:01] 🔍 DEBUG:   ✨ NUEVO: V4429276
2026-01-24 13:11:01,908 - INFO - [2026-01-24 13:11:01] 🔍 DEBUG:   ✨ NUEVO: V4524181
2026-01-24 13:11:01,909 - INFO - [2026-01-24 13:11:01] 🔍 DEBUG:   ✨ NUEVO: V4626333
2026-01-24 13:11:01,909 - INFO - [2026-01-24 13:11:01] 🔍 DEBUG:   ✨ NUEVO: V4667355
2026-01-24 13:11:01,910 - INFO - [2026-01-24 13:11:01] 🔍 DEBUG:   ✨ NUEVO: V4675332
2026-01-24 13:11:01,911 - INFO - [2026-01-24 13:11:01] 🔍 DEBUG:   ✨ NUEVO: V4794001
2026-01-24 13:11:01,912 - INFO - [2026-01-24 13:11:01] 🔍 DEBUG:   ✨ NUEVO: V4849701
2026-01-24 13:11:01,913 - INFO - [2026-01-24 13:11:01] 🔍 DEBUG:   ✨ NUEVO: V4878908
2026-01-24 13:11:01,914 - INFO - [2026-01-24 13:11:01] 🔍 DEBUG:   ✨ NUEVO: V4878943
2026-01-24 13:11:01,915 - INFO - [2026-01-24 13:11:01] 🔍 DEBUG:   ✨ NUEVO: V4885415
2026-01-24 13:11:01,916 - INFO - [2026-01-24 13:11:01] 🔍 DEBUG:   ✨ NUEVO: V5001326
2026-01-24 13:11:01,917 - INFO - [2026-01-24 13:11:01] 🔍 DEBUG:   ✨ NUEVO: V5072073
2026-01-24 13:11:01,917 - INFO - [2026-01-24 13:11:01] 🔍 DEBUG:   ✨ NUEVO: V5093629
2026-01-24 13:11:01,918 - INFO - [2026-01-24 13:11:01] 🔍 DEBUG:   ✨ NUEVO: V5098352
2026-01-24 13:11:01,919 - INFO - [2026-01-24 13:11:01] 🔍 DEBUG:   ✨ NUEVO: V5098948
2026-01-24 13:11:01,920 - INFO - [2026-01-24 13:11:01] 🔍 DEBUG:   ✨ NUEVO: V5116989
2026-01-24 13:11:01,920 - INFO - [2026-01-24 13:11:01] 🔍 DEBUG:   ✨ NUEVO: V5120215
2026-01-24 13:11:01,921 - INFO - [2026-01-24 13:11:01] 🔍 DEBUG:   ✨ NUEVO: V5133344
2026-01-24 13:11:01,922 - INFO - [2026-01-24 13:11:01] 🔍 DEBUG:   ✨ NUEVO: V5217006
2026-01-24 13:11:01,923 - INFO - [2026-01-24 13:11:01] 🔍 DEBUG:   ✨ NUEVO: V5226141
2026-01-24 13:11:01,923 - INFO - [2026-01-24 13:11:01] 🔍 DEBUG:   ✨ NUEVO: V5230586
2026-01-24 13:11:01,924 - INFO - [2026-01-24 13:11:01] 🔍 DEBUG:   ✨ NUEVO: V5301347
2026-01-24 13:11:01,925 - INFO - [2026-01-24 13:11:01] 🔍 DEBUG:   ✨ NUEVO: V5370539
2026-01-24 13:11:01,925 - INFO - [2026-01-24 13:11:01] 🔍 DEBUG:   ✨ NUEVO: V5404621
2026-01-24 13:11:01,926 - INFO - [2026-01-24 13:11:01] 🔍 DEBUG:   ✨ NUEVO: V5406481
2026-01-24 13:11:01,927 - INFO - [2026-01-24 13:11:01] 🔍 DEBUG:   ✨ NUEVO: V5433912
2026-01-24 13:11:01,928 - INFO - [2026-01-24 13:11:01] 🔍 DEBUG:   ✨ NUEVO: V5525602
2026-01-24 13:11:01,928 - INFO - [2026-01-24 13:11:01] 🔍 DEBUG:   ✨ NUEVO: V5525830
2026-01-24 13:11:01,929 - INFO - [2026-01-24 13:11:01] 🔍 DEBUG:   ✨ NUEVO: V5532515
2026-01-24 13:11:01,930 - INFO - [2026-01-24 13:11:01] 🔍 DEBUG:   ✨ NUEVO: V5534402
2026-01-24 13:11:01,931 - INFO - [2026-01-24 13:11:01] 🔍 DEBUG:   ✨ NUEVO: V5571398
2026-01-24 13:11:01,931 - INFO - [2026-01-24 13:11:01] 🔍 DEBUG:   ✨ NUEVO: V5572991
2026-01-24 13:11:01,932 - INFO - [2026-01-24 13:11:01] 🔍 DEBUG:   ✨ NUEVO: V5590874
2026-01-24 13:11:01,933 - INFO - [2026-01-24 13:11:01] 🔍 DEBUG:   ✨ NUEVO: V5591318
2026-01-24 13:11:01,934 - INFO - [2026-01-24 13:11:01] 🔍 DEBUG:   ✨ NUEVO: V5603633
2026-01-24 13:11:01,934 - INFO - [2026-01-24 13:11:01] 🔍 DEBUG:   ✨ NUEVO: V5616399
2026-01-24 13:11:01,935 - INFO - [2026-01-24 13:11:01] 🔍 DEBUG:   ✨ NUEVO: V5642553
2026-01-24 13:11:01,936 - INFO - [2026-01-24 13:11:01] 🔍 DEBUG:   ✨ NUEVO: V5655862
2026-01-24 13:11:01,937 - INFO - [2026-01-24 13:11:01] 🔍 DEBUG:   ✨ NUEVO: V5693015
2026-01-24 13:11:01,937 - INFO - [2026-01-24 13:11:01] 🔍 DEBUG:   ✨ NUEVO: V5703773
2026-01-24 13:11:01,938 - INFO - [2026-01-24 13:11:01] 🔍 DEBUG:   ✨ NUEVO: V5788662
2026-01-24 13:11:01,939 - INFO - [2026-01-24 13:11:01] 🔍 DEBUG:   ✨ NUEVO: V5886210
2026-01-24 13:11:01,940 - INFO - [2026-01-24 13:11:01] 🔍 DEBUG:   ✨ NUEVO: V5962153
2026-01-24 13:11:01,940 - INFO - [2026-01-24 13:11:01] 🔍 DEBUG:   ✨ NUEVO: V5978351
2026-01-24 13:11:01,941 - INFO - [2026-01-24 13:11:01] 🔍 DEBUG:   ✨ NUEVO: V60011004154
2026-01-24 13:11:01,942 - INFO - [2026-01-24 13:11:01] 🔍 DEBUG:   ✨ NUEVO: V6018142
2026-01-24 13:11:01,943 - INFO - [2026-01-24 13:11:01] 🔍 DEBUG:   ✨ NUEVO: V6018414
2026-01-24 13:11:01,943 - INFO - [2026-01-24 13:11:01] 🔍 DEBUG:   ✨ NUEVO: V6020867
2026-01-24 13:11:01,944 - INFO - [2026-01-24 13:11:01] 🔍 DEBUG:   ✨ NUEVO: V6022683
2026-01-24 13:11:01,945 - INFO - [2026-01-24 13:11:01] 🔍 DEBUG:   ✨ NUEVO: V6027160
2026-01-24 13:11:01,946 - INFO - [2026-01-24 13:11:01] 🔍 DEBUG:   ✨ NUEVO: V6065092
2026-01-24 13:11:01,946 - INFO - [2026-01-24 13:11:01] 🔍 DEBUG:   ✨ NUEVO: V6072702
2026-01-24 13:11:01,947 - INFO - [2026-01-24 13:11:01] 🔍 DEBUG:   ✨ NUEVO: V6088929
2026-01-24 13:11:01,948 - INFO - [2026-01-24 13:11:01] 🔍 DEBUG:   ✨ NUEVO: V6096099
2026-01-24 13:11:01,949 - INFO - [2026-01-24 13:11:01] 🔍 DEBUG:   ✨ NUEVO: V6110829
2026-01-24 13:11:01,949 - INFO - [2026-01-24 13:11:01] 🔍 DEBUG:   ✨ NUEVO: V6114931
2026-01-24 13:11:01,950 - INFO - [2026-01-24 13:11:01] 🔍 DEBUG:   ✨ NUEVO: V6148060
2026-01-24 13:11:01,951 - INFO - [2026-01-24 13:11:01] 🔍 DEBUG:   ✨ NUEVO: V6148460
2026-01-24 13:11:01,952 - INFO - [2026-01-24 13:11:01] 🔍 DEBUG:   ✨ NUEVO: V6159787
2026-01-24 13:11:01,952 - INFO - [2026-01-24 13:11:01] 🔍 DEBUG:   ✨ NUEVO: V6216663
2026-01-24 13:11:01,953 - INFO - [2026-01-24 13:11:01] 🔍 DEBUG:   ✨ NUEVO: V6228552
2026-01-24 13:11:01,954 - INFO - [2026-01-24 13:11:01] 🔍 DEBUG:   ✨ NUEVO: V6261051
2026-01-24 13:11:01,955 - INFO - [2026-01-24 13:11:01] 🔍 DEBUG:   ✨ NUEVO: V6262786
2026-01-24 13:11:01,955 - INFO - [2026-01-24 13:11:01] 🔍 DEBUG:   ✨ NUEVO: V6263305
2026-01-24 13:11:01,956 - INFO - [2026-01-24 13:11:01] 🔍 DEBUG:   ✨ NUEVO: V6289011
2026-01-24 13:11:01,957 - INFO - [2026-01-24 13:11:01] 🔍 DEBUG:   ✨ NUEVO: V6319184
2026-01-24 13:11:01,957 - INFO - [2026-01-24 13:11:01] 🔍 DEBUG:   ✨ NUEVO: V6330054
2026-01-24 13:11:01,958 - INFO - [2026-01-24 13:11:01] 🔍 DEBUG:   ✨ NUEVO: V6331072
2026-01-24 13:11:01,959 - INFO - [2026-01-24 13:11:01] 🔍 DEBUG:   ✨ NUEVO: V6339425
2026-01-24 13:11:01,959 - INFO - [2026-01-24 13:11:01] 🔍 DEBUG:   ✨ NUEVO: V6342860
2026-01-24 13:11:01,960 - INFO - [2026-01-24 13:11:01] 🔍 DEBUG:   ✨ NUEVO: V6344913
2026-01-24 13:11:01,961 - INFO - [2026-01-24 13:11:01] 🔍 DEBUG:   ✨ NUEVO: V6350536 
2026-01-24 13:11:01,962 - INFO - [2026-01-24 13:11:01] 🔍 DEBUG:   ✨ NUEVO: V6372287
2026-01-24 13:11:01,962 - INFO - [2026-01-24 13:11:01] 🔍 DEBUG:   ✨ NUEVO: V6391809
2026-01-24 13:11:01,963 - INFO - [2026-01-24 13:11:01] 🔍 DEBUG:   ✨ NUEVO: V6415653
2026-01-24 13:11:01,964 - INFO - [2026-01-24 13:11:01] 🔍 DEBUG:   ✨ NUEVO: V6524643
2026-01-24 13:11:01,965 - INFO - [2026-01-24 13:11:01] 🔍 DEBUG:   ✨ NUEVO: V6558275
2026-01-24 13:11:01,965 - INFO - [2026-01-24 13:11:01] 🔍 DEBUG:   ✨ NUEVO: V6653920
2026-01-24 13:11:01,966 - INFO - [2026-01-24 13:11:01] 🔍 DEBUG:   ✨ NUEVO: V6662346
2026-01-24 13:11:01,967 - INFO - [2026-01-24 13:11:01] 🔍 DEBUG:   ✨ NUEVO: V6708224
2026-01-24 13:11:01,967 - INFO - [2026-01-24 13:11:01] 🔍 DEBUG:   ✨ NUEVO: V6732304
2026-01-24 13:11:01,968 - INFO - [2026-01-24 13:11:01] 🔍 DEBUG:   ✨ NUEVO: V6732523
2026-01-24 13:11:01,969 - INFO - [2026-01-24 13:11:01] 🔍 DEBUG:   ✨ NUEVO: V6732830
2026-01-24 13:11:01,970 - INFO - [2026-01-24 13:11:01] 🔍 DEBUG:   ✨ NUEVO: V6750277
2026-01-24 13:11:01,970 - INFO - [2026-01-24 13:11:01] 🔍 DEBUG:   ✨ NUEVO: V6792626
2026-01-24 13:11:01,971 - INFO - [2026-01-24 13:11:01] 🔍 DEBUG:   ✨ NUEVO: V6812884
2026-01-24 13:11:01,972 - INFO - [2026-01-24 13:11:01] 🔍 DEBUG:   ✨ NUEVO: V6827539
2026-01-24 13:11:01,973 - INFO - [2026-01-24 13:11:01] 🔍 DEBUG:   ✨ NUEVO: V6836172
2026-01-24 13:11:01,974 - INFO - [2026-01-24 13:11:01] 🔍 DEBUG:   ✨ NUEVO: V6836509
2026-01-24 13:11:01,975 - INFO - [2026-01-24 13:11:01] 🔍 DEBUG:   ✨ NUEVO: V6836826
2026-01-24 13:11:01,976 - INFO - [2026-01-24 13:11:01] 🔍 DEBUG:   ✨ NUEVO: V6837403
2026-01-24 13:11:01,977 - INFO - [2026-01-24 13:11:01] 🔍 DEBUG:   ✨ NUEVO: V6837573
2026-01-24 13:11:01,978 - INFO - [2026-01-24 13:11:01] 🔍 DEBUG:   ✨ NUEVO: V6837614
2026-01-24 13:11:01,979 - INFO - [2026-01-24 13:11:01] 🔍 DEBUG:   ✨ NUEVO: V6837615
2026-01-24 13:11:01,980 - INFO - [2026-01-24 13:11:01] 🔍 DEBUG:   ✨ NUEVO: V6837723
2026-01-24 13:11:01,981 - INFO - [2026-01-24 13:11:01] 🔍 DEBUG:   ✨ NUEVO: V6837823
2026-01-24 13:11:01,982 - INFO - [2026-01-24 13:11:01] 🔍 DEBUG:   ✨ NUEVO: V6837854
2026-01-24 13:11:01,983 - INFO - [2026-01-24 13:11:01] 🔍 DEBUG:   ✨ NUEVO: V6837861
2026-01-24 13:11:01,984 - INFO - [2026-01-24 13:11:01] 🔍 DEBUG:   ✨ NUEVO: V6837928
2026-01-24 13:11:01,985 - INFO - [2026-01-24 13:11:01] 🔍 DEBUG:   ✨ NUEVO: V6838033
2026-01-24 13:11:01,986 - INFO - [2026-01-24 13:11:01] 🔍 DEBUG:   ✨ NUEVO: V6838085
2026-01-24 13:11:01,987 - INFO - [2026-01-24 13:11:01] 🔍 DEBUG:   ✨ NUEVO: V6838090
2026-01-24 13:11:01,988 - INFO - [2026-01-24 13:11:01] 🔍 DEBUG:   ✨ NUEVO: V6838121
2026-01-24 13:11:01,989 - INFO - [2026-01-24 13:11:01] 🔍 DEBUG:   ✨ NUEVO: V6844540
2026-01-24 13:11:01,990 - INFO - [2026-01-24 13:11:01] 🔍 DEBUG:   ✨ NUEVO: V6844766
2026-01-24 13:11:01,990 - INFO - [2026-01-24 13:11:01] 🔍 DEBUG:   ✨ NUEVO: V6866485
2026-01-24 13:11:01,991 - INFO - [2026-01-24 13:11:01] 🔍 DEBUG:   ✨ NUEVO: V6894224
2026-01-24 13:11:01,992 - INFO - [2026-01-24 13:11:01] 🔍 DEBUG:   ✨ NUEVO: V6919046
2026-01-24 13:11:01,993 - INFO - [2026-01-24 13:11:01] 🔍 DEBUG:   ✨ NUEVO: V6926512
2026-01-24 13:11:01,993 - INFO - [2026-01-24 13:11:01] 🔍 DEBUG:   ✨ NUEVO: V6926679
2026-01-24 13:11:01,994 - INFO - [2026-01-24 13:11:01] 🔍 DEBUG:   ✨ NUEVO: V6926704
2026-01-24 13:11:01,995 - INFO - [2026-01-24 13:11:01] 🔍 DEBUG:   ✨ NUEVO: V6930008
2026-01-24 13:11:01,996 - INFO - [2026-01-24 13:11:01] 🔍 DEBUG:   ✨ NUEVO: V6966902
2026-01-24 13:11:01,997 - INFO - [2026-01-24 13:11:01] 🔍 DEBUG:   ✨ NUEVO: V6970495
2026-01-24 13:11:01,997 - INFO - [2026-01-24 13:11:01] 🔍 DEBUG:   ✨ NUEVO: V7012955
2026-01-24 13:11:01,998 - INFO - [2026-01-24 13:11:01] 🔍 DEBUG:   ✨ NUEVO: V7059527
2026-01-24 13:11:01,999 - INFO - [2026-01-24 13:11:01] 🔍 DEBUG:   ✨ NUEVO: V7086417
2026-01-24 13:11:02,000 - INFO - [2026-01-24 13:11:02] 🔍 DEBUG:   ✨ NUEVO: V7222808
2026-01-24 13:11:02,000 - INFO - [2026-01-24 13:11:02] 🔍 DEBUG:   ✨ NUEVO: V7682860
2026-01-24 13:11:02,001 - INFO - [2026-01-24 13:11:02] 🔍 DEBUG:   ✨ NUEVO: V7775814
2026-01-24 13:11:02,002 - INFO - [2026-01-24 13:11:02] 🔍 DEBUG:   ✨ NUEVO: V7864166
2026-01-24 13:11:02,003 - INFO - [2026-01-24 13:11:02] 🔍 DEBUG:   ✨ NUEVO: V7929004
2026-01-24 13:11:02,003 - INFO - [2026-01-24 13:11:02] 🔍 DEBUG:   ✨ NUEVO: V7944915
2026-01-24 13:11:02,004 - INFO - [2026-01-24 13:11:02] 🔍 DEBUG:   ✨ NUEVO: V81383696
2026-01-24 13:11:02,005 - INFO - [2026-01-24 13:11:02] 🔍 DEBUG:   ✨ NUEVO: V82127388
2026-01-24 13:11:02,006 - INFO - [2026-01-24 13:11:02] 🔍 DEBUG:   ✨ NUEVO: V82151195
2026-01-24 13:11:02,006 - INFO - [2026-01-24 13:11:02] 🔍 DEBUG:   ✨ NUEVO: V8294162
2026-01-24 13:11:02,007 - INFO - [2026-01-24 13:11:02] 🔍 DEBUG:   ✨ NUEVO: V8336645
2026-01-24 13:11:02,008 - INFO - [2026-01-24 13:11:02] 🔍 DEBUG:   ✨ NUEVO: V8394905
2026-01-24 13:11:02,009 - INFO - [2026-01-24 13:11:02] 🔍 DEBUG:   ✨ NUEVO: V8423911
2026-01-24 13:11:02,010 - INFO - [2026-01-24 13:11:02] 🔍 DEBUG:   ✨ NUEVO: V8468054
2026-01-24 13:11:02,011 - INFO - [2026-01-24 13:11:02] 🔍 DEBUG:   ✨ NUEVO: V8509427
2026-01-24 13:11:02,012 - INFO - [2026-01-24 13:11:02] 🔍 DEBUG:   ✨ NUEVO: V8748651
2026-01-24 13:11:02,013 - INFO - [2026-01-24 13:11:02] 🔍 DEBUG:   ✨ NUEVO: V8750725
2026-01-24 13:11:02,014 - INFO - [2026-01-24 13:11:02] 🔍 DEBUG:   ✨ NUEVO: V8751018
2026-01-24 13:11:02,015 - INFO - [2026-01-24 13:11:02] 🔍 DEBUG:   ✨ NUEVO: V8755504
2026-01-24 13:11:02,016 - INFO - [2026-01-24 13:11:02] 🔍 DEBUG:   ✨ NUEVO: V8758572
2026-01-24 13:11:02,017 - INFO - [2026-01-24 13:11:02] 🔍 DEBUG:   ✨ NUEVO: V8760947
2026-01-24 13:11:02,019 - INFO - [2026-01-24 13:11:02] 🔍 DEBUG:   ✨ NUEVO: V8762348
2026-01-24 13:11:02,020 - INFO - [2026-01-24 13:11:02] 🔍 DEBUG:   ✨ NUEVO: V8763211
2026-01-24 13:11:02,021 - INFO - [2026-01-24 13:11:02] 🔍 DEBUG:   ✨ NUEVO: V8763493
2026-01-24 13:11:02,022 - INFO - [2026-01-24 13:11:02] 🔍 DEBUG:   ✨ NUEVO: V8763593
2026-01-24 13:11:02,023 - INFO - [2026-01-24 13:11:02] 🔍 DEBUG:   ✨ NUEVO: V8764974
2026-01-24 13:11:02,024 - INFO - [2026-01-24 13:11:02] 🔍 DEBUG:   ✨ NUEVO: V8811375
2026-01-24 13:11:02,025 - INFO - [2026-01-24 13:11:02] 🔍 DEBUG:   ✨ NUEVO: V8929453
2026-01-24 13:11:02,026 - INFO - [2026-01-24 13:11:02] 🔍 DEBUG:   ✨ NUEVO: V9063500
2026-01-24 13:11:02,027 - INFO - [2026-01-24 13:11:02] 🔍 DEBUG:   ✨ NUEVO: V9256132
2026-01-24 13:11:02,028 - INFO - [2026-01-24 13:11:02] 🔍 DEBUG:   ✨ NUEVO: V9277445
2026-01-24 13:11:02,028 - INFO - [2026-01-24 13:11:02] 🔍 DEBUG:   ✨ NUEVO: V9355356
2026-01-24 13:11:02,029 - INFO - [2026-01-24 13:11:02] 🔍 DEBUG:   ✨ NUEVO: V9376339
2026-01-24 13:11:02,030 - INFO - [2026-01-24 13:11:02] 🔍 DEBUG:   ✨ NUEVO: V9413754
2026-01-24 13:11:02,031 - INFO - [2026-01-24 13:11:02] 🔍 DEBUG:   ✨ NUEVO: V9417612
2026-01-24 13:11:02,032 - INFO - [2026-01-24 13:11:02] 🔍 DEBUG:   ✨ NUEVO: V9446448
2026-01-24 13:11:02,034 - INFO - [2026-01-24 13:11:02] 🔍 DEBUG:   ✨ NUEVO: V9455413
2026-01-24 13:11:02,035 - INFO - [2026-01-24 13:11:02] 🔍 DEBUG:   ✨ NUEVO: V9485295
2026-01-24 13:11:02,036 - INFO - [2026-01-24 13:11:02] 🔍 DEBUG:   ✨ NUEVO: V9494001
2026-01-24 13:11:02,037 - INFO - [2026-01-24 13:11:02] 🔍 DEBUG:   ✨ NUEVO: V9562937
2026-01-24 13:11:02,038 - INFO - [2026-01-24 13:11:02] 🔍 DEBUG:   ✨ NUEVO: V96949452
2026-01-24 13:11:02,039 - INFO - [2026-01-24 13:11:02] 🔍 DEBUG:   ✨ NUEVO: V9702975
2026-01-24 13:11:02,040 - INFO - [2026-01-24 13:11:02] 🔍 DEBUG:   ✨ NUEVO: V9818409
2026-01-24 13:11:02,041 - INFO - [2026-01-24 13:11:02] 🔍 DEBUG:   ✨ NUEVO: V9832092
2026-01-24 13:11:02,042 - INFO - [2026-01-24 13:11:02] 🔍 DEBUG:   ✨ NUEVO: V9864755
2026-01-24 13:11:02,044 - INFO - [2026-01-24 13:11:02] 🔍 DEBUG:   ✨ NUEVO: V9878684
2026-01-24 13:11:02,045 - INFO - [2026-01-24 13:11:02] 🔍 DEBUG:   ✨ NUEVO: V9880682
2026-01-24 13:11:02,046 - INFO - [2026-01-24 13:11:02] 🔍 DEBUG:   ✨ NUEVO: V9881974
2026-01-24 13:11:02,048 - INFO - [2026-01-24 13:11:02] 🔍 DEBUG:   ✨ NUEVO: V9927683
2026-01-24 13:11:02,049 - INFO - [2026-01-24 13:11:02] 🔍 DEBUG:   ✨ NUEVO: V9974415
2026-01-24 13:11:02,050 - INFO - [2026-01-24 13:11:02] 🔍 DEBUG:   ✨ NUEVO: VICTOR MARTINEZ
2026-01-24 13:11:02,050 - INFO - [2026-01-24 13:11:02] 🔍 DEBUG:   ✨ NUEVO: VICTOR VALERA
2026-01-24 13:11:02,051 - INFO - [2026-01-24 13:11:02] 🔍 DEBUG:   ✨ NUEVO: WENDY AMUNDARAY
2026-01-24 13:11:02,081 - INFO - [2026-01-24 13:11:02] ℹ️ INFO: Customers: 1425 nuevos, 0 modificados, 0 eliminados
2026-01-24 13:11:02,082 - INFO - [2026-01-24 13:11:02] ℹ️ INFO: Detectando cambios en categories...
2026-01-24 13:11:02,088 - INFO - [2026-01-24 13:11:02] 🔍 DEBUG:   ✨ NUEVO: 00
2026-01-24 13:11:02,088 - INFO - [2026-01-24 13:11:02] 🔍 DEBUG:   ✨ NUEVO: 001
2026-01-24 13:11:02,089 - INFO - [2026-01-24 13:11:02] 🔍 DEBUG:   ✨ NUEVO: 002
2026-01-24 13:11:02,090 - INFO - [2026-01-24 13:11:02] 🔍 DEBUG:   ✨ NUEVO: 0-1
2026-01-24 13:11:02,091 - INFO - [2026-01-24 13:11:02] 🔍 DEBUG:   ✨ NUEVO: 01
2026-01-24 13:11:02,092 - INFO - [2026-01-24 13:11:02] 🔍 DEBUG:   ✨ NUEVO: 02
2026-01-24 13:11:02,093 - INFO - [2026-01-24 13:11:02] 🔍 DEBUG:   ✨ NUEVO: 03
2026-01-24 13:11:02,094 - INFO - [2026-01-24 13:11:02] 🔍 DEBUG:   ✨ NUEVO: 04
2026-01-24 13:11:02,095 - INFO - [2026-01-24 13:11:02] 🔍 DEBUG:   ✨ NUEVO: 05
2026-01-24 13:11:02,096 - INFO - [2026-01-24 13:11:02] 🔍 DEBUG:   ✨ NUEVO: 06
2026-01-24 13:11:02,097 - INFO - [2026-01-24 13:11:02] 🔍 DEBUG:   ✨ NUEVO: 07
2026-01-24 13:11:02,098 - INFO - [2026-01-24 13:11:02] 🔍 DEBUG:   ✨ NUEVO: IMP
2026-01-24 13:11:02,098 - INFO - [2026-01-24 13:11:02] 🔍 DEBUG:   ✨ NUEVO: INV
2026-01-24 13:11:02,099 - INFO - [2026-01-24 13:11:02] 🔍 DEBUG:   ✨ NUEVO: NV
2026-01-24 13:11:02,100 - INFO - [2026-01-24 13:11:02] 🔍 DEBUG:   ✨ NUEVO: PUSA
2026-01-24 13:11:02,101 - INFO - [2026-01-24 13:11:02] 🔍 DEBUG:   ✨ NUEVO: R1
2026-01-24 13:11:02,101 - INFO - [2026-01-24 13:11:02] 🔍 DEBUG:   ✨ NUEVO: R2
2026-01-24 13:11:02,102 - INFO - [2026-01-24 13:11:02] 🔍 DEBUG:   ✨ NUEVO: R3
2026-01-24 13:11:02,103 - INFO - [2026-01-24 13:11:02] 🔍 DEBUG:   ✨ NUEVO: R4
2026-01-24 13:11:02,103 - INFO - [2026-01-24 13:11:02] 🔍 DEBUG:   ✨ NUEVO: R5
2026-01-24 13:11:02,104 - INFO - [2026-01-24 13:11:02] 🔍 DEBUG:   ✨ NUEVO: R6
2026-01-24 13:11:02,105 - INFO - [2026-01-24 13:11:02] 🔍 DEBUG:   ✨ NUEVO: SA
2026-01-24 13:11:02,106 - INFO - [2026-01-24 13:11:02] 🔍 DEBUG:   ✨ NUEVO: SN
2026-01-24 13:11:02,106 - INFO - [2026-01-24 13:11:02] 🔍 DEBUG:   ✨ NUEVO: TB
2026-01-24 13:11:02,107 - INFO - [2026-01-24 13:11:02] 🔍 DEBUG:   ✨ NUEVO: TP
2026-01-24 13:11:02,108 - INFO - [2026-01-24 13:11:02] 🔍 DEBUG:   ✨ NUEVO: TRM
2026-01-24 13:11:02,109 - INFO - [2026-01-24 13:11:02] ℹ️ INFO: Categories: 26 nuevos, 0 modificados, 0 eliminados
2026-01-24 13:11:02,109 - INFO - [2026-01-24 13:11:02] ℹ️ INFO: Detectando cambios en quotes (MySQL → PostgreSQL)...
2026-01-24 13:11:02,248 - INFO - [2026-01-24 13:11:02] ℹ️ INFO: Quotes: 0 nuevos, 0 modificados
2026-01-24 13:11:02,248 - INFO - [2026-01-24 13:11:02] ℹ️ INFO: 
2026-01-24 13:11:02,248 - INFO - [2026-01-24 13:11:02] ℹ️ INFO: 📦 SINCRONIZANDO CATEGORIES...
2026-01-24 13:11:02,248 - INFO - [2026-01-24 13:11:02] ℹ️ INFO: Sincronizando cambios de categories a MySQL...
2026-01-24 13:11:02,386 - ERROR - [2026-01-24 13:11:02] ❌ ERROR: Error sincronizando categories a MySQL: 1452 (23000): Cannot add or update a child row: a foreign key constraint fails (`chrystal_movil`.`categories`, CONSTRAINT `categories_company_id_foreign` FOREIGN KEY (`company_id`) REFERENCES `companies` (`id`) ON DELETE CASCADE)
2026-01-24 13:11:02,386 - INFO - [2026-01-24 13:11:02] ℹ️ INFO: 
2026-01-24 13:11:02,386 - INFO - [2026-01-24 13:11:02] ℹ️ INFO: 📦 SINCRONIZANDO PRODUCTS...
2026-01-24 13:11:02,386 - INFO - [2026-01-24 13:11:02] ℹ️ INFO: Sincronizando changes de products a MySQL...
2026-01-24 13:11:02,524 - WARNING - [2026-01-24 13:11:02] ⚠️ ADVERTENCIA:   ⚠️ Product 001 omitido: categoría 'TRM' no existe en MySQL
2026-01-24 13:11:02,524 - WARNING - [2026-01-24 13:11:02] ⚠️ ADVERTENCIA:   ⚠️ Product 002 omitido: categoría 'TRM' no existe en MySQL
2026-01-24 13:11:02,524 - WARNING - [2026-01-24 13:11:02] ⚠️ ADVERTENCIA:   ⚠️ Product 003 omitido: categoría 'TB' no existe en MySQL
2026-01-24 13:11:02,524 - WARNING - [2026-01-24 13:11:02] ⚠️ ADVERTENCIA:   ⚠️ Product 004 omitido: categoría 'TB' no existe en MySQL
2026-01-24 13:11:02,525 - WARNING - [2026-01-24 13:11:02] ⚠️ ADVERTENCIA:   ⚠️ Product 0040962166604 omitido: categoría '07' no existe en MySQL
2026-01-24 13:11:02,525 - WARNING - [2026-01-24 13:11:02] ⚠️ ADVERTENCIA:   ⚠️ Product 005 omitido: categoría 'TB' no existe en MySQL
2026-01-24 13:11:02,525 - WARNING - [2026-01-24 13:11:02] ⚠️ ADVERTENCIA:   ⚠️ Product 006 omitido: categoría 'TB' no existe en MySQL
2026-01-24 13:11:02,525 - WARNING - [2026-01-24 13:11:02] ⚠️ ADVERTENCIA:   ⚠️ Product 007 omitido: categoría 'TB' no existe en MySQL
2026-01-24 13:11:02,525 - WARNING - [2026-01-24 13:11:02] ⚠️ ADVERTENCIA:   ⚠️ Product 008 omitido: categoría 'TRM' no existe en MySQL
2026-01-24 13:11:02,525 - WARNING - [2026-01-24 13:11:02] ⚠️ ADVERTENCIA:   ⚠️ Product 009 omitido: categoría 'TRM' no existe en MySQL
2026-01-24 13:11:02,525 - WARNING - [2026-01-24 13:11:02] ⚠️ ADVERTENCIA:   ⚠️ Product 01 omitido: categoría '01' no existe en MySQL
2026-01-24 13:11:02,525 - WARNING - [2026-01-24 13:11:02] ⚠️ ADVERTENCIA:   ⚠️ Product 010 omitido: categoría 'TRM' no existe en MySQL
2026-01-24 13:11:02,526 - WARNING - [2026-01-24 13:11:02] ⚠️ ADVERTENCIA:   ⚠️ Product 011 omitido: categoría 'TRM' no existe en MySQL
2026-01-24 13:11:02,526 - WARNING - [2026-01-24 13:11:02] ⚠️ ADVERTENCIA:   ⚠️ Product 012 omitido: categoría 'TRM' no existe en MySQL
2026-01-24 13:11:02,526 - WARNING - [2026-01-24 13:11:02] ⚠️ ADVERTENCIA:   ⚠️ Product 013 omitido: categoría 'TRM' no existe en MySQL
2026-01-24 13:11:02,526 - WARNING - [2026-01-24 13:11:02] ⚠️ ADVERTENCIA:   ⚠️ Product 0137137400038 omitido: categoría '03' no existe en MySQL
2026-01-24 13:11:02,526 - WARNING - [2026-01-24 13:11:02] ⚠️ ADVERTENCIA:   ⚠️ Product 0137137400068 omitido: categoría '01' no existe en MySQL
2026-01-24 13:11:02,526 - WARNING - [2026-01-24 13:11:02] ⚠️ ADVERTENCIA:   ⚠️ Product 014 omitido: categoría 'TRM' no existe en MySQL
2026-01-24 13:11:02,526 - WARNING - [2026-01-24 13:11:02] ⚠️ ADVERTENCIA:   ⚠️ Product 015 omitido: categoría 'TB' no existe en MySQL
2026-01-24 13:11:02,526 - WARNING - [2026-01-24 13:11:02] ⚠️ ADVERTENCIA:   ⚠️ Product 016 omitido: categoría '002' no existe en MySQL
2026-01-24 13:11:02,526 - WARNING - [2026-01-24 13:11:02] ⚠️ ADVERTENCIA:   ⚠️ Product 017 omitido: categoría 'SA' no existe en MySQL
2026-01-24 13:11:02,527 - WARNING - [2026-01-24 13:11:02] ⚠️ ADVERTENCIA:   ⚠️ Product 018 omitido: categoría 'SA' no existe en MySQL
2026-01-24 13:11:02,527 - WARNING - [2026-01-24 13:11:02] ⚠️ ADVERTENCIA:   ⚠️ Product 019 omitido: categoría 'SA' no existe en MySQL
2026-01-24 13:11:02,527 - WARNING - [2026-01-24 13:11:02] ⚠️ ADVERTENCIA:   ⚠️ Product 02 omitido: categoría '01' no existe en MySQL
2026-01-24 13:11:02,527 - WARNING - [2026-01-24 13:11:02] ⚠️ ADVERTENCIA:   ⚠️ Product 020 omitido: categoría 'SA' no existe en MySQL
2026-01-24 13:11:02,527 - WARNING - [2026-01-24 13:11:02] ⚠️ ADVERTENCIA:   ⚠️ Product 02004 omitido: categoría '07' no existe en MySQL
2026-01-24 13:11:02,527 - WARNING - [2026-01-24 13:11:02] ⚠️ ADVERTENCIA:   ⚠️ Product 021 omitido: categoría 'SA' no existe en MySQL
2026-01-24 13:11:02,527 - WARNING - [2026-01-24 13:11:02] ⚠️ ADVERTENCIA:   ⚠️ Product 022 omitido: categoría 'SA' no existe en MySQL
2026-01-24 13:11:02,527 - WARNING - [2026-01-24 13:11:02] ⚠️ ADVERTENCIA:   ⚠️ Product 023 omitido: categoría '002' no existe en MySQL
2026-01-24 13:11:02,527 - WARNING - [2026-01-24 13:11:02] ⚠️ ADVERTENCIA:   ⚠️ Product 024 omitido: categoría '002' no existe en MySQL
2026-01-24 13:11:02,528 - WARNING - [2026-01-24 13:11:02] ⚠️ ADVERTENCIA:   ⚠️ Product 025 omitido: categoría '002' no existe en MySQL
2026-01-24 13:11:02,528 - WARNING - [2026-01-24 13:11:02] ⚠️ ADVERTENCIA:   ⚠️ Product 026 omitido: categoría '002' no existe en MySQL
2026-01-24 13:11:02,528 - WARNING - [2026-01-24 13:11:02] ⚠️ ADVERTENCIA:   ⚠️ Product 027 omitido: categoría '002' no existe en MySQL
2026-01-24 13:11:02,528 - WARNING - [2026-01-24 13:11:02] ⚠️ ADVERTENCIA:   ⚠️ Product 028 omitido: categoría '02' no existe en MySQL
2026-01-24 13:11:02,528 - WARNING - [2026-01-24 13:11:02] ⚠️ ADVERTENCIA:   ⚠️ Product 029 omitido: categoría '07' no existe en MySQL
2026-01-24 13:11:02,528 - WARNING - [2026-01-24 13:11:02] ⚠️ ADVERTENCIA:   ⚠️ Product 030 omitido: categoría 'TB' no existe en MySQL
2026-01-24 13:11:02,528 - WARNING - [2026-01-24 13:11:02] ⚠️ ADVERTENCIA:   ⚠️ Product 031 omitido: categoría '002' no existe en MySQL
2026-01-24 13:11:02,528 - WARNING - [2026-01-24 13:11:02] ⚠️ ADVERTENCIA:   ⚠️ Product 031655531908 omitido: categoría 'PUSA' no existe en MySQL
2026-01-24 13:11:02,528 - WARNING - [2026-01-24 13:11:02] ⚠️ ADVERTENCIA:   ⚠️ Product 032 omitido: categoría '002' no existe en MySQL
2026-01-24 13:11:02,528 - WARNING - [2026-01-24 13:11:02] ⚠️ ADVERTENCIA:   ⚠️ Product 033 omitido: categoría 'SN' no existe en MySQL
2026-01-24 13:11:02,529 - WARNING - [2026-01-24 13:11:02] ⚠️ ADVERTENCIA:   ⚠️ Product 034 omitido: categoría 'SN' no existe en MySQL
2026-01-24 13:11:02,529 - WARNING - [2026-01-24 13:11:02] ⚠️ ADVERTENCIA:   ⚠️ Product 035 omitido: categoría 'TRM' no existe en MySQL
2026-01-24 13:11:02,529 - WARNING - [2026-01-24 13:11:02] ⚠️ ADVERTENCIA:   ⚠️ Product 036 omitido: categoría 'TB' no existe en MySQL
2026-01-24 13:11:02,529 - WARNING - [2026-01-24 13:11:02] ⚠️ ADVERTENCIA:   ⚠️ Product 037 omitido: categoría '07' no existe en MySQL
2026-01-24 13:11:02,529 - WARNING - [2026-01-24 13:11:02] ⚠️ ADVERTENCIA:   ⚠️ Product 038 omitido: categoría '07' no existe en MySQL
2026-01-24 13:11:02,529 - WARNING - [2026-01-24 13:11:02] ⚠️ ADVERTENCIA:   ⚠️ Product 039 omitido: categoría '07' no existe en MySQL
2026-01-24 13:11:02,529 - WARNING - [2026-01-24 13:11:02] ⚠️ ADVERTENCIA:   ⚠️ Product 040 omitido: categoría '002' no existe en MySQL
2026-01-24 13:11:02,529 - WARNING - [2026-01-24 13:11:02] ⚠️ ADVERTENCIA:   ⚠️ Product 041 omitido: categoría '002' no existe en MySQL
2026-01-24 13:11:02,530 - WARNING - [2026-01-24 13:11:02] ⚠️ ADVERTENCIA:   ⚠️ Product 042 omitido: categoría '002' no existe en MySQL
2026-01-24 13:11:02,530 - WARNING - [2026-01-24 13:11:02] ⚠️ ADVERTENCIA:   ⚠️ Product 043 omitido: categoría '002' no existe en MySQL
2026-01-24 13:11:02,530 - WARNING - [2026-01-24 13:11:02] ⚠️ ADVERTENCIA:   ⚠️ Product 044 omitido: categoría '002' no existe en MySQL
2026-01-24 13:11:02,530 - WARNING - [2026-01-24 13:11:02] ⚠️ ADVERTENCIA:   ⚠️ Product 045 omitido: categoría 'INV' no existe en MySQL
2026-01-24 13:11:02,530 - WARNING - [2026-01-24 13:11:02] ⚠️ ADVERTENCIA:   ⚠️ Product 046 omitido: categoría 'IMP' no existe en MySQL
2026-01-24 13:11:02,530 - WARNING - [2026-01-24 13:11:02] ⚠️ ADVERTENCIA:   ⚠️ Product 046500017919 omitido: categoría '001' no existe en MySQL
2026-01-24 13:11:02,530 - WARNING - [2026-01-24 13:11:02] ⚠️ ADVERTENCIA:   ⚠️ Product 046500761911 omitido: categoría '001' no existe en MySQL
2026-01-24 13:11:02,530 - WARNING - [2026-01-24 13:11:02] ⚠️ ADVERTENCIA:   ⚠️ Product 047 omitido: categoría 'IMP' no existe en MySQL
2026-01-24 13:11:02,530 - WARNING - [2026-01-24 13:11:02] ⚠️ ADVERTENCIA:   ⚠️ Product 048 omitido: categoría 'IMP' no existe en MySQL
2026-01-24 13:11:02,530 - WARNING - [2026-01-24 13:11:02] ⚠️ ADVERTENCIA:   ⚠️ Product 049 omitido: categoría '002' no existe en MySQL
2026-01-24 13:11:02,531 - WARNING - [2026-01-24 13:11:02] ⚠️ ADVERTENCIA:   ⚠️ Product 050 omitido: categoría 'IMP' no existe en MySQL
2026-01-24 13:11:02,531 - WARNING - [2026-01-24 13:11:02] ⚠️ ADVERTENCIA:   ⚠️ Product 051 omitido: categoría 'IMP' no existe en MySQL
2026-01-24 13:11:02,531 - WARNING - [2026-01-24 13:11:02] ⚠️ ADVERTENCIA:   ⚠️ Product 052 omitido: categoría 'IMP' no existe en MySQL
2026-01-24 13:11:02,531 - WARNING - [2026-01-24 13:11:02] ⚠️ ADVERTENCIA:   ⚠️ Product 053 omitido: categoría 'IMP' no existe en MySQL
2026-01-24 13:11:02,531 - WARNING - [2026-01-24 13:11:02] ⚠️ ADVERTENCIA:   ⚠️ Product 054 omitido: categoría 'TRM' no existe en MySQL
2026-01-24 13:11:02,531 - WARNING - [2026-01-24 13:11:02] ⚠️ ADVERTENCIA:   ⚠️ Product 055 omitido: categoría '07' no existe en MySQL
2026-01-24 13:11:02,531 - WARNING - [2026-01-24 13:11:02] ⚠️ ADVERTENCIA:   ⚠️ Product 056 omitido: categoría '002' no existe en MySQL
2026-01-24 13:11:02,531 - WARNING - [2026-01-24 13:11:02] ⚠️ ADVERTENCIA:   ⚠️ Product 057 omitido: categoría '002' no existe en MySQL
2026-01-24 13:11:02,531 - WARNING - [2026-01-24 13:11:02] ⚠️ ADVERTENCIA:   ⚠️ Product 058 omitido: categoría 'TB' no existe en MySQL
2026-01-24 13:11:02,531 - WARNING - [2026-01-24 13:11:02] ⚠️ ADVERTENCIA:   ⚠️ Product 059 omitido: categoría '002' no existe en MySQL
2026-01-24 13:11:02,532 - WARNING - [2026-01-24 13:11:02] ⚠️ ADVERTENCIA:   ⚠️ Product 060 omitido: categoría '002' no existe en MySQL
2026-01-24 13:11:02,532 - WARNING - [2026-01-24 13:11:02] ⚠️ ADVERTENCIA:   ⚠️ Product 061 omitido: categoría 'NV' no existe en MySQL
2026-01-24 13:11:02,532 - WARNING - [2026-01-24 13:11:02] ⚠️ ADVERTENCIA:   ⚠️ Product 064 omitido: categoría '002' no existe en MySQL
2026-01-24 13:11:02,532 - WARNING - [2026-01-24 13:11:02] ⚠️ ADVERTENCIA:   ⚠️ Product 065 omitido: categoría '002' no existe en MySQL
2026-01-24 13:11:02,532 - WARNING - [2026-01-24 13:11:02] ⚠️ ADVERTENCIA:   ⚠️ Product 0651536393441 omitido: categoría '07' no existe en MySQL
2026-01-24 13:11:02,532 - WARNING - [2026-01-24 13:11:02] ⚠️ ADVERTENCIA:   ⚠️ Product 066 omitido: categoría '01' no existe en MySQL
2026-01-24 13:11:02,532 - WARNING - [2026-01-24 13:11:02] ⚠️ ADVERTENCIA:   ⚠️ Product 067 omitido: categoría 'TB' no existe en MySQL
2026-01-24 13:11:02,532 - WARNING - [2026-01-24 13:11:02] ⚠️ ADVERTENCIA:   ⚠️ Product 068 omitido: categoría 'TB' no existe en MySQL
2026-01-24 13:11:02,532 - WARNING - [2026-01-24 13:11:02] ⚠️ ADVERTENCIA:   ⚠️ Product 069 omitido: categoría '002' no existe en MySQL
2026-01-24 13:11:02,533 - WARNING - [2026-01-24 13:11:02] ⚠️ ADVERTENCIA:   ⚠️ Product 070 omitido: categoría 'TB' no existe en MySQL
2026-01-24 13:11:02,533 - WARNING - [2026-01-24 13:11:02] ⚠️ ADVERTENCIA:   ⚠️ Product 071 omitido: categoría 'TB' no existe en MySQL
2026-01-24 13:11:02,533 - WARNING - [2026-01-24 13:11:02] ⚠️ ADVERTENCIA:   ⚠️ Product 071641300019 omitido: categoría '07' no existe en MySQL
2026-01-24 13:11:02,533 - WARNING - [2026-01-24 13:11:02] ⚠️ ADVERTENCIA:   ⚠️ Product 072 omitido: categoría 'TB' no existe en MySQL
2026-01-24 13:11:02,533 - WARNING - [2026-01-24 13:11:02] ⚠️ ADVERTENCIA:   ⚠️ Product 073 omitido: categoría 'TB' no existe en MySQL
2026-01-24 13:11:02,533 - WARNING - [2026-01-24 13:11:02] ⚠️ ADVERTENCIA:   ⚠️ Product 074 omitido: categoría '002' no existe en MySQL
2026-01-24 13:11:02,533 - WARNING - [2026-01-24 13:11:02] ⚠️ ADVERTENCIA:   ⚠️ Product 075 omitido: categoría '002' no existe en MySQL
2026-01-24 13:11:02,533 - WARNING - [2026-01-24 13:11:02] ⚠️ ADVERTENCIA:   ⚠️ Product 076 omitido: categoría '002' no existe en MySQL
2026-01-24 13:11:02,533 - WARNING - [2026-01-24 13:11:02] ⚠️ ADVERTENCIA:   ⚠️ Product 077 omitido: categoría '002' no existe en MySQL
2026-01-24 13:11:02,534 - WARNING - [2026-01-24 13:11:02] ⚠️ ADVERTENCIA:   ⚠️ Product 078 omitido: categoría '002' no existe en MySQL
2026-01-24 13:11:02,534 - WARNING - [2026-01-24 13:11:02] ⚠️ ADVERTENCIA:   ⚠️ Product 079 omitido: categoría '002' no existe en MySQL
2026-01-24 13:11:02,534 - WARNING - [2026-01-24 13:11:02] ⚠️ ADVERTENCIA:   ⚠️ Product 080 omitido: categoría 'IMP' no existe en MySQL
2026-01-24 13:11:02,534 - WARNING - [2026-01-24 13:11:02] ⚠️ ADVERTENCIA:   ⚠️ Product 081 omitido: categoría 'SA' no existe en MySQL
2026-01-24 13:11:02,534 - WARNING - [2026-01-24 13:11:02] ⚠️ ADVERTENCIA:   ⚠️ Product 083 omitido: categoría 'SN' no existe en MySQL
2026-01-24 13:11:02,534 - WARNING - [2026-01-24 13:11:02] ⚠️ ADVERTENCIA:   ⚠️ Product 084 omitido: categoría 'SN' no existe en MySQL
2026-01-24 13:11:02,534 - WARNING - [2026-01-24 13:11:02] ⚠️ ADVERTENCIA:   ⚠️ Product 085 omitido: categoría 'SN' no existe en MySQL
2026-01-24 13:11:02,534 - WARNING - [2026-01-24 13:11:02] ⚠️ ADVERTENCIA:   ⚠️ Product 086 omitido: categoría 'SN' no existe en MySQL
2026-01-24 13:11:02,534 - WARNING - [2026-01-24 13:11:02] ⚠️ ADVERTENCIA:   ⚠️ Product 087 omitido: categoría 'SN' no existe en MySQL
2026-01-24 13:11:02,535 - WARNING - [2026-01-24 13:11:02] ⚠️ ADVERTENCIA:   ⚠️ Product 088 omitido: categoría 'SN' no existe en MySQL
2026-01-24 13:11:02,535 - WARNING - [2026-01-24 13:11:02] ⚠️ ADVERTENCIA:   ⚠️ Product 089 omitido: categoría 'TB' no existe en MySQL
2026-01-24 13:11:02,535 - WARNING - [2026-01-24 13:11:02] ⚠️ ADVERTENCIA:   ⚠️ Product 090 omitido: categoría 'TB' no existe en MySQL
2026-01-24 13:11:02,535 - WARNING - [2026-01-24 13:11:02] ⚠️ ADVERTENCIA:   ⚠️ Product 091 omitido: categoría 'TB' no existe en MySQL
2026-01-24 13:11:02,535 - WARNING - [2026-01-24 13:11:02] ⚠️ ADVERTENCIA:   ⚠️ Product 092 omitido: categoría '002' no existe en MySQL
2026-01-24 13:11:02,535 - WARNING - [2026-01-24 13:11:02] ⚠️ ADVERTENCIA:   ⚠️ Product 093 omitido: categoría '002' no existe en MySQL
2026-01-24 13:11:02,535 - WARNING - [2026-01-24 13:11:02] ⚠️ ADVERTENCIA:   ⚠️ Product 094 omitido: categoría '002' no existe en MySQL
2026-01-24 13:11:02,535 - WARNING - [2026-01-24 13:11:02] ⚠️ ADVERTENCIA:   ⚠️ Product 095 omitido: categoría '002' no existe en MySQL
2026-01-24 13:11:02,535 - WARNING - [2026-01-24 13:11:02] ⚠️ ADVERTENCIA:   ⚠️ Product 096 omitido: categoría 'TB' no existe en MySQL
2026-01-24 13:11:02,535 - WARNING - [2026-01-24 13:11:02] ⚠️ ADVERTENCIA:   ⚠️ Product 097 omitido: categoría 'TB' no existe en MySQL
2026-01-24 13:11:02,536 - WARNING - [2026-01-24 13:11:02] ⚠️ ADVERTENCIA:   ⚠️ Product 098 omitido: categoría 'TB' no existe en MySQL
2026-01-24 13:11:02,536 - WARNING - [2026-01-24 13:11:02] ⚠️ ADVERTENCIA:   ⚠️ Product 099 omitido: categoría 'TB' no existe en MySQL
2026-01-24 13:11:02,536 - WARNING - [2026-01-24 13:11:02] ⚠️ ADVERTENCIA:   ⚠️ Product 100 omitido: categoría 'TB' no existe en MySQL
2026-01-24 13:11:02,536 - WARNING - [2026-01-24 13:11:02] ⚠️ ADVERTENCIA:   ⚠️ Product 101 omitido: categoría 'TB' no existe en MySQL
2026-01-24 13:11:02,536 - WARNING - [2026-01-24 13:11:02] ⚠️ ADVERTENCIA:   ⚠️ Product 10100000106 omitido: categoría '03' no existe en MySQL
2026-01-24 13:11:02,536 - WARNING - [2026-01-24 13:11:02] ⚠️ ADVERTENCIA:   ⚠️ Product 10100000203 omitido: categoría '03' no existe en MySQL
2026-01-24 13:11:02,536 - WARNING - [2026-01-24 13:11:02] ⚠️ ADVERTENCIA:   ⚠️ Product 102 omitido: categoría 'TB' no existe en MySQL
2026-01-24 13:11:02,536 - WARNING - [2026-01-24 13:11:02] ⚠️ ADVERTENCIA:   ⚠️ Product 103 omitido: categoría 'TB' no existe en MySQL
2026-01-24 13:11:02,536 - WARNING - [2026-01-24 13:11:02] ⚠️ ADVERTENCIA:   ⚠️ Product 104 omitido: categoría '01' no existe en MySQL
2026-01-24 13:11:02,537 - WARNING - [2026-01-24 13:11:02] ⚠️ ADVERTENCIA:   ⚠️ Product 105 omitido: categoría 'IMP' no existe en MySQL
2026-01-24 13:11:02,537 - WARNING - [2026-01-24 13:11:02] ⚠️ ADVERTENCIA:   ⚠️ Product 106 omitido: categoría 'IMP' no existe en MySQL
2026-01-24 13:11:02,537 - WARNING - [2026-01-24 13:11:02] ⚠️ ADVERTENCIA:   ⚠️ Product 107 omitido: categoría 'IMP' no existe en MySQL
2026-01-24 13:11:02,537 - WARNING - [2026-01-24 13:11:02] ⚠️ ADVERTENCIA:   ⚠️ Product 108 omitido: categoría '002' no existe en MySQL
2026-01-24 13:11:02,537 - WARNING - [2026-01-24 13:11:02] ⚠️ ADVERTENCIA:   ⚠️ Product 109 omitido: categoría '002' no existe en MySQL
2026-01-24 13:11:02,537 - WARNING - [2026-01-24 13:11:02] ⚠️ ADVERTENCIA:   ⚠️ Product 110 omitido: categoría '002' no existe en MySQL
2026-01-24 13:11:02,537 - WARNING - [2026-01-24 13:11:02] ⚠️ ADVERTENCIA:   ⚠️ Product 111 omitido: categoría '002' no existe en MySQL
2026-01-24 13:11:02,537 - WARNING - [2026-01-24 13:11:02] ⚠️ ADVERTENCIA:   ⚠️ Product 113 omitido: categoría '002' no existe en MySQL
2026-01-24 13:11:02,537 - WARNING - [2026-01-24 13:11:02] ⚠️ ADVERTENCIA:   ⚠️ Product 114 omitido: categoría '01' no existe en MySQL
2026-01-24 13:11:02,538 - WARNING - [2026-01-24 13:11:02] ⚠️ ADVERTENCIA:   ⚠️ Product 115 omitido: categoría '002' no existe en MySQL
2026-01-24 13:11:02,538 - WARNING - [2026-01-24 13:11:02] ⚠️ ADVERTENCIA:   ⚠️ Product 119 omitido: categoría '002' no existe en MySQL
2026-01-24 13:11:02,538 - WARNING - [2026-01-24 13:11:02] ⚠️ ADVERTENCIA:   ⚠️ Product 16042002 omitido: categoría '07' no existe en MySQL
2026-01-24 13:11:02,538 - WARNING - [2026-01-24 13:11:02] ⚠️ ADVERTENCIA:   ⚠️ Product 1666141661112 omitido: categoría '001' no existe en MySQL
2026-01-24 13:11:02,538 - WARNING - [2026-01-24 13:11:02] ⚠️ ADVERTENCIA:   ⚠️ Product 194252151037 omitido: categoría '01' no existe en MySQL
2026-01-24 13:11:02,538 - WARNING - [2026-01-24 13:11:02] ⚠️ ADVERTENCIA:   ⚠️ Product 194850587290 omitido: categoría '07' no existe en MySQL
2026-01-24 13:11:02,538 - WARNING - [2026-01-24 13:11:02] ⚠️ ADVERTENCIA:   ⚠️ Product 2001800043000 omitido: categoría '01' no existe en MySQL
2026-01-24 13:11:02,538 - WARNING - [2026-01-24 13:11:02] ⚠️ ADVERTENCIA:   ⚠️ Product 2064U omitido: categoría '01' no existe en MySQL
2026-01-24 13:11:02,538 - WARNING - [2026-01-24 13:11:02] ⚠️ ADVERTENCIA:   ⚠️ Product 2190PAM1 omitido: categoría '07' no existe en MySQL
2026-01-24 13:11:02,539 - WARNING - [2026-01-24 13:11:02] ⚠️ ADVERTENCIA:   ⚠️ Product 2467574075480 omitido: categoría '07' no existe en MySQL
2026-01-24 13:11:02,539 - WARNING - [2026-01-24 13:11:02] ⚠️ ADVERTENCIA:   ⚠️ Product 3303201707318 omitido: categoría '03' no existe en MySQL
2026-01-24 13:11:02,539 - WARNING - [2026-01-24 13:11:02] ⚠️ ADVERTENCIA:   ⚠️ Product 41250.51 omitido: categoría '07' no existe en MySQL
2026-01-24 13:11:02,539 - WARNING - [2026-01-24 13:11:02] ⚠️ ADVERTENCIA:   ⚠️ Product 4443436520173 omitido: categoría '03' no existe en MySQL
2026-01-24 13:11:02,539 - WARNING - [2026-01-24 13:11:02] ⚠️ ADVERTENCIA:   ⚠️ Product 4650125480155 omitido: categoría '0-1' no existe en MySQL
2026-01-24 13:11:02,539 - WARNING - [2026-01-24 13:11:02] ⚠️ ADVERTENCIA:   ⚠️ Product 4712927861874 omitido: categoría '01' no existe en MySQL
2026-01-24 13:11:02,539 - WARNING - [2026-01-24 13:11:02] ⚠️ ADVERTENCIA:   ⚠️ Product 47661800763561 omitido: categoría '07' no existe en MySQL
2026-01-24 13:11:02,539 - WARNING - [2026-01-24 13:11:02] ⚠️ ADVERTENCIA:   ⚠️ Product 4786234500641 omitido: categoría '07' no existe en MySQL
2026-01-24 13:11:02,539 - WARNING - [2026-01-24 13:11:02] ⚠️ ADVERTENCIA:   ⚠️ Product 4786234500658 omitido: categoría '07' no existe en MySQL
2026-01-24 13:11:02,540 - WARNING - [2026-01-24 13:11:02] ⚠️ ADVERTENCIA:   ⚠️ Product 4891199136313 omitido: categoría '03' no existe en MySQL
2026-01-24 13:11:02,540 - WARNING - [2026-01-24 13:11:02] ⚠️ ADVERTENCIA:   ⚠️ Product 4891199145773 omitido: categoría '03' no existe en MySQL
2026-01-24 13:11:02,540 - WARNING - [2026-01-24 13:11:02] ⚠️ ADVERTENCIA:   ⚠️ Product 5469840256681 omitido: categoría '05' no existe en MySQL
2026-01-24 13:11:02,540 - WARNING - [2026-01-24 13:11:02] ⚠️ ADVERTENCIA:   ⚠️ Product 569 omitido: categoría '01' no existe en MySQL
2026-01-24 13:11:02,540 - WARNING - [2026-01-24 13:11:02] ⚠️ ADVERTENCIA:   ⚠️ Product 57X38 MM omitido: categoría '07' no existe en MySQL
2026-01-24 13:11:02,540 - WARNING - [2026-01-24 13:11:02] ⚠️ ADVERTENCIA:   ⚠️ Product 5-A omitido: categoría '03' no existe en MySQL
2026-01-24 13:11:02,540 - WARNING - [2026-01-24 13:11:02] ⚠️ ADVERTENCIA:   ⚠️ Product 6085010044712 omitido: categoría 'PUSA' no existe en MySQL
2026-01-24 13:11:02,540 - WARNING - [2026-01-24 13:11:02] ⚠️ ADVERTENCIA:   ⚠️ Product 6085010094182 omitido: categoría 'PUSA' no existe en MySQL
2026-01-24 13:11:02,540 - WARNING - [2026-01-24 13:11:02] ⚠️ ADVERTENCIA:   ⚠️ Product 6290171002338 omitido: categoría 'PUSA' no existe en MySQL
2026-01-24 13:11:02,541 - WARNING - [2026-01-24 13:11:02] ⚠️ ADVERTENCIA:   ⚠️ Product 6290171072591 omitido: categoría 'PUSA' no existe en MySQL
2026-01-24 13:11:02,541 - WARNING - [2026-01-24 13:11:02] ⚠️ ADVERTENCIA:   ⚠️ Product 6290171072836 omitido: categoría 'PUSA' no existe en MySQL
2026-01-24 13:11:02,541 - WARNING - [2026-01-24 13:11:02] ⚠️ ADVERTENCIA:   ⚠️ Product 6291100137565 omitido: categoría 'PUSA' no existe en MySQL
2026-01-24 13:11:02,541 - WARNING - [2026-01-24 13:11:02] ⚠️ ADVERTENCIA:   ⚠️ Product 6291108730317 omitido: categoría 'PUSA' no existe en MySQL
2026-01-24 13:11:02,541 - WARNING - [2026-01-24 13:11:02] ⚠️ ADVERTENCIA:   ⚠️ Product 6291108730515 omitido: categoría 'PUSA' no existe en MySQL
2026-01-24 13:11:02,541 - WARNING - [2026-01-24 13:11:02] ⚠️ ADVERTENCIA:   ⚠️ Product 6291108733486 omitido: categoría 'PUSA' no existe en MySQL
2026-01-24 13:11:02,541 - WARNING - [2026-01-24 13:11:02] ⚠️ ADVERTENCIA:   ⚠️ Product 6291108735879 omitido: categoría 'PUSA' no existe en MySQL
2026-01-24 13:11:02,541 - WARNING - [2026-01-24 13:11:02] ⚠️ ADVERTENCIA:   ⚠️ Product 6294015102260 omitido: categoría 'PUSA' no existe en MySQL
2026-01-24 13:11:02,541 - WARNING - [2026-01-24 13:11:02] ⚠️ ADVERTENCIA:   ⚠️ Product 6294015136470 omitido: categoría 'PUSA' no existe en MySQL
2026-01-24 13:11:02,541 - WARNING - [2026-01-24 13:11:02] ⚠️ ADVERTENCIA:   ⚠️ Product 6294015149371 omitido: categoría 'PUSA' no existe en MySQL
2026-01-24 13:11:02,542 - WARNING - [2026-01-24 13:11:02] ⚠️ ADVERTENCIA:   ⚠️ Product 6294015160734 omitido: categoría 'PUSA' no existe en MySQL
2026-01-24 13:11:02,542 - WARNING - [2026-01-24 13:11:02] ⚠️ ADVERTENCIA:   ⚠️ Product 6294015164176 omitido: categoría 'PUSA' no existe en MySQL
2026-01-24 13:11:02,542 - WARNING - [2026-01-24 13:11:02] ⚠️ ADVERTENCIA:   ⚠️ Product 6833158749552 omitido: categoría '06' no existe en MySQL
2026-01-24 13:11:02,542 - WARNING - [2026-01-24 13:11:02] ⚠️ ADVERTENCIA:   ⚠️ Product 6901826888138 omitido: categoría '03' no existe en MySQL
2026-01-24 13:11:02,542 - WARNING - [2026-01-24 13:11:02] ⚠️ ADVERTENCIA:   ⚠️ Product 6902130638242 omitido: categoría '00' no existe en MySQL
2026-01-24 13:11:02,542 - WARNING - [2026-01-24 13:11:02] ⚠️ ADVERTENCIA:   ⚠️ Product 6931905006139 omitido: categoría '07' no existe en MySQL
2026-01-24 13:11:02,542 - WARNING - [2026-01-24 13:11:02] ⚠️ ADVERTENCIA:   ⚠️ Product 6932746800030 omitido: categoría '06' no existe en MySQL
2026-01-24 13:11:02,542 - WARNING - [2026-01-24 13:11:02] ⚠️ ADVERTENCIA:   ⚠️ Product 6935364089634 omitido: categoría '02' no existe en MySQL
2026-01-24 13:11:02,542 - WARNING - [2026-01-24 13:11:02] ⚠️ ADVERTENCIA:   ⚠️ Product 6935364095635 omitido: categoría '07' no existe en MySQL
2026-01-24 13:11:02,543 - WARNING - [2026-01-24 13:11:02] ⚠️ ADVERTENCIA:   ⚠️ Product 6935482287691 omitido: categoría '01' no existe en MySQL
2026-01-24 13:11:02,543 - WARNING - [2026-01-24 13:11:02] ⚠️ ADVERTENCIA:   ⚠️ Product 6936648520454 omitido: categoría '07' no existe en MySQL
2026-01-24 13:11:02,543 - WARNING - [2026-01-24 13:11:02] ⚠️ ADVERTENCIA:   ⚠️ Product 6937544301406 omitido: categoría '07' no existe en MySQL
2026-01-24 13:11:02,543 - WARNING - [2026-01-24 13:11:02] ⚠️ ADVERTENCIA:   ⚠️ Product 6937544370297 omitido: categoría '07' no existe en MySQL
2026-01-24 13:11:02,543 - WARNING - [2026-01-24 13:11:02] ⚠️ ADVERTENCIA:   ⚠️ Product 6938408021270 omitido: categoría '001' no existe en MySQL
2026-01-24 13:11:02,543 - WARNING - [2026-01-24 13:11:02] ⚠️ ADVERTENCIA:   ⚠️ Product 6940975926506 omitido: categoría '07' no existe en MySQL
2026-01-24 13:11:02,544 - WARNING - [2026-01-24 13:11:02] ⚠️ ADVERTENCIA:   ⚠️ Product 6942063600022 omitido: categoría '05' no existe en MySQL
2026-01-24 13:11:02,544 - WARNING - [2026-01-24 13:11:02] ⚠️ ADVERTENCIA:   ⚠️ Product 6948391225111 omitido: categoría '06' no existe en MySQL
2026-01-24 13:11:02,544 - WARNING - [2026-01-24 13:11:02] ⚠️ ADVERTENCIA:   ⚠️ Product 6948447510406 omitido: categoría '07' no existe en MySQL
2026-01-24 13:11:02,544 - WARNING - [2026-01-24 13:11:02] ⚠️ ADVERTENCIA:   ⚠️ Product 6952879101033 omitido: categoría '06' no existe en MySQL
2026-01-24 13:11:02,544 - WARNING - [2026-01-24 13:11:02] ⚠️ ADVERTENCIA:   ⚠️ Product 6954300622285 omitido: categoría '07' no existe en MySQL
2026-01-24 13:11:02,544 - WARNING - [2026-01-24 13:11:02] ⚠️ ADVERTENCIA:   ⚠️ Product 6954300625989 omitido: categoría '07' no existe en MySQL
2026-01-24 13:11:02,544 - WARNING - [2026-01-24 13:11:02] ⚠️ ADVERTENCIA:   ⚠️ Product 6954300626245 omitido: categoría '07' no existe en MySQL
2026-01-24 13:11:02,544 - WARNING - [2026-01-24 13:11:02] ⚠️ ADVERTENCIA:   ⚠️ Product 6954300636572 omitido: categoría '07' no existe en MySQL
2026-01-24 13:11:02,544 - WARNING - [2026-01-24 13:11:02] ⚠️ ADVERTENCIA:   ⚠️ Product 6954300685921 omitido: categoría '07' no existe en MySQL
2026-01-24 13:11:02,545 - WARNING - [2026-01-24 13:11:02] ⚠️ ADVERTENCIA:   ⚠️ Product 6954300698860 omitido: categoría '07' no existe en MySQL
2026-01-24 13:11:02,545 - WARNING - [2026-01-24 13:11:02] ⚠️ ADVERTENCIA:   ⚠️ Product 6955331816124 omitido: categoría '07' no existe en MySQL
2026-01-24 13:11:02,545 - WARNING - [2026-01-24 13:11:02] ⚠️ ADVERTENCIA:   ⚠️ Product 6959984401041 omitido: categoría '04' no existe en MySQL
2026-01-24 13:11:02,545 - WARNING - [2026-01-24 13:11:02] ⚠️ ADVERTENCIA:   ⚠️ Product 6960770170287 omitido: categoría '03' no existe en MySQL
2026-01-24 13:11:02,545 - WARNING - [2026-01-24 13:11:02] ⚠️ ADVERTENCIA:   ⚠️ Product 6970466900395 omitido: categoría '07' no existe en MySQL
2026-01-24 13:11:02,545 - WARNING - [2026-01-24 13:11:02] ⚠️ ADVERTENCIA:   ⚠️ Product 6971192051948 omitido: categoría '01' no existe en MySQL
2026-01-24 13:11:02,545 - WARNING - [2026-01-24 13:11:02] ⚠️ ADVERTENCIA:   ⚠️ Product 6971192051993 omitido: categoría '01' no existe en MySQL
2026-01-24 13:11:02,545 - WARNING - [2026-01-24 13:11:02] ⚠️ ADVERTENCIA:   ⚠️ Product 6971399289939 omitido: categoría '05' no existe en MySQL
2026-01-24 13:11:02,545 - WARNING - [2026-01-24 13:11:02] ⚠️ ADVERTENCIA:   ⚠️ Product 6971542158273 omitido: categoría '07' no existe en MySQL
2026-01-24 13:11:02,545 - WARNING - [2026-01-24 13:11:02] ⚠️ ADVERTENCIA:   ⚠️ Product 6975391430207 omitido: categoría '07' no existe en MySQL
2026-01-24 13:11:02,546 - WARNING - [2026-01-24 13:11:02] ⚠️ ADVERTENCIA:   ⚠️ Product 6976367601676 omitido: categoría '01' no existe en MySQL
2026-01-24 13:11:02,546 - WARNING - [2026-01-24 13:11:02] ⚠️ ADVERTENCIA:   ⚠️ Product 6986283615695 omitido: categoría '001' no existe en MySQL
2026-01-24 13:11:02,546 - WARNING - [2026-01-24 13:11:02] ⚠️ ADVERTENCIA:   ⚠️ Product 6988822375350 omitido: categoría '05' no existe en MySQL
2026-01-24 13:11:02,546 - WARNING - [2026-01-24 13:11:02] ⚠️ ADVERTENCIA:   ⚠️ Product 6989652360011 omitido: categoría '01' no existe en MySQL
2026-01-24 13:11:02,546 - WARNING - [2026-01-24 13:11:02] ⚠️ ADVERTENCIA:   ⚠️ Product 6992019802208 omitido: categoría '01' no existe en MySQL
2026-01-24 13:11:02,546 - WARNING - [2026-01-24 13:11:02] ⚠️ ADVERTENCIA:   ⚠️ Product 6999881512181 omitido: categoría '001' no existe en MySQL
2026-01-24 13:11:02,546 - WARNING - [2026-01-24 13:11:02] ⚠️ ADVERTENCIA:   ⚠️ Product 710497705592 omitido: categoría '01' no existe en MySQL
2026-01-24 13:11:02,546 - WARNING - [2026-01-24 13:11:02] ⚠️ ADVERTENCIA:   ⚠️ Product 710497705608 omitido: categoría '01' no existe en MySQL
2026-01-24 13:11:02,546 - WARNING - [2026-01-24 13:11:02] ⚠️ ADVERTENCIA:   ⚠️ Product 710497971362 omitido: categoría '01' no existe en MySQL
2026-01-24 13:11:02,547 - WARNING - [2026-01-24 13:11:02] ⚠️ ADVERTENCIA:   ⚠️ Product 713757145015 omitido: categoría '07' no existe en MySQL
2026-01-24 13:11:02,547 - WARNING - [2026-01-24 13:11:02] ⚠️ ADVERTENCIA:   ⚠️ Product 713757150118 omitido: categoría '07' no existe en MySQL
2026-01-24 13:11:02,547 - WARNING - [2026-01-24 13:11:02] ⚠️ ADVERTENCIA:   ⚠️ Product 719346065405 omitido: categoría 'PUSA' no existe en MySQL
2026-01-24 13:11:02,547 - WARNING - [2026-01-24 13:11:02] ⚠️ ADVERTENCIA:   ⚠️ Product 720171614218 omitido: categoría '07' no existe en MySQL
2026-01-24 13:11:02,547 - WARNING - [2026-01-24 13:11:02] ⚠️ ADVERTENCIA:   ⚠️ Product 720171614577 omitido: categoría '07' no existe en MySQL
2026-01-24 13:11:02,547 - WARNING - [2026-01-24 13:11:02] ⚠️ ADVERTENCIA:   ⚠️ Product 720171615529 omitido: categoría '07' no existe en MySQL
2026-01-24 13:11:02,547 - WARNING - [2026-01-24 13:11:02] ⚠️ ADVERTENCIA:   ⚠️ Product 720171616373 omitido: categoría '07' no existe en MySQL
2026-01-24 13:11:02,547 - WARNING - [2026-01-24 13:11:02] ⚠️ ADVERTENCIA:   ⚠️ Product 723868935856 omitido: categoría '01' no existe en MySQL
2026-01-24 13:11:02,547 - WARNING - [2026-01-24 13:11:02] ⚠️ ADVERTENCIA:   ⚠️ Product 740617263442 omitido: categoría '00' no existe en MySQL
2026-01-24 13:11:02,548 - WARNING - [2026-01-24 13:11:02] ⚠️ ADVERTENCIA:   ⚠️ Product 740617309720 omitido: categoría '01' no existe en MySQL
2026-01-24 13:11:02,548 - WARNING - [2026-01-24 13:11:02] ⚠️ ADVERTENCIA:   ⚠️ Product 740617309829 omitido: categoría '01' no existe en MySQL
2026-01-24 13:11:02,548 - WARNING - [2026-01-24 13:11:02] ⚠️ ADVERTENCIA:   ⚠️ Product 740617309928 omitido: categoría '01' no existe en MySQL
2026-01-24 13:11:02,548 - WARNING - [2026-01-24 13:11:02] ⚠️ ADVERTENCIA:   ⚠️ Product 7453010000950 omitido: categoría '07' no existe en MySQL
2026-01-24 13:11:02,548 - WARNING - [2026-01-24 13:11:02] ⚠️ ADVERTENCIA:   ⚠️ Product 7453010005757 omitido: categoría '07' no existe en MySQL
2026-01-24 13:11:02,548 - WARNING - [2026-01-24 13:11:02] ⚠️ ADVERTENCIA:   ⚠️ Product 7453010010089 omitido: categoría '07' no existe en MySQL
2026-01-24 13:11:02,548 - WARNING - [2026-01-24 13:11:02] ⚠️ ADVERTENCIA:   ⚠️ Product 7453010047818 omitido: categoría '07' no existe en MySQL
2026-01-24 13:11:02,548 - WARNING - [2026-01-24 13:11:02] ⚠️ ADVERTENCIA:   ⚠️ Product 7453010064600 omitido: categoría '07' no existe en MySQL
2026-01-24 13:11:02,548 - WARNING - [2026-01-24 13:11:02] ⚠️ ADVERTENCIA:   ⚠️ Product 7453010082727 omitido: categoría '07' no existe en MySQL
2026-01-24 13:11:02,549 - WARNING - [2026-01-24 13:11:02] ⚠️ ADVERTENCIA:   ⚠️ Product 7453010083656 omitido: categoría '07' no existe en MySQL
2026-01-24 13:11:02,549 - WARNING - [2026-01-24 13:11:02] ⚠️ ADVERTENCIA:   ⚠️ Product 7453015107371 omitido: categoría '07' no existe en MySQL
2026-01-24 13:11:02,549 - WARNING - [2026-01-24 13:11:02] ⚠️ ADVERTENCIA:   ⚠️ Product 7453015108293 omitido: categoría '07' no existe en MySQL
2026-01-24 13:11:02,549 - WARNING - [2026-01-24 13:11:02] ⚠️ ADVERTENCIA:   ⚠️ Product 7453015110562 omitido: categoría '07' no existe en MySQL
2026-01-24 13:11:02,549 - WARNING - [2026-01-24 13:11:02] ⚠️ ADVERTENCIA:   ⚠️ Product 7453015111996 omitido: categoría '07' no existe en MySQL
2026-01-24 13:11:02,549 - WARNING - [2026-01-24 13:11:02] ⚠️ ADVERTENCIA:   ⚠️ Product 7453015117103 omitido: categoría '07' no existe en MySQL
2026-01-24 13:11:02,549 - WARNING - [2026-01-24 13:11:02] ⚠️ ADVERTENCIA:   ⚠️ Product 7453015117110 omitido: categoría '07' no existe en MySQL
2026-01-24 13:11:02,549 - WARNING - [2026-01-24 13:11:02] ⚠️ ADVERTENCIA:   ⚠️ Product 7453015117127 omitido: categoría '07' no existe en MySQL
2026-01-24 13:11:02,549 - WARNING - [2026-01-24 13:11:02] ⚠️ ADVERTENCIA:   ⚠️ Product 7453015129489 omitido: categoría '07' no existe en MySQL
2026-01-24 13:11:02,550 - WARNING - [2026-01-24 13:11:02] ⚠️ ADVERTENCIA:   ⚠️ Product 7453015145809 omitido: categoría '07' no existe en MySQL
2026-01-24 13:11:02,550 - WARNING - [2026-01-24 13:11:02] ⚠️ ADVERTENCIA:   ⚠️ Product 7453038406413 omitido: categoría '07' no existe en MySQL
2026-01-24 13:11:02,550 - WARNING - [2026-01-24 13:11:02] ⚠️ ADVERTENCIA:   ⚠️ Product 7453038417976 omitido: categoría '07' no existe en MySQL
2026-01-24 13:11:02,550 - WARNING - [2026-01-24 13:11:02] ⚠️ ADVERTENCIA:   ⚠️ Product 7453038433075 omitido: categoría '07' no existe en MySQL
2026-01-24 13:11:02,550 - WARNING - [2026-01-24 13:11:02] ⚠️ ADVERTENCIA:   ⚠️ Product 7453038433181 omitido: categoría '07' no existe en MySQL
2026-01-24 13:11:02,550 - WARNING - [2026-01-24 13:11:02] ⚠️ ADVERTENCIA:   ⚠️ Product 7453038436915 omitido: categoría '07' no existe en MySQL
2026-01-24 13:11:02,550 - WARNING - [2026-01-24 13:11:02] ⚠️ ADVERTENCIA:   ⚠️ Product 7453038443937 omitido: categoría '07' no existe en MySQL
2026-01-24 13:11:02,550 - WARNING - [2026-01-24 13:11:02] ⚠️ ADVERTENCIA:   ⚠️ Product 7453038448291 omitido: categoría '07' no existe en MySQL
2026-01-24 13:11:02,550 - WARNING - [2026-01-24 13:11:02] ⚠️ ADVERTENCIA:   ⚠️ Product 7453038455961 omitido: categoría '07' no existe en MySQL
2026-01-24 13:11:02,550 - WARNING - [2026-01-24 13:11:02] ⚠️ ADVERTENCIA:   ⚠️ Product 7453038470971 omitido: categoría '07' no existe en MySQL
2026-01-24 13:11:02,550 - WARNING - [2026-01-24 13:11:02] ⚠️ ADVERTENCIA:   ⚠️ Product 7453038486026 omitido: categoría '07' no existe en MySQL
2026-01-24 13:11:02,550 - WARNING - [2026-01-24 13:11:02] ⚠️ ADVERTENCIA:   ⚠️ Product 7453078501925 omitido: categoría '07' no existe en MySQL
2026-01-24 13:11:02,551 - WARNING - [2026-01-24 13:11:02] ⚠️ ADVERTENCIA:   ⚠️ Product 7453078528021 omitido: categoría '07' no existe en MySQL
2026-01-24 13:11:02,551 - WARNING - [2026-01-24 13:11:02] ⚠️ ADVERTENCIA:   ⚠️ Product 7453078547626 omitido: categoría '07' no existe en MySQL
2026-01-24 13:11:02,551 - WARNING - [2026-01-24 13:11:02] ⚠️ ADVERTENCIA:   ⚠️ Product 7453078547732 omitido: categoría '07' no existe en MySQL
2026-01-24 13:11:02,551 - WARNING - [2026-01-24 13:11:02] ⚠️ ADVERTENCIA:   ⚠️ Product 7453091307061 omitido: categoría '07' no existe en MySQL
2026-01-24 13:11:02,551 - WARNING - [2026-01-24 13:11:02] ⚠️ ADVERTENCIA:   ⚠️ Product 7501037022476 omitido: categoría '07' no existe en MySQL
2026-01-24 13:11:02,551 - WARNING - [2026-01-24 13:11:02] ⚠️ ADVERTENCIA:   ⚠️ Product 7591147022589 omitido: categoría '07' no existe en MySQL
2026-01-24 13:11:02,551 - WARNING - [2026-01-24 13:11:02] ⚠️ ADVERTENCIA:   ⚠️ Product 7591147360025 omitido: categoría '07' no existe en MySQL
2026-01-24 13:11:02,551 - WARNING - [2026-01-24 13:11:02] ⚠️ ADVERTENCIA:   ⚠️ Product 7591163327163 omitido: categoría '07' no existe en MySQL
2026-01-24 13:11:02,552 - WARNING - [2026-01-24 13:11:02] ⚠️ ADVERTENCIA:   ⚠️ Product 7591163327187 omitido: categoría '07' no existe en MySQL
2026-01-24 13:11:02,552 - WARNING - [2026-01-24 13:11:02] ⚠️ ADVERTENCIA:   ⚠️ Product 7592474240028 omitido: categoría '07' no existe en MySQL
2026-01-24 13:11:02,552 - WARNING - [2026-01-24 13:11:02] ⚠️ ADVERTENCIA:   ⚠️ Product 7594003390013 omitido: categoría '03' no existe en MySQL
2026-01-24 13:11:02,552 - WARNING - [2026-01-24 13:11:02] ⚠️ ADVERTENCIA:   ⚠️ Product 7595218000384 omitido: categoría '07' no existe en MySQL
2026-01-24 13:11:02,552 - WARNING - [2026-01-24 13:11:02] ⚠️ ADVERTENCIA:   ⚠️ Product 7597024102207 omitido: categoría '07' no existe en MySQL
2026-01-24 13:11:02,552 - WARNING - [2026-01-24 13:11:02] ⚠️ ADVERTENCIA:   ⚠️ Product 7598874011633 omitido: categoría '07' no existe en MySQL
2026-01-24 13:11:02,552 - WARNING - [2026-01-24 13:11:02] ⚠️ ADVERTENCIA:   ⚠️ Product 7611160127570 omitido: categoría 'PUSA' no existe en MySQL
2026-01-24 13:11:02,552 - WARNING - [2026-01-24 13:11:02] ⚠️ ADVERTENCIA:   ⚠️ Product 7640496670160 omitido: categoría 'PUSA' no existe en MySQL
2026-01-24 13:11:02,552 - WARNING - [2026-01-24 13:11:02] ⚠️ ADVERTENCIA:   ⚠️ Product 7750082006140 omitido: categoría '07' no existe en MySQL
2026-01-24 13:11:02,553 - WARNING - [2026-01-24 13:11:02] ⚠️ ADVERTENCIA:   ⚠️ Product 779778980608 omitido: categoría '07' no existe en MySQL
2026-01-24 13:11:02,553 - WARNING - [2026-01-24 13:11:02] ⚠️ ADVERTENCIA:   ⚠️ Product 7822295316467 omitido: categoría '0-1' no existe en MySQL
2026-01-24 13:11:02,553 - WARNING - [2026-01-24 13:11:02] ⚠️ ADVERTENCIA:   ⚠️ Product 7851488574360 omitido: categoría '03' no existe en MySQL
2026-01-24 13:11:02,553 - WARNING - [2026-01-24 13:11:02] ⚠️ ADVERTENCIA:   ⚠️ Product 7891173019448 omitido: categoría '07' no existe en MySQL
2026-01-24 13:11:02,553 - WARNING - [2026-01-24 13:11:02] ⚠️ ADVERTENCIA:   ⚠️ Product 7891173024480 omitido: categoría '07' no existe en MySQL
2026-01-24 13:11:02,553 - WARNING - [2026-01-24 13:11:02] ⚠️ ADVERTENCIA:   ⚠️ Product 80X63 MM omitido: categoría '07' no existe en MySQL
2026-01-24 13:11:02,553 - WARNING - [2026-01-24 13:11:02] ⚠️ ADVERTENCIA:   ⚠️ Product 80X80MM omitido: categoría '07' no existe en MySQL
2026-01-24 13:11:02,553 - WARNING - [2026-01-24 13:11:02] ⚠️ ADVERTENCIA:   ⚠️ Product 8411061701034 omitido: categoría 'PUSA' no existe en MySQL
2026-01-24 13:11:02,554 - WARNING - [2026-01-24 13:11:02] ⚠️ ADVERTENCIA:   ⚠️ Product 8435450003714 omitido: categoría '07' no existe en MySQL
2026-01-24 13:11:02,554 - WARNING - [2026-01-24 13:11:02] ⚠️ ADVERTENCIA:   ⚠️ Product 8435450003721 omitido: categoría '07' no existe en MySQL
2026-01-24 13:11:02,554 - WARNING - [2026-01-24 13:11:02] ⚠️ ADVERTENCIA:   ⚠️ Product 8554144454776 omitido: categoría '01' no existe en MySQL
2026-01-24 13:11:02,554 - WARNING - [2026-01-24 13:11:02] ⚠️ ADVERTENCIA:   ⚠️ Product 8806086511162 omitido: categoría '01' no existe en MySQL
2026-01-24 13:11:02,554 - WARNING - [2026-01-24 13:11:02] ⚠️ ADVERTENCIA:   ⚠️ Product 8965347986528 omitido: categoría '05' no existe en MySQL
2026-01-24 13:11:02,554 - WARNING - [2026-01-24 13:11:02] ⚠️ ADVERTENCIA:   ⚠️ Product 9023800122025 omitido: categoría '07' no existe en MySQL
2026-01-24 13:11:02,554 - WARNING - [2026-01-24 13:11:02] ⚠️ ADVERTENCIA:   ⚠️ Product 9023800933126 omitido: categoría '07' no existe en MySQL
2026-01-24 13:11:02,554 - WARNING - [2026-01-24 13:11:02] ⚠️ ADVERTENCIA:   ⚠️ Product 909101811302 omitido: categoría '03' no existe en MySQL
2026-01-24 13:11:02,554 - WARNING - [2026-01-24 13:11:02] ⚠️ ADVERTENCIA:   ⚠️ Product 9593340882067 omitido: categoría '07' no existe en MySQL
2026-01-24 13:11:02,555 - WARNING - [2026-01-24 13:11:02] ⚠️ ADVERTENCIA:   ⚠️ Product 9593340892059 omitido: categoría '07' no existe en MySQL
2026-01-24 13:11:02,555 - WARNING - [2026-01-24 13:11:02] ⚠️ ADVERTENCIA:   ⚠️ Product 9789806587106 omitido: categoría '07' no existe en MySQL
2026-01-24 13:11:02,555 - WARNING - [2026-01-24 13:11:02] ⚠️ ADVERTENCIA:   ⚠️ Product AA omitido: categoría '04' no existe en MySQL
2026-01-24 13:11:02,555 - WARNING - [2026-01-24 13:11:02] ⚠️ ADVERTENCIA:   ⚠️ Product AAA omitido: categoría '04' no existe en MySQL
2026-01-24 13:11:02,555 - WARNING - [2026-01-24 13:11:02] ⚠️ ADVERTENCIA:   ⚠️ Product ADAP HDMI VGA omitido: categoría '01' no existe en MySQL
2026-01-24 13:11:02,555 - WARNING - [2026-01-24 13:11:02] ⚠️ ADVERTENCIA:   ⚠️ Product ADAP HDMI VGA CON AUDIO omitido: categoría '01' no existe en MySQL
2026-01-24 13:11:02,555 - WARNING - [2026-01-24 13:11:02] ⚠️ ADVERTENCIA:   ⚠️ Product ADAP-AUDIO-D08 omitido: categoría '05' no existe en MySQL
2026-01-24 13:11:02,555 - WARNING - [2026-01-24 13:11:02] ⚠️ ADVERTENCIA:   ⚠️ Product ADAP-EUR2P omitido: categoría '01' no existe en MySQL
2026-01-24 13:11:02,556 - WARNING - [2026-01-24 13:11:02] ⚠️ ADVERTENCIA:   ⚠️ Product ADAP-REDMI-8V omitido: categoría '05' no existe en MySQL
2026-01-24 13:11:02,556 - WARNING - [2026-01-24 13:11:02] ⚠️ ADVERTENCIA:   ⚠️ Product ADAPTADOR EUROPA omitido: categoría '01' no existe en MySQL
2026-01-24 13:11:02,556 - WARNING - [2026-01-24 13:11:02] ⚠️ ADVERTENCIA:   ⚠️ Product ADAP-USB-SATA omitido: categoría '06' no existe en MySQL
2026-01-24 13:11:02,556 - WARNING - [2026-01-24 13:11:02] ⚠️ ADVERTENCIA:   ⚠️ Product AD-HDMI/VGA omitido: categoría '06' no existe en MySQL
2026-01-24 13:11:02,556 - WARNING - [2026-01-24 13:11:02] ⚠️ ADVERTENCIA:   ⚠️ Product AD-UH omitido: categoría '05' no existe en MySQL
2026-01-24 13:11:02,556 - WARNING - [2026-01-24 13:11:02] ⚠️ ADVERTENCIA:   ⚠️ Product AFILADOR omitido: categoría '001' no existe en MySQL
2026-01-24 13:11:02,556 - WARNING - [2026-01-24 13:11:02] ⚠️ ADVERTENCIA:   ⚠️ Product AIRTAG omitido: categoría '001' no existe en MySQL
2026-01-24 13:11:02,556 - WARNING - [2026-01-24 13:11:02] ⚠️ ADVERTENCIA:   ⚠️ Product AIRTAGFORRO omitido: categoría '001' no existe en MySQL
2026-01-24 13:11:02,556 - WARNING - [2026-01-24 13:11:02] ⚠️ ADVERTENCIA:   ⚠️ Product AIRTAGLLAVERO omitido: categoría '001' no existe en MySQL
2026-01-24 13:11:02,557 - WARNING - [2026-01-24 13:11:02] ⚠️ ADVERTENCIA:   ⚠️ Product ALCALDIA omitido: categoría '002' no existe en MySQL
2026-01-24 13:11:02,557 - WARNING - [2026-01-24 13:11:02] ⚠️ ADVERTENCIA:   ⚠️ Product ALQ-01 omitido: categoría '00' no existe en MySQL
2026-01-24 13:11:02,557 - WARNING - [2026-01-24 13:11:02] ⚠️ ADVERTENCIA:   ⚠️ Product ARO LUZ CELULAR D66 omitido: categoría '0-1' no existe en MySQL
2026-01-24 13:11:02,557 - WARNING - [2026-01-24 13:11:02] ⚠️ ADVERTENCIA:   ⚠️ Product ARO LUZ LED 8 PULGADAS omitido: categoría '03' no existe en MySQL
2026-01-24 13:11:02,557 - WARNING - [2026-01-24 13:11:02] ⚠️ ADVERTENCIA:   ⚠️ Product AUDIFONO AIRPODS IPHONE omitido: categoría '01' no existe en MySQL
2026-01-24 13:11:02,557 - WARNING - [2026-01-24 13:11:02] ⚠️ ADVERTENCIA:   ⚠️ Product AUDIFONO CAT omitido: categoría '01' no existe en MySQL
2026-01-24 13:11:02,557 - WARNING - [2026-01-24 13:11:02] ⚠️ ADVERTENCIA:   ⚠️ Product AUDIFONO STN-13 omitido: categoría '01' no existe en MySQL
2026-01-24 13:11:02,557 - WARNING - [2026-01-24 13:11:02] ⚠️ ADVERTENCIA:   ⚠️ Product AUDIO-PLUG omitido: categoría '03' no existe en MySQL
2026-01-24 13:11:02,557 - WARNING - [2026-01-24 13:11:02] ⚠️ ADVERTENCIA:   ⚠️ Product B091GR8KM6 omitido: categoría '001' no existe en MySQL
2026-01-24 13:11:02,558 - WARNING - [2026-01-24 13:11:02] ⚠️ ADVERTENCIA:   ⚠️ Product B27-S-BTV omitido: categoría '03' no existe en MySQL
2026-01-24 13:11:02,558 - WARNING - [2026-01-24 13:11:02] ⚠️ ADVERTENCIA:   ⚠️ Product BAL-DIGITALB2090 omitido: categoría '05' no existe en MySQL
2026-01-24 13:11:02,558 - WARNING - [2026-01-24 13:11:02] ⚠️ ADVERTENCIA:   ⚠️ Product BASE PARA TABLET STENTS omitido: categoría '01' no existe en MySQL
2026-01-24 13:11:02,558 - WARNING - [2026-01-24 13:11:02] ⚠️ ADVERTENCIA:   ⚠️ Product BASE SOPORTE DE TELEFONO CELULAR 360° omitido: categoría '01' no existe en MySQL
2026-01-24 13:11:02,558 - WARNING - [2026-01-24 13:11:02] ⚠️ ADVERTENCIA:   ⚠️ Product BASE SOPORTE ESCRITORIO omitido: categoría '06' no existe en MySQL
2026-01-24 13:11:02,558 - WARNING - [2026-01-24 13:11:02] ⚠️ ADVERTENCIA:   ⚠️ Product BASE TV FIJA omitido: categoría '03' no existe en MySQL
2026-01-24 13:11:02,558 - WARNING - [2026-01-24 13:11:02] ⚠️ ADVERTENCIA:   ⚠️ Product BDPTCMR omitido: categoría '07' no existe en MySQL
2026-01-24 13:11:02,558 - WARNING - [2026-01-24 13:11:02] ⚠️ ADVERTENCIA:   ⚠️ Product BIKE HOLDER omitido: categoría '01' no existe en MySQL
2026-01-24 13:11:02,559 - WARNING - [2026-01-24 13:11:02] ⚠️ ADVERTENCIA:   ⚠️ Product BOLIGR-01 omitido: categoría '07' no existe en MySQL
2026-01-24 13:11:02,559 - WARNING - [2026-01-24 13:11:02] ⚠️ ADVERTENCIA:   ⚠️ Product BOLSO DE TELA HAMACA omitido: categoría '001' no existe en MySQL
2026-01-24 13:11:02,559 - WARNING - [2026-01-24 13:11:02] ⚠️ ADVERTENCIA:   ⚠️ Product BORRABLANCA omitido: categoría '07' no existe en MySQL
2026-01-24 13:11:02,559 - WARNING - [2026-01-24 13:11:02] ⚠️ ADVERTENCIA:   ⚠️ Product BSXTDD omitido: categoría '01' no existe en MySQL
2026-01-24 13:11:02,559 - WARNING - [2026-01-24 13:11:02] ⚠️ ADVERTENCIA:   ⚠️ Product C1 omitido: categoría '01' no existe en MySQL
2026-01-24 13:11:02,559 - WARNING - [2026-01-24 13:11:02] ⚠️ ADVERTENCIA:   ⚠️ Product CABLE HDMI BOLSA 3 METROS omitido: categoría '01' no existe en MySQL
2026-01-24 13:11:02,559 - WARNING - [2026-01-24 13:11:02] ⚠️ ADVERTENCIA:   ⚠️ Product CABLE HDMI BOLSA 5 METROS omitido: categoría '01' no existe en MySQL
2026-01-24 13:11:02,559 - WARNING - [2026-01-24 13:11:02] ⚠️ ADVERTENCIA:   ⚠️ Product CABLE IMPRESORA AZUL 1.5 M omitido: categoría '01' no existe en MySQL
2026-01-24 13:11:02,559 - WARNING - [2026-01-24 13:11:02] ⚠️ ADVERTENCIA:   ⚠️ Product CABLE IMPRESORA AZUL 3 M omitido: categoría '01' no existe en MySQL
2026-01-24 13:11:02,560 - WARNING - [2026-01-24 13:11:02] ⚠️ ADVERTENCIA:   ⚠️ Product CABLE IMPRESORA AZUL 5M omitido: categoría '01' no existe en MySQL
2026-01-24 13:11:02,560 - WARNING - [2026-01-24 13:11:02] ⚠️ ADVERTENCIA:   ⚠️ Product CABLE PLUG A PLUG omitido: categoría '001' no existe en MySQL
2026-01-24 13:11:02,560 - WARNING - [2026-01-24 13:11:02] ⚠️ ADVERTENCIA:   ⚠️ Product CABLE TELA TIPO C omitido: categoría '03' no existe en MySQL
2026-01-24 13:11:02,560 - WARNING - [2026-01-24 13:11:02] ⚠️ ADVERTENCIA:   ⚠️ Product CABLE USB SAMSUNG omitido: categoría '01' no existe en MySQL
2026-01-24 13:11:02,560 - WARNING - [2026-01-24 13:11:02] ⚠️ ADVERTENCIA:   ⚠️ Product CABLE-EXT-USB omitido: categoría '01' no existe en MySQL
2026-01-24 13:11:02,560 - WARNING - [2026-01-24 13:11:02] ⚠️ ADVERTENCIA:   ⚠️ Product CABLE-VGA omitido: categoría '02' no existe en MySQL
2026-01-24 13:11:02,560 - WARNING - [2026-01-24 13:11:02] ⚠️ ADVERTENCIA:   ⚠️ Product CA-MARRON-CARTA omitido: categoría '07' no existe en MySQL
2026-01-24 13:11:02,560 - WARNING - [2026-01-24 13:11:02] ⚠️ ADVERTENCIA:   ⚠️ Product CANTV omitido: categoría '002' no existe en MySQL
2026-01-24 13:11:02,561 - WARNING - [2026-01-24 13:11:02] ⚠️ ADVERTENCIA:   ⚠️ Product CAR HOLDER omitido: categoría '01' no existe en MySQL
2026-01-24 13:11:02,561 - WARNING - [2026-01-24 13:11:02] ⚠️ ADVERTENCIA:   ⚠️ Product CAR MP3 PLAYER omitido: categoría '03' no existe en MySQL
2026-01-24 13:11:02,561 - WARNING - [2026-01-24 13:11:02] ⚠️ ADVERTENCIA:   ⚠️ Product CAR MP3 PLAYER MULTIFUNCION omitido: categoría '03' no existe en MySQL
2026-01-24 13:11:02,561 - WARNING - [2026-01-24 13:11:02] ⚠️ ADVERTENCIA:   ⚠️ Product CARGADOR 67W XIAOMI omitido: categoría '01' no existe en MySQL
2026-01-24 13:11:02,561 - WARNING - [2026-01-24 13:11:02] ⚠️ ADVERTENCIA:   ⚠️ Product CARGADOR BELKIN omitido: categoría '01' no existe en MySQL
2026-01-24 13:11:02,561 - WARNING - [2026-01-24 13:11:02] ⚠️ ADVERTENCIA:   ⚠️ Product CARGADOR CERTIFICADO omitido: categoría '001' no existe en MySQL
2026-01-24 13:11:02,561 - WARNING - [2026-01-24 13:11:02] ⚠️ ADVERTENCIA:   ⚠️ Product CARGADOR COMPLETO SAMSUNG 2 IN 1 omitido: categoría '001' no existe en MySQL
2026-01-24 13:11:02,561 - WARNING - [2026-01-24 13:11:02] ⚠️ ADVERTENCIA:   ⚠️ Product CARGADOR LAPTOP UNIVERSAL omitido: categoría '03' no existe en MySQL
2026-01-24 13:11:02,561 - WARNING - [2026-01-24 13:11:02] ⚠️ ADVERTENCIA:   ⚠️ Product CARGADOR MICRO POWER ADAPTER omitido: categoría '01' no existe en MySQL
2026-01-24 13:11:02,562 - WARNING - [2026-01-24 13:11:02] ⚠️ ADVERTENCIA:   ⚠️ Product CARGADOR-00 omitido: categoría '01' no existe en MySQL
2026-01-24 13:11:02,562 - WARNING - [2026-01-24 13:11:02] ⚠️ ADVERTENCIA:   ⚠️ Product CARG-SAFETY-CARRO omitido: categoría '05' no existe en MySQL
2026-01-24 13:11:02,562 - WARNING - [2026-01-24 13:11:02] ⚠️ ADVERTENCIA:   ⚠️ Product CARPETA DE AROS BLANCA omitido: categoría '07' no existe en MySQL
2026-01-24 13:11:02,562 - WARNING - [2026-01-24 13:11:02] ⚠️ ADVERTENCIA:   ⚠️ Product CARPETA MANILA CARTA omitido: categoría '07' no existe en MySQL
2026-01-24 13:11:02,562 - WARNING - [2026-01-24 13:11:02] ⚠️ ADVERTENCIA:   ⚠️ Product CARPETA PRESENTACION OFICIO omitido: categoría '07' no existe en MySQL
2026-01-24 13:11:02,562 - WARNING - [2026-01-24 13:11:02] ⚠️ ADVERTENCIA:   ⚠️ Product CARP-MARRON-OFICIO omitido: categoría '07' no existe en MySQL
2026-01-24 13:11:02,562 - WARNING - [2026-01-24 13:11:02] ⚠️ ADVERTENCIA:   ⚠️ Product CARTULIN ESCARCHADA FUCSIA omitido: categoría '07' no existe en MySQL
2026-01-24 13:11:02,562 - WARNING - [2026-01-24 13:11:02] ⚠️ ADVERTENCIA:   ⚠️ Product CARTULINA DISEÑO omitido: categoría '01' no existe en MySQL
2026-01-24 13:11:02,563 - WARNING - [2026-01-24 13:11:02] ⚠️ ADVERTENCIA:   ⚠️ Product CARTULINA ESCARCHADA DE PLATA omitido: categoría '07' no existe en MySQL
2026-01-24 13:11:02,563 - WARNING - [2026-01-24 13:11:02] ⚠️ ADVERTENCIA:   ⚠️ Product CARTULINA ESCARCHADA ROSADA omitido: categoría '07' no existe en MySQL
2026-01-24 13:11:02,563 - WARNING - [2026-01-24 13:11:02] ⚠️ ADVERTENCIA:   ⚠️ Product CARTULINA ESCARCHADA VERDE NAVIDAD omitido: categoría '07' no existe en MySQL
2026-01-24 13:11:02,563 - WARNING - [2026-01-24 13:11:02] ⚠️ ADVERTENCIA:   ⚠️ Product CARTULINA METALDORADA omitido: categoría '07' no existe en MySQL
2026-01-24 13:11:02,563 - WARNING - [2026-01-24 13:11:02] ⚠️ ADVERTENCIA:   ⚠️ Product CARTULINA METALIZADA NEGRA omitido: categoría '07' no existe en MySQL
2026-01-24 13:11:02,563 - WARNING - [2026-01-24 13:11:02] ⚠️ ADVERTENCIA:   ⚠️ Product CARTULINA METALPLATEADA omitido: categoría '07' no existe en MySQL
2026-01-24 13:11:02,563 - WARNING - [2026-01-24 13:11:02] ⚠️ ADVERTENCIA:   ⚠️ Product CELOVEN18X25 omitido: categoría '01' no existe en MySQL
2026-01-24 13:11:02,563 - WARNING - [2026-01-24 13:11:02] ⚠️ ADVERTENCIA:   ⚠️ Product CELOVEN24X50 omitido: categoría '01' no existe en MySQL
2026-01-24 13:11:02,563 - WARNING - [2026-01-24 13:11:02] ⚠️ ADVERTENCIA:   ⚠️ Product CIDEA omitido: categoría '001' no existe en MySQL
2026-01-24 13:11:02,564 - WARNING - [2026-01-24 13:11:02] ⚠️ ADVERTENCIA:   ⚠️ Product CIL-CANON049 omitido: categoría '07' no existe en MySQL
2026-01-24 13:11:02,564 - WARNING - [2026-01-24 13:11:02] ⚠️ ADVERTENCIA:   ⚠️ Product CINTA TRANSPARENTE 25 MTS omitido: categoría '01' no existe en MySQL
2026-01-24 13:11:02,564 - WARNING - [2026-01-24 13:11:02] ⚠️ ADVERTENCIA:   ⚠️ Product CINT-TALLY omitido: categoría '07' no existe en MySQL
2026-01-24 13:11:02,564 - WARNING - [2026-01-24 13:11:02] ⚠️ ADVERTENCIA:   ⚠️ Product CLIPS-STANDARD omitido: categoría '07' no existe en MySQL
2026-01-24 13:11:02,564 - WARNING - [2026-01-24 13:11:02] ⚠️ ADVERTENCIA:   ⚠️ Product COLORES-MAD omitido: categoría '07' no existe en MySQL
2026-01-24 13:11:02,564 - WARNING - [2026-01-24 13:11:02] ⚠️ ADVERTENCIA:   ⚠️ Product COMB-MC-H-B omitido: categoría '01' no existe en MySQL
2026-01-24 13:11:02,564 - WARNING - [2026-01-24 13:11:02] ⚠️ ADVERTENCIA:   ⚠️ Product COMB-MOF-H-B omitido: categoría '01' no existe en MySQL
2026-01-24 13:11:02,564 - WARNING - [2026-01-24 13:11:02] ⚠️ ADVERTENCIA:   ⚠️ Product COMPAS-ESCOLAR omitido: categoría '07' no existe en MySQL
2026-01-24 13:11:02,565 - WARNING - [2026-01-24 13:11:02] ⚠️ ADVERTENCIA:   ⚠️ Product CONTABILIDAD omitido: categoría '002' no existe en MySQL
2026-01-24 13:11:02,565 - WARNING - [2026-01-24 13:11:02] ⚠️ ADVERTENCIA:   ⚠️ Product CONTROL-INAL-X3 omitido: categoría '05' no existe en MySQL
2026-01-24 13:11:02,565 - WARNING - [2026-01-24 13:11:02] ⚠️ ADVERTENCIA:   ⚠️ Product CORNETA J omitido: categoría '03' no existe en MySQL
2026-01-24 13:11:02,565 - WARNING - [2026-01-24 13:11:02] ⚠️ ADVERTENCIA:   ⚠️ Product CORNETA KIMISO omitido: categoría '01' no existe en MySQL
2026-01-24 13:11:02,565 - WARNING - [2026-01-24 13:11:02] ⚠️ ADVERTENCIA:   ⚠️ Product CORNETA-00 omitido: categoría '01' no existe en MySQL
2026-01-24 13:11:02,565 - WARNING - [2026-01-24 13:11:02] ⚠️ ADVERTENCIA:   ⚠️ Product CP306 omitido: categoría '05' no existe en MySQL
2026-01-24 13:11:02,565 - WARNING - [2026-01-24 13:11:02] ⚠️ ADVERTENCIA:   ⚠️ Product CREDITO-01 omitido: categoría 'R6' no existe en MySQL
2026-01-24 13:11:02,565 - WARNING - [2026-01-24 13:11:02] ⚠️ ADVERTENCIA:   ⚠️ Product CREDITO-02 omitido: categoría 'R1' no existe en MySQL
2026-01-24 13:11:02,565 - WARNING - [2026-01-24 13:11:02] ⚠️ ADVERTENCIA:   ⚠️ Product CREDITO-03 omitido: categoría 'R4' no existe en MySQL
2026-01-24 13:11:02,566 - WARNING - [2026-01-24 13:11:02] ⚠️ ADVERTENCIA:   ⚠️ Product CREDITO-04 omitido: categoría 'R5' no existe en MySQL
2026-01-24 13:11:02,566 - WARNING - [2026-01-24 13:11:02] ⚠️ ADVERTENCIA:   ⚠️ Product CREDITO-05 omitido: categoría 'R3' no existe en MySQL
2026-01-24 13:11:02,566 - WARNING - [2026-01-24 13:11:02] ⚠️ ADVERTENCIA:   ⚠️ Product CREDITO-06 omitido: categoría 'R2' no existe en MySQL
2026-01-24 13:11:02,566 - WARNING - [2026-01-24 13:11:02] ⚠️ ADVERTENCIA:   ⚠️ Product CYRUZ X-2 omitido: categoría '06' no existe en MySQL
2026-01-24 13:11:02,566 - WARNING - [2026-01-24 13:11:02] ⚠️ ADVERTENCIA:   ⚠️ Product D-02 omitido: categoría '07' no existe en MySQL
2026-01-24 13:11:02,566 - WARNING - [2026-01-24 13:11:02] ⚠️ ADVERTENCIA:   ⚠️ Product D18W omitido: categoría '03' no existe en MySQL
2026-01-24 13:11:02,566 - WARNING - [2026-01-24 13:11:02] ⚠️ ADVERTENCIA:   ⚠️ Product D24W omitido: categoría '03' no existe en MySQL
2026-01-24 13:11:02,566 - WARNING - [2026-01-24 13:11:02] ⚠️ ADVERTENCIA:   ⚠️ Product DELIVERY omitido: categoría '001' no existe en MySQL
2026-01-24 13:11:02,567 - WARNING - [2026-01-24 13:11:02] ⚠️ ADVERTENCIA:   ⚠️ Product DISCO DURO 320GB omitido: categoría '01' no existe en MySQL
2026-01-24 13:11:02,567 - WARNING - [2026-01-24 13:11:02] ⚠️ ADVERTENCIA:   ⚠️ Product DISP-017 omitido: categoría '05' no existe en MySQL
2026-01-24 13:11:02,567 - WARNING - [2026-01-24 13:11:02] ⚠️ ADVERTENCIA:   ⚠️ Product DTX/32GB omitido: categoría '07' no existe en MySQL
2026-01-24 13:11:02,567 - WARNING - [2026-01-24 13:11:02] ⚠️ ADVERTENCIA:   ⚠️ Product E-1046 omitido: categoría '06' no existe en MySQL
2026-01-24 13:11:02,567 - WARNING - [2026-01-24 13:11:02] ⚠️ ADVERTENCIA:   ⚠️ Product ENGRAPADORA MEDIANA AMAZON omitido: categoría '07' no existe en MySQL
2026-01-24 13:11:02,567 - WARNING - [2026-01-24 13:11:02] ⚠️ ADVERTENCIA:   ⚠️ Product ESENCIA HUMIFICADOR KP2130 omitido: categoría '01' no existe en MySQL
2026-01-24 13:11:02,567 - WARNING - [2026-01-24 13:11:02] ⚠️ ADVERTENCIA:   ⚠️ Product ESENCIA REPELENTE omitido: categoría '001' no existe en MySQL
2026-01-24 13:11:02,567 - WARNING - [2026-01-24 13:11:02] ⚠️ ADVERTENCIA:   ⚠️ Product FAST CHARGER omitido: categoría '03' no existe en MySQL
2026-01-24 13:11:02,567 - WARNING - [2026-01-24 13:11:02] ⚠️ ADVERTENCIA:   ⚠️ Product FUNDAS-PROCT omitido: categoría '01' no existe en MySQL
2026-01-24 13:11:02,568 - WARNING - [2026-01-24 13:11:02] ⚠️ ADVERTENCIA:   ⚠️ Product FUNDAS-PROT omitido: categoría '07' no existe en MySQL
2026-01-24 13:11:02,568 - WARNING - [2026-01-24 13:11:02] ⚠️ ADVERTENCIA:   ⚠️ Product GANCHOS omitido: categoría '07' no existe en MySQL
2026-01-24 13:11:02,568 - WARNING - [2026-01-24 13:11:02] ⚠️ ADVERTENCIA:   ⚠️ Product GANCHOS MARIPOSAS omitido: categoría '01' no existe en MySQL
2026-01-24 13:11:02,568 - WARNING - [2026-01-24 13:11:02] ⚠️ ADVERTENCIA:   ⚠️ Product GASTOS-CONDOMINIO omitido: categoría '01' no existe en MySQL
2026-01-24 13:11:02,568 - WARNING - [2026-01-24 13:11:02] ⚠️ ADVERTENCIA:   ⚠️ Product GASTOS-VARIOS omitido: categoría '00' no existe en MySQL
2026-01-24 13:11:02,568 - WARNING - [2026-01-24 13:11:02] ⚠️ ADVERTENCIA:   ⚠️ Product GASTOS-VARIOS-IV omitido: categoría '01' no existe en MySQL
2026-01-24 13:11:02,568 - WARNING - [2026-01-24 13:11:02] ⚠️ ADVERTENCIA:   ⚠️ Product GLADE VAINILLA omitido: categoría '01' no existe en MySQL
2026-01-24 13:11:02,568 - WARNING - [2026-01-24 13:11:02] ⚠️ ADVERTENCIA:   ⚠️ Product GLASS SUCTION TRAY omitido: categoría '01' no existe en MySQL
2026-01-24 13:11:02,568 - WARNING - [2026-01-24 13:11:02] ⚠️ ADVERTENCIA:   ⚠️ Product GRAPAS LISAS AMIKO X 5000 PIEZAS omitido: categoría '07' no existe en MySQL
2026-01-24 13:11:02,568 - WARNING - [2026-01-24 13:11:02] ⚠️ ADVERTENCIA:   ⚠️ Product GRAP-OK04 omitido: categoría '07' no existe en MySQL
2026-01-24 13:11:02,569 - WARNING - [2026-01-24 13:11:02] ⚠️ ADVERTENCIA:   ⚠️ Product GRAP-RAPID omitido: categoría '07' no existe en MySQL
2026-01-24 13:11:02,569 - WARNING - [2026-01-24 13:11:02] ⚠️ ADVERTENCIA:   ⚠️ Product GTX300 omitido: categoría '01' no existe en MySQL
2026-01-24 13:11:02,569 - WARNING - [2026-01-24 13:11:02] ⚠️ ADVERTENCIA:   ⚠️ Product HAMACA omitido: categoría '001' no existe en MySQL
2026-01-24 13:11:02,569 - WARNING - [2026-01-24 13:11:02] ⚠️ ADVERTENCIA:   ⚠️ Product HDMI-RJ45 omitido: categoría '03' no existe en MySQL
2026-01-24 13:11:02,569 - WARNING - [2026-01-24 13:11:02] ⚠️ ADVERTENCIA:   ⚠️ Product HOLOGRAFICA omitido: categoría '07' no existe en MySQL
2026-01-24 13:11:02,569 - WARNING - [2026-01-24 13:11:02] ⚠️ ADVERTENCIA:   ⚠️ Product HOLOGRAFICA PLATEADA omitido: categoría '01' no existe en MySQL
2026-01-24 13:11:02,569 - WARNING - [2026-01-24 13:11:02] ⚠️ ADVERTENCIA:   ⚠️ Product HUMIFICADOR H2O DQ-107 omitido: categoría '01' no existe en MySQL
2026-01-24 13:11:02,569 - WARNING - [2026-01-24 13:11:02] ⚠️ ADVERTENCIA:   ⚠️ Product ID90 omitido: categoría '07' no existe en MySQL
2026-01-24 13:11:02,569 - WARNING - [2026-01-24 13:11:02] ⚠️ ADVERTENCIA:   ⚠️ Product IMP-ASEO omitido: categoría '01' no existe en MySQL
2026-01-24 13:11:02,569 - WARNING - [2026-01-24 13:11:02] ⚠️ ADVERTENCIA:   ⚠️ Product INPODS INALAMBRICOS omitido: categoría '03' no existe en MySQL
2026-01-24 13:11:02,570 - WARNING - [2026-01-24 13:11:02] ⚠️ ADVERTENCIA:   ⚠️ Product JBL J-04 omitido: categoría '01' no existe en MySQL
2026-01-24 13:11:02,570 - WARNING - [2026-01-24 13:11:02] ⚠️ ADVERTENCIA:   ⚠️ Product JUEGO-GEOMETRICO omitido: categoría '07' no existe en MySQL
2026-01-24 13:11:02,570 - WARNING - [2026-01-24 13:11:02] ⚠️ ADVERTENCIA:   ⚠️ Product K1MCOLORES omitido: categoría '01' no existe en MySQL
2026-01-24 13:11:02,570 - WARNING - [2026-01-24 13:11:02] ⚠️ ADVERTENCIA:   ⚠️ Product K8 omitido: categoría '03' no existe en MySQL
2026-01-24 13:11:02,570 - WARNING - [2026-01-24 13:11:02] ⚠️ ADVERTENCIA:   ⚠️ Product KBS-1301 omitido: categoría '03' no existe en MySQL
2026-01-24 13:11:02,570 - WARNING - [2026-01-24 13:11:02] ⚠️ ADVERTENCIA:   ⚠️ Product KIN-OTG omitido: categoría '01' no existe en MySQL
2026-01-24 13:11:02,570 - WARNING - [2026-01-24 13:11:02] ⚠️ ADVERTENCIA:   ⚠️ Product KVR133D3N9/4G omitido: categoría '01' no existe en MySQL
2026-01-24 13:11:02,570 - WARNING - [2026-01-24 13:11:02] ⚠️ ADVERTENCIA:   ⚠️ Product KY-192 omitido: categoría '01' no existe en MySQL
2026-01-24 13:11:02,570 - WARNING - [2026-01-24 13:11:02] ⚠️ ADVERTENCIA:   ⚠️ Product LAMINA PARA PLASTIFICAR omitido: categoría '07' no existe en MySQL
2026-01-24 13:11:02,570 - WARNING - [2026-01-24 13:11:02] ⚠️ ADVERTENCIA:   ⚠️ Product LAMPARA omitido: categoría '03' no existe en MySQL
2026-01-24 13:11:02,571 - WARNING - [2026-01-24 13:11:02] ⚠️ ADVERTENCIA:   ⚠️ Product LAMPARA 3 LUCES omitido: categoría '03' no existe en MySQL
2026-01-24 13:11:02,571 - WARNING - [2026-01-24 13:11:02] ⚠️ ADVERTENCIA:   ⚠️ Product LAMPARA DE MESA omitido: categoría '01' no existe en MySQL
2026-01-24 13:11:02,571 - WARNING - [2026-01-24 13:11:02] ⚠️ ADVERTENCIA:   ⚠️ Product LAMPARA MESA TIPO BARRA omitido: categoría '01' no existe en MySQL
2026-01-24 13:11:02,571 - WARNING - [2026-01-24 13:11:02] ⚠️ ADVERTENCIA:   ⚠️ Product LAPICERO BIC NEGRO Y AZUL omitido: categoría '07' no existe en MySQL
2026-01-24 13:11:02,571 - WARNING - [2026-01-24 13:11:02] ⚠️ ADVERTENCIA:   ⚠️ Product LAPIZ omitido: categoría '07' no existe en MySQL
2026-01-24 13:11:02,571 - WARNING - [2026-01-24 13:11:02] ⚠️ ADVERTENCIA:   ⚠️ Product LAPIZ AMAZON BASICS omitido: categoría '07' no existe en MySQL
2026-01-24 13:11:02,571 - WARNING - [2026-01-24 13:11:02] ⚠️ ADVERTENCIA:   ⚠️ Product LAPIZ DOBLE PUNTA AZUL/ROJO omitido: categoría '07' no existe en MySQL
2026-01-24 13:11:02,571 - WARNING - [2026-01-24 13:11:02] ⚠️ ADVERTENCIA:   ⚠️ Product LDO-C600-MICRO omitido: categoría '03' no existe en MySQL
2026-01-24 13:11:02,571 - WARNING - [2026-01-24 13:11:02] ⚠️ ADVERTENCIA:   ⚠️ Product LDO-CX150 MICRO omitido: categoría '03' no existe en MySQL
2026-01-24 13:11:02,572 - WARNING - [2026-01-24 13:11:02] ⚠️ ADVERTENCIA:   ⚠️ Product LED024 omitido: categoría '0-1' no existe en MySQL
2026-01-24 13:11:02,572 - WARNING - [2026-01-24 13:11:02] ⚠️ ADVERTENCIA:   ⚠️ Product LED113 omitido: categoría '0-1' no existe en MySQL
2026-01-24 13:11:02,572 - WARNING - [2026-01-24 13:11:02] ⚠️ ADVERTENCIA:   ⚠️ Product LIBRE01 omitido: categoría '07' no existe en MySQL
2026-01-24 13:11:02,572 - WARNING - [2026-01-24 13:11:02] ⚠️ ADVERTENCIA:   ⚠️ Product LIBTA-EMP-100H omitido: categoría '07' no existe en MySQL
2026-01-24 13:11:02,572 - WARNING - [2026-01-24 13:11:02] ⚠️ ADVERTENCIA:   ⚠️ Product LICENCIAMULTI omitido: categoría 'SN' no existe en MySQL
2026-01-24 13:11:02,572 - WARNING - [2026-01-24 13:11:02] ⚠️ ADVERTENCIA:   ⚠️ Product LINTERNA LED LY 825 omitido: categoría '0-1' no existe en MySQL
2026-01-24 13:11:02,572 - WARNING - [2026-01-24 13:11:02] ⚠️ ADVERTENCIA:   ⚠️ Product LK87 omitido: categoría '05' no existe en MySQL
2026-01-24 13:11:02,572 - WARNING - [2026-01-24 13:11:02] ⚠️ ADVERTENCIA:   ⚠️ Product LLAVERO UPPOMI omitido: categoría '01' no existe en MySQL
2026-01-24 13:11:02,572 - WARNING - [2026-01-24 13:11:02] ⚠️ ADVERTENCIA:   ⚠️ Product LUCES LED SENSORIALES AMAZON omitido: categoría '03' no existe en MySQL
2026-01-24 13:11:02,572 - WARNING - [2026-01-24 13:11:02] ⚠️ ADVERTENCIA:   ⚠️ Product LUZ LAMPARA MESA BRAZO omitido: categoría '01' no existe en MySQL
2026-01-24 13:11:02,572 - WARNING - [2026-01-24 13:11:02] ⚠️ ADVERTENCIA:   ⚠️ Product MACADOR-NEGRO omitido: categoría '07' no existe en MySQL
2026-01-24 13:11:02,573 - WARNING - [2026-01-24 13:11:02] ⚠️ ADVERTENCIA:   ⚠️ Product MARCADOR-00 omitido: categoría '01' no existe en MySQL
2026-01-24 13:11:02,573 - WARNING - [2026-01-24 13:11:02] ⚠️ ADVERTENCIA:   ⚠️ Product MARC-DELGADOS MAX45 omitido: categoría '07' no existe en MySQL
2026-01-24 13:11:02,573 - WARNING - [2026-01-24 13:11:02] ⚠️ ADVERTENCIA:   ⚠️ Product MARC-GRUESO omitido: categoría '07' no existe en MySQL
2026-01-24 13:11:02,573 - WARNING - [2026-01-24 13:11:02] ⚠️ ADVERTENCIA:   ⚠️ Product MARC-OK92L omitido: categoría '07' no existe en MySQL
2026-01-24 13:11:02,573 - WARNING - [2026-01-24 13:11:02] ⚠️ ADVERTENCIA:   ⚠️ Product MARC-OK93 omitido: categoría '07' no existe en MySQL
2026-01-24 13:11:02,573 - WARNING - [2026-01-24 13:11:02] ⚠️ ADVERTENCIA:   ⚠️ Product MAR-OK91 omitido: categoría '07' no existe en MySQL
2026-01-24 13:11:02,573 - WARNING - [2026-01-24 13:11:02] ⚠️ ADVERTENCIA:   ⚠️ Product MB-MA64E omitido: categoría '01' no existe en MySQL
2026-01-24 13:11:02,573 - WARNING - [2026-01-24 13:11:02] ⚠️ ADVERTENCIA:   ⚠️ Product ME-MA32E omitido: categoría '01' no existe en MySQL
2026-01-24 13:11:02,573 - WARNING - [2026-01-24 13:11:02] ⚠️ ADVERTENCIA:   ⚠️ Product MI HEADSET NARANJA omitido: categoría '001' no existe en MySQL
2026-01-24 13:11:02,574 - WARNING - [2026-01-24 13:11:02] ⚠️ ADVERTENCIA:   ⚠️ Product MINI EXACTOS omitido: categoría '05' no existe en MySQL
2026-01-24 13:11:02,574 - WARNING - [2026-01-24 13:11:02] ⚠️ ADVERTENCIA:   ⚠️ Product MINI HUMIFICADOR omitido: categoría '01' no existe en MySQL
2026-01-24 13:11:02,574 - WARNING - [2026-01-24 13:11:02] ⚠️ ADVERTENCIA:   ⚠️ Product MINI VENTILADOR omitido: categoría '03' no existe en MySQL
2026-01-24 13:11:02,574 - WARNING - [2026-01-24 13:11:02] ⚠️ ADVERTENCIA:   ⚠️ Product M-L-L omitido: categoría '01' no existe en MySQL
2026-01-24 13:11:02,574 - WARNING - [2026-01-24 13:11:02] ⚠️ ADVERTENCIA:   ⚠️ Product M-L-L-2 omitido: categoría '00' no existe en MySQL
2026-01-24 13:11:02,574 - WARNING - [2026-01-24 13:11:02] ⚠️ ADVERTENCIA:   ⚠️ Product MLTD 111S omitido: categoría '07' no existe en MySQL
2026-01-24 13:11:02,574 - WARNING - [2026-01-24 13:11:02] ⚠️ ADVERTENCIA:   ⚠️ Product MOSQUITERO omitido: categoría '001' no existe en MySQL
2026-01-24 13:11:02,574 - WARNING - [2026-01-24 13:11:02] ⚠️ ADVERTENCIA:   ⚠️ Product MOUSE GAMING HP S600 omitido: categoría '03' no existe en MySQL
2026-01-24 13:11:02,574 - WARNING - [2026-01-24 13:11:02] ⚠️ ADVERTENCIA:   ⚠️ Product MOUSE HP RECARGABLE omitido: categoría '01' no existe en MySQL
2026-01-24 13:11:02,574 - WARNING - [2026-01-24 13:11:02] ⚠️ ADVERTENCIA:   ⚠️ Product MOUSE TJ-1 GAMING TINJI omitido: categoría '01' no existe en MySQL
2026-01-24 13:11:02,575 - WARNING - [2026-01-24 13:11:02] ⚠️ ADVERTENCIA:   ⚠️ Product MOUSE TJ-3 GAMING TINJI omitido: categoría '01' no existe en MySQL
2026-01-24 13:11:02,575 - WARNING - [2026-01-24 13:11:02] ⚠️ ADVERTENCIA:   ⚠️ Product MOUSE TJ-7 omitido: categoría '01' no existe en MySQL
2026-01-24 13:11:02,575 - WARNING - [2026-01-24 13:11:02] ⚠️ ADVERTENCIA:   ⚠️ Product MOUSE-MIXIE omitido: categoría '06' no existe en MySQL
2026-01-24 13:11:02,575 - WARNING - [2026-01-24 13:11:02] ⚠️ ADVERTENCIA:   ⚠️ Product MOUSE-TJ-10 omitido: categoría '06' no existe en MySQL
2026-01-24 13:11:02,575 - WARNING - [2026-01-24 13:11:02] ⚠️ ADVERTENCIA:   ⚠️ Product MR1909 omitido: categoría '07' no existe en MySQL
2026-01-24 13:11:02,575 - WARNING - [2026-01-24 13:11:02] ⚠️ ADVERTENCIA:   ⚠️ Product MSATA SSD omitido: categoría '01' no existe en MySQL
2026-01-24 13:11:02,575 - WARNING - [2026-01-24 13:11:02] ⚠️ ADVERTENCIA:   ⚠️ Product MS-HP510A omitido: categoría '06' no existe en MySQL
2026-01-24 13:11:02,575 - WARNING - [2026-01-24 13:11:02] ⚠️ ADVERTENCIA:   ⚠️ Product MU-CU3X3 omitido: categoría '03' no existe en MySQL
2026-01-24 13:11:02,575 - WARNING - [2026-01-24 13:11:02] ⚠️ ADVERTENCIA:   ⚠️ Product MUF-16BE omitido: categoría '01' no existe en MySQL
2026-01-24 13:11:02,576 - WARNING - [2026-01-24 13:11:02] ⚠️ ADVERTENCIA:   ⚠️ Product MUF-64BE omitido: categoría '01' no existe en MySQL
2026-01-24 13:11:02,576 - WARNING - [2026-01-24 13:11:02] ⚠️ ADVERTENCIA:   ⚠️ Product MU-RM-5U omitido: categoría '05' no existe en MySQL
2026-01-24 13:11:02,576 - WARNING - [2026-01-24 13:11:02] ⚠️ ADVERTENCIA:   ⚠️ Product NANFU AAA omitido: categoría '03' no existe en MySQL
2026-01-24 13:11:02,576 - WARNING - [2026-01-24 13:11:02] ⚠️ ADVERTENCIA:   ⚠️ Product NANO omitido: categoría '01' no existe en MySQL
2026-01-24 13:11:02,576 - WARNING - [2026-01-24 13:11:02] ⚠️ ADVERTENCIA:   ⚠️ Product NOMINA omitido: categoría '01' no existe en MySQL
2026-01-24 13:11:02,576 - WARNING - [2026-01-24 13:11:02] ⚠️ ADVERTENCIA:   ⚠️ Product NOT-ADH-3X3 omitido: categoría '07' no existe en MySQL
2026-01-24 13:11:02,576 - WARNING - [2026-01-24 13:11:02] ⚠️ ADVERTENCIA:   ⚠️ Product OK-05 omitido: categoría '07' no existe en MySQL
2026-01-24 13:11:02,576 - WARNING - [2026-01-24 13:11:02] ⚠️ ADVERTENCIA:   ⚠️ Product OPALINA omitido: categoría '07' no existe en MySQL
2026-01-24 13:11:02,576 - WARNING - [2026-01-24 13:11:02] ⚠️ ADVERTENCIA:   ⚠️ Product ORIN CERTIFICADO omitido: categoría '001' no existe en MySQL
2026-01-24 13:11:02,576 - WARNING - [2026-01-24 13:11:02] ⚠️ ADVERTENCIA:   ⚠️ Product OTG MICRO BLISTER omitido: categoría '07' no existe en MySQL
2026-01-24 13:11:02,577 - WARNING - [2026-01-24 13:11:02] ⚠️ ADVERTENCIA:   ⚠️ Product OTG-TC-06 omitido: categoría '05' no existe en MySQL
2026-01-24 13:11:02,577 - WARNING - [2026-01-24 13:11:02] ⚠️ ADVERTENCIA:   ⚠️ Product PAGO DE COMISION ML omitido: categoría '002' no existe en MySQL
2026-01-24 13:11:02,577 - WARNING - [2026-01-24 13:11:02] ⚠️ ADVERTENCIA:   ⚠️ Product PAGO RECARGAS omitido: categoría '002' no existe en MySQL
2026-01-24 13:11:02,577 - WARNING - [2026-01-24 13:11:02] ⚠️ ADVERTENCIA:   ⚠️ Product PANEL SOLAR omitido: categoría '01' no existe en MySQL
2026-01-24 13:11:02,577 - WARNING - [2026-01-24 13:11:02] ⚠️ ADVERTENCIA:   ⚠️ Product PAPEL BOND omitido: categoría '07' no existe en MySQL
2026-01-24 13:11:02,577 - WARNING - [2026-01-24 13:11:02] ⚠️ ADVERTENCIA:   ⚠️ Product PAPEL FOTOGRAFICO 180G omitido: categoría '07' no existe en MySQL
2026-01-24 13:11:02,577 - WARNING - [2026-01-24 13:11:02] ⚠️ ADVERTENCIA:   ⚠️ Product PASAJE omitido: categoría '01' no existe en MySQL
2026-01-24 13:11:02,577 - WARNING - [2026-01-24 13:11:02] ⚠️ ADVERTENCIA:   ⚠️ Product PBPCS omitido: categoría '01' no existe en MySQL
2026-01-24 13:11:02,577 - WARNING - [2026-01-24 13:11:02] ⚠️ ADVERTENCIA:   ⚠️ Product PEG-3 omitido: categoría '07' no existe en MySQL
2026-01-24 13:11:02,577 - WARNING - [2026-01-24 13:11:02] ⚠️ ADVERTENCIA:   ⚠️ Product PERFORADOR omitido: categoría '07' no existe en MySQL
2026-01-24 13:11:02,578 - WARNING - [2026-01-24 13:11:02] ⚠️ ADVERTENCIA:   ⚠️ Product PERF-PH-15A omitido: categoría '07' no existe en MySQL
2026-01-24 13:11:02,578 - WARNING - [2026-01-24 13:11:02] ⚠️ ADVERTENCIA:   ⚠️ Product PERFUME-01 omitido: categoría '01' no existe en MySQL
2026-01-24 13:11:02,578 - WARNING - [2026-01-24 13:11:02] ⚠️ ADVERTENCIA:   ⚠️ Product PERFUME-02 omitido: categoría '01' no existe en MySQL
2026-01-24 13:11:02,578 - WARNING - [2026-01-24 13:11:02] ⚠️ ADVERTENCIA:   ⚠️ Product PERFUME-03 omitido: categoría '01' no existe en MySQL
2026-01-24 13:11:02,578 - WARNING - [2026-01-24 13:11:02] ⚠️ ADVERTENCIA:   ⚠️ Product PESO omitido: categoría '01' no existe en MySQL
2026-01-24 13:11:02,578 - WARNING - [2026-01-24 13:11:02] ⚠️ ADVERTENCIA:   ⚠️ Product PESO-00 omitido: categoría '01' no existe en MySQL
2026-01-24 13:11:02,578 - WARNING - [2026-01-24 13:11:02] ⚠️ ADVERTENCIA:   ⚠️ Product PHONE HOLDER omitido: categoría '001' no existe en MySQL
2026-01-24 13:11:02,578 - WARNING - [2026-01-24 13:11:02] ⚠️ ADVERTENCIA:   ⚠️ Product PINTURA-00 omitido: categoría '01' no existe en MySQL
2026-01-24 13:11:02,578 - WARNING - [2026-01-24 13:11:02] ⚠️ ADVERTENCIA:   ⚠️ Product PINZA omitido: categoría '01' no existe en MySQL
2026-01-24 13:11:02,578 - WARNING - [2026-01-24 13:11:02] ⚠️ ADVERTENCIA:   ⚠️ Product PIZARRA-00 omitido: categoría '01' no existe en MySQL
2026-01-24 13:11:02,578 - WARNING - [2026-01-24 13:11:02] ⚠️ ADVERTENCIA:   ⚠️ Product PLASTIFICACION- omitido: categoría '01' no existe en MySQL
2026-01-24 13:11:02,579 - WARNING - [2026-01-24 13:11:02] ⚠️ ADVERTENCIA:   ⚠️ Product POLVO CACAO 250 GR omitido: categoría '01' no existe en MySQL
2026-01-24 13:11:02,579 - WARNING - [2026-01-24 13:11:02] ⚠️ ADVERTENCIA:   ⚠️ Product POLVO CACAO 500 GR omitido: categoría '01' no existe en MySQL
2026-01-24 13:11:02,579 - WARNING - [2026-01-24 13:11:02] ⚠️ ADVERTENCIA:   ⚠️ Product PORTA CARNET omitido: categoría '07' no existe en MySQL
2026-01-24 13:11:02,579 - WARNING - [2026-01-24 13:11:02] ⚠️ ADVERTENCIA:   ⚠️ Product PORTARETRARO omitido: categoría '07' no existe en MySQL
2026-01-24 13:11:02,579 - WARNING - [2026-01-24 13:11:02] ⚠️ ADVERTENCIA:   ⚠️ Product POWER BANK MAGSAFE omitido: categoría '01' no existe en MySQL
2026-01-24 13:11:02,579 - WARNING - [2026-01-24 13:11:02] ⚠️ ADVERTENCIA:   ⚠️ Product POWER BANK MAGSAFE 5 MIL MAH omitido: categoría '01' no existe en MySQL
2026-01-24 13:11:02,579 - WARNING - [2026-01-24 13:11:02] ⚠️ ADVERTENCIA:   ⚠️ Product POWER BANK SOLAR YELOMIN 42800 omitido: categoría '001' no existe en MySQL
2026-01-24 13:11:02,579 - WARNING - [2026-01-24 13:11:02] ⚠️ ADVERTENCIA:   ⚠️ Product PR-0-0143 omitido: categoría '07' no existe en MySQL
2026-01-24 13:11:02,579 - WARNING - [2026-01-24 13:11:02] ⚠️ ADVERTENCIA:   ⚠️ Product PRESTAMO omitido: categoría '01' no existe en MySQL
2026-01-24 13:11:02,579 - WARNING - [2026-01-24 13:11:02] ⚠️ ADVERTENCIA:   ⚠️ Product PRESTAMO-01 omitido: categoría '01' no existe en MySQL
2026-01-24 13:11:02,580 - WARNING - [2026-01-24 13:11:02] ⚠️ ADVERTENCIA:   ⚠️ Product PROTECTOR DE VOLTAJE omitido: categoría '03' no existe en MySQL
2026-01-24 13:11:02,580 - WARNING - [2026-01-24 13:11:02] ⚠️ ADVERTENCIA:   ⚠️ Product PTO278-285 omitido: categoría '07' no existe en MySQL
2026-01-24 13:11:02,580 - WARNING - [2026-01-24 13:11:02] ⚠️ ADVERTENCIA:   ⚠️ Product PULSERA NIÑOS AIRTAG omitido: categoría '01' no existe en MySQL
2026-01-24 13:11:02,580 - WARNING - [2026-01-24 13:11:02] ⚠️ ADVERTENCIA:   ⚠️ Product PULSERA-00 omitido: categoría '01' no existe en MySQL
2026-01-24 13:11:02,580 - WARNING - [2026-01-24 13:11:02] ⚠️ ADVERTENCIA:   ⚠️ Product RAD-T6 MINI omitido: categoría '05' no existe en MySQL
2026-01-24 13:11:02,580 - WARNING - [2026-01-24 13:11:02] ⚠️ ADVERTENCIA:   ⚠️ Product RCA-JK omitido: categoría '05' no existe en MySQL
2026-01-24 13:11:02,580 - WARNING - [2026-01-24 13:11:02] ⚠️ ADVERTENCIA:   ⚠️ Product RECEPTOR WIFI DOBLE BANDA omitido: categoría '01' no existe en MySQL
2026-01-24 13:11:02,580 - WARNING - [2026-01-24 13:11:02] ⚠️ ADVERTENCIA:   ⚠️ Product REG-PLAST-30CM omitido: categoría '07' no existe en MySQL
2026-01-24 13:11:02,580 - WARNING - [2026-01-24 13:11:02] ⚠️ ADVERTENCIA:   ⚠️ Product REG-UPPOMI-2064U AZUL omitido: categoría '01' no existe en MySQL
2026-01-24 13:11:02,580 - WARNING - [2026-01-24 13:11:02] ⚠️ ADVERTENCIA:   ⚠️ Product REG-UPPOMI-2064U VERDE omitido: categoría '01' no existe en MySQL
2026-01-24 13:11:02,580 - WARNING - [2026-01-24 13:11:02] ⚠️ ADVERTENCIA:   ⚠️ Product REG-UPPOMI-LH-K2500W omitido: categoría '03' no existe en MySQL
2026-01-24 13:11:02,581 - WARNING - [2026-01-24 13:11:02] ⚠️ ADVERTENCIA:   ⚠️ Product RELOJ-00 omitido: categoría '01' no existe en MySQL
2026-01-24 13:11:02,581 - WARNING - [2026-01-24 13:11:02] ⚠️ ADVERTENCIA:   ⚠️ Product REPELENTE omitido: categoría '001' no existe en MySQL
2026-01-24 13:11:02,581 - WARNING - [2026-01-24 13:11:02] ⚠️ ADVERTENCIA:   ⚠️ Product REPUESTO FLORES omitido: categoría '001' no existe en MySQL
2026-01-24 13:11:02,581 - WARNING - [2026-01-24 13:11:02] ⚠️ ADVERTENCIA:   ⚠️ Product RESALT-VERDE omitido: categoría '07' no existe en MySQL
2026-01-24 13:11:02,581 - WARNING - [2026-01-24 13:11:02] ⚠️ ADVERTENCIA:   ⚠️ Product RESMA- EXECUTIVE omitido: categoría '01' no existe en MySQL
2026-01-24 13:11:02,581 - WARNING - [2026-01-24 13:11:02] ⚠️ ADVERTENCIA:   ⚠️ Product RESMAHPOFICIO omitido: categoría '07' no existe en MySQL
2026-01-24 13:11:02,581 - WARNING - [2026-01-24 13:11:02] ⚠️ ADVERTENCIA:   ⚠️ Product RES-OFIC-CHAMEX omitido: categoría '07' no existe en MySQL
2026-01-24 13:11:02,581 - WARNING - [2026-01-24 13:11:02] ⚠️ ADVERTENCIA:   ⚠️ Product RES-PAP-OFIC HAMMERMILL omitido: categoría '07' no existe en MySQL
2026-01-24 13:11:02,581 - WARNING - [2026-01-24 13:11:02] ⚠️ ADVERTENCIA:   ⚠️ Product RES-PRINTON omitido: categoría '01' no existe en MySQL
2026-01-24 13:11:02,581 - WARNING - [2026-01-24 13:11:02] ⚠️ ADVERTENCIA:   ⚠️ Product RETRACTIL NEGRO/AZUL AMAZON omitido: categoría '07' no existe en MySQL
2026-01-24 13:11:02,581 - WARNING - [2026-01-24 13:11:02] ⚠️ ADVERTENCIA:   ⚠️ Product REVISION omitido: categoría '01' no existe en MySQL
2026-01-24 13:11:02,582 - WARNING - [2026-01-24 13:11:02] ⚠️ ADVERTENCIA:   ⚠️ Product RIMER omitido: categoría '01' no existe en MySQL
2026-01-24 13:11:02,582 - WARNING - [2026-01-24 13:11:02] ⚠️ ADVERTENCIA:   ⚠️ Product ROLLO-PUNTO omitido: categoría '07' no existe en MySQL
2026-01-24 13:11:02,582 - WARNING - [2026-01-24 13:11:02] ⚠️ ADVERTENCIA:   ⚠️ Product ROU-025 omitido: categoría '01' no existe en MySQL
2026-01-24 13:11:02,582 - WARNING - [2026-01-24 13:11:02] ⚠️ ADVERTENCIA:   ⚠️ Product RP omitido: categoría '01' no existe en MySQL
2026-01-24 13:11:02,582 - WARNING - [2026-01-24 13:11:02] ⚠️ ADVERTENCIA:   ⚠️ Product RQ-CH-09 omitido: categoría '05' no existe en MySQL
2026-01-24 13:11:02,582 - WARNING - [2026-01-24 13:11:02] ⚠️ ADVERTENCIA:   ⚠️ Product S8TRAVEL ADAPTER omitido: categoría '01' no existe en MySQL
2026-01-24 13:11:02,582 - WARNING - [2026-01-24 13:11:02] ⚠️ ADVERTENCIA:   ⚠️ Product SD-CF-8GB omitido: categoría '01' no existe en MySQL
2026-01-24 13:11:02,582 - WARNING - [2026-01-24 13:11:02] ⚠️ ADVERTENCIA:   ⚠️ Product SER-VARIOS omitido: categoría '002' no existe en MySQL
2026-01-24 13:11:02,582 - WARNING - [2026-01-24 13:11:02] ⚠️ ADVERTENCIA:   ⚠️ Product S-G omitido: categoría '07' no existe en MySQL
2026-01-24 13:11:02,582 - WARNING - [2026-01-24 13:11:02] ⚠️ ADVERTENCIA:   ⚠️ Product SOBRE DE BROCHE CARTA omitido: categoría '07' no existe en MySQL
2026-01-24 13:11:02,582 - WARNING - [2026-01-24 13:11:02] ⚠️ ADVERTENCIA:   ⚠️ Product SOBRE MANILA CARTA omitido: categoría '07' no existe en MySQL
2026-01-24 13:11:02,582 - WARNING - [2026-01-24 13:11:02] ⚠️ ADVERTENCIA:   ⚠️ Product SOBRE MANILA OFICIO omitido: categoría '07' no existe en MySQL
2026-01-24 13:11:02,583 - WARNING - [2026-01-24 13:11:02] ⚠️ ADVERTENCIA:   ⚠️ Product SOBRES BLANCO #11 MEDIA CARTA omitido: categoría '07' no existe en MySQL
2026-01-24 13:11:02,583 - WARNING - [2026-01-24 13:11:02] ⚠️ ADVERTENCIA:   ⚠️ Product SOCATE ON-OFF omitido: categoría '01' no existe en MySQL
2026-01-24 13:11:02,583 - WARNING - [2026-01-24 13:11:02] ⚠️ ADVERTENCIA:   ⚠️ Product SOLID-STATE DRIVE omitido: categoría '00' no existe en MySQL
2026-01-24 13:11:02,583 - WARNING - [2026-01-24 13:11:02] ⚠️ ADVERTENCIA:   ⚠️ Product SOMBRAS omitido: categoría '01' no existe en MySQL
2026-01-24 13:11:02,583 - WARNING - [2026-01-24 13:11:02] ⚠️ ADVERTENCIA:   ⚠️ Product SREV-MOVILNET omitido: categoría '01' no existe en MySQL
2026-01-24 13:11:02,583 - WARNING - [2026-01-24 13:11:02] ⚠️ ADVERTENCIA:   ⚠️ Product SS-065 omitido: categoría '07' no existe en MySQL
2026-01-24 13:11:02,583 - WARNING - [2026-01-24 13:11:02] ⚠️ ADVERTENCIA:   ⚠️ Product ST-01701 omitido: categoría '07' no existe en MySQL
2026-01-24 13:11:02,583 - WARNING - [2026-01-24 13:11:02] ⚠️ ADVERTENCIA:   ⚠️ Product ST-03556-B omitido: categoría '07' no existe en MySQL
2026-01-24 13:11:02,583 - WARNING - [2026-01-24 13:11:02] ⚠️ ADVERTENCIA:   ⚠️ Product ST-03905 omitido: categoría '07' no existe en MySQL
2026-01-24 13:11:02,583 - WARNING - [2026-01-24 13:11:02] ⚠️ ADVERTENCIA:   ⚠️ Product ST-MS-951B omitido: categoría '07' no existe en MySQL
2026-01-24 13:11:02,583 - WARNING - [2026-01-24 13:11:02] ⚠️ ADVERTENCIA:   ⚠️ Product TABLAS-00 omitido: categoría '01' no existe en MySQL
2026-01-24 13:11:02,583 - WARNING - [2026-01-24 13:11:02] ⚠️ ADVERTENCIA:   ⚠️ Product TABLET 10 PULGADAS AMAZON omitido: categoría '05' no existe en MySQL
2026-01-24 13:11:02,584 - WARNING - [2026-01-24 13:11:02] ⚠️ ADVERTENCIA:   ⚠️ Product TABLET 4 RAM VERDE omitido: categoría '00' no existe en MySQL
2026-01-24 13:11:02,584 - WARNING - [2026-01-24 13:11:02] ⚠️ ADVERTENCIA:   ⚠️ Product TABLET 7 PULAGADAS AMAZON omitido: categoría '00' no existe en MySQL
2026-01-24 13:11:02,584 - WARNING - [2026-01-24 13:11:02] ⚠️ ADVERTENCIA:   ⚠️ Product TABLET NEGRA 7 INCH 3 RAM omitido: categoría '01' no existe en MySQL
2026-01-24 13:11:02,584 - WARNING - [2026-01-24 13:11:02] ⚠️ ADVERTENCIA:   ⚠️ Product TABLET PARA NIÑOS 7 INCH omitido: categoría '00' no existe en MySQL
2026-01-24 13:11:02,584 - WARNING - [2026-01-24 13:11:02] ⚠️ ADVERTENCIA:   ⚠️ Product TAC-CL01 omitido: categoría '03' no existe en MySQL
2026-01-24 13:11:02,584 - WARNING - [2026-01-24 13:11:02] ⚠️ ADVERTENCIA:   ⚠️ Product TAC-SAMSUG5G omitido: categoría '03' no existe en MySQL
2026-01-24 13:11:02,584 - WARNING - [2026-01-24 13:11:02] ⚠️ ADVERTENCIA:   ⚠️ Product TAP-001 omitido: categoría '01' no existe en MySQL
2026-01-24 13:11:02,584 - WARNING - [2026-01-24 13:11:02] ⚠️ ADVERTENCIA:   ⚠️ Product TD-T35 omitido: categoría '03' no existe en MySQL
2026-01-24 13:11:02,584 - WARNING - [2026-01-24 13:11:02] ⚠️ ADVERTENCIA:   ⚠️ Product TE-1 omitido: categoría '03' no existe en MySQL
2026-01-24 13:11:02,584 - WARNING - [2026-01-24 13:11:02] ⚠️ ADVERTENCIA:   ⚠️ Product TERCER BRAZO omitido: categoría '01' no existe en MySQL
2026-01-24 13:11:02,584 - WARNING - [2026-01-24 13:11:02] ⚠️ ADVERTENCIA:   ⚠️ Product TIJERA omitido: categoría '07' no existe en MySQL
2026-01-24 13:11:02,584 - WARNING - [2026-01-24 13:11:02] ⚠️ ADVERTENCIA:   ⚠️ Product TINTA T544 omitido: categoría '07' no existe en MySQL
2026-01-24 13:11:02,584 - WARNING - [2026-01-24 13:11:02] ⚠️ ADVERTENCIA:   ⚠️ Product TINTA T544 COLORES omitido: categoría '07' no existe en MySQL
2026-01-24 13:11:02,585 - WARNING - [2026-01-24 13:11:02] ⚠️ ADVERTENCIA:   ⚠️ Product TINTA T664 omitido: categoría 'IMP' no existe en MySQL
2026-01-24 13:11:02,585 - WARNING - [2026-01-24 13:11:02] ⚠️ ADVERTENCIA:   ⚠️ Product TINTA T664 AMARILLA omitido: categoría '01' no existe en MySQL
2026-01-24 13:11:02,585 - WARNING - [2026-01-24 13:11:02] ⚠️ ADVERTENCIA:   ⚠️ Product TINTA T664 CELESTE omitido: categoría 'IMP' no existe en MySQL
2026-01-24 13:11:02,585 - WARNING - [2026-01-24 13:11:02] ⚠️ ADVERTENCIA:   ⚠️ Product TINTA T664 NEGRA omitido: categoría 'IMP' no existe en MySQL
2026-01-24 13:11:02,585 - WARNING - [2026-01-24 13:11:02] ⚠️ ADVERTENCIA:   ⚠️ Product TIRRO omitido: categoría '07' no existe en MySQL
2026-01-24 13:11:02,585 - WARNING - [2026-01-24 13:11:02] ⚠️ ADVERTENCIA:   ⚠️ Product TJ-11 MOUSE GAMER omitido: categoría '06' no existe en MySQL
2026-01-24 13:11:02,585 - WARNING - [2026-01-24 13:11:02] ⚠️ ADVERTENCIA:   ⚠️ Product TONER-104 omitido: categoría '07' no existe en MySQL
2026-01-24 13:11:02,585 - WARNING - [2026-01-24 13:11:02] ⚠️ ADVERTENCIA:   ⚠️ Product TONER-137/83A omitido: categoría '07' no existe en MySQL
2026-01-24 13:11:02,585 - WARNING - [2026-01-24 13:11:02] ⚠️ ADVERTENCIA:   ⚠️ Product TONER-COMP-CANON omitido: categoría '07' no existe en MySQL
2026-01-24 13:11:02,585 - WARNING - [2026-01-24 13:11:02] ⚠️ ADVERTENCIA:   ⚠️ Product TONER-COMP-HP omitido: categoría '01' no existe en MySQL
2026-01-24 13:11:02,585 - WARNING - [2026-01-24 13:11:02] ⚠️ ADVERTENCIA:   ⚠️ Product TONER-HP omitido: categoría '07' no existe en MySQL
2026-01-24 13:11:02,585 - WARNING - [2026-01-24 13:11:02] ⚠️ ADVERTENCIA:   ⚠️ Product TONER-MXP-MLTD101S omitido: categoría '07' no existe en MySQL
2026-01-24 13:11:02,585 - WARNING - [2026-01-24 13:11:02] ⚠️ ADVERTENCIA:   ⚠️ Product TONER-STAMPRINT omitido: categoría '07' no existe en MySQL
2026-01-24 13:11:02,586 - WARNING - [2026-01-24 13:11:02] ⚠️ ADVERTENCIA:   ⚠️ Product TP101 omitido: categoría '03' no existe en MySQL
2026-01-24 13:11:02,586 - WARNING - [2026-01-24 13:11:02] ⚠️ ADVERTENCIA:   ⚠️ Product TRIPOIDE PARA SELFIE omitido: categoría '01' no existe en MySQL
2026-01-24 13:11:02,586 - WARNING - [2026-01-24 13:11:02] ⚠️ ADVERTENCIA:   ⚠️ Product TWS I18 omitido: categoría '03' no existe en MySQL
2026-01-24 13:11:02,586 - WARNING - [2026-01-24 13:11:02] ⚠️ ADVERTENCIA:   ⚠️ Product USB FLASH DRIVE omitido: categoría '01' no existe en MySQL
2026-01-24 13:11:02,586 - WARNING - [2026-01-24 13:11:02] ⚠️ ADVERTENCIA:   ⚠️ Product USB-4PTO-HUB omitido: categoría '06' no existe en MySQL
2026-01-24 13:11:02,586 - WARNING - [2026-01-24 13:11:02] ⚠️ ADVERTENCIA:   ⚠️ Product USB-7PTO-HUB omitido: categoría '06' no existe en MySQL
2026-01-24 13:11:02,586 - WARNING - [2026-01-24 13:11:02] ⚠️ ADVERTENCIA:   ⚠️ Product VARIOS SERVICIOS omitido: categoría '01' no existe en MySQL
2026-01-24 13:11:02,586 - WARNING - [2026-01-24 13:11:02] ⚠️ ADVERTENCIA:   ⚠️ Product WD2500AAKX omitido: categoría '01' no existe en MySQL
2026-01-24 13:11:02,586 - WARNING - [2026-01-24 13:11:02] ⚠️ ADVERTENCIA:   ⚠️ Product X002UZCVP1 omitido: categoría '01' no existe en MySQL
2026-01-24 13:11:02,586 - WARNING - [2026-01-24 13:11:02] ⚠️ ADVERTENCIA:   ⚠️ Product X0033B2V51 omitido: categoría '001' no existe en MySQL
2026-01-24 13:11:02,586 - WARNING - [2026-01-24 13:11:02] ⚠️ ADVERTENCIA:   ⚠️ Product X003CGDNHH omitido: categoría '001' no existe en MySQL
2026-01-24 13:11:02,586 - WARNING - [2026-01-24 13:11:02] ⚠️ ADVERTENCIA:   ⚠️ Product X003D43FOJ omitido: categoría '001' no existe en MySQL
2026-01-24 13:11:02,586 - WARNING - [2026-01-24 13:11:02] ⚠️ ADVERTENCIA:   ⚠️ Product X003Z1RAMD omitido: categoría '001' no existe en MySQL
2026-01-24 13:11:02,587 - WARNING - [2026-01-24 13:11:02] ⚠️ ADVERTENCIA:   ⚠️ Product X004AT548L omitido: categoría '01' no existe en MySQL
2026-01-24 13:11:02,587 - WARNING - [2026-01-24 13:11:02] ⚠️ ADVERTENCIA:   ⚠️ Product X6 USB STANDARD omitido: categoría '06' no existe en MySQL
2026-01-24 13:11:02,587 - WARNING - [2026-01-24 13:11:02] ⚠️ ADVERTENCIA:   ⚠️ Product X-CABLE omitido: categoría '03' no existe en MySQL
2026-01-24 13:11:02,587 - WARNING - [2026-01-24 13:11:02] ⚠️ ADVERTENCIA:   ⚠️ Product X-IZ omitido: categoría '0-1' no existe en MySQL
2026-01-24 13:11:02,587 - WARNING - [2026-01-24 13:11:02] ⚠️ ADVERTENCIA:   ⚠️ 595 productos omitidos por categoría inexistente
2026-01-24 13:11:02,724 - INFO - [2026-01-24 13:11:02] ✅ ÉXITO: ✅ Products sincronizados: 0 nuevos, 0 modificados
2026-01-24 13:11:02,724 - INFO - [2026-01-24 13:11:02] ℹ️ INFO: 
2026-01-24 13:11:02,724 - INFO - [2026-01-24 13:11:02] ℹ️ INFO: 👥 SINCRONIZANDO CUSTOMERS...
2026-01-24 13:11:02,724 - INFO - [2026-01-24 13:11:02] ℹ️ INFO: Sincronizando cambios de customers a MySQL...
2026-01-24 13:11:02,864 - ERROR - [2026-01-24 13:11:02] ❌ ERROR: Error sincronizando customers a MySQL: 1452 (23000): Cannot add or update a child row: a foreign key constraint fails (`chrystal_movil`.`customers`, CONSTRAINT `customers_company_id_foreign` FOREIGN KEY (`company_id`) REFERENCES `companies` (`id`) ON DELETE CASCADE)
2026-01-24 13:11:02,864 - INFO - [2026-01-24 13:11:02] ℹ️ INFO: 
2026-01-24 13:11:02,866 - INFO - [2026-01-24 13:11:02] ℹ️ INFO: ╔════════════════════════════════════════════════════════════════╗
2026-01-24 13:11:02,866 - INFO - [2026-01-24 13:11:02] ℹ️ INFO: ║                    RESUMEN DE SINCRONIZACIÓN                    ║
2026-01-24 13:11:02,866 - INFO - [2026-01-24 13:11:02] ℹ️ INFO: ╚════════════════════════════════════════════════════════════════╝
2026-01-24 13:11:02,866 - INFO - [2026-01-24 13:11:02] ✅ ÉXITO: Products:   0 nuevos, 0 modificados
2026-01-24 13:11:02,866 - INFO - [2026-01-24 13:11:02] ✅ ÉXITO: Customers:  0 nuevos, 0 modificados
2026-01-24 13:11:02,866 - INFO - [2026-01-24 13:11:02] ✅ ÉXITO: Categories: 0 nuevos, 0 modificados
2026-01-24 13:11:02,866 - INFO - [2026-01-24 13:11:02] ✅ ÉXITO: Quotes:     0 nuevos (MySQL→PG), 0 estados actualizados
2026-01-24 13:11:02,866 - INFO - [2026-01-24 13:11:02] ℹ️ INFO: Duración:   4.17 segundos
2026-01-24 13:11:02,867 - INFO - [2026-01-24 13:11:02] ℹ️ INFO: 
2026-01-24 13:11:02,867 - WARNING - [2026-01-24 13:11:02] ⚠️ ADVERTENCIA: ⚠️ SINCRONIZACIÓN COMPLETADA CON ERRORES
2026-01-24 18:53:29,517 - WARNING - [2026-01-24 18:53:29] ⚠️ ADVERTENCIA: Sistema de notificaciones no disponible (pip install win10toast)
2026-01-24 18:53:29,518 - INFO - [2026-01-24 18:53:29] ℹ️ INFO: Verificando/creando tabla sync_hashes...
2026-01-24 18:53:29,530 - WARNING - [2026-01-24 18:53:29] ⚠️ ADVERTENCIA:   ⚠️ Error creando índice 'idx_sync_hashes_lookup': la relación «idx_sync_hashes_lookup» ya existe

2026-01-24 18:53:29,530 - WARNING - [2026-01-24 18:53:29] ⚠️ ADVERTENCIA:   ⚠️ Error creando índice 'idx_sync_hashes_table': la relación «idx_sync_hashes_table» ya existe

2026-01-24 18:53:29,530 - INFO - [2026-01-24 18:53:29] ✅ ÉXITO: ✅ Tabla sync_hashes lista
2026-01-24 18:53:29,530 - INFO - [2026-01-24 18:53:29] ℹ️ INFO: 
2026-01-24 18:53:29,531 - INFO - [2026-01-24 18:53:29] ℹ️ INFO: ╔════════════════════════════════════════════════════════════════╗
2026-01-24 18:53:29,531 - INFO - [2026-01-24 18:53:29] ℹ️ INFO: ║          SINCRONIZACIÓN INTELIGENTE CON TABLA DE HASHES          ║
2026-01-24 18:53:29,531 - INFO - [2026-01-24 18:53:29] ℹ️ INFO: ╚════════════════════════════════════════════════════════════════╝
2026-01-24 18:53:29,531 - INFO - [2026-01-24 18:53:29] ℹ️ INFO: 
2026-01-24 18:53:29,537 - INFO - [2026-01-24 18:53:29] ✅ ÉXITO: ✅ Conectado a PostgreSQL
2026-01-24 18:53:30,233 - INFO - [2026-01-24 18:53:30] ✅ ÉXITO: ✅ Conectado a MySQL (pymysql)
2026-01-24 18:53:30,233 - INFO - [2026-01-24 18:53:30] 🔍 DEBUG:    Host: 91.238.160.176
2026-01-24 18:53:30,233 - INFO - [2026-01-24 18:53:30] 🔍 DEBUG:    Port: None
2026-01-24 18:53:30,233 - INFO - [2026-01-24 18:53:30] 🔍 DEBUG:    Database: chrystal_movil
2026-01-24 18:53:30,234 - INFO - [2026-01-24 18:53:30] ℹ️ INFO: 🔍 Buscando empresa: RIF=J502741283, Email=multiserviciosleblanc@gmail.com
2026-01-24 18:53:30,234 - INFO - [2026-01-24 18:53:30] 🔍 DEBUG:   🔍 Verificando tabla 'acceso'...
2026-01-24 18:53:30,374 - INFO - [2026-01-24 18:53:30] ✅ ÉXITO:   ✅ Empresa encontrada en tabla 'acceso'
2026-01-24 18:53:30,374 - INFO - [2026-01-24 18:53:30] 🔍 DEBUG:   🔍 Buscando en tabla 'companies'...
2026-01-24 18:53:30,512 - INFO - [2026-01-24 18:53:30] ✅ ÉXITO: ✅ Empresa encontrada: Multiservicios Leblanc C.A. (ID: 27)
2026-01-24 18:53:30,512 - INFO - [2026-01-24 18:53:30] ℹ️ INFO: Detectando cambios en products...
2026-01-24 18:53:31,144 - INFO - [2026-01-24 18:53:31] ℹ️ INFO: Products: 0 nuevos, 0 modificados, 0 eliminados
2026-01-24 18:53:31,145 - INFO - [2026-01-24 18:53:31] ℹ️ INFO: Detectando cambios en customers...
2026-01-24 18:53:31,917 - INFO - [2026-01-24 18:53:31] ℹ️ INFO: Customers: 0 nuevos, 0 modificados, 0 eliminados
2026-01-24 18:53:31,918 - INFO - [2026-01-24 18:53:31] ℹ️ INFO: Detectando cambios en categories...
2026-01-24 18:53:31,939 - INFO - [2026-01-24 18:53:31] ℹ️ INFO: Categories: 0 nuevos, 0 modificados, 0 eliminados
2026-01-24 18:53:31,939 - INFO - [2026-01-24 18:53:31] ℹ️ INFO: Detectando cambios en quotes (MySQL → PostgreSQL)...
2026-01-24 18:53:32,090 - INFO - [2026-01-24 18:53:32] ℹ️ INFO: Quotes: 0 nuevos, 0 modificados
2026-01-24 18:53:32,090 - INFO - [2026-01-24 18:53:32] ✅ ÉXITO: ✨ No hay cambios que sincronizar
2026-01-24 18:54:48,510 - WARNING - [2026-01-24 18:54:48] ⚠️ ADVERTENCIA: Sistema de notificaciones no disponible (pip install win10toast)
2026-01-24 18:54:48,510 - INFO - [2026-01-24 18:54:48] ℹ️ INFO: 
2026-01-24 18:54:48,510 - INFO - [2026-01-24 18:54:48] ℹ️ INFO: ╔════════════════════════════════════════════════════════════════╗
2026-01-24 18:54:48,510 - INFO - [2026-01-24 18:54:48] ℹ️ INFO: ║          SINCRONIZACIÓN INTELIGENTE CON TABLA DE HASHES          ║
2026-01-24 18:54:48,510 - INFO - [2026-01-24 18:54:48] ℹ️ INFO: ╚════════════════════════════════════════════════════════════════╝
2026-01-24 18:54:48,510 - INFO - [2026-01-24 18:54:48] ℹ️ INFO: 
2026-01-24 18:54:48,518 - INFO - [2026-01-24 18:54:48] ✅ ÉXITO: ✅ Conectado a PostgreSQL
2026-01-24 18:54:49,208 - INFO - [2026-01-24 18:54:49] ✅ ÉXITO: ✅ Conectado a MySQL (pymysql)
2026-01-24 18:54:49,208 - INFO - [2026-01-24 18:54:49] 🔍 DEBUG:    Host: 91.238.160.176
2026-01-24 18:54:49,208 - INFO - [2026-01-24 18:54:49] 🔍 DEBUG:    Port: None
2026-01-24 18:54:49,208 - INFO - [2026-01-24 18:54:49] 🔍 DEBUG:    Database: chrystal_movil
2026-01-24 18:54:49,208 - INFO - [2026-01-24 18:54:49] ℹ️ INFO: 🔍 Buscando empresa: RIF=J502741283, Email=multiserviciosleblanc@gmail.com
2026-01-24 18:54:49,209 - INFO - [2026-01-24 18:54:49] 🔍 DEBUG:   🔍 Verificando tabla 'acceso'...
2026-01-24 18:54:49,347 - INFO - [2026-01-24 18:54:49] ✅ ÉXITO:   ✅ Empresa encontrada en tabla 'acceso'
2026-01-24 18:54:49,347 - INFO - [2026-01-24 18:54:49] 🔍 DEBUG:   🔍 Buscando en tabla 'companies'...
2026-01-24 18:54:49,485 - INFO - [2026-01-24 18:54:49] ✅ ÉXITO: ✅ Empresa encontrada: Multiservicios Leblanc C.A. (ID: 27)
2026-01-24 18:54:49,485 - INFO - [2026-01-24 18:54:49] ℹ️ INFO: Detectando cambios en products...
2026-01-24 18:54:49,832 - INFO - [2026-01-24 18:54:49] ℹ️ INFO: Products: 0 nuevos, 0 modificados, 0 eliminados
2026-01-24 18:54:49,833 - INFO - [2026-01-24 18:54:49] ℹ️ INFO: Detectando cambios en customers...
2026-01-24 18:54:50,502 - INFO - [2026-01-24 18:54:50] ℹ️ INFO: Customers: 0 nuevos, 0 modificados, 0 eliminados
2026-01-24 18:54:50,502 - INFO - [2026-01-24 18:54:50] ℹ️ INFO: Detectando cambios en categories...
2026-01-24 18:54:50,518 - INFO - [2026-01-24 18:54:50] ℹ️ INFO: Categories: 0 nuevos, 0 modificados, 0 eliminados
2026-01-24 18:54:50,518 - INFO - [2026-01-24 18:54:50] ℹ️ INFO: Detectando cambios en quotes (MySQL → PostgreSQL)...
2026-01-24 18:54:50,660 - INFO - [2026-01-24 18:54:50] 🔍 DEBUG:   ✨ NUEVO: Quote #116 (W0000000003)
2026-01-24 18:54:50,662 - INFO - [2026-01-24 18:54:50] ℹ️ INFO: Quotes: 1 nuevos, 0 modificados
2026-01-24 18:54:50,662 - INFO - [2026-01-24 18:54:50] ℹ️ INFO: 
2026-01-24 18:54:50,662 - INFO - [2026-01-24 18:54:50] ℹ️ INFO: 📦 SINCRONIZANDO CATEGORIES...
2026-01-24 18:54:50,662 - INFO - [2026-01-24 18:54:50] ℹ️ INFO: 
2026-01-24 18:54:50,662 - INFO - [2026-01-24 18:54:50] ℹ️ INFO: 📦 SINCRONIZANDO PRODUCTS...
2026-01-24 18:54:50,662 - INFO - [2026-01-24 18:54:50] ℹ️ INFO: 
2026-01-24 18:54:50,662 - INFO - [2026-01-24 18:54:50] ℹ️ INFO: 👥 SINCRONIZANDO CUSTOMERS...
2026-01-24 18:54:50,662 - INFO - [2026-01-24 18:54:50] ℹ️ INFO: Sincronizando quotes a PostgreSQL...
2026-01-24 18:54:50,677 - INFO - [2026-01-24 18:54:50] 🔍 DEBUG:   Procesando quote #116...
2026-01-24 18:54:50,679 - INFO - [2026-01-24 18:54:50] 🔍 DEBUG:   ℹ️ Usando station: 00
2026-01-24 18:54:51,230 - ERROR - [2026-01-24 18:54:51] ❌ ERROR: Error procesando quote 116: not all arguments converted during string formatting
2026-01-24 18:54:51,230 - INFO - [2026-01-24 18:54:51] ✅ ÉXITO: ✅ Quotes sincronizados a PostgreSQL: 0 nuevos
2026-01-24 18:54:51,231 - INFO - [2026-01-24 18:54:51] ℹ️ INFO: 
2026-01-24 18:54:51,231 - INFO - [2026-01-24 18:54:51] ℹ️ INFO: ╔════════════════════════════════════════════════════════════════╗
2026-01-24 18:54:51,231 - INFO - [2026-01-24 18:54:51] ℹ️ INFO: ║                    RESUMEN DE SINCRONIZACIÓN                    ║
2026-01-24 18:54:51,231 - INFO - [2026-01-24 18:54:51] ℹ️ INFO: ╚════════════════════════════════════════════════════════════════╝
2026-01-24 18:54:51,231 - INFO - [2026-01-24 18:54:51] ✅ ÉXITO: Products:   0 nuevos, 0 modificados, 0 inactivados
2026-01-24 18:54:51,231 - INFO - [2026-01-24 18:54:51] ✅ ÉXITO: Customers:  0 nuevos, 0 modificados
2026-01-24 18:54:51,231 - INFO - [2026-01-24 18:54:51] ✅ ÉXITO: Categories: 0 nuevos, 0 modificados
2026-01-24 18:54:51,231 - INFO - [2026-01-24 18:54:51] ✅ ÉXITO: Quotes:     0 nuevos (MySQL→PG), 0 estados actualizados
2026-01-24 18:54:51,231 - INFO - [2026-01-24 18:54:51] ℹ️ INFO: Duración:   2.72 segundos
2026-01-24 18:54:51,231 - INFO - [2026-01-24 18:54:51] ℹ️ INFO: 
2026-01-24 18:54:51,231 - WARNING - [2026-01-24 18:54:51] ⚠️ ADVERTENCIA: ⚠️ SINCRONIZACIÓN COMPLETADA CON ERRORES
2026-01-24 18:55:44,974 - WARNING - [2026-01-24 18:55:44] ⚠️ ADVERTENCIA: Sistema de notificaciones no disponible (pip install win10toast)
2026-01-24 18:55:44,974 - INFO - [2026-01-24 18:55:44] ℹ️ INFO: 
2026-01-24 18:55:44,974 - INFO - [2026-01-24 18:55:44] ℹ️ INFO: ╔════════════════════════════════════════════════════════════════╗
2026-01-24 18:55:44,974 - INFO - [2026-01-24 18:55:44] ℹ️ INFO: ║          SINCRONIZACIÓN INTELIGENTE CON TABLA DE HASHES          ║
2026-01-24 18:55:44,974 - INFO - [2026-01-24 18:55:44] ℹ️ INFO: ╚════════════════════════════════════════════════════════════════╝
2026-01-24 18:55:44,975 - INFO - [2026-01-24 18:55:44] ℹ️ INFO: 
2026-01-24 18:55:44,983 - INFO - [2026-01-24 18:55:44] ✅ ÉXITO: ✅ Conectado a PostgreSQL
2026-01-24 18:55:45,672 - INFO - [2026-01-24 18:55:45] ✅ ÉXITO: ✅ Conectado a MySQL (pymysql)
2026-01-24 18:55:45,673 - INFO - [2026-01-24 18:55:45] 🔍 DEBUG:    Host: 91.238.160.176
2026-01-24 18:55:45,673 - INFO - [2026-01-24 18:55:45] 🔍 DEBUG:    Port: None
2026-01-24 18:55:45,673 - INFO - [2026-01-24 18:55:45] 🔍 DEBUG:    Database: chrystal_movil
2026-01-24 18:55:45,673 - INFO - [2026-01-24 18:55:45] ℹ️ INFO: 🔍 Buscando empresa: RIF=J502741283, Email=multiserviciosleblanc@gmail.com
2026-01-24 18:55:45,673 - INFO - [2026-01-24 18:55:45] 🔍 DEBUG:   🔍 Verificando tabla 'acceso'...
2026-01-24 18:55:45,814 - INFO - [2026-01-24 18:55:45] ✅ ÉXITO:   ✅ Empresa encontrada en tabla 'acceso'
2026-01-24 18:55:45,814 - INFO - [2026-01-24 18:55:45] 🔍 DEBUG:   🔍 Buscando en tabla 'companies'...
2026-01-24 18:55:45,953 - INFO - [2026-01-24 18:55:45] ✅ ÉXITO: ✅ Empresa encontrada: Multiservicios Leblanc C.A. (ID: 27)
2026-01-24 18:55:45,953 - INFO - [2026-01-24 18:55:45] ℹ️ INFO: Detectando cambios en products...
2026-01-24 18:55:46,228 - INFO - [2026-01-24 18:55:46] ℹ️ INFO: Products: 0 nuevos, 0 modificados, 0 eliminados
2026-01-24 18:55:46,229 - INFO - [2026-01-24 18:55:46] ℹ️ INFO: Detectando cambios en customers...
2026-01-24 18:55:46,857 - INFO - [2026-01-24 18:55:46] ℹ️ INFO: Customers: 0 nuevos, 0 modificados, 0 eliminados
2026-01-24 18:55:46,858 - INFO - [2026-01-24 18:55:46] ℹ️ INFO: Detectando cambios en categories...
2026-01-24 18:55:46,872 - INFO - [2026-01-24 18:55:46] ℹ️ INFO: Categories: 0 nuevos, 0 modificados, 0 eliminados
2026-01-24 18:55:46,872 - INFO - [2026-01-24 18:55:46] ℹ️ INFO: Detectando cambios en quotes (MySQL → PostgreSQL)...
2026-01-24 18:55:47,012 - INFO - [2026-01-24 18:55:47] ℹ️ INFO: Quotes: 0 nuevos, 0 modificados
2026-01-24 18:55:47,013 - INFO - [2026-01-24 18:55:47] ✅ ÉXITO: ✨ No hay cambios que sincronizar
2026-01-24 18:55:56,872 - WARNING - [2026-01-24 18:55:56] ⚠️ ADVERTENCIA: Sistema de notificaciones no disponible (pip install win10toast)
2026-01-24 18:55:56,872 - INFO - [2026-01-24 18:55:56] ℹ️ INFO: 
2026-01-24 18:55:56,872 - INFO - [2026-01-24 18:55:56] ℹ️ INFO: ╔════════════════════════════════════════════════════════════════╗
2026-01-24 18:55:56,873 - INFO - [2026-01-24 18:55:56] ℹ️ INFO: ║          SINCRONIZACIÓN INTELIGENTE CON TABLA DE HASHES          ║
2026-01-24 18:55:56,873 - INFO - [2026-01-24 18:55:56] ℹ️ INFO: ╚════════════════════════════════════════════════════════════════╝
2026-01-24 18:55:56,873 - INFO - [2026-01-24 18:55:56] ℹ️ INFO: 
2026-01-24 18:55:56,881 - INFO - [2026-01-24 18:55:56] ✅ ÉXITO: ✅ Conectado a PostgreSQL
2026-01-24 18:55:57,566 - INFO - [2026-01-24 18:55:57] ✅ ÉXITO: ✅ Conectado a MySQL (pymysql)
2026-01-24 18:55:57,566 - INFO - [2026-01-24 18:55:57] 🔍 DEBUG:    Host: 91.238.160.176
2026-01-24 18:55:57,566 - INFO - [2026-01-24 18:55:57] 🔍 DEBUG:    Port: None
2026-01-24 18:55:57,566 - INFO - [2026-01-24 18:55:57] 🔍 DEBUG:    Database: chrystal_movil
2026-01-24 18:55:57,566 - INFO - [2026-01-24 18:55:57] ℹ️ INFO: 🔍 Buscando empresa: RIF=J502741283, Email=multiserviciosleblanc@gmail.com
2026-01-24 18:55:57,566 - INFO - [2026-01-24 18:55:57] 🔍 DEBUG:   🔍 Verificando tabla 'acceso'...
2026-01-24 18:55:57,703 - INFO - [2026-01-24 18:55:57] ✅ ÉXITO:   ✅ Empresa encontrada en tabla 'acceso'
2026-01-24 18:55:57,703 - INFO - [2026-01-24 18:55:57] 🔍 DEBUG:   🔍 Buscando en tabla 'companies'...
2026-01-24 18:55:57,841 - INFO - [2026-01-24 18:55:57] ✅ ÉXITO: ✅ Empresa encontrada: Multiservicios Leblanc C.A. (ID: 27)
2026-01-24 18:55:57,841 - INFO - [2026-01-24 18:55:57] ℹ️ INFO: Detectando cambios en products...
2026-01-24 18:55:58,165 - INFO - [2026-01-24 18:55:58] ℹ️ INFO: Products: 0 nuevos, 0 modificados, 0 eliminados
2026-01-24 18:55:58,165 - INFO - [2026-01-24 18:55:58] ℹ️ INFO: Detectando cambios en customers...
2026-01-24 18:55:58,823 - INFO - [2026-01-24 18:55:58] ℹ️ INFO: Customers: 0 nuevos, 0 modificados, 0 eliminados
2026-01-24 18:55:58,823 - INFO - [2026-01-24 18:55:58] ℹ️ INFO: Detectando cambios en categories...
2026-01-24 18:55:58,836 - INFO - [2026-01-24 18:55:58] ℹ️ INFO: Categories: 0 nuevos, 0 modificados, 0 eliminados
2026-01-24 18:55:58,836 - INFO - [2026-01-24 18:55:58] ℹ️ INFO: Detectando cambios en quotes (MySQL → PostgreSQL)...
2026-01-24 18:55:58,974 - INFO - [2026-01-24 18:55:58] 🔍 DEBUG:   ✨ NUEVO: Quote #116 (W0000000003)
2026-01-24 18:55:58,976 - INFO - [2026-01-24 18:55:58] ℹ️ INFO: Quotes: 1 nuevos, 0 modificados
2026-01-24 18:55:58,976 - INFO - [2026-01-24 18:55:58] ℹ️ INFO: 
2026-01-24 18:55:58,976 - INFO - [2026-01-24 18:55:58] ℹ️ INFO: 📦 SINCRONIZANDO CATEGORIES...
2026-01-24 18:55:58,976 - INFO - [2026-01-24 18:55:58] ℹ️ INFO: 
2026-01-24 18:55:58,976 - INFO - [2026-01-24 18:55:58] ℹ️ INFO: 📦 SINCRONIZANDO PRODUCTS...
2026-01-24 18:55:58,976 - INFO - [2026-01-24 18:55:58] ℹ️ INFO: 
2026-01-24 18:55:58,976 - INFO - [2026-01-24 18:55:58] ℹ️ INFO: 👥 SINCRONIZANDO CUSTOMERS...
2026-01-24 18:55:58,977 - INFO - [2026-01-24 18:55:58] ℹ️ INFO: Sincronizando quotes a PostgreSQL...
2026-01-24 18:55:58,983 - INFO - [2026-01-24 18:55:58] 🔍 DEBUG:   Procesando quote #116...
2026-01-24 18:55:58,984 - INFO - [2026-01-24 18:55:58] 🔍 DEBUG:   ℹ️ Usando station: 00
2026-01-24 18:55:59,532 - ERROR - [2026-01-24 18:55:59] ❌ ERROR: Error procesando quote 116: not all arguments converted during string formatting
2026-01-24 18:55:59,534 - ERROR - [2026-01-24 18:55:59] ❌ ERROR: TRACEBACK:
Traceback (most recent call last):
  File "/home/muentes/company_registration/smart_sync_complete.py", line 1229, in sincronizar_quotes_postgresql
    correlativo = self._insertar_quote_postgresql(quote, mac)
  File "/home/muentes/company_registration/smart_sync_complete.py", line 1397, in _insertar_quote_postgresql
    self.pg_cursor.execute(sql_operation, (
TypeError: not all arguments converted during string formatting

2026-01-24 18:55:59,535 - INFO - [2026-01-24 18:55:59] ✅ ÉXITO: ✅ Quotes sincronizados a PostgreSQL: 0 nuevos
2026-01-24 18:55:59,535 - INFO - [2026-01-24 18:55:59] ℹ️ INFO: 
2026-01-24 18:55:59,535 - INFO - [2026-01-24 18:55:59] ℹ️ INFO: ╔════════════════════════════════════════════════════════════════╗
2026-01-24 18:55:59,535 - INFO - [2026-01-24 18:55:59] ℹ️ INFO: ║                    RESUMEN DE SINCRONIZACIÓN                    ║
2026-01-24 18:55:59,535 - INFO - [2026-01-24 18:55:59] ℹ️ INFO: ╚════════════════════════════════════════════════════════════════╝
2026-01-24 18:55:59,535 - INFO - [2026-01-24 18:55:59] ✅ ÉXITO: Products:   0 nuevos, 0 modificados, 0 inactivados
2026-01-24 18:55:59,535 - INFO - [2026-01-24 18:55:59] ✅ ÉXITO: Customers:  0 nuevos, 0 modificados
2026-01-24 18:55:59,535 - INFO - [2026-01-24 18:55:59] ✅ ÉXITO: Categories: 0 nuevos, 0 modificados
2026-01-24 18:55:59,536 - INFO - [2026-01-24 18:55:59] ✅ ÉXITO: Quotes:     0 nuevos (MySQL→PG), 0 estados actualizados
2026-01-24 18:55:59,536 - INFO - [2026-01-24 18:55:59] ℹ️ INFO: Duración:   2.66 segundos
2026-01-24 18:55:59,536 - INFO - [2026-01-24 18:55:59] ℹ️ INFO: 
2026-01-24 18:55:59,536 - WARNING - [2026-01-24 18:55:59] ⚠️ ADVERTENCIA: ⚠️ SINCRONIZACIÓN COMPLETADA CON ERRORES
2026-01-24 18:56:55,199 - WARNING - [2026-01-24 18:56:55] ⚠️ ADVERTENCIA: Sistema de notificaciones no disponible (pip install win10toast)
2026-01-24 18:56:55,199 - INFO - [2026-01-24 18:56:55] ℹ️ INFO: 
2026-01-24 18:56:55,200 - INFO - [2026-01-24 18:56:55] ℹ️ INFO: ╔════════════════════════════════════════════════════════════════╗
2026-01-24 18:56:55,200 - INFO - [2026-01-24 18:56:55] ℹ️ INFO: ║          SINCRONIZACIÓN INTELIGENTE CON TABLA DE HASHES          ║
2026-01-24 18:56:55,200 - INFO - [2026-01-24 18:56:55] ℹ️ INFO: ╚════════════════════════════════════════════════════════════════╝
2026-01-24 18:56:55,200 - INFO - [2026-01-24 18:56:55] ℹ️ INFO: 
2026-01-24 18:56:55,208 - INFO - [2026-01-24 18:56:55] ✅ ÉXITO: ✅ Conectado a PostgreSQL
2026-01-24 18:56:55,902 - INFO - [2026-01-24 18:56:55] ✅ ÉXITO: ✅ Conectado a MySQL (pymysql)
2026-01-24 18:56:55,902 - INFO - [2026-01-24 18:56:55] 🔍 DEBUG:    Host: 91.238.160.176
2026-01-24 18:56:55,902 - INFO - [2026-01-24 18:56:55] 🔍 DEBUG:    Port: None
2026-01-24 18:56:55,902 - INFO - [2026-01-24 18:56:55] 🔍 DEBUG:    Database: chrystal_movil
2026-01-24 18:56:55,902 - INFO - [2026-01-24 18:56:55] ℹ️ INFO: 🔍 Buscando empresa: RIF=J502741283, Email=multiserviciosleblanc@gmail.com
2026-01-24 18:56:55,902 - INFO - [2026-01-24 18:56:55] 🔍 DEBUG:   🔍 Verificando tabla 'acceso'...
2026-01-24 18:56:56,039 - INFO - [2026-01-24 18:56:56] ✅ ÉXITO:   ✅ Empresa encontrada en tabla 'acceso'
2026-01-24 18:56:56,039 - INFO - [2026-01-24 18:56:56] 🔍 DEBUG:   🔍 Buscando en tabla 'companies'...
2026-01-24 18:56:56,176 - INFO - [2026-01-24 18:56:56] ✅ ÉXITO: ✅ Empresa encontrada: Multiservicios Leblanc C.A. (ID: 27)
2026-01-24 18:56:56,176 - INFO - [2026-01-24 18:56:56] ℹ️ INFO: Detectando cambios en products...
2026-01-24 18:56:56,494 - INFO - [2026-01-24 18:56:56] ℹ️ INFO: Products: 0 nuevos, 0 modificados, 0 eliminados
2026-01-24 18:56:56,495 - INFO - [2026-01-24 18:56:56] ℹ️ INFO: Detectando cambios en customers...
2026-01-24 18:56:57,117 - INFO - [2026-01-24 18:56:57] ℹ️ INFO: Customers: 0 nuevos, 0 modificados, 0 eliminados
2026-01-24 18:56:57,117 - INFO - [2026-01-24 18:56:57] ℹ️ INFO: Detectando cambios en categories...
2026-01-24 18:56:57,129 - INFO - [2026-01-24 18:56:57] ℹ️ INFO: Categories: 0 nuevos, 0 modificados, 0 eliminados
2026-01-24 18:56:57,129 - INFO - [2026-01-24 18:56:57] ℹ️ INFO: Detectando cambios en quotes (MySQL → PostgreSQL)...
2026-01-24 18:56:57,269 - INFO - [2026-01-24 18:56:57] 🔍 DEBUG:   ✨ NUEVO: Quote #116 (W0000000003)
2026-01-24 18:56:57,273 - INFO - [2026-01-24 18:56:57] ℹ️ INFO: Quotes: 1 nuevos, 0 modificados
2026-01-24 18:56:57,273 - INFO - [2026-01-24 18:56:57] ℹ️ INFO: 
2026-01-24 18:56:57,273 - INFO - [2026-01-24 18:56:57] ℹ️ INFO: 📦 SINCRONIZANDO CATEGORIES...
2026-01-24 18:56:57,273 - INFO - [2026-01-24 18:56:57] ℹ️ INFO: 
2026-01-24 18:56:57,273 - INFO - [2026-01-24 18:56:57] ℹ️ INFO: 📦 SINCRONIZANDO PRODUCTS...
2026-01-24 18:56:57,273 - INFO - [2026-01-24 18:56:57] ℹ️ INFO: 
2026-01-24 18:56:57,273 - INFO - [2026-01-24 18:56:57] ℹ️ INFO: 👥 SINCRONIZANDO CUSTOMERS...
2026-01-24 18:56:57,273 - INFO - [2026-01-24 18:56:57] ℹ️ INFO: Sincronizando quotes a PostgreSQL...
2026-01-24 18:56:57,279 - INFO - [2026-01-24 18:56:57] 🔍 DEBUG:   Procesando quote #116...
2026-01-24 18:56:57,280 - INFO - [2026-01-24 18:56:57] 🔍 DEBUG:   ℹ️ Usando station: 00
2026-01-24 18:56:57,856 - INFO - [2026-01-24 18:56:57] 🔍 DEBUG:   Quote #116 insertado con correlative=30222 (auto-generado)
2026-01-24 18:56:58,149 - INFO - [2026-01-24 18:56:58] ✅ ÉXITO: ✅ Quotes sincronizados a PostgreSQL: 1 nuevos
2026-01-24 18:56:58,149 - INFO - [2026-01-24 18:56:58] ℹ️ INFO: 
2026-01-24 18:56:58,150 - INFO - [2026-01-24 18:56:58] ℹ️ INFO: ╔════════════════════════════════════════════════════════════════╗
2026-01-24 18:56:58,150 - INFO - [2026-01-24 18:56:58] ℹ️ INFO: ║                    RESUMEN DE SINCRONIZACIÓN                    ║
2026-01-24 18:56:58,150 - INFO - [2026-01-24 18:56:58] ℹ️ INFO: ╚════════════════════════════════════════════════════════════════╝
2026-01-24 18:56:58,150 - INFO - [2026-01-24 18:56:58] ✅ ÉXITO: Products:   0 nuevos, 0 modificados, 0 inactivados
2026-01-24 18:56:58,150 - INFO - [2026-01-24 18:56:58] ✅ ÉXITO: Customers:  0 nuevos, 0 modificados
2026-01-24 18:56:58,150 - INFO - [2026-01-24 18:56:58] ✅ ÉXITO: Categories: 0 nuevos, 0 modificados
2026-01-24 18:56:58,150 - INFO - [2026-01-24 18:56:58] ✅ ÉXITO: Quotes:     1 nuevos (MySQL→PG), 0 estados actualizados
2026-01-24 18:56:58,150 - INFO - [2026-01-24 18:56:58] ℹ️ INFO: Duración:   2.95 segundos
2026-01-24 18:56:58,150 - INFO - [2026-01-24 18:56:58] ℹ️ INFO: 
2026-01-24 18:56:58,150 - INFO - [2026-01-24 18:56:58] ✅ ÉXITO: ✅ SINCRONIZACIÓN COMPLETADA CON ÉXITO
2026-01-24 19:04:38,865 - WARNING - [2026-01-24 19:04:38] ⚠️ ADVERTENCIA: Sistema de notificaciones no disponible (pip install win10toast)
2026-01-24 19:04:38,865 - INFO - [2026-01-24 19:04:38] ℹ️ INFO: 
2026-01-24 19:04:38,865 - INFO - [2026-01-24 19:04:38] ℹ️ INFO: ╔════════════════════════════════════════════════════════════════╗
2026-01-24 19:04:38,865 - INFO - [2026-01-24 19:04:38] ℹ️ INFO: ║          SINCRONIZACIÓN INTELIGENTE CON TABLA DE HASHES          ║
2026-01-24 19:04:38,865 - INFO - [2026-01-24 19:04:38] ℹ️ INFO: ╚════════════════════════════════════════════════════════════════╝
2026-01-24 19:04:38,865 - INFO - [2026-01-24 19:04:38] ℹ️ INFO: 
2026-01-24 19:04:38,874 - INFO - [2026-01-24 19:04:38] ✅ ÉXITO: ✅ Conectado a PostgreSQL
2026-01-24 19:04:39,567 - INFO - [2026-01-24 19:04:39] ✅ ÉXITO: ✅ Conectado a MySQL (pymysql)
2026-01-24 19:04:39,567 - INFO - [2026-01-24 19:04:39] 🔍 DEBUG:    Host: 91.238.160.176
2026-01-24 19:04:39,567 - INFO - [2026-01-24 19:04:39] 🔍 DEBUG:    Port: None
2026-01-24 19:04:39,567 - INFO - [2026-01-24 19:04:39] 🔍 DEBUG:    Database: chrystal_movil
2026-01-24 19:04:39,567 - INFO - [2026-01-24 19:04:39] ℹ️ INFO: 🔍 Buscando empresa: RIF=J502741283, Email=multiserviciosleblanc@gmail.com
2026-01-24 19:04:39,568 - INFO - [2026-01-24 19:04:39] 🔍 DEBUG:   🔍 Verificando tabla 'acceso'...
2026-01-24 19:04:39,705 - INFO - [2026-01-24 19:04:39] ✅ ÉXITO:   ✅ Empresa encontrada en tabla 'acceso'
2026-01-24 19:04:39,705 - INFO - [2026-01-24 19:04:39] 🔍 DEBUG:   🔍 Buscando en tabla 'companies'...
2026-01-24 19:04:39,842 - INFO - [2026-01-24 19:04:39] ✅ ÉXITO: ✅ Empresa encontrada: Multiservicios Leblanc C.A. (ID: 27)
2026-01-24 19:04:39,843 - INFO - [2026-01-24 19:04:39] ℹ️ INFO: Detectando cambios en products...
2026-01-24 19:04:40,188 - INFO - [2026-01-24 19:04:40] ℹ️ INFO: Products: 0 nuevos, 0 modificados, 0 eliminados
2026-01-24 19:04:40,188 - INFO - [2026-01-24 19:04:40] ℹ️ INFO: Detectando cambios en customers...
2026-01-24 19:04:40,852 - INFO - [2026-01-24 19:04:40] ℹ️ INFO: Customers: 0 nuevos, 0 modificados, 0 eliminados
2026-01-24 19:04:40,852 - INFO - [2026-01-24 19:04:40] ℹ️ INFO: Detectando cambios en categories...
2026-01-24 19:04:40,890 - INFO - [2026-01-24 19:04:40] ℹ️ INFO: Categories: 0 nuevos, 0 modificados, 0 eliminados
2026-01-24 19:04:40,890 - INFO - [2026-01-24 19:04:40] ℹ️ INFO: Detectando cambios en quotes (MySQL → PostgreSQL)...
2026-01-24 19:04:41,030 - INFO - [2026-01-24 19:04:41] 🔍 DEBUG:   ✨ NUEVO: Quote #116 (W0000000003)
2026-01-24 19:04:41,040 - INFO - [2026-01-24 19:04:41] ℹ️ INFO: Quotes: 1 nuevos, 0 modificados
2026-01-24 19:04:41,041 - INFO - [2026-01-24 19:04:41] ℹ️ INFO: 
2026-01-24 19:04:41,041 - INFO - [2026-01-24 19:04:41] ℹ️ INFO: 📦 SINCRONIZANDO CATEGORIES...
2026-01-24 19:04:41,041 - INFO - [2026-01-24 19:04:41] ℹ️ INFO: 
2026-01-24 19:04:41,041 - INFO - [2026-01-24 19:04:41] ℹ️ INFO: 📦 SINCRONIZANDO PRODUCTS...
2026-01-24 19:04:41,041 - INFO - [2026-01-24 19:04:41] ℹ️ INFO: 
2026-01-24 19:04:41,041 - INFO - [2026-01-24 19:04:41] ℹ️ INFO: 👥 SINCRONIZANDO CUSTOMERS...
2026-01-24 19:04:41,041 - INFO - [2026-01-24 19:04:41] ℹ️ INFO: Sincronizando quotes a PostgreSQL...
2026-01-24 19:04:41,055 - INFO - [2026-01-24 19:04:41] 🔍 DEBUG:   Procesando quote #116...
2026-01-24 19:04:41,056 - INFO - [2026-01-24 19:04:41] 🔍 DEBUG:   ℹ️ Usando station: 00
2026-01-24 19:04:41,674 - INFO - [2026-01-24 19:04:41] 🔍 DEBUG:   Quote #116 insertado con correlative=30223 (auto-generado)
2026-01-24 19:04:41,970 - INFO - [2026-01-24 19:04:41] ✅ ÉXITO: ✅ Quotes sincronizados a PostgreSQL: 1 nuevos
2026-01-24 19:04:41,971 - INFO - [2026-01-24 19:04:41] ℹ️ INFO: 
2026-01-24 19:04:41,971 - INFO - [2026-01-24 19:04:41] ℹ️ INFO: ╔════════════════════════════════════════════════════════════════╗
2026-01-24 19:04:41,971 - INFO - [2026-01-24 19:04:41] ℹ️ INFO: ║                    RESUMEN DE SINCRONIZACIÓN                    ║
2026-01-24 19:04:41,971 - INFO - [2026-01-24 19:04:41] ℹ️ INFO: ╚════════════════════════════════════════════════════════════════╝
2026-01-24 19:04:41,971 - INFO - [2026-01-24 19:04:41] ✅ ÉXITO: Products:   0 nuevos, 0 modificados, 0 inactivados
2026-01-24 19:04:41,971 - INFO - [2026-01-24 19:04:41] ✅ ÉXITO: Customers:  0 nuevos, 0 modificados
2026-01-24 19:04:41,972 - INFO - [2026-01-24 19:04:41] ✅ ÉXITO: Categories: 0 nuevos, 0 modificados
2026-01-24 19:04:41,972 - INFO - [2026-01-24 19:04:41] ✅ ÉXITO: Quotes:     1 nuevos (MySQL→PG), 0 estados actualizados
2026-01-24 19:04:41,972 - INFO - [2026-01-24 19:04:41] ℹ️ INFO: Duración:   3.11 segundos
2026-01-24 19:04:41,972 - INFO - [2026-01-24 19:04:41] ℹ️ INFO: 
2026-01-24 19:04:41,972 - INFO - [2026-01-24 19:04:41] ✅ ÉXITO: ✅ SINCRONIZACIÓN COMPLETADA CON ÉXITO
2026-01-24 19:12:26,559 - WARNING - [2026-01-24 19:12:26] ⚠️ ADVERTENCIA: Sistema de notificaciones no disponible (pip install win10toast)
2026-01-24 19:12:26,559 - INFO - [2026-01-24 19:12:26] ℹ️ INFO: 
2026-01-24 19:12:26,559 - INFO - [2026-01-24 19:12:26] ℹ️ INFO: ╔════════════════════════════════════════════════════════════════╗
2026-01-24 19:12:26,559 - INFO - [2026-01-24 19:12:26] ℹ️ INFO: ║          SINCRONIZACIÓN INTELIGENTE CON TABLA DE HASHES          ║
2026-01-24 19:12:26,559 - INFO - [2026-01-24 19:12:26] ℹ️ INFO: ╚════════════════════════════════════════════════════════════════╝
2026-01-24 19:12:26,559 - INFO - [2026-01-24 19:12:26] ℹ️ INFO: 
2026-01-24 19:12:26,614 - INFO - [2026-01-24 19:12:26] ✅ ÉXITO: ✅ Conectado a PostgreSQL
2026-01-24 19:12:27,302 - INFO - [2026-01-24 19:12:27] ✅ ÉXITO: ✅ Conectado a MySQL (pymysql)
2026-01-24 19:12:27,302 - INFO - [2026-01-24 19:12:27] 🔍 DEBUG:    Host: 91.238.160.176
2026-01-24 19:12:27,302 - INFO - [2026-01-24 19:12:27] 🔍 DEBUG:    Port: None
2026-01-24 19:12:27,303 - INFO - [2026-01-24 19:12:27] 🔍 DEBUG:    Database: chrystal_movil
2026-01-24 19:12:27,303 - INFO - [2026-01-24 19:12:27] ℹ️ INFO: 🔍 Buscando empresa: RIF=J502741283, Email=multiserviciosleblanc@gmail.com
2026-01-24 19:12:27,303 - INFO - [2026-01-24 19:12:27] 🔍 DEBUG:   🔍 Verificando tabla 'acceso'...
2026-01-24 19:12:27,440 - INFO - [2026-01-24 19:12:27] ✅ ÉXITO:   ✅ Empresa encontrada en tabla 'acceso'
2026-01-24 19:12:27,441 - INFO - [2026-01-24 19:12:27] 🔍 DEBUG:   🔍 Buscando en tabla 'companies'...
2026-01-24 19:12:27,578 - INFO - [2026-01-24 19:12:27] ✅ ÉXITO: ✅ Empresa encontrada: Multiservicios Leblanc C.A. (ID: 27)
2026-01-24 19:12:27,578 - INFO - [2026-01-24 19:12:27] ℹ️ INFO: Detectando cambios en products...
2026-01-24 19:12:27,966 - INFO - [2026-01-24 19:12:27] ℹ️ INFO: Products: 0 nuevos, 0 modificados, 0 eliminados
2026-01-24 19:12:27,967 - INFO - [2026-01-24 19:12:27] ℹ️ INFO: Detectando cambios en customers...
2026-01-24 19:12:28,746 - INFO - [2026-01-24 19:12:28] ℹ️ INFO: Customers: 0 nuevos, 0 modificados, 0 eliminados
2026-01-24 19:12:28,746 - INFO - [2026-01-24 19:12:28] ℹ️ INFO: Detectando cambios en categories...
2026-01-24 19:12:28,760 - INFO - [2026-01-24 19:12:28] ℹ️ INFO: Categories: 0 nuevos, 0 modificados, 0 eliminados
2026-01-24 19:12:28,760 - INFO - [2026-01-24 19:12:28] ℹ️ INFO: Detectando cambios en quotes (MySQL → PostgreSQL)...
2026-01-24 19:12:28,901 - INFO - [2026-01-24 19:12:28] 🔍 DEBUG:   ✨ NUEVO: Quote #116 (W0000000003)
2026-01-24 19:12:28,910 - INFO - [2026-01-24 19:12:28] ℹ️ INFO: Quotes: 1 nuevos, 0 modificados
2026-01-24 19:12:28,910 - INFO - [2026-01-24 19:12:28] ℹ️ INFO: 
2026-01-24 19:12:28,910 - INFO - [2026-01-24 19:12:28] ℹ️ INFO: 📦 SINCRONIZANDO CATEGORIES...
2026-01-24 19:12:28,910 - INFO - [2026-01-24 19:12:28] ℹ️ INFO: 
2026-01-24 19:12:28,910 - INFO - [2026-01-24 19:12:28] ℹ️ INFO: 📦 SINCRONIZANDO PRODUCTS...
2026-01-24 19:12:28,910 - INFO - [2026-01-24 19:12:28] ℹ️ INFO: 
2026-01-24 19:12:28,910 - INFO - [2026-01-24 19:12:28] ℹ️ INFO: 👥 SINCRONIZANDO CUSTOMERS...
2026-01-24 19:12:28,910 - INFO - [2026-01-24 19:12:28] ℹ️ INFO: Sincronizando quotes a PostgreSQL...
2026-01-24 19:12:28,920 - INFO - [2026-01-24 19:12:28] 🔍 DEBUG:   Procesando quote #116...
2026-01-24 19:12:28,922 - INFO - [2026-01-24 19:12:28] 🔍 DEBUG:   ℹ️ Usando station: 00
2026-01-24 19:12:29,477 - INFO - [2026-01-24 19:12:29] 🔍 DEBUG:   Quote #116 insertado con correlative=30224 (auto-generado)
2026-01-24 19:12:29,774 - INFO - [2026-01-24 19:12:29] ✅ ÉXITO: ✅ Quotes sincronizados a PostgreSQL: 1 nuevos
2026-01-24 19:12:29,775 - INFO - [2026-01-24 19:12:29] ℹ️ INFO: 
2026-01-24 19:12:29,775 - INFO - [2026-01-24 19:12:29] ℹ️ INFO: ╔════════════════════════════════════════════════════════════════╗
2026-01-24 19:12:29,775 - INFO - [2026-01-24 19:12:29] ℹ️ INFO: ║                    RESUMEN DE SINCRONIZACIÓN                    ║
2026-01-24 19:12:29,775 - INFO - [2026-01-24 19:12:29] ℹ️ INFO: ╚════════════════════════════════════════════════════════════════╝
2026-01-24 19:12:29,776 - INFO - [2026-01-24 19:12:29] ✅ ÉXITO: Products:   0 nuevos, 0 modificados, 0 inactivados
2026-01-24 19:12:29,776 - INFO - [2026-01-24 19:12:29] ✅ ÉXITO: Customers:  0 nuevos, 0 modificados
2026-01-24 19:12:29,776 - INFO - [2026-01-24 19:12:29] ✅ ÉXITO: Categories: 0 nuevos, 0 modificados
2026-01-24 19:12:29,776 - INFO - [2026-01-24 19:12:29] ✅ ÉXITO: Quotes:     1 nuevos (MySQL→PG), 0 estados actualizados
2026-01-24 19:12:29,777 - INFO - [2026-01-24 19:12:29] ℹ️ INFO: Duración:   3.22 segundos
2026-01-24 19:12:29,777 - INFO - [2026-01-24 19:12:29] ℹ️ INFO: 
2026-01-24 19:12:29,777 - INFO - [2026-01-24 19:12:29] ✅ ÉXITO: ✅ SINCRONIZACIÓN COMPLETADA CON ÉXITO
2026-01-24 19:25:47,013 - WARNING - [2026-01-24 19:25:47] ⚠️ ADVERTENCIA: Sistema de notificaciones no disponible (pip install win10toast)
2026-01-24 19:25:47,028 - INFO - [2026-01-24 19:25:47] ℹ️ INFO: 
2026-01-24 19:25:47,028 - INFO - [2026-01-24 19:25:47] ℹ️ INFO: ╔════════════════════════════════════════════════════════════════╗
2026-01-24 19:25:47,028 - INFO - [2026-01-24 19:25:47] ℹ️ INFO: ║          SINCRONIZACIÓN INTELIGENTE CON TABLA DE HASHES          ║
2026-01-24 19:25:47,028 - INFO - [2026-01-24 19:25:47] ℹ️ INFO: ╚════════════════════════════════════════════════════════════════╝
2026-01-24 19:25:47,028 - INFO - [2026-01-24 19:25:47] ℹ️ INFO: 
2026-01-24 19:25:47,038 - INFO - [2026-01-24 19:25:47] ✅ ÉXITO: ✅ Conectado a PostgreSQL
2026-01-24 19:25:47,778 - INFO - [2026-01-24 19:25:47] ✅ ÉXITO: ✅ Conectado a MySQL (pymysql)
2026-01-24 19:25:47,779 - INFO - [2026-01-24 19:25:47] 🔍 DEBUG:    Host: 91.238.160.176
2026-01-24 19:25:47,779 - INFO - [2026-01-24 19:25:47] 🔍 DEBUG:    Port: None
2026-01-24 19:25:47,779 - INFO - [2026-01-24 19:25:47] 🔍 DEBUG:    Database: chrystal_movil
2026-01-24 19:25:47,779 - INFO - [2026-01-24 19:25:47] ℹ️ INFO: 🔍 Buscando empresa: RIF=J502741283, Email=multiserviciosleblanc@gmail.com
2026-01-24 19:25:47,779 - INFO - [2026-01-24 19:25:47] 🔍 DEBUG:   🔍 Verificando tabla 'acceso'...
2026-01-24 19:25:47,917 - INFO - [2026-01-24 19:25:47] ✅ ÉXITO:   ✅ Empresa encontrada en tabla 'acceso'
2026-01-24 19:25:47,917 - INFO - [2026-01-24 19:25:47] 🔍 DEBUG:   🔍 Buscando en tabla 'companies'...
2026-01-24 19:25:48,056 - INFO - [2026-01-24 19:25:48] ✅ ÉXITO: ✅ Empresa encontrada: Multiservicios Leblanc C.A. (ID: 27)
2026-01-24 19:25:48,056 - INFO - [2026-01-24 19:25:48] ℹ️ INFO: Detectando cambios en products...
2026-01-24 19:25:48,403 - INFO - [2026-01-24 19:25:48] ℹ️ INFO: Products: 0 nuevos, 0 modificados, 0 eliminados
2026-01-24 19:25:48,403 - INFO - [2026-01-24 19:25:48] ℹ️ INFO: Detectando cambios en customers...
2026-01-24 19:25:49,127 - INFO - [2026-01-24 19:25:49] ℹ️ INFO: Customers: 0 nuevos, 0 modificados, 0 eliminados
2026-01-24 19:25:49,127 - INFO - [2026-01-24 19:25:49] ℹ️ INFO: Detectando cambios en categories...
2026-01-24 19:25:49,146 - INFO - [2026-01-24 19:25:49] ℹ️ INFO: Categories: 0 nuevos, 0 modificados, 0 eliminados
2026-01-24 19:25:49,147 - INFO - [2026-01-24 19:25:49] ℹ️ INFO: Detectando cambios en quotes (MySQL → PostgreSQL)...
2026-01-24 19:25:49,285 - INFO - [2026-01-24 19:25:49] 🔍 DEBUG:   ✨ NUEVO: Quote #116 (W0000000003)
2026-01-24 19:25:49,322 - INFO - [2026-01-24 19:25:49] ℹ️ INFO: Quotes: 1 nuevos, 0 modificados
2026-01-24 19:25:49,323 - INFO - [2026-01-24 19:25:49] ℹ️ INFO: 
2026-01-24 19:25:49,323 - INFO - [2026-01-24 19:25:49] ℹ️ INFO: 📦 SINCRONIZANDO CATEGORIES...
2026-01-24 19:25:49,323 - INFO - [2026-01-24 19:25:49] ℹ️ INFO: 
2026-01-24 19:25:49,323 - INFO - [2026-01-24 19:25:49] ℹ️ INFO: 📦 SINCRONIZANDO PRODUCTS...
2026-01-24 19:25:49,323 - INFO - [2026-01-24 19:25:49] ℹ️ INFO: 
2026-01-24 19:25:49,323 - INFO - [2026-01-24 19:25:49] ℹ️ INFO: 👥 SINCRONIZANDO CUSTOMERS...
2026-01-24 19:25:49,323 - INFO - [2026-01-24 19:25:49] ℹ️ INFO: Sincronizando quotes a PostgreSQL...
2026-01-24 19:25:49,338 - INFO - [2026-01-24 19:25:49] 🔍 DEBUG:   Procesando quote #116...
2026-01-24 19:25:49,339 - INFO - [2026-01-24 19:25:49] 🔍 DEBUG:   ℹ️ Usando station: 00
2026-01-24 19:25:49,910 - INFO - [2026-01-24 19:25:49] 🔍 DEBUG:   Quote #116 insertado con correlative=30225 (auto-generado)
2026-01-24 19:25:50,216 - INFO - [2026-01-24 19:25:50] ✅ ÉXITO: ✅ Quotes sincronizados a PostgreSQL: 1 nuevos
2026-01-24 19:25:50,216 - INFO - [2026-01-24 19:25:50] ℹ️ INFO: 
2026-01-24 19:25:50,216 - INFO - [2026-01-24 19:25:50] ℹ️ INFO: ╔════════════════════════════════════════════════════════════════╗
2026-01-24 19:25:50,216 - INFO - [2026-01-24 19:25:50] ℹ️ INFO: ║                    RESUMEN DE SINCRONIZACIÓN                    ║
2026-01-24 19:25:50,216 - INFO - [2026-01-24 19:25:50] ℹ️ INFO: ╚════════════════════════════════════════════════════════════════╝
2026-01-24 19:25:50,216 - INFO - [2026-01-24 19:25:50] ✅ ÉXITO: Products:   0 nuevos, 0 modificados, 0 inactivados
2026-01-24 19:25:50,217 - INFO - [2026-01-24 19:25:50] ✅ ÉXITO: Customers:  0 nuevos, 0 modificados
2026-01-24 19:25:50,217 - INFO - [2026-01-24 19:25:50] ✅ ÉXITO: Categories: 0 nuevos, 0 modificados
2026-01-24 19:25:50,217 - INFO - [2026-01-24 19:25:50] ✅ ÉXITO: Quotes:     1 nuevos (MySQL→PG), 0 estados actualizados
2026-01-24 19:25:50,217 - INFO - [2026-01-24 19:25:50] ℹ️ INFO: Duración:   3.19 segundos
2026-01-24 19:25:50,217 - INFO - [2026-01-24 19:25:50] ℹ️ INFO: 
2026-01-24 19:25:50,217 - INFO - [2026-01-24 19:25:50] ✅ ÉXITO: ✅ SINCRONIZACIÓN COMPLETADA CON ÉXITO
2026-01-24 19:29:47,487 - WARNING - [2026-01-24 19:29:47] ⚠️ ADVERTENCIA: Sistema de notificaciones no disponible (pip install win10toast)
2026-01-24 19:29:47,487 - INFO - [2026-01-24 19:29:47] ℹ️ INFO: 
2026-01-24 19:29:47,487 - INFO - [2026-01-24 19:29:47] ℹ️ INFO: ╔════════════════════════════════════════════════════════════════╗
2026-01-24 19:29:47,487 - INFO - [2026-01-24 19:29:47] ℹ️ INFO: ║          SINCRONIZACIÓN INTELIGENTE CON TABLA DE HASHES          ║
2026-01-24 19:29:47,488 - INFO - [2026-01-24 19:29:47] ℹ️ INFO: ╚════════════════════════════════════════════════════════════════╝
2026-01-24 19:29:47,488 - INFO - [2026-01-24 19:29:47] ℹ️ INFO: 
2026-01-24 19:29:47,496 - INFO - [2026-01-24 19:29:47] ✅ ÉXITO: ✅ Conectado a PostgreSQL
2026-01-24 19:29:48,184 - INFO - [2026-01-24 19:29:48] ✅ ÉXITO: ✅ Conectado a MySQL (pymysql)
2026-01-24 19:29:48,185 - INFO - [2026-01-24 19:29:48] 🔍 DEBUG:    Host: 91.238.160.176
2026-01-24 19:29:48,185 - INFO - [2026-01-24 19:29:48] 🔍 DEBUG:    Port: None
2026-01-24 19:29:48,185 - INFO - [2026-01-24 19:29:48] 🔍 DEBUG:    Database: chrystal_movil
2026-01-24 19:29:48,185 - INFO - [2026-01-24 19:29:48] ℹ️ INFO: 🔍 Buscando empresa: RIF=J502741283, Email=multiserviciosleblanc@gmail.com
2026-01-24 19:29:48,185 - INFO - [2026-01-24 19:29:48] 🔍 DEBUG:   🔍 Verificando tabla 'acceso'...
2026-01-24 19:29:48,323 - INFO - [2026-01-24 19:29:48] ✅ ÉXITO:   ✅ Empresa encontrada en tabla 'acceso'
2026-01-24 19:29:48,323 - INFO - [2026-01-24 19:29:48] 🔍 DEBUG:   🔍 Buscando en tabla 'companies'...
2026-01-24 19:29:48,460 - INFO - [2026-01-24 19:29:48] ✅ ÉXITO: ✅ Empresa encontrada: Multiservicios Leblanc C.A. (ID: 27)
2026-01-24 19:29:48,461 - INFO - [2026-01-24 19:29:48] ℹ️ INFO: Detectando cambios en products...
2026-01-24 19:29:49,003 - INFO - [2026-01-24 19:29:49] ℹ️ INFO: Products: 0 nuevos, 0 modificados, 0 eliminados
2026-01-24 19:29:49,004 - INFO - [2026-01-24 19:29:49] ℹ️ INFO: Detectando cambios en customers...
2026-01-24 19:29:50,047 - INFO - [2026-01-24 19:29:50] ℹ️ INFO: Customers: 0 nuevos, 0 modificados, 0 eliminados
2026-01-24 19:29:50,048 - INFO - [2026-01-24 19:29:50] ℹ️ INFO: Detectando cambios en categories...
2026-01-24 19:29:50,076 - INFO - [2026-01-24 19:29:50] ℹ️ INFO: Categories: 0 nuevos, 0 modificados, 0 eliminados
2026-01-24 19:29:50,076 - INFO - [2026-01-24 19:29:50] ℹ️ INFO: Detectando cambios en quotes (MySQL → PostgreSQL)...
2026-01-24 19:29:50,217 - INFO - [2026-01-24 19:29:50] 🔍 DEBUG:   ✨ NUEVO: Quote #116 (W0000000003)
2026-01-24 19:29:50,248 - INFO - [2026-01-24 19:29:50] ℹ️ INFO: Quotes: 1 nuevos, 0 modificados
2026-01-24 19:29:50,248 - INFO - [2026-01-24 19:29:50] ℹ️ INFO: 
2026-01-24 19:29:50,248 - INFO - [2026-01-24 19:29:50] ℹ️ INFO: 📦 SINCRONIZANDO CATEGORIES...
2026-01-24 19:29:50,248 - INFO - [2026-01-24 19:29:50] ℹ️ INFO: 
2026-01-24 19:29:50,248 - INFO - [2026-01-24 19:29:50] ℹ️ INFO: 📦 SINCRONIZANDO PRODUCTS...
2026-01-24 19:29:50,248 - INFO - [2026-01-24 19:29:50] ℹ️ INFO: 
2026-01-24 19:29:50,248 - INFO - [2026-01-24 19:29:50] ℹ️ INFO: 👥 SINCRONIZANDO CUSTOMERS...
2026-01-24 19:29:50,249 - INFO - [2026-01-24 19:29:50] ℹ️ INFO: Sincronizando quotes a PostgreSQL...
2026-01-24 19:29:50,254 - INFO - [2026-01-24 19:29:50] 🔍 DEBUG:   Procesando quote #116...
2026-01-24 19:29:50,255 - INFO - [2026-01-24 19:29:50] 🔍 DEBUG:   ℹ️ Usando station: 00
2026-01-24 19:29:50,814 - INFO - [2026-01-24 19:29:50] 🔍 DEBUG:   Quote #116 insertado con correlative=30226 (auto-generado)
2026-01-24 19:29:51,137 - INFO - [2026-01-24 19:29:51] ✅ ÉXITO: ✅ Quotes sincronizados a PostgreSQL: 1 nuevos
2026-01-24 19:29:51,138 - INFO - [2026-01-24 19:29:51] ℹ️ INFO: 
2026-01-24 19:29:51,138 - INFO - [2026-01-24 19:29:51] ℹ️ INFO: ╔════════════════════════════════════════════════════════════════╗
2026-01-24 19:29:51,138 - INFO - [2026-01-24 19:29:51] ℹ️ INFO: ║                    RESUMEN DE SINCRONIZACIÓN                    ║
2026-01-24 19:29:51,138 - INFO - [2026-01-24 19:29:51] ℹ️ INFO: ╚════════════════════════════════════════════════════════════════╝
2026-01-24 19:29:51,138 - INFO - [2026-01-24 19:29:51] ✅ ÉXITO: Products:   0 nuevos, 0 modificados, 0 inactivados
2026-01-24 19:29:51,138 - INFO - [2026-01-24 19:29:51] ✅ ÉXITO: Customers:  0 nuevos, 0 modificados
2026-01-24 19:29:51,138 - INFO - [2026-01-24 19:29:51] ✅ ÉXITO: Categories: 0 nuevos, 0 modificados
2026-01-24 19:29:51,138 - INFO - [2026-01-24 19:29:51] ✅ ÉXITO: Quotes:     1 nuevos (MySQL→PG), 0 estados actualizados
2026-01-24 19:29:51,138 - INFO - [2026-01-24 19:29:51] ℹ️ INFO: Duración:   3.65 segundos
2026-01-24 19:29:51,138 - INFO - [2026-01-24 19:29:51] ℹ️ INFO: 
2026-01-24 19:29:51,138 - INFO - [2026-01-24 19:29:51] ✅ ÉXITO: ✅ SINCRONIZACIÓN COMPLETADA CON ÉXITO
2026-01-24 21:36:33,925 - WARNING - [2026-01-24 21:36:33] ⚠️ ADVERTENCIA: Sistema de notificaciones no disponible (pip install win10toast)
2026-01-24 21:36:33,938 - INFO - [2026-01-24 21:36:33] ℹ️ INFO: 
2026-01-24 21:36:33,938 - INFO - [2026-01-24 21:36:33] ℹ️ INFO: ╔════════════════════════════════════════════════════════════════╗
2026-01-24 21:36:33,938 - INFO - [2026-01-24 21:36:33] ℹ️ INFO: ║          SINCRONIZACIÓN INTELIGENTE CON TABLA DE HASHES          ║
2026-01-24 21:36:33,938 - INFO - [2026-01-24 21:36:33] ℹ️ INFO: ╚════════════════════════════════════════════════════════════════╝
2026-01-24 21:36:33,938 - INFO - [2026-01-24 21:36:33] ℹ️ INFO: 
2026-01-24 21:36:33,948 - INFO - [2026-01-24 21:36:33] ✅ ÉXITO: ✅ Conectado a PostgreSQL
2026-01-24 21:36:34,637 - INFO - [2026-01-24 21:36:34] ✅ ÉXITO: ✅ Conectado a MySQL (pymysql)
2026-01-24 21:36:34,638 - INFO - [2026-01-24 21:36:34] 🔍 DEBUG:    Host: 91.238.160.176
2026-01-24 21:36:34,638 - INFO - [2026-01-24 21:36:34] 🔍 DEBUG:    Port: None
2026-01-24 21:36:34,638 - INFO - [2026-01-24 21:36:34] 🔍 DEBUG:    Database: chrystal_movil
2026-01-24 21:36:34,638 - INFO - [2026-01-24 21:36:34] ℹ️ INFO: 🔍 Buscando empresa: RIF=J502741283, Email=multiserviciosleblanc@gmail.com
2026-01-24 21:36:34,638 - INFO - [2026-01-24 21:36:34] 🔍 DEBUG:   🔍 Verificando tabla 'acceso'...
2026-01-24 21:36:34,781 - INFO - [2026-01-24 21:36:34] ✅ ÉXITO:   ✅ Empresa encontrada en tabla 'acceso'
2026-01-24 21:36:34,781 - INFO - [2026-01-24 21:36:34] 🔍 DEBUG:   🔍 Buscando en tabla 'companies'...
2026-01-24 21:36:34,919 - INFO - [2026-01-24 21:36:34] ✅ ÉXITO: ✅ Empresa encontrada: Multiservicios Leblanc C.A. (ID: 27)
2026-01-24 21:36:34,919 - INFO - [2026-01-24 21:36:34] ℹ️ INFO: Detectando cambios en products...
2026-01-24 21:36:35,391 - INFO - [2026-01-24 21:36:35] ℹ️ INFO: Products: 0 nuevos, 0 modificados, 0 eliminados
2026-01-24 21:36:35,391 - INFO - [2026-01-24 21:36:35] ℹ️ INFO: Detectando cambios en customers...
2026-01-24 21:36:36,391 - INFO - [2026-01-24 21:36:36] ℹ️ INFO: Customers: 0 nuevos, 0 modificados, 0 eliminados
2026-01-24 21:36:36,391 - INFO - [2026-01-24 21:36:36] ℹ️ INFO: Detectando cambios en categories...
2026-01-24 21:36:36,424 - INFO - [2026-01-24 21:36:36] ℹ️ INFO: Categories: 0 nuevos, 0 modificados, 0 eliminados
2026-01-24 21:36:36,424 - INFO - [2026-01-24 21:36:36] ℹ️ INFO: Detectando cambios en quotes (MySQL → PostgreSQL)...
2026-01-24 21:36:36,586 - INFO - [2026-01-24 21:36:36] ℹ️ INFO: Quotes: 0 nuevos, 0 modificados
2026-01-24 21:36:36,586 - INFO - [2026-01-24 21:36:36] ✅ ÉXITO: ✨ No hay cambios que sincronizar
2026-01-24 21:36:52,001 - WARNING - [2026-01-24 21:36:52] ⚠️ ADVERTENCIA: Sistema de notificaciones no disponible (pip install win10toast)
2026-01-24 21:36:52,001 - INFO - [2026-01-24 21:36:52] ℹ️ INFO: 
2026-01-24 21:36:52,002 - INFO - [2026-01-24 21:36:52] ℹ️ INFO: ╔════════════════════════════════════════════════════════════════╗
2026-01-24 21:36:52,002 - INFO - [2026-01-24 21:36:52] ℹ️ INFO: ║          SINCRONIZACIÓN INTELIGENTE CON TABLA DE HASHES          ║
2026-01-24 21:36:52,002 - INFO - [2026-01-24 21:36:52] ℹ️ INFO: ╚════════════════════════════════════════════════════════════════╝
2026-01-24 21:36:52,002 - INFO - [2026-01-24 21:36:52] ℹ️ INFO: 
2026-01-24 21:36:52,010 - INFO - [2026-01-24 21:36:52] ✅ ÉXITO: ✅ Conectado a PostgreSQL
2026-01-24 21:36:52,704 - INFO - [2026-01-24 21:36:52] ✅ ÉXITO: ✅ Conectado a MySQL (pymysql)
2026-01-24 21:36:52,704 - INFO - [2026-01-24 21:36:52] 🔍 DEBUG:    Host: 91.238.160.176
2026-01-24 21:36:52,704 - INFO - [2026-01-24 21:36:52] 🔍 DEBUG:    Port: None
2026-01-24 21:36:52,704 - INFO - [2026-01-24 21:36:52] 🔍 DEBUG:    Database: chrystal_movil
2026-01-24 21:36:52,704 - INFO - [2026-01-24 21:36:52] ℹ️ INFO: 🔍 Buscando empresa: RIF=J502741283, Email=multiserviciosleblanc@gmail.com
2026-01-24 21:36:52,704 - INFO - [2026-01-24 21:36:52] 🔍 DEBUG:   🔍 Verificando tabla 'acceso'...
2026-01-24 21:36:52,845 - INFO - [2026-01-24 21:36:52] ✅ ÉXITO:   ✅ Empresa encontrada en tabla 'acceso'
2026-01-24 21:36:52,845 - INFO - [2026-01-24 21:36:52] 🔍 DEBUG:   🔍 Buscando en tabla 'companies'...
2026-01-24 21:36:52,983 - INFO - [2026-01-24 21:36:52] ✅ ÉXITO: ✅ Empresa encontrada: Multiservicios Leblanc C.A. (ID: 27)
2026-01-24 21:36:52,983 - INFO - [2026-01-24 21:36:52] ℹ️ INFO: Detectando cambios en products...
2026-01-24 21:36:53,427 - INFO - [2026-01-24 21:36:53] ℹ️ INFO: Products: 0 nuevos, 0 modificados, 0 eliminados
2026-01-24 21:36:53,428 - INFO - [2026-01-24 21:36:53] ℹ️ INFO: Detectando cambios en customers...
2026-01-24 21:36:54,105 - INFO - [2026-01-24 21:36:54] ℹ️ INFO: Customers: 0 nuevos, 0 modificados, 0 eliminados
2026-01-24 21:36:54,105 - INFO - [2026-01-24 21:36:54] ℹ️ INFO: Detectando cambios en categories...
2026-01-24 21:36:54,143 - INFO - [2026-01-24 21:36:54] ℹ️ INFO: Categories: 0 nuevos, 0 modificados, 0 eliminados
2026-01-24 21:36:54,143 - INFO - [2026-01-24 21:36:54] ℹ️ INFO: Detectando cambios en quotes (MySQL → PostgreSQL)...
2026-01-24 21:36:54,285 - INFO - [2026-01-24 21:36:54] 🔍 DEBUG:   ✨ NUEVO: Quote #116 (W0000000003)
2026-01-24 21:36:54,295 - INFO - [2026-01-24 21:36:54] ℹ️ INFO: Quotes: 1 nuevos, 0 modificados
2026-01-24 21:36:54,295 - INFO - [2026-01-24 21:36:54] ℹ️ INFO: 
2026-01-24 21:36:54,295 - INFO - [2026-01-24 21:36:54] ℹ️ INFO: 📦 SINCRONIZANDO CATEGORIES...
2026-01-24 21:36:54,295 - INFO - [2026-01-24 21:36:54] ℹ️ INFO: 
2026-01-24 21:36:54,296 - INFO - [2026-01-24 21:36:54] ℹ️ INFO: 📦 SINCRONIZANDO PRODUCTS...
2026-01-24 21:36:54,296 - INFO - [2026-01-24 21:36:54] ℹ️ INFO: 
2026-01-24 21:36:54,296 - INFO - [2026-01-24 21:36:54] ℹ️ INFO: 👥 SINCRONIZANDO CUSTOMERS...
2026-01-24 21:36:54,296 - INFO - [2026-01-24 21:36:54] ℹ️ INFO: Sincronizando quotes a PostgreSQL...
2026-01-24 21:36:54,321 - INFO - [2026-01-24 21:36:54] 🔍 DEBUG:   Procesando quote #116...
2026-01-24 21:36:54,323 - INFO - [2026-01-24 21:36:54] 🔍 DEBUG:   ℹ️ Usando station: 00
2026-01-24 21:36:54,939 - INFO - [2026-01-24 21:36:54] 🔍 DEBUG:   Quote #116 insertado con correlative=30227 (auto-generado)
2026-01-24 21:36:55,218 - ERROR - [2026-01-24 21:36:55] ❌ ERROR: Error procesando quote 116: tuple index out of range
2026-01-24 21:36:55,220 - ERROR - [2026-01-24 21:36:55] ❌ ERROR: TRACEBACK:
Traceback (most recent call last):
  File "/home/muentes/company_registration/smart_sync_complete.py", line 1229, in sincronizar_quotes_postgresql
    correlativo = self._insertar_quote_postgresql(quote, mac)
  File "/home/muentes/company_registration/smart_sync_complete.py", line 1471, in _insertar_quote_postgresql
    self._insertar_quote_items(correlativo, quote, bcv_rate)
  File "/home/muentes/company_registration/smart_sync_complete.py", line 1676, in _insertar_quote_items
    self.pg_cursor.execute(sql_detail, (
IndexError: tuple index out of range

2026-01-24 21:36:55,221 - INFO - [2026-01-24 21:36:55] ✅ ÉXITO: ✅ Quotes sincronizados a PostgreSQL: 0 nuevos
2026-01-24 21:36:55,221 - INFO - [2026-01-24 21:36:55] ℹ️ INFO: 
2026-01-24 21:36:55,221 - INFO - [2026-01-24 21:36:55] ℹ️ INFO: ╔════════════════════════════════════════════════════════════════╗
2026-01-24 21:36:55,222 - INFO - [2026-01-24 21:36:55] ℹ️ INFO: ║                    RESUMEN DE SINCRONIZACIÓN                    ║
2026-01-24 21:36:55,222 - INFO - [2026-01-24 21:36:55] ℹ️ INFO: ╚════════════════════════════════════════════════════════════════╝
2026-01-24 21:36:55,222 - INFO - [2026-01-24 21:36:55] ✅ ÉXITO: Products:   0 nuevos, 0 modificados, 0 inactivados
2026-01-24 21:36:55,222 - INFO - [2026-01-24 21:36:55] ✅ ÉXITO: Customers:  0 nuevos, 0 modificados
2026-01-24 21:36:55,222 - INFO - [2026-01-24 21:36:55] ✅ ÉXITO: Categories: 0 nuevos, 0 modificados
2026-01-24 21:36:55,222 - INFO - [2026-01-24 21:36:55] ✅ ÉXITO: Quotes:     0 nuevos (MySQL→PG), 0 estados actualizados
2026-01-24 21:36:55,222 - INFO - [2026-01-24 21:36:55] ℹ️ INFO: Duración:   3.22 segundos
2026-01-24 21:36:55,223 - INFO - [2026-01-24 21:36:55] ℹ️ INFO: 
2026-01-24 21:36:55,223 - WARNING - [2026-01-24 21:36:55] ⚠️ ADVERTENCIA: ⚠️ SINCRONIZACIÓN COMPLETADA CON ERRORES
2026-01-24 21:41:24,100 - WARNING - [2026-01-24 21:41:24] ⚠️ ADVERTENCIA: Sistema de notificaciones no disponible (pip install win10toast)
2026-01-24 21:41:24,100 - INFO - [2026-01-24 21:41:24] ℹ️ INFO: Verificando/creando tabla sync_hashes...
2026-01-24 21:41:24,113 - WARNING - [2026-01-24 21:41:24] ⚠️ ADVERTENCIA:   ⚠️ Error creando índice 'idx_sync_hashes_lookup': la relación «idx_sync_hashes_lookup» ya existe

2026-01-24 21:41:24,114 - WARNING - [2026-01-24 21:41:24] ⚠️ ADVERTENCIA:   ⚠️ Error creando índice 'idx_sync_hashes_table': la relación «idx_sync_hashes_table» ya existe

2026-01-24 21:41:24,114 - INFO - [2026-01-24 21:41:24] ✅ ÉXITO: ✅ Tabla sync_hashes lista
2026-01-24 21:41:24,114 - INFO - [2026-01-24 21:41:24] ℹ️ INFO: 
2026-01-24 21:41:24,114 - INFO - [2026-01-24 21:41:24] ℹ️ INFO: ╔════════════════════════════════════════════════════════════════╗
2026-01-24 21:41:24,114 - INFO - [2026-01-24 21:41:24] ℹ️ INFO: ║          SINCRONIZACIÓN INTELIGENTE CON TABLA DE HASHES          ║
2026-01-24 21:41:24,114 - INFO - [2026-01-24 21:41:24] ℹ️ INFO: ╚════════════════════════════════════════════════════════════════╝
2026-01-24 21:41:24,115 - INFO - [2026-01-24 21:41:24] ℹ️ INFO: 
2026-01-24 21:41:24,121 - INFO - [2026-01-24 21:41:24] ✅ ÉXITO: ✅ Conectado a PostgreSQL
2026-01-24 21:41:24,810 - INFO - [2026-01-24 21:41:24] ✅ ÉXITO: ✅ Conectado a MySQL (pymysql)
2026-01-24 21:41:24,810 - INFO - [2026-01-24 21:41:24] 🔍 DEBUG:    Host: 91.238.160.176
2026-01-24 21:41:24,810 - INFO - [2026-01-24 21:41:24] 🔍 DEBUG:    Port: None
2026-01-24 21:41:24,810 - INFO - [2026-01-24 21:41:24] 🔍 DEBUG:    Database: chrystal_movil
2026-01-24 21:41:24,810 - INFO - [2026-01-24 21:41:24] ℹ️ INFO: 🔍 Buscando empresa: RIF=J502741283, Email=multiserviciosleblanc@gmail.com
2026-01-24 21:41:24,810 - INFO - [2026-01-24 21:41:24] 🔍 DEBUG:   🔍 Verificando tabla 'acceso'...
2026-01-24 21:41:24,948 - INFO - [2026-01-24 21:41:24] ✅ ÉXITO:   ✅ Empresa encontrada en tabla 'acceso'
2026-01-24 21:41:24,948 - INFO - [2026-01-24 21:41:24] 🔍 DEBUG:   🔍 Buscando en tabla 'companies'...
2026-01-24 21:41:25,085 - INFO - [2026-01-24 21:41:25] ✅ ÉXITO: ✅ Empresa encontrada: Multiservicios Leblanc C.A. (ID: 27)
2026-01-24 21:41:25,085 - INFO - [2026-01-24 21:41:25] ℹ️ INFO: Detectando cambios en products...
2026-01-24 21:41:25,498 - INFO - [2026-01-24 21:41:25] ℹ️ INFO: Products: 0 nuevos, 0 modificados, 0 eliminados
2026-01-24 21:41:25,499 - INFO - [2026-01-24 21:41:25] ℹ️ INFO: Detectando cambios en customers...
2026-01-24 21:41:26,320 - INFO - [2026-01-24 21:41:26] ℹ️ INFO: Customers: 0 nuevos, 0 modificados, 0 eliminados
2026-01-24 21:41:26,321 - INFO - [2026-01-24 21:41:26] ℹ️ INFO: Detectando cambios en categories...
2026-01-24 21:41:26,342 - INFO - [2026-01-24 21:41:26] ℹ️ INFO: Categories: 0 nuevos, 0 modificados, 0 eliminados
2026-01-24 21:41:26,342 - INFO - [2026-01-24 21:41:26] ℹ️ INFO: Detectando cambios en quotes (MySQL → PostgreSQL)...
2026-01-24 21:41:26,485 - INFO - [2026-01-24 21:41:26] ℹ️ INFO: Quotes: 0 nuevos, 0 modificados
2026-01-24 21:41:26,485 - INFO - [2026-01-24 21:41:26] ✅ ÉXITO: ✨ No hay cambios que sincronizar
2026-01-24 21:43:00,961 - WARNING - [2026-01-24 21:43:00] ⚠️ ADVERTENCIA: Sistema de notificaciones no disponible (pip install win10toast)
2026-01-24 21:43:00,961 - INFO - [2026-01-24 21:43:00] ℹ️ INFO: Verificando/creando tabla sync_hashes...
2026-01-24 21:43:00,970 - WARNING - [2026-01-24 21:43:00] ⚠️ ADVERTENCIA:   ⚠️ Error creando índice 'idx_sync_hashes_lookup': la relación «idx_sync_hashes_lookup» ya existe

2026-01-24 21:43:00,970 - WARNING - [2026-01-24 21:43:00] ⚠️ ADVERTENCIA:   ⚠️ Error creando índice 'idx_sync_hashes_table': la relación «idx_sync_hashes_table» ya existe

2026-01-24 21:43:00,971 - INFO - [2026-01-24 21:43:00] ✅ ÉXITO: ✅ Tabla sync_hashes lista
2026-01-24 21:43:00,971 - INFO - [2026-01-24 21:43:00] ℹ️ INFO: 
2026-01-24 21:43:00,971 - INFO - [2026-01-24 21:43:00] ℹ️ INFO: ╔════════════════════════════════════════════════════════════════╗
2026-01-24 21:43:00,971 - INFO - [2026-01-24 21:43:00] ℹ️ INFO: ║          SINCRONIZACIÓN INTELIGENTE CON TABLA DE HASHES          ║
2026-01-24 21:43:00,971 - INFO - [2026-01-24 21:43:00] ℹ️ INFO: ╚════════════════════════════════════════════════════════════════╝
2026-01-24 21:43:00,971 - INFO - [2026-01-24 21:43:00] ℹ️ INFO: 
2026-01-24 21:43:00,978 - INFO - [2026-01-24 21:43:00] ✅ ÉXITO: ✅ Conectado a PostgreSQL
2026-01-24 21:43:02,049 - INFO - [2026-01-24 21:43:02] ✅ ÉXITO: ✅ Conectado a MySQL (pymysql)
2026-01-24 21:43:02,049 - INFO - [2026-01-24 21:43:02] 🔍 DEBUG:    Host: 91.238.160.176
2026-01-24 21:43:02,050 - INFO - [2026-01-24 21:43:02] 🔍 DEBUG:    Port: None
2026-01-24 21:43:02,050 - INFO - [2026-01-24 21:43:02] 🔍 DEBUG:    Database: chrystal_movil
2026-01-24 21:43:02,050 - INFO - [2026-01-24 21:43:02] ℹ️ INFO: 🔍 Buscando empresa: RIF=J502741283, Email=multiserviciosleblanc@gmail.com
2026-01-24 21:43:02,050 - INFO - [2026-01-24 21:43:02] 🔍 DEBUG:   🔍 Verificando tabla 'acceso'...
2026-01-24 21:43:02,191 - INFO - [2026-01-24 21:43:02] ✅ ÉXITO:   ✅ Empresa encontrada en tabla 'acceso'
2026-01-24 21:43:02,191 - INFO - [2026-01-24 21:43:02] 🔍 DEBUG:   🔍 Buscando en tabla 'companies'...
2026-01-24 21:43:02,331 - INFO - [2026-01-24 21:43:02] ✅ ÉXITO: ✅ Empresa encontrada: Multiservicios Leblanc C.A. (ID: 27)
2026-01-24 21:43:02,331 - INFO - [2026-01-24 21:43:02] ℹ️ INFO: Detectando cambios en products...
2026-01-24 21:43:02,744 - INFO - [2026-01-24 21:43:02] ℹ️ INFO: Products: 0 nuevos, 0 modificados, 0 eliminados
2026-01-24 21:43:02,745 - INFO - [2026-01-24 21:43:02] ℹ️ INFO: Detectando cambios en customers...
2026-01-24 21:43:03,593 - INFO - [2026-01-24 21:43:03] ℹ️ INFO: Customers: 0 nuevos, 0 modificados, 0 eliminados
2026-01-24 21:43:03,594 - INFO - [2026-01-24 21:43:03] ℹ️ INFO: Detectando cambios en categories...
2026-01-24 21:43:03,611 - INFO - [2026-01-24 21:43:03] ℹ️ INFO: Categories: 0 nuevos, 0 modificados, 0 eliminados
2026-01-24 21:43:03,612 - INFO - [2026-01-24 21:43:03] ℹ️ INFO: Detectando cambios en quotes (MySQL → PostgreSQL)...
2026-01-24 21:43:03,752 - INFO - [2026-01-24 21:43:03] 🔍 DEBUG:   ✨ NUEVO: Quote #116 (W0000000003)
2026-01-24 21:43:03,755 - INFO - [2026-01-24 21:43:03] ℹ️ INFO: Quotes: 1 nuevos, 0 modificados
2026-01-24 21:43:03,756 - INFO - [2026-01-24 21:43:03] ℹ️ INFO: 
2026-01-24 21:43:03,756 - INFO - [2026-01-24 21:43:03] ℹ️ INFO: 📦 SINCRONIZANDO CATEGORIES...
2026-01-24 21:43:03,756 - INFO - [2026-01-24 21:43:03] ℹ️ INFO: 
2026-01-24 21:43:03,756 - INFO - [2026-01-24 21:43:03] ℹ️ INFO: 📦 SINCRONIZANDO PRODUCTS...
2026-01-24 21:43:03,756 - INFO - [2026-01-24 21:43:03] ℹ️ INFO: 
2026-01-24 21:43:03,757 - INFO - [2026-01-24 21:43:03] ℹ️ INFO: 👥 SINCRONIZANDO CUSTOMERS...
2026-01-24 21:43:03,757 - INFO - [2026-01-24 21:43:03] ℹ️ INFO: Sincronizando quotes a PostgreSQL...
2026-01-24 21:43:03,767 - INFO - [2026-01-24 21:43:03] 🔍 DEBUG:   Procesando quote #116...
2026-01-24 21:43:03,769 - INFO - [2026-01-24 21:43:03] 🔍 DEBUG:   ℹ️ Usando station: 00
2026-01-24 21:43:04,329 - INFO - [2026-01-24 21:43:04] 🔍 DEBUG:   Quote #116 insertado con correlative=30228 (auto-generado)
2026-01-24 21:43:04,621 - INFO - [2026-01-24 21:43:04] ✅ ÉXITO: ✅ Quotes sincronizados a PostgreSQL: 1 nuevos
2026-01-24 21:43:04,621 - INFO - [2026-01-24 21:43:04] ℹ️ INFO: 
2026-01-24 21:43:04,621 - INFO - [2026-01-24 21:43:04] ℹ️ INFO: ╔════════════════════════════════════════════════════════════════╗
2026-01-24 21:43:04,622 - INFO - [2026-01-24 21:43:04] ℹ️ INFO: ║                    RESUMEN DE SINCRONIZACIÓN                    ║
2026-01-24 21:43:04,622 - INFO - [2026-01-24 21:43:04] ℹ️ INFO: ╚════════════════════════════════════════════════════════════════╝
2026-01-24 21:43:04,622 - INFO - [2026-01-24 21:43:04] ✅ ÉXITO: Products:   0 nuevos, 0 modificados, 0 inactivados
2026-01-24 21:43:04,622 - INFO - [2026-01-24 21:43:04] ✅ ÉXITO: Customers:  0 nuevos, 0 modificados
2026-01-24 21:43:04,622 - INFO - [2026-01-24 21:43:04] ✅ ÉXITO: Categories: 0 nuevos, 0 modificados
2026-01-24 21:43:04,622 - INFO - [2026-01-24 21:43:04] ✅ ÉXITO: Quotes:     1 nuevos (MySQL→PG), 0 estados actualizados
2026-01-24 21:43:04,623 - INFO - [2026-01-24 21:43:04] ℹ️ INFO: Duración:   3.65 segundos
2026-01-24 21:43:04,623 - INFO - [2026-01-24 21:43:04] ℹ️ INFO: 
2026-01-24 21:43:04,623 - INFO - [2026-01-24 21:43:04] ✅ ÉXITO: ✅ SINCRONIZACIÓN COMPLETADA CON ÉXITO
2026-01-24 21:44:49,951 - WARNING - [2026-01-24 21:44:49] ⚠️ ADVERTENCIA: Sistema de notificaciones no disponible (pip install win10toast)
2026-01-24 21:44:49,951 - INFO - [2026-01-24 21:44:49] ℹ️ INFO: Verificando/creando tabla sync_hashes...
2026-01-24 21:44:49,961 - WARNING - [2026-01-24 21:44:49] ⚠️ ADVERTENCIA:   ⚠️ Error creando índice 'idx_sync_hashes_lookup': la relación «idx_sync_hashes_lookup» ya existe

2026-01-24 21:44:49,962 - WARNING - [2026-01-24 21:44:49] ⚠️ ADVERTENCIA:   ⚠️ Error creando índice 'idx_sync_hashes_table': la relación «idx_sync_hashes_table» ya existe

2026-01-24 21:44:49,962 - INFO - [2026-01-24 21:44:49] ✅ ÉXITO: ✅ Tabla sync_hashes lista
2026-01-24 21:44:49,962 - INFO - [2026-01-24 21:44:49] ℹ️ INFO: 
2026-01-24 21:44:49,962 - INFO - [2026-01-24 21:44:49] ℹ️ INFO: ╔════════════════════════════════════════════════════════════════╗
2026-01-24 21:44:49,962 - INFO - [2026-01-24 21:44:49] ℹ️ INFO: ║          SINCRONIZACIÓN INTELIGENTE CON TABLA DE HASHES          ║
2026-01-24 21:44:49,962 - INFO - [2026-01-24 21:44:49] ℹ️ INFO: ╚════════════════════════════════════════════════════════════════╝
2026-01-24 21:44:49,963 - INFO - [2026-01-24 21:44:49] ℹ️ INFO: 
2026-01-24 21:44:49,969 - INFO - [2026-01-24 21:44:49] ✅ ÉXITO: ✅ Conectado a PostgreSQL
2026-01-24 21:44:50,661 - INFO - [2026-01-24 21:44:50] ✅ ÉXITO: ✅ Conectado a MySQL (pymysql)
2026-01-24 21:44:50,661 - INFO - [2026-01-24 21:44:50] 🔍 DEBUG:    Host: 91.238.160.176
2026-01-24 21:44:50,662 - INFO - [2026-01-24 21:44:50] 🔍 DEBUG:    Port: None
2026-01-24 21:44:50,662 - INFO - [2026-01-24 21:44:50] 🔍 DEBUG:    Database: chrystal_movil
2026-01-24 21:44:50,662 - INFO - [2026-01-24 21:44:50] ℹ️ INFO: 🔍 Buscando empresa: RIF=J502741283, Email=multiserviciosleblanc@gmail.com
2026-01-24 21:44:50,662 - INFO - [2026-01-24 21:44:50] 🔍 DEBUG:   🔍 Verificando tabla 'acceso'...
2026-01-24 21:44:50,800 - INFO - [2026-01-24 21:44:50] ✅ ÉXITO:   ✅ Empresa encontrada en tabla 'acceso'
2026-01-24 21:44:50,800 - INFO - [2026-01-24 21:44:50] 🔍 DEBUG:   🔍 Buscando en tabla 'companies'...
2026-01-24 21:44:50,938 - INFO - [2026-01-24 21:44:50] ✅ ÉXITO: ✅ Empresa encontrada: Multiservicios Leblanc C.A. (ID: 27)
2026-01-24 21:44:50,938 - INFO - [2026-01-24 21:44:50] ℹ️ INFO: Detectando cambios en products...
2026-01-24 21:44:51,321 - INFO - [2026-01-24 21:44:51] ℹ️ INFO: Products: 0 nuevos, 0 modificados, 0 eliminados
2026-01-24 21:44:51,322 - INFO - [2026-01-24 21:44:51] ℹ️ INFO: Detectando cambios en customers...
2026-01-24 21:44:52,110 - INFO - [2026-01-24 21:44:52] ℹ️ INFO: Customers: 0 nuevos, 0 modificados, 0 eliminados
2026-01-24 21:44:52,111 - INFO - [2026-01-24 21:44:52] ℹ️ INFO: Detectando cambios en categories...
2026-01-24 21:44:52,131 - INFO - [2026-01-24 21:44:52] ℹ️ INFO: Categories: 0 nuevos, 0 modificados, 0 eliminados
2026-01-24 21:44:52,132 - INFO - [2026-01-24 21:44:52] ℹ️ INFO: Detectando cambios en quotes (MySQL → PostgreSQL)...
2026-01-24 21:44:52,274 - INFO - [2026-01-24 21:44:52] 🔍 DEBUG:   ✨ NUEVO: Quote #116 (W0000000003)
2026-01-24 21:44:52,278 - INFO - [2026-01-24 21:44:52] ℹ️ INFO: Quotes: 1 nuevos, 0 modificados
2026-01-24 21:44:52,278 - INFO - [2026-01-24 21:44:52] ℹ️ INFO: 
2026-01-24 21:44:52,279 - INFO - [2026-01-24 21:44:52] ℹ️ INFO: 📦 SINCRONIZANDO CATEGORIES...
2026-01-24 21:44:52,279 - INFO - [2026-01-24 21:44:52] ℹ️ INFO: 
2026-01-24 21:44:52,279 - INFO - [2026-01-24 21:44:52] ℹ️ INFO: 📦 SINCRONIZANDO PRODUCTS...
2026-01-24 21:44:52,279 - INFO - [2026-01-24 21:44:52] ℹ️ INFO: 
2026-01-24 21:44:52,279 - INFO - [2026-01-24 21:44:52] ℹ️ INFO: 👥 SINCRONIZANDO CUSTOMERS...
2026-01-24 21:44:52,279 - INFO - [2026-01-24 21:44:52] ℹ️ INFO: Sincronizando quotes a PostgreSQL...
2026-01-24 21:44:52,291 - INFO - [2026-01-24 21:44:52] 🔍 DEBUG:   Procesando quote #116...
2026-01-24 21:44:52,292 - INFO - [2026-01-24 21:44:52] 🔍 DEBUG:   ℹ️ Usando station: 00
2026-01-24 21:44:52,852 - INFO - [2026-01-24 21:44:52] 🔍 DEBUG:   Quote #116 insertado con correlative=30229 (auto-generado)
2026-01-24 21:44:53,148 - INFO - [2026-01-24 21:44:53] ✅ ÉXITO: ✅ Quotes sincronizados a PostgreSQL: 1 nuevos
2026-01-24 21:44:53,148 - INFO - [2026-01-24 21:44:53] ℹ️ INFO: 
2026-01-24 21:44:53,149 - INFO - [2026-01-24 21:44:53] ℹ️ INFO: ╔════════════════════════════════════════════════════════════════╗
2026-01-24 21:44:53,149 - INFO - [2026-01-24 21:44:53] ℹ️ INFO: ║                    RESUMEN DE SINCRONIZACIÓN                    ║
2026-01-24 21:44:53,149 - INFO - [2026-01-24 21:44:53] ℹ️ INFO: ╚════════════════════════════════════════════════════════════════╝
2026-01-24 21:44:53,149 - INFO - [2026-01-24 21:44:53] ✅ ÉXITO: Products:   0 nuevos, 0 modificados, 0 inactivados
2026-01-24 21:44:53,149 - INFO - [2026-01-24 21:44:53] ✅ ÉXITO: Customers:  0 nuevos, 0 modificados
2026-01-24 21:44:53,149 - INFO - [2026-01-24 21:44:53] ✅ ÉXITO: Categories: 0 nuevos, 0 modificados
2026-01-24 21:44:53,149 - INFO - [2026-01-24 21:44:53] ✅ ÉXITO: Quotes:     1 nuevos (MySQL→PG), 0 estados actualizados
2026-01-24 21:44:53,150 - INFO - [2026-01-24 21:44:53] ℹ️ INFO: Duración:   3.19 segundos
2026-01-24 21:44:53,150 - INFO - [2026-01-24 21:44:53] ℹ️ INFO: 
2026-01-24 21:44:53,150 - INFO - [2026-01-24 21:44:53] ✅ ÉXITO: ✅ SINCRONIZACIÓN COMPLETADA CON ÉXITO
