[2026-01-24 13:54:38] [INFO] Conectado a PostgreSQL
[2026-01-24 13:54:38] [INFO] Conectado a MySQL
[2026-01-24 13:54:38] [INFO] === INICIANDO SINCRONIZACIÓN ===
[2026-01-24 13:54:39] [WARNING] Sistema de notificaciones no disponible (pip install win10toast)
[2026-01-24 13:54:39] [INFO] Verificando/creando tabla sync_hashes...
[2026-01-24 13:54:39] [WARNING]   ⚠️ Error creando índice 'idx_sync_hashes_lookup': la relación «idx_sync_hashes_lookup» ya existe

[2026-01-24 13:54:39] [WARNING]   ⚠️ Error creando índice 'idx_sync_hashes_table': la relación «idx_sync_hashes_table» ya existe

[2026-01-24 13:54:39] [SUCCESS] ✅ Tabla sync_hashes lista
[2026-01-24 13:54:39] [INFO] 
[2026-01-24 13:54:39] [INFO] ╔════════════════════════════════════════════════════════════════╗
[2026-01-24 13:54:39] [INFO] ║          SINCRONIZACIÓN INTELIGENTE CON TABLA DE HASHES          ║
[2026-01-24 13:54:39] [INFO] ╚════════════════════════════════════════════════════════════════╝
[2026-01-24 13:54:39] [INFO] 
[2026-01-24 13:54:39] [SUCCESS] ✅ Conectado a PostgreSQL
[2026-01-24 13:54:39] [SUCCESS] ✅ Conectado a MySQL (pymysql)
[2026-01-24 13:54:39] [DEBUG]    Host: 91.238.160.176
[2026-01-24 13:54:39] [DEBUG]    Port: 3306
[2026-01-24 13:54:39] [DEBUG]    Database: chrystal_movil
[2026-01-24 13:54:39] [INFO] 🔍 Buscando empresa: RIF=J502741283, Email=multiserviciosleblanc@gmail.com
[2026-01-24 13:54:39] [DEBUG]   🔍 Verificando tabla 'acceso'...
[2026-01-24 13:54:39] [SUCCESS]   ✅ Empresa encontrada en tabla 'acceso'
[2026-01-24 13:54:39] [DEBUG]   🔍 Buscando en tabla 'companies'...
[2026-01-24 13:54:39] [SUCCESS] ✅ Empresa encontrada: Multiservicios Leblanc C.A. (ID: 27)
[2026-01-24 13:54:39] [INFO] Detectando cambios en products...
[2026-01-24 13:54:40] [INFO] Products: 0 nuevos, 0 modificados, 0 eliminados
[2026-01-24 13:54:40] [INFO] Detectando cambios en customers...
[2026-01-24 13:54:42] [INFO] Customers: 0 nuevos, 0 modificados, 0 eliminados
[2026-01-24 13:54:42] [INFO] Detectando cambios en categories...
[2026-01-24 13:54:42] [INFO] Categories: 0 nuevos, 0 modificados, 0 eliminados
[2026-01-24 13:54:42] [INFO] Detectando cambios en quotes (MySQL → PostgreSQL)...
[2026-01-24 13:54:43] [DEBUG]   ✨ NUEVO: Quote #116 (W0000000003)
[2026-01-24 13:54:43] [INFO] Quotes: 1 nuevos, 0 modificados
[2026-01-24 13:54:43] [INFO] 
[2026-01-24 13:54:43] [INFO] 📦 SINCRONIZANDO CATEGORIES...
[2026-01-24 13:54:43] [INFO] 
[2026-01-24 13:54:43] [INFO] 📦 SINCRONIZANDO PRODUCTS...
[2026-01-24 13:54:43] [INFO] 
[2026-01-24 13:54:43] [INFO] 👥 SINCRONIZANDO CUSTOMERS...
[2026-01-24 13:54:43] [INFO] Sincronizando quotes a PostgreSQL...
[2026-01-24 13:54:43] [DEBUG]   Procesando quote #116...
[2026-01-24 13:54:43] [DEBUG]   ℹ️ Usando station: 00
[2026-01-24 13:54:43] [DEBUG]   Quote #116 insertado con correlative=30214 (auto-generado)
[2026-01-24 13:54:43] [ERROR] Error procesando quote 116: not all arguments converted during string formatting
[2026-01-24 13:54:43] [SUCCESS] ✅ Quotes sincronizados a PostgreSQL: 0 nuevos
[2026-01-24 13:54:43] [INFO] 
[2026-01-24 13:54:43] [INFO] ╔════════════════════════════════════════════════════════════════╗
[2026-01-24 13:54:43] [INFO] ║                    RESUMEN DE SINCRONIZACIÓN                    ║
[2026-01-24 13:54:43] [INFO] ╚════════════════════════════════════════════════════════════════╝
[2026-01-24 13:54:43] [SUCCESS] Products:   0 nuevos, 0 modificados
[2026-01-24 13:54:43] [SUCCESS] Customers:  0 nuevos, 0 modificados
[2026-01-24 13:54:43] [SUCCESS] Categories: 0 nuevos, 0 modificados
[2026-01-24 13:54:43] [SUCCESS] Quotes:     0 nuevos (MySQL→PG), 0 estados actualizados
[2026-01-24 13:54:43] [INFO] Duración:   4.44 segundos
[2026-01-24 13:54:43] [INFO] 
[2026-01-24 13:54:43] [WARNING] ⚠️ SINCRONIZACIÓN COMPLETADA CON ERRORES
[2026-01-24 13:54:43] [INFO] === SINCRONIZACIÓN COMPLETADA ===
[2026-01-24 13:55:22] [INFO] Conectado a PostgreSQL
[2026-01-24 13:55:23] [INFO] Conectado a MySQL
[2026-01-24 13:55:23] [INFO] === INICIANDO SINCRONIZACIÓN ===
[2026-01-24 13:55:23] [WARNING] Sistema de notificaciones no disponible (pip install win10toast)
[2026-01-24 13:55:23] [INFO] Verificando/creando tabla sync_hashes...
[2026-01-24 13:55:23] [WARNING]   ⚠️ Error creando índice 'idx_sync_hashes_lookup': la relación «idx_sync_hashes_lookup» ya existe

[2026-01-24 13:55:23] [WARNING]   ⚠️ Error creando índice 'idx_sync_hashes_table': la relación «idx_sync_hashes_table» ya existe

[2026-01-24 13:55:23] [SUCCESS] ✅ Tabla sync_hashes lista
[2026-01-24 13:55:23] [INFO] 
[2026-01-24 13:55:23] [INFO] ╔════════════════════════════════════════════════════════════════╗
[2026-01-24 13:55:23] [INFO] ║          SINCRONIZACIÓN INTELIGENTE CON TABLA DE HASHES          ║
[2026-01-24 13:55:23] [INFO] ╚════════════════════════════════════════════════════════════════╝
[2026-01-24 13:55:23] [INFO] 
[2026-01-24 13:55:23] [SUCCESS] ✅ Conectado a PostgreSQL
[2026-01-24 13:55:23] [SUCCESS] ✅ Conectado a MySQL (pymysql)
[2026-01-24 13:55:23] [DEBUG]    Host: 91.238.160.176
[2026-01-24 13:55:23] [DEBUG]    Port: 3306
[2026-01-24 13:55:23] [DEBUG]    Database: chrystal_movil
[2026-01-24 13:55:23] [INFO] 🔍 Buscando empresa: RIF=J502741283, Email=multiserviciosleblanc@gmail.com
[2026-01-24 13:55:23] [DEBUG]   🔍 Verificando tabla 'acceso'...
[2026-01-24 13:55:24] [SUCCESS]   ✅ Empresa encontrada en tabla 'acceso'
[2026-01-24 13:55:24] [DEBUG]   🔍 Buscando en tabla 'companies'...
[2026-01-24 13:55:24] [SUCCESS] ✅ Empresa encontrada: Multiservicios Leblanc C.A. (ID: 27)
[2026-01-24 13:55:24] [INFO] Detectando cambios en products...
[2026-01-24 13:55:24] [INFO] Products: 0 nuevos, 0 modificados, 0 eliminados
[2026-01-24 13:55:24] [INFO] Detectando cambios en customers...
[2026-01-24 13:55:25] [INFO] Customers: 0 nuevos, 0 modificados, 0 eliminados
[2026-01-24 13:55:25] [INFO] Detectando cambios en categories...
[2026-01-24 13:55:25] [INFO] Categories: 0 nuevos, 0 modificados, 0 eliminados
[2026-01-24 13:55:25] [INFO] Detectando cambios en quotes (MySQL → PostgreSQL)...
[2026-01-24 13:55:25] [INFO] Quotes: 0 nuevos, 0 modificados
[2026-01-24 13:55:25] [SUCCESS] ✨ No hay cambios que sincronizar
[2026-01-24 13:55:25] [INFO] === SINCRONIZACIÓN COMPLETADA ===
[2026-01-24 13:55:33] [INFO] Conectado a PostgreSQL
[2026-01-24 13:55:34] [INFO] Conectado a MySQL
[2026-01-24 13:55:34] [INFO] === INICIANDO SINCRONIZACIÓN ===
[2026-01-24 13:55:34] [WARNING] Sistema de notificaciones no disponible (pip install win10toast)
[2026-01-24 13:55:34] [INFO] Verificando/creando tabla sync_hashes...
[2026-01-24 13:55:34] [WARNING]   ⚠️ Error creando índice 'idx_sync_hashes_lookup': la relación «idx_sync_hashes_lookup» ya existe

[2026-01-24 13:55:34] [WARNING]   ⚠️ Error creando índice 'idx_sync_hashes_table': la relación «idx_sync_hashes_table» ya existe

[2026-01-24 13:55:34] [SUCCESS] ✅ Tabla sync_hashes lista
[2026-01-24 13:55:34] [INFO] 
[2026-01-24 13:55:34] [INFO] ╔════════════════════════════════════════════════════════════════╗
[2026-01-24 13:55:34] [INFO] ║          SINCRONIZACIÓN INTELIGENTE CON TABLA DE HASHES          ║
[2026-01-24 13:55:34] [INFO] ╚════════════════════════════════════════════════════════════════╝
[2026-01-24 13:55:34] [INFO] 
[2026-01-24 13:55:34] [SUCCESS] ✅ Conectado a PostgreSQL
[2026-01-24 13:55:34] [SUCCESS] ✅ Conectado a MySQL (pymysql)
[2026-01-24 13:55:34] [DEBUG]    Host: 91.238.160.176
[2026-01-24 13:55:34] [DEBUG]    Port: 3306
[2026-01-24 13:55:34] [DEBUG]    Database: chrystal_movil
[2026-01-24 13:55:34] [INFO] 🔍 Buscando empresa: RIF=J502741283, Email=multiserviciosleblanc@gmail.com
[2026-01-24 13:55:34] [DEBUG]   🔍 Verificando tabla 'acceso'...
[2026-01-24 13:55:34] [SUCCESS]   ✅ Empresa encontrada en tabla 'acceso'
[2026-01-24 13:55:34] [DEBUG]   🔍 Buscando en tabla 'companies'...
[2026-01-24 13:55:35] [SUCCESS] ✅ Empresa encontrada: Multiservicios Leblanc C.A. (ID: 27)
[2026-01-24 13:55:35] [INFO] Detectando cambios en products...
[2026-01-24 13:55:35] [INFO] Products: 0 nuevos, 0 modificados, 0 eliminados
[2026-01-24 13:55:35] [INFO] Detectando cambios en customers...
[2026-01-24 13:55:36] [INFO] Customers: 0 nuevos, 0 modificados, 0 eliminados
[2026-01-24 13:55:36] [INFO] Detectando cambios en categories...
[2026-01-24 13:55:36] [INFO] Categories: 0 nuevos, 0 modificados, 0 eliminados
[2026-01-24 13:55:36] [INFO] Detectando cambios en quotes (MySQL → PostgreSQL)...
[2026-01-24 13:55:36] [INFO] Quotes: 0 nuevos, 0 modificados
[2026-01-24 13:55:36] [SUCCESS] ✨ No hay cambios que sincronizar
[2026-01-24 13:55:36] [INFO] === SINCRONIZACIÓN COMPLETADA ===
[2026-01-24 13:56:31] [INFO] Conectado a PostgreSQL
[2026-01-24 13:56:32] [INFO] Conectado a MySQL
[2026-01-24 13:56:32] [INFO] === INICIANDO SINCRONIZACIÓN ===
[2026-01-24 13:56:32] [WARNING] Sistema de notificaciones no disponible (pip install win10toast)
[2026-01-24 13:56:32] [INFO] Verificando/creando tabla sync_hashes...
[2026-01-24 13:56:32] [WARNING]   ⚠️ Error creando índice 'idx_sync_hashes_lookup': la relación «idx_sync_hashes_lookup» ya existe

[2026-01-24 13:56:32] [WARNING]   ⚠️ Error creando índice 'idx_sync_hashes_table': la relación «idx_sync_hashes_table» ya existe

[2026-01-24 13:56:32] [SUCCESS] ✅ Tabla sync_hashes lista
[2026-01-24 13:56:32] [INFO] 
[2026-01-24 13:56:32] [INFO] ╔════════════════════════════════════════════════════════════════╗
[2026-01-24 13:56:32] [INFO] ║          SINCRONIZACIÓN INTELIGENTE CON TABLA DE HASHES          ║
[2026-01-24 13:56:32] [INFO] ╚════════════════════════════════════════════════════════════════╝
[2026-01-24 13:56:32] [INFO] 
[2026-01-24 13:56:32] [SUCCESS] ✅ Conectado a PostgreSQL
[2026-01-24 13:56:32] [SUCCESS] ✅ Conectado a MySQL (pymysql)
[2026-01-24 13:56:32] [DEBUG]    Host: 91.238.160.176
[2026-01-24 13:56:32] [DEBUG]    Port: 3306
[2026-01-24 13:56:32] [DEBUG]    Database: chrystal_movil
[2026-01-24 13:56:32] [INFO] 🔍 Buscando empresa: RIF=J502741283, Email=multiserviciosleblanc@gmail.com
[2026-01-24 13:56:32] [DEBUG]   🔍 Verificando tabla 'acceso'...
[2026-01-24 13:56:32] [SUCCESS]   ✅ Empresa encontrada en tabla 'acceso'
[2026-01-24 13:56:32] [DEBUG]   🔍 Buscando en tabla 'companies'...
[2026-01-24 13:56:33] [SUCCESS] ✅ Empresa encontrada: Multiservicios Leblanc C.A. (ID: 27)
[2026-01-24 13:56:33] [INFO] Detectando cambios en products...
[2026-01-24 13:56:33] [INFO] Products: 0 nuevos, 0 modificados, 0 eliminados
[2026-01-24 13:56:33] [INFO] Detectando cambios en customers...
[2026-01-24 13:56:34] [INFO] Customers: 0 nuevos, 0 modificados, 0 eliminados
[2026-01-24 13:56:34] [INFO] Detectando cambios en categories...
[2026-01-24 13:56:34] [INFO] Categories: 0 nuevos, 0 modificados, 0 eliminados
[2026-01-24 13:56:34] [INFO] Detectando cambios en quotes (MySQL → PostgreSQL)...
[2026-01-24 13:56:34] [DEBUG]   ✨ NUEVO: Quote #116 (W0000000003)
[2026-01-24 13:56:34] [INFO] Quotes: 1 nuevos, 0 modificados
[2026-01-24 13:56:34] [INFO] 
[2026-01-24 13:56:34] [INFO] 📦 SINCRONIZANDO CATEGORIES...
[2026-01-24 13:56:34] [INFO] 
[2026-01-24 13:56:34] [INFO] 📦 SINCRONIZANDO PRODUCTS...
[2026-01-24 13:56:34] [INFO] 
[2026-01-24 13:56:34] [INFO] 👥 SINCRONIZANDO CUSTOMERS...
[2026-01-24 13:56:34] [INFO] Sincronizando quotes a PostgreSQL...
[2026-01-24 13:56:34] [DEBUG]   Procesando quote #116...
[2026-01-24 13:56:34] [DEBUG]   ℹ️ Usando station: 00
[2026-01-24 13:56:34] [DEBUG]   Quote #116 insertado con correlative=30215 (auto-generado)
[2026-01-24 13:56:34] [ERROR] Error procesando quote 116: not all arguments converted during string formatting
[2026-01-24 13:56:34] [ERROR] Traceback:
Traceback (most recent call last):
  File "/home/muentes/company_registration/smart_sync_complete.py", line 1169, in sincronizar_quotes_postgresql
    correlativo = self._insertar_quote_postgresql(quote, mac)
  File "/home/muentes/company_registration/smart_sync_complete.py", line 1342, in _insertar_quote_postgresql
    self._insertar_quote_items(correlativo, quote, bcv_rate)
  File "/home/muentes/company_registration/smart_sync_complete.py", line 1493, in _insertar_quote_items
    self.pg_cursor.execute(sql_detail, (
TypeError: not all arguments converted during string formatting

[2026-01-24 13:56:34] [SUCCESS] ✅ Quotes sincronizados a PostgreSQL: 0 nuevos
[2026-01-24 13:56:34] [INFO] 
[2026-01-24 13:56:34] [INFO] ╔════════════════════════════════════════════════════════════════╗
[2026-01-24 13:56:34] [INFO] ║                    RESUMEN DE SINCRONIZACIÓN                    ║
[2026-01-24 13:56:34] [INFO] ╚════════════════════════════════════════════════════════════════╝
[2026-01-24 13:56:34] [SUCCESS] Products:   0 nuevos, 0 modificados
[2026-01-24 13:56:34] [SUCCESS] Customers:  0 nuevos, 0 modificados
[2026-01-24 13:56:34] [SUCCESS] Categories: 0 nuevos, 0 modificados
[2026-01-24 13:56:34] [SUCCESS] Quotes:     0 nuevos (MySQL→PG), 0 estados actualizados
[2026-01-24 13:56:34] [INFO] Duración:   2.78 segundos
[2026-01-24 13:56:34] [INFO] 
[2026-01-24 13:56:34] [WARNING] ⚠️ SINCRONIZACIÓN COMPLETADA CON ERRORES
[2026-01-24 13:56:34] [INFO] === SINCRONIZACIÓN COMPLETADA ===
[2026-01-24 13:58:14] [INFO] Conectado a PostgreSQL
[2026-01-24 13:58:15] [INFO] Conectado a MySQL
[2026-01-24 13:58:15] [INFO] === INICIANDO SINCRONIZACIÓN ===
[2026-01-24 13:58:15] [WARNING] Sistema de notificaciones no disponible (pip install win10toast)
[2026-01-24 13:58:15] [INFO] Verificando/creando tabla sync_hashes...
[2026-01-24 13:58:15] [WARNING]   ⚠️ Error creando índice 'idx_sync_hashes_lookup': la relación «idx_sync_hashes_lookup» ya existe

[2026-01-24 13:58:15] [WARNING]   ⚠️ Error creando índice 'idx_sync_hashes_table': la relación «idx_sync_hashes_table» ya existe

[2026-01-24 13:58:15] [SUCCESS] ✅ Tabla sync_hashes lista
[2026-01-24 13:58:15] [INFO] 
[2026-01-24 13:58:15] [INFO] ╔════════════════════════════════════════════════════════════════╗
[2026-01-24 13:58:15] [INFO] ║          SINCRONIZACIÓN INTELIGENTE CON TABLA DE HASHES          ║
[2026-01-24 13:58:15] [INFO] ╚════════════════════════════════════════════════════════════════╝
[2026-01-24 13:58:15] [INFO] 
[2026-01-24 13:58:15] [SUCCESS] ✅ Conectado a PostgreSQL
[2026-01-24 13:58:16] [SUCCESS] ✅ Conectado a MySQL (pymysql)
[2026-01-24 13:58:16] [DEBUG]    Host: 91.238.160.176
[2026-01-24 13:58:16] [DEBUG]    Port: 3306
[2026-01-24 13:58:16] [DEBUG]    Database: chrystal_movil
[2026-01-24 13:58:16] [INFO] 🔍 Buscando empresa: RIF=J502741283, Email=multiserviciosleblanc@gmail.com
[2026-01-24 13:58:16] [DEBUG]   🔍 Verificando tabla 'acceso'...
[2026-01-24 13:58:16] [SUCCESS]   ✅ Empresa encontrada en tabla 'acceso'
[2026-01-24 13:58:16] [DEBUG]   🔍 Buscando en tabla 'companies'...
[2026-01-24 13:58:16] [SUCCESS] ✅ Empresa encontrada: Multiservicios Leblanc C.A. (ID: 27)
[2026-01-24 13:58:16] [INFO] Detectando cambios en products...
[2026-01-24 13:58:16] [INFO] Products: 0 nuevos, 0 modificados, 0 eliminados
[2026-01-24 13:58:16] [INFO] Detectando cambios en customers...
[2026-01-24 13:58:17] [INFO] Customers: 0 nuevos, 0 modificados, 0 eliminados
[2026-01-24 13:58:17] [INFO] Detectando cambios en categories...
[2026-01-24 13:58:17] [INFO] Categories: 0 nuevos, 0 modificados, 0 eliminados
[2026-01-24 13:58:17] [INFO] Detectando cambios en quotes (MySQL → PostgreSQL)...
[2026-01-24 13:58:17] [DEBUG]   ✨ NUEVO: Quote #116 (W0000000003)
[2026-01-24 13:58:17] [INFO] Quotes: 1 nuevos, 0 modificados
[2026-01-24 13:58:17] [INFO] 
[2026-01-24 13:58:17] [INFO] 📦 SINCRONIZANDO CATEGORIES...
[2026-01-24 13:58:17] [INFO] 
[2026-01-24 13:58:17] [INFO] 📦 SINCRONIZANDO PRODUCTS...
[2026-01-24 13:58:17] [INFO] 
[2026-01-24 13:58:17] [INFO] 👥 SINCRONIZANDO CUSTOMERS...
[2026-01-24 13:58:17] [INFO] Sincronizando quotes a PostgreSQL...
[2026-01-24 13:58:17] [DEBUG]   Procesando quote #116...
[2026-01-24 13:58:17] [DEBUG]   ℹ️ Usando station: 00
[2026-01-24 13:58:18] [DEBUG]   Quote #116 insertado con correlative=30216 (auto-generado)
[2026-01-24 13:58:18] [DEBUG]   DEBUG: Ejecutando INSERT con 28 parámetros
[2026-01-24 13:58:18] [DEBUG]   DEBUG: product_code='6290171072836', name='9AM DIVE UNISEX'
[2026-01-24 13:58:18] [ERROR] Error procesando quote 116: not all arguments converted during string formatting
[2026-01-24 13:58:18] [ERROR] Traceback:
Traceback (most recent call last):
  File "/home/muentes/company_registration/smart_sync_complete.py", line 1169, in sincronizar_quotes_postgresql
    correlativo = self._insertar_quote_postgresql(quote, mac)
  File "/home/muentes/company_registration/smart_sync_complete.py", line 1342, in _insertar_quote_postgresql
    self._insertar_quote_items(correlativo, quote, bcv_rate)
  File "/home/muentes/company_registration/smart_sync_complete.py", line 1527, in _insertar_quote_items
    self.pg_cursor.execute(sql_detail, params)
TypeError: not all arguments converted during string formatting

[2026-01-24 13:58:18] [SUCCESS] ✅ Quotes sincronizados a PostgreSQL: 0 nuevos
[2026-01-24 13:58:18] [INFO] 
[2026-01-24 13:58:18] [INFO] ╔════════════════════════════════════════════════════════════════╗
[2026-01-24 13:58:18] [INFO] ║                    RESUMEN DE SINCRONIZACIÓN                    ║
[2026-01-24 13:58:18] [INFO] ╚════════════════════════════════════════════════════════════════╝
[2026-01-24 13:58:18] [SUCCESS] Products:   0 nuevos, 0 modificados
[2026-01-24 13:58:18] [SUCCESS] Customers:  0 nuevos, 0 modificados
[2026-01-24 13:58:18] [SUCCESS] Categories: 0 nuevos, 0 modificados
[2026-01-24 13:58:18] [SUCCESS] Quotes:     0 nuevos (MySQL→PG), 0 estados actualizados
[2026-01-24 13:58:18] [INFO] Duración:   3.07 segundos
[2026-01-24 13:58:18] [INFO] 
[2026-01-24 13:58:18] [WARNING] ⚠️ SINCRONIZACIÓN COMPLETADA CON ERRORES
[2026-01-24 13:58:18] [INFO] === SINCRONIZACIÓN COMPLETADA ===
[2026-01-24 14:00:54] [INFO] Conectado a PostgreSQL
[2026-01-24 14:00:55] [INFO] Conectado a MySQL
[2026-01-24 14:00:55] [INFO] === INICIANDO SINCRONIZACIÓN ===
[2026-01-24 14:00:55] [WARNING] Sistema de notificaciones no disponible (pip install win10toast)
[2026-01-24 14:00:55] [INFO] Verificando/creando tabla sync_hashes...
[2026-01-24 14:00:55] [WARNING]   ⚠️ Error creando índice 'idx_sync_hashes_lookup': la relación «idx_sync_hashes_lookup» ya existe

[2026-01-24 14:00:55] [WARNING]   ⚠️ Error creando índice 'idx_sync_hashes_table': la relación «idx_sync_hashes_table» ya existe

[2026-01-24 14:00:55] [SUCCESS] ✅ Tabla sync_hashes lista
[2026-01-24 14:00:55] [INFO] 
[2026-01-24 14:00:55] [INFO] ╔════════════════════════════════════════════════════════════════╗
[2026-01-24 14:00:55] [INFO] ║          SINCRONIZACIÓN INTELIGENTE CON TABLA DE HASHES          ║
[2026-01-24 14:00:55] [INFO] ╚════════════════════════════════════════════════════════════════╝
[2026-01-24 14:00:55] [INFO] 
[2026-01-24 14:00:55] [SUCCESS] ✅ Conectado a PostgreSQL
[2026-01-24 14:00:56] [SUCCESS] ✅ Conectado a MySQL (pymysql)
[2026-01-24 14:00:56] [DEBUG]    Host: 91.238.160.176
[2026-01-24 14:00:56] [DEBUG]    Port: 3306
[2026-01-24 14:00:56] [DEBUG]    Database: chrystal_movil
[2026-01-24 14:00:56] [INFO] 🔍 Buscando empresa: RIF=J502741283, Email=multiserviciosleblanc@gmail.com
[2026-01-24 14:00:56] [DEBUG]   🔍 Verificando tabla 'acceso'...
[2026-01-24 14:00:56] [SUCCESS]   ✅ Empresa encontrada en tabla 'acceso'
[2026-01-24 14:00:56] [DEBUG]   🔍 Buscando en tabla 'companies'...
[2026-01-24 14:00:56] [SUCCESS] ✅ Empresa encontrada: Multiservicios Leblanc C.A. (ID: 27)
[2026-01-24 14:00:56] [INFO] Detectando cambios en products...
[2026-01-24 14:00:56] [INFO] Products: 0 nuevos, 0 modificados, 0 eliminados
[2026-01-24 14:00:56] [INFO] Detectando cambios en customers...
[2026-01-24 14:00:57] [INFO] Customers: 0 nuevos, 0 modificados, 0 eliminados
[2026-01-24 14:00:57] [INFO] Detectando cambios en categories...
[2026-01-24 14:00:57] [INFO] Categories: 0 nuevos, 0 modificados, 0 eliminados
[2026-01-24 14:00:57] [INFO] Detectando cambios en quotes (MySQL → PostgreSQL)...
[2026-01-24 14:00:57] [INFO] Quotes: 0 nuevos, 0 modificados
[2026-01-24 14:00:57] [SUCCESS] ✨ No hay cambios que sincronizar
[2026-01-24 14:00:57] [INFO] === SINCRONIZACIÓN COMPLETADA ===
[2026-01-24 14:02:19] [INFO] Conectado a PostgreSQL
[2026-01-24 14:02:21] [INFO] Conectado a MySQL
[2026-01-24 14:02:21] [INFO] === INICIANDO SINCRONIZACIÓN ===
[2026-01-24 14:02:21] [WARNING] Sistema de notificaciones no disponible (pip install win10toast)
[2026-01-24 14:02:21] [INFO] Verificando/creando tabla sync_hashes...
[2026-01-24 14:02:21] [WARNING]   ⚠️ Error creando índice 'idx_sync_hashes_lookup': la relación «idx_sync_hashes_lookup» ya existe

[2026-01-24 14:02:21] [WARNING]   ⚠️ Error creando índice 'idx_sync_hashes_table': la relación «idx_sync_hashes_table» ya existe

[2026-01-24 14:02:21] [SUCCESS] ✅ Tabla sync_hashes lista
[2026-01-24 14:02:21] [INFO] 
[2026-01-24 14:02:21] [INFO] ╔════════════════════════════════════════════════════════════════╗
[2026-01-24 14:02:21] [INFO] ║          SINCRONIZACIÓN INTELIGENTE CON TABLA DE HASHES          ║
[2026-01-24 14:02:21] [INFO] ╚════════════════════════════════════════════════════════════════╝
[2026-01-24 14:02:21] [INFO] 
[2026-01-24 14:02:21] [SUCCESS] ✅ Conectado a PostgreSQL
[2026-01-24 14:02:22] [SUCCESS] ✅ Conectado a MySQL (pymysql)
[2026-01-24 14:02:22] [DEBUG]    Host: 91.238.160.176
[2026-01-24 14:02:22] [DEBUG]    Port: 3306
[2026-01-24 14:02:22] [DEBUG]    Database: chrystal_movil
[2026-01-24 14:02:22] [INFO] 🔍 Buscando empresa: RIF=J502741283, Email=multiserviciosleblanc@gmail.com
[2026-01-24 14:02:22] [DEBUG]   🔍 Verificando tabla 'acceso'...
[2026-01-24 14:02:22] [SUCCESS]   ✅ Empresa encontrada en tabla 'acceso'
[2026-01-24 14:02:22] [DEBUG]   🔍 Buscando en tabla 'companies'...
[2026-01-24 14:02:22] [SUCCESS] ✅ Empresa encontrada: Multiservicios Leblanc C.A. (ID: 27)
[2026-01-24 14:02:22] [INFO] Detectando cambios en products...
[2026-01-24 14:02:23] [INFO] Products: 0 nuevos, 0 modificados, 0 eliminados
[2026-01-24 14:02:23] [INFO] Detectando cambios en customers...
[2026-01-24 14:02:23] [INFO] Customers: 0 nuevos, 0 modificados, 0 eliminados
[2026-01-24 14:02:23] [INFO] Detectando cambios en categories...
[2026-01-24 14:02:23] [INFO] Categories: 0 nuevos, 0 modificados, 0 eliminados
[2026-01-24 14:02:23] [INFO] Detectando cambios en quotes (MySQL → PostgreSQL)...
[2026-01-24 14:02:23] [INFO] Quotes: 0 nuevos, 0 modificados
[2026-01-24 14:02:23] [SUCCESS] ✨ No hay cambios que sincronizar
[2026-01-24 14:02:23] [INFO] === SINCRONIZACIÓN COMPLETADA ===
[2026-01-24 14:03:02] [INFO] Conectado a PostgreSQL
[2026-01-24 14:03:03] [INFO] Conectado a MySQL
[2026-01-24 14:03:03] [INFO] === INICIANDO SINCRONIZACIÓN ===
[2026-01-24 14:03:03] [WARNING] Sistema de notificaciones no disponible (pip install win10toast)
[2026-01-24 14:03:03] [INFO] Verificando/creando tabla sync_hashes...
[2026-01-24 14:03:03] [WARNING]   ⚠️ Error creando índice 'idx_sync_hashes_lookup': la relación «idx_sync_hashes_lookup» ya existe

[2026-01-24 14:03:03] [WARNING]   ⚠️ Error creando índice 'idx_sync_hashes_table': la relación «idx_sync_hashes_table» ya existe

[2026-01-24 14:03:03] [SUCCESS] ✅ Tabla sync_hashes lista
[2026-01-24 14:03:03] [INFO] 
[2026-01-24 14:03:03] [INFO] ╔════════════════════════════════════════════════════════════════╗
[2026-01-24 14:03:03] [INFO] ║          SINCRONIZACIÓN INTELIGENTE CON TABLA DE HASHES          ║
[2026-01-24 14:03:03] [INFO] ╚════════════════════════════════════════════════════════════════╝
[2026-01-24 14:03:03] [INFO] 
[2026-01-24 14:03:03] [SUCCESS] ✅ Conectado a PostgreSQL
[2026-01-24 14:03:03] [SUCCESS] ✅ Conectado a MySQL (pymysql)
[2026-01-24 14:03:03] [DEBUG]    Host: 91.238.160.176
[2026-01-24 14:03:03] [DEBUG]    Port: 3306
[2026-01-24 14:03:03] [DEBUG]    Database: chrystal_movil
[2026-01-24 14:03:03] [INFO] 🔍 Buscando empresa: RIF=J502741283, Email=multiserviciosleblanc@gmail.com
[2026-01-24 14:03:03] [DEBUG]   🔍 Verificando tabla 'acceso'...
[2026-01-24 14:03:03] [SUCCESS]   ✅ Empresa encontrada en tabla 'acceso'
[2026-01-24 14:03:03] [DEBUG]   🔍 Buscando en tabla 'companies'...
[2026-01-24 14:03:04] [SUCCESS] ✅ Empresa encontrada: Multiservicios Leblanc C.A. (ID: 27)
[2026-01-24 14:03:04] [INFO] Detectando cambios en products...
[2026-01-24 14:03:04] [INFO] Products: 0 nuevos, 0 modificados, 0 eliminados
[2026-01-24 14:03:04] [INFO] Detectando cambios en customers...
[2026-01-24 14:03:05] [INFO] Customers: 0 nuevos, 0 modificados, 0 eliminados
[2026-01-24 14:03:05] [INFO] Detectando cambios en categories...
[2026-01-24 14:03:06] [INFO] Categories: 0 nuevos, 0 modificados, 0 eliminados
[2026-01-24 14:03:06] [INFO] Detectando cambios en quotes (MySQL → PostgreSQL)...
[2026-01-24 14:03:06] [DEBUG]   ✨ NUEVO: Quote #116 (W0000000003)
[2026-01-24 14:03:06] [INFO] Quotes: 1 nuevos, 0 modificados
[2026-01-24 14:03:06] [INFO] 
[2026-01-24 14:03:06] [INFO] 📦 SINCRONIZANDO CATEGORIES...
[2026-01-24 14:03:06] [INFO] 
[2026-01-24 14:03:06] [INFO] 📦 SINCRONIZANDO PRODUCTS...
[2026-01-24 14:03:06] [INFO] 
[2026-01-24 14:03:06] [INFO] 👥 SINCRONIZANDO CUSTOMERS...
[2026-01-24 14:03:06] [INFO] Sincronizando quotes a PostgreSQL...
[2026-01-24 14:03:06] [DEBUG]   Procesando quote #116...
[2026-01-24 14:03:06] [DEBUG]   ℹ️ Usando station: 00
[2026-01-24 14:03:06] [DEBUG]   Quote #116 insertado con correlative=30217 (auto-generado)
[2026-01-24 14:03:06] [ERROR] Error procesando quote 116: not all arguments converted during string formatting
[2026-01-24 14:03:06] [SUCCESS] ✅ Quotes sincronizados a PostgreSQL: 0 nuevos
[2026-01-24 14:03:06] [INFO] 
[2026-01-24 14:03:06] [INFO] ╔════════════════════════════════════════════════════════════════╗
[2026-01-24 14:03:06] [INFO] ║                    RESUMEN DE SINCRONIZACIÓN                    ║
[2026-01-24 14:03:06] [INFO] ╚════════════════════════════════════════════════════════════════╝
[2026-01-24 14:03:06] [SUCCESS] Products:   0 nuevos, 0 modificados
[2026-01-24 14:03:06] [SUCCESS] Customers:  0 nuevos, 0 modificados
[2026-01-24 14:03:06] [SUCCESS] Categories: 0 nuevos, 0 modificados
[2026-01-24 14:03:06] [SUCCESS] Quotes:     0 nuevos (MySQL→PG), 0 estados actualizados
[2026-01-24 14:03:06] [INFO] Duración:   3.70 segundos
[2026-01-24 14:03:06] [INFO] 
[2026-01-24 14:03:06] [WARNING] ⚠️ SINCRONIZACIÓN COMPLETADA CON ERRORES
[2026-01-24 14:03:06] [INFO] === SINCRONIZACIÓN COMPLETADA ===
[2026-01-24 14:05:50] [INFO] Conectado a PostgreSQL
[2026-01-24 14:05:51] [INFO] Conectado a MySQL
[2026-01-24 14:05:51] [INFO] === INICIANDO SINCRONIZACIÓN ===
[2026-01-24 14:05:51] [WARNING] Sistema de notificaciones no disponible (pip install win10toast)
[2026-01-24 14:05:51] [INFO] Verificando/creando tabla sync_hashes...
[2026-01-24 14:05:51] [WARNING]   ⚠️ Error creando índice 'idx_sync_hashes_lookup': la relación «idx_sync_hashes_lookup» ya existe

[2026-01-24 14:05:51] [WARNING]   ⚠️ Error creando índice 'idx_sync_hashes_table': la relación «idx_sync_hashes_table» ya existe

[2026-01-24 14:05:51] [SUCCESS] ✅ Tabla sync_hashes lista
[2026-01-24 14:05:51] [INFO] 
[2026-01-24 14:05:51] [INFO] ╔════════════════════════════════════════════════════════════════╗
[2026-01-24 14:05:51] [INFO] ║          SINCRONIZACIÓN INTELIGENTE CON TABLA DE HASHES          ║
[2026-01-24 14:05:51] [INFO] ╚════════════════════════════════════════════════════════════════╝
[2026-01-24 14:05:51] [INFO] 
[2026-01-24 14:05:51] [SUCCESS] ✅ Conectado a PostgreSQL
[2026-01-24 14:05:52] [SUCCESS] ✅ Conectado a MySQL (pymysql)
[2026-01-24 14:05:52] [DEBUG]    Host: 91.238.160.176
[2026-01-24 14:05:52] [DEBUG]    Port: 3306
[2026-01-24 14:05:52] [DEBUG]    Database: chrystal_movil
[2026-01-24 14:05:52] [INFO] 🔍 Buscando empresa: RIF=J502741283, Email=multiserviciosleblanc@gmail.com
[2026-01-24 14:05:52] [DEBUG]   🔍 Verificando tabla 'acceso'...
[2026-01-24 14:05:52] [SUCCESS]   ✅ Empresa encontrada en tabla 'acceso'
[2026-01-24 14:05:52] [DEBUG]   🔍 Buscando en tabla 'companies'...
[2026-01-24 14:05:52] [SUCCESS] ✅ Empresa encontrada: Multiservicios Leblanc C.A. (ID: 27)
[2026-01-24 14:05:52] [INFO] Detectando cambios en products...
[2026-01-24 14:05:52] [INFO] Products: 0 nuevos, 0 modificados, 0 eliminados
[2026-01-24 14:05:52] [INFO] Detectando cambios en customers...
[2026-01-24 14:05:53] [INFO] Customers: 0 nuevos, 0 modificados, 0 eliminados
[2026-01-24 14:05:53] [INFO] Detectando cambios en categories...
[2026-01-24 14:05:53] [INFO] Categories: 0 nuevos, 0 modificados, 0 eliminados
[2026-01-24 14:05:53] [INFO] Detectando cambios en quotes (MySQL → PostgreSQL)...
[2026-01-24 14:05:53] [INFO] Quotes: 0 nuevos, 0 modificados
[2026-01-24 14:05:53] [SUCCESS] ✨ No hay cambios que sincronizar
[2026-01-24 14:05:53] [INFO] === SINCRONIZACIÓN COMPLETADA ===
[2026-01-24 14:06:01] [INFO] Conectado a PostgreSQL
[2026-01-24 14:06:02] [INFO] Conectado a MySQL
[2026-01-24 14:06:02] [INFO] === INICIANDO SINCRONIZACIÓN ===
[2026-01-24 14:06:02] [WARNING] Sistema de notificaciones no disponible (pip install win10toast)
[2026-01-24 14:06:02] [INFO] Verificando/creando tabla sync_hashes...
[2026-01-24 14:06:02] [WARNING]   ⚠️ Error creando índice 'idx_sync_hashes_lookup': la relación «idx_sync_hashes_lookup» ya existe

[2026-01-24 14:06:02] [WARNING]   ⚠️ Error creando índice 'idx_sync_hashes_table': la relación «idx_sync_hashes_table» ya existe

[2026-01-24 14:06:02] [SUCCESS] ✅ Tabla sync_hashes lista
[2026-01-24 14:06:02] [INFO] 
[2026-01-24 14:06:02] [INFO] ╔════════════════════════════════════════════════════════════════╗
[2026-01-24 14:06:02] [INFO] ║          SINCRONIZACIÓN INTELIGENTE CON TABLA DE HASHES          ║
[2026-01-24 14:06:02] [INFO] ╚════════════════════════════════════════════════════════════════╝
[2026-01-24 14:06:02] [INFO] 
[2026-01-24 14:06:02] [SUCCESS] ✅ Conectado a PostgreSQL
[2026-01-24 14:06:03] [SUCCESS] ✅ Conectado a MySQL (pymysql)
[2026-01-24 14:06:03] [DEBUG]    Host: 91.238.160.176
[2026-01-24 14:06:03] [DEBUG]    Port: 3306
[2026-01-24 14:06:03] [DEBUG]    Database: chrystal_movil
[2026-01-24 14:06:03] [INFO] 🔍 Buscando empresa: RIF=J502741283, Email=multiserviciosleblanc@gmail.com
[2026-01-24 14:06:03] [DEBUG]   🔍 Verificando tabla 'acceso'...
[2026-01-24 14:06:03] [SUCCESS]   ✅ Empresa encontrada en tabla 'acceso'
[2026-01-24 14:06:03] [DEBUG]   🔍 Buscando en tabla 'companies'...
[2026-01-24 14:06:03] [SUCCESS] ✅ Empresa encontrada: Multiservicios Leblanc C.A. (ID: 27)
[2026-01-24 14:06:03] [INFO] Detectando cambios en products...
[2026-01-24 14:06:04] [INFO] Products: 0 nuevos, 0 modificados, 0 eliminados
[2026-01-24 14:06:04] [INFO] Detectando cambios en customers...
[2026-01-24 14:06:05] [INFO] Customers: 0 nuevos, 0 modificados, 0 eliminados
[2026-01-24 14:06:05] [INFO] Detectando cambios en categories...
[2026-01-24 14:06:05] [INFO] Categories: 0 nuevos, 0 modificados, 0 eliminados
[2026-01-24 14:06:05] [INFO] Detectando cambios en quotes (MySQL → PostgreSQL)...
[2026-01-24 14:06:06] [DEBUG]   ✨ NUEVO: Quote #116 (W0000000003)
[2026-01-24 14:06:06] [INFO] Quotes: 1 nuevos, 0 modificados
[2026-01-24 14:06:06] [INFO] 
[2026-01-24 14:06:06] [INFO] 📦 SINCRONIZANDO CATEGORIES...
[2026-01-24 14:06:06] [INFO] 
[2026-01-24 14:06:06] [INFO] 📦 SINCRONIZANDO PRODUCTS...
[2026-01-24 14:06:06] [INFO] 
[2026-01-24 14:06:06] [INFO] 👥 SINCRONIZANDO CUSTOMERS...
[2026-01-24 14:06:06] [INFO] Sincronizando quotes a PostgreSQL...
[2026-01-24 14:06:06] [DEBUG]   Procesando quote #116...
[2026-01-24 14:06:06] [DEBUG]   ℹ️ Usando station: 00
[2026-01-24 14:06:06] [DEBUG]   Quote #116 insertado con correlative=30218 (auto-generado)
[2026-01-24 14:06:06] [ERROR] Error procesando quote 116: not all arguments converted during string formatting
[2026-01-24 14:06:06] [SUCCESS] ✅ Quotes sincronizados a PostgreSQL: 0 nuevos
[2026-01-24 14:06:06] [INFO] 
[2026-01-24 14:06:06] [INFO] ╔════════════════════════════════════════════════════════════════╗
[2026-01-24 14:06:06] [INFO] ║                    RESUMEN DE SINCRONIZACIÓN                    ║
[2026-01-24 14:06:06] [INFO] ╚════════════════════════════════════════════════════════════════╝
[2026-01-24 14:06:06] [SUCCESS] Products:   0 nuevos, 0 modificados
[2026-01-24 14:06:06] [SUCCESS] Customers:  0 nuevos, 0 modificados
[2026-01-24 14:06:06] [SUCCESS] Categories: 0 nuevos, 0 modificados
[2026-01-24 14:06:06] [SUCCESS] Quotes:     0 nuevos (MySQL→PG), 0 estados actualizados
[2026-01-24 14:06:06] [INFO] Duración:   4.01 segundos
[2026-01-24 14:06:06] [INFO] 
[2026-01-24 14:06:06] [WARNING] ⚠️ SINCRONIZACIÓN COMPLETADA CON ERRORES
[2026-01-24 14:06:06] [INFO] === SINCRONIZACIÓN COMPLETADA ===
[2026-01-24 14:06:25] [INFO] Conectado a PostgreSQL
[2026-01-24 14:06:26] [INFO] Conectado a MySQL
[2026-01-24 14:06:26] [INFO] === INICIANDO SINCRONIZACIÓN ===
[2026-01-24 14:06:26] [WARNING] Sistema de notificaciones no disponible (pip install win10toast)
[2026-01-24 14:06:26] [INFO] Verificando/creando tabla sync_hashes...
[2026-01-24 14:06:26] [WARNING]   ⚠️ Error creando índice 'idx_sync_hashes_lookup': la relación «idx_sync_hashes_lookup» ya existe

[2026-01-24 14:06:26] [WARNING]   ⚠️ Error creando índice 'idx_sync_hashes_table': la relación «idx_sync_hashes_table» ya existe

[2026-01-24 14:06:26] [SUCCESS] ✅ Tabla sync_hashes lista
[2026-01-24 14:06:26] [INFO] 
[2026-01-24 14:06:26] [INFO] ╔════════════════════════════════════════════════════════════════╗
[2026-01-24 14:06:26] [INFO] ║          SINCRONIZACIÓN INTELIGENTE CON TABLA DE HASHES          ║
[2026-01-24 14:06:26] [INFO] ╚════════════════════════════════════════════════════════════════╝
[2026-01-24 14:06:26] [INFO] 
[2026-01-24 14:06:26] [SUCCESS] ✅ Conectado a PostgreSQL
[2026-01-24 14:06:26] [SUCCESS] ✅ Conectado a MySQL (pymysql)
[2026-01-24 14:06:26] [DEBUG]    Host: 91.238.160.176
[2026-01-24 14:06:26] [DEBUG]    Port: 3306
[2026-01-24 14:06:26] [DEBUG]    Database: chrystal_movil
[2026-01-24 14:06:26] [INFO] 🔍 Buscando empresa: RIF=J502741283, Email=multiserviciosleblanc@gmail.com
[2026-01-24 14:06:26] [DEBUG]   🔍 Verificando tabla 'acceso'...
[2026-01-24 14:06:26] [SUCCESS]   ✅ Empresa encontrada en tabla 'acceso'
[2026-01-24 14:06:26] [DEBUG]   🔍 Buscando en tabla 'companies'...
[2026-01-24 14:06:27] [SUCCESS] ✅ Empresa encontrada: Multiservicios Leblanc C.A. (ID: 27)
[2026-01-24 14:06:27] [INFO] Detectando cambios en products...
[2026-01-24 14:06:27] [INFO] Products: 0 nuevos, 0 modificados, 0 eliminados
[2026-01-24 14:06:27] [INFO] Detectando cambios en customers...
[2026-01-24 14:06:28] [INFO] Customers: 0 nuevos, 0 modificados, 0 eliminados
[2026-01-24 14:06:28] [INFO] Detectando cambios en categories...
[2026-01-24 14:06:28] [INFO] Categories: 0 nuevos, 0 modificados, 0 eliminados
[2026-01-24 14:06:28] [INFO] Detectando cambios en quotes (MySQL → PostgreSQL)...
[2026-01-24 14:06:28] [DEBUG]   ✨ NUEVO: Quote #116 (W0000000003)
[2026-01-24 14:06:28] [INFO] Quotes: 1 nuevos, 0 modificados
[2026-01-24 14:06:28] [INFO] 
[2026-01-24 14:06:28] [INFO] 📦 SINCRONIZANDO CATEGORIES...
[2026-01-24 14:06:28] [INFO] 
[2026-01-24 14:06:28] [INFO] 📦 SINCRONIZANDO PRODUCTS...
[2026-01-24 14:06:28] [INFO] 
[2026-01-24 14:06:28] [INFO] 👥 SINCRONIZANDO CUSTOMERS...
[2026-01-24 14:06:28] [INFO] Sincronizando quotes a PostgreSQL...
[2026-01-24 14:06:28] [DEBUG]   Procesando quote #116...
[2026-01-24 14:06:28] [DEBUG]   ℹ️ Usando station: 00
[2026-01-24 14:06:28] [DEBUG]   Quote #116 insertado con correlative=30219 (auto-generado)
[2026-01-24 14:06:29] [DEBUG]   🔍 DEBUG: Ejecutando INSERT detail con 28 parámetros
[2026-01-24 14:06:29] [DEBUG]   🔍 DEBUG: description_product='9AM DIVE UNISEX'
[2026-01-24 14:06:29] [DEBUG]   🔍 DEBUG: product_code='6290171072836'
[2026-01-24 14:06:29] [ERROR] Error procesando quote 116: not all arguments converted during string formatting
[2026-01-24 14:06:29] [SUCCESS] ✅ Quotes sincronizados a PostgreSQL: 0 nuevos
[2026-01-24 14:06:29] [INFO] 
[2026-01-24 14:06:29] [INFO] ╔════════════════════════════════════════════════════════════════╗
[2026-01-24 14:06:29] [INFO] ║                    RESUMEN DE SINCRONIZACIÓN                    ║
[2026-01-24 14:06:29] [INFO] ╚════════════════════════════════════════════════════════════════╝
[2026-01-24 14:06:29] [SUCCESS] Products:   0 nuevos, 0 modificados
[2026-01-24 14:06:29] [SUCCESS] Customers:  0 nuevos, 0 modificados
[2026-01-24 14:06:29] [SUCCESS] Categories: 0 nuevos, 0 modificados
[2026-01-24 14:06:29] [SUCCESS] Quotes:     0 nuevos (MySQL→PG), 0 estados actualizados
[2026-01-24 14:06:29] [INFO] Duración:   2.97 segundos
[2026-01-24 14:06:29] [INFO] 
[2026-01-24 14:06:29] [WARNING] ⚠️ SINCRONIZACIÓN COMPLETADA CON ERRORES
[2026-01-24 14:06:29] [INFO] === SINCRONIZACIÓN COMPLETADA ===
[2026-01-24 14:07:24] [INFO] Conectado a PostgreSQL
[2026-01-24 14:07:25] [INFO] Conectado a MySQL
[2026-01-24 14:07:25] [INFO] === INICIANDO SINCRONIZACIÓN ===
[2026-01-24 14:07:25] [WARNING] Sistema de notificaciones no disponible (pip install win10toast)
[2026-01-24 14:07:25] [INFO] Verificando/creando tabla sync_hashes...
[2026-01-24 14:07:25] [WARNING]   ⚠️ Error creando índice 'idx_sync_hashes_lookup': la relación «idx_sync_hashes_lookup» ya existe

[2026-01-24 14:07:25] [WARNING]   ⚠️ Error creando índice 'idx_sync_hashes_table': la relación «idx_sync_hashes_table» ya existe

[2026-01-24 14:07:25] [SUCCESS] ✅ Tabla sync_hashes lista
[2026-01-24 14:07:25] [INFO] 
[2026-01-24 14:07:25] [INFO] ╔════════════════════════════════════════════════════════════════╗
[2026-01-24 14:07:25] [INFO] ║          SINCRONIZACIÓN INTELIGENTE CON TABLA DE HASHES          ║
[2026-01-24 14:07:25] [INFO] ╚════════════════════════════════════════════════════════════════╝
[2026-01-24 14:07:25] [INFO] 
[2026-01-24 14:07:25] [SUCCESS] ✅ Conectado a PostgreSQL
[2026-01-24 14:07:25] [SUCCESS] ✅ Conectado a MySQL (pymysql)
[2026-01-24 14:07:25] [DEBUG]    Host: 91.238.160.176
[2026-01-24 14:07:25] [DEBUG]    Port: 3306
[2026-01-24 14:07:25] [DEBUG]    Database: chrystal_movil
[2026-01-24 14:07:25] [INFO] 🔍 Buscando empresa: RIF=J502741283, Email=multiserviciosleblanc@gmail.com
[2026-01-24 14:07:25] [DEBUG]   🔍 Verificando tabla 'acceso'...
[2026-01-24 14:07:26] [SUCCESS]   ✅ Empresa encontrada en tabla 'acceso'
[2026-01-24 14:07:26] [DEBUG]   🔍 Buscando en tabla 'companies'...
[2026-01-24 14:07:26] [SUCCESS] ✅ Empresa encontrada: Multiservicios Leblanc C.A. (ID: 27)
[2026-01-24 14:07:26] [INFO] Detectando cambios en products...
[2026-01-24 14:07:26] [INFO] Products: 0 nuevos, 0 modificados, 0 eliminados
[2026-01-24 14:07:26] [INFO] Detectando cambios en customers...
[2026-01-24 14:07:27] [INFO] Customers: 0 nuevos, 0 modificados, 0 eliminados
[2026-01-24 14:07:27] [INFO] Detectando cambios en categories...
[2026-01-24 14:07:27] [INFO] Categories: 0 nuevos, 0 modificados, 0 eliminados
[2026-01-24 14:07:27] [INFO] Detectando cambios en quotes (MySQL → PostgreSQL)...
[2026-01-24 14:07:27] [DEBUG]   ✨ NUEVO: Quote #116 (W0000000003)
[2026-01-24 14:07:27] [INFO] Quotes: 1 nuevos, 0 modificados
[2026-01-24 14:07:27] [INFO] 
[2026-01-24 14:07:27] [INFO] 📦 SINCRONIZANDO CATEGORIES...
[2026-01-24 14:07:27] [INFO] 
[2026-01-24 14:07:27] [INFO] 📦 SINCRONIZANDO PRODUCTS...
[2026-01-24 14:07:27] [INFO] 
[2026-01-24 14:07:27] [INFO] 👥 SINCRONIZANDO CUSTOMERS...
[2026-01-24 14:07:27] [INFO] Sincronizando quotes a PostgreSQL...
[2026-01-24 14:07:27] [DEBUG]   Procesando quote #116...
[2026-01-24 14:07:27] [DEBUG]   ℹ️ Usando station: 00
[2026-01-24 14:07:27] [DEBUG]   Quote #116 insertado con correlative=30220 (auto-generado)
[2026-01-24 14:07:27] [DEBUG]   🔍 DEBUG: Ejecutando INSERT detail con 28 parámetros
[2026-01-24 14:07:27] [DEBUG]   🔍 DEBUG: description_product='9AM DIVE UNISEX'
[2026-01-24 14:07:27] [DEBUG]   🔍 DEBUG: product_code='6290171072836'
[2026-01-24 14:07:27] [ERROR] Error procesando quote 116: inserción o actualización en la tabla «sales_operation_details» viola la llave foránea «sales_operation_details_unit_fkey»
DETAIL:  La llave (unit)=(1) no está presente en la tabla «products_units».

[2026-01-24 14:07:27] [SUCCESS] ✅ Quotes sincronizados a PostgreSQL: 0 nuevos
[2026-01-24 14:07:27] [INFO] 
[2026-01-24 14:07:27] [INFO] ╔════════════════════════════════════════════════════════════════╗
[2026-01-24 14:07:27] [INFO] ║                    RESUMEN DE SINCRONIZACIÓN                    ║
[2026-01-24 14:07:27] [INFO] ╚════════════════════════════════════════════════════════════════╝
[2026-01-24 14:07:27] [SUCCESS] Products:   0 nuevos, 0 modificados
[2026-01-24 14:07:27] [SUCCESS] Customers:  0 nuevos, 0 modificados
[2026-01-24 14:07:27] [SUCCESS] Categories: 0 nuevos, 0 modificados
[2026-01-24 14:07:27] [SUCCESS] Quotes:     0 nuevos (MySQL→PG), 0 estados actualizados
[2026-01-24 14:07:27] [INFO] Duración:   2.63 segundos
[2026-01-24 14:07:27] [INFO] 
[2026-01-24 14:07:27] [WARNING] ⚠️ SINCRONIZACIÓN COMPLETADA CON ERRORES
[2026-01-24 14:07:27] [INFO] === SINCRONIZACIÓN COMPLETADA ===
[2026-01-24 14:08:54] [INFO] Conectado a PostgreSQL
[2026-01-24 14:08:54] [INFO] Conectado a MySQL
[2026-01-24 14:08:54] [INFO] === INICIANDO SINCRONIZACIÓN ===
[2026-01-24 14:08:54] [WARNING] Sistema de notificaciones no disponible (pip install win10toast)
[2026-01-24 14:08:54] [INFO] Verificando/creando tabla sync_hashes...
[2026-01-24 14:08:54] [WARNING]   ⚠️ Error creando índice 'idx_sync_hashes_lookup': la relación «idx_sync_hashes_lookup» ya existe

[2026-01-24 14:08:54] [WARNING]   ⚠️ Error creando índice 'idx_sync_hashes_table': la relación «idx_sync_hashes_table» ya existe

[2026-01-24 14:08:54] [SUCCESS] ✅ Tabla sync_hashes lista
[2026-01-24 14:08:54] [INFO] 
[2026-01-24 14:08:54] [INFO] ╔════════════════════════════════════════════════════════════════╗
[2026-01-24 14:08:54] [INFO] ║          SINCRONIZACIÓN INTELIGENTE CON TABLA DE HASHES          ║
[2026-01-24 14:08:54] [INFO] ╚════════════════════════════════════════════════════════════════╝
[2026-01-24 14:08:54] [INFO] 
[2026-01-24 14:08:54] [SUCCESS] ✅ Conectado a PostgreSQL
[2026-01-24 14:08:55] [SUCCESS] ✅ Conectado a MySQL (pymysql)
[2026-01-24 14:08:55] [DEBUG]    Host: 91.238.160.176
[2026-01-24 14:08:55] [DEBUG]    Port: 3306
[2026-01-24 14:08:55] [DEBUG]    Database: chrystal_movil
[2026-01-24 14:08:55] [INFO] 🔍 Buscando empresa: RIF=J502741283, Email=multiserviciosleblanc@gmail.com
[2026-01-24 14:08:55] [DEBUG]   🔍 Verificando tabla 'acceso'...
[2026-01-24 14:08:55] [SUCCESS]   ✅ Empresa encontrada en tabla 'acceso'
[2026-01-24 14:08:55] [DEBUG]   🔍 Buscando en tabla 'companies'...
[2026-01-24 14:08:55] [SUCCESS] ✅ Empresa encontrada: Multiservicios Leblanc C.A. (ID: 27)
[2026-01-24 14:08:55] [INFO] Detectando cambios en products...
[2026-01-24 14:08:56] [INFO] Products: 0 nuevos, 0 modificados, 0 eliminados
[2026-01-24 14:08:56] [INFO] Detectando cambios en customers...
[2026-01-24 14:08:57] [INFO] Customers: 0 nuevos, 0 modificados, 0 eliminados
[2026-01-24 14:08:57] [INFO] Detectando cambios en categories...
[2026-01-24 14:08:57] [INFO] Categories: 0 nuevos, 0 modificados, 0 eliminados
[2026-01-24 14:08:57] [INFO] Detectando cambios en quotes (MySQL → PostgreSQL)...
[2026-01-24 14:08:57] [DEBUG]   ✨ NUEVO: Quote #116 (W0000000003)
[2026-01-24 14:08:57] [INFO] Quotes: 1 nuevos, 0 modificados
[2026-01-24 14:08:57] [INFO] 
[2026-01-24 14:08:57] [INFO] 📦 SINCRONIZANDO CATEGORIES...
[2026-01-24 14:08:57] [INFO] 
[2026-01-24 14:08:57] [INFO] 📦 SINCRONIZANDO PRODUCTS...
[2026-01-24 14:08:57] [INFO] 
[2026-01-24 14:08:57] [INFO] 👥 SINCRONIZANDO CUSTOMERS...
[2026-01-24 14:08:57] [INFO] Sincronizando quotes a PostgreSQL...
[2026-01-24 14:08:57] [DEBUG]   Procesando quote #116...
[2026-01-24 14:08:57] [DEBUG]   ℹ️ Usando station: 00
[2026-01-24 14:08:57] [DEBUG]   Quote #116 insertado con correlative=30221 (auto-generado)
[2026-01-24 14:08:57] [DEBUG]   🔍 DEBUG: Ejecutando INSERT detail con 28 parámetros
[2026-01-24 14:08:57] [DEBUG]   🔍 DEBUG: description_product='9AM DIVE UNISEX'
[2026-01-24 14:08:57] [DEBUG]   🔍 DEBUG: product_code='6290171072836'
[2026-01-24 14:08:57] [DEBUG]   🔍 DEBUG: product_unit=1024
[2026-01-24 14:08:57] [SUCCESS] ✅ Quotes sincronizados a PostgreSQL: 1 nuevos
[2026-01-24 14:08:57] [INFO] 
[2026-01-24 14:08:57] [INFO] ╔════════════════════════════════════════════════════════════════╗
[2026-01-24 14:08:57] [INFO] ║                    RESUMEN DE SINCRONIZACIÓN                    ║
[2026-01-24 14:08:57] [INFO] ╚════════════════════════════════════════════════════════════════╝
[2026-01-24 14:08:57] [SUCCESS] Products:   0 nuevos, 0 modificados
[2026-01-24 14:08:57] [SUCCESS] Customers:  0 nuevos, 0 modificados
[2026-01-24 14:08:57] [SUCCESS] Categories: 0 nuevos, 0 modificados
[2026-01-24 14:08:57] [SUCCESS] Quotes:     1 nuevos (MySQL→PG), 0 estados actualizados
[2026-01-24 14:08:57] [INFO] Duración:   2.66 segundos
[2026-01-24 14:08:57] [INFO] 
[2026-01-24 14:08:57] [SUCCESS] ✅ SINCRONIZACIÓN COMPLETADA CON ÉXITO
[2026-01-24 14:08:57] [INFO] === SINCRONIZACIÓN COMPLETADA ===
[2026-02-02 17:22:31] [WARNING] ⚠️ winreg no disponible (solo Windows)
[2026-02-02 17:22:31] [INFO] ======================================================================
[2026-02-02 17:22:31] [INFO] INICIANDO SYSTEM TRAY SERVICE
[2026-02-02 17:22:31] [INFO] ======================================================================
[2026-02-02 17:22:31] [INFO] RIF: J316277860
[2026-02-02 17:22:31] [INFO] Email: multiserviciosleblanc@gmail.com
[2026-02-02 17:22:31] [INFO] Intervalo: 30 minutos
[2026-02-02 17:22:31] [INFO] 
[2026-02-02 17:22:31] [ERROR] ERROR: pystray no está instalado
[2026-02-02 17:22:31] [ERROR] Ejecute: pip install pystray Pillow
[2026-02-02 17:22:31] [INFO] 
[2026-02-02 17:22:31] [INFO] Instalación:
[2026-02-02 17:22:31] [INFO]   pip install pystray Pillow
[2026-02-03 11:09:56] [INFO] Conectado a PostgreSQL
[2026-02-03 11:09:56] [INFO] Conectado a MySQL
[2026-02-03 11:10:09] [INFO] Conectado a PostgreSQL
[2026-02-03 11:10:09] [INFO] Conectado a MySQL
[2026-02-03 11:10:20] [INFO] === INICIANDO SINCRONIZACIÓN ===
[2026-02-03 11:10:20] [WARNING] Sistema de notificaciones no disponible (pip install win10toast)
[2026-02-03 11:10:20] [INFO] Verificando/creando tabla sync_hashes...
[2026-02-03 11:10:20] [WARNING]   ⚠️ Error creando índice 'idx_sync_hashes_lookup': la relación «idx_sync_hashes_lookup» ya existe

[2026-02-03 11:10:20] [WARNING]   ⚠️ Error creando índice 'idx_sync_hashes_table': la relación «idx_sync_hashes_table» ya existe

[2026-02-03 11:10:20] [SUCCESS] ✅ Tabla sync_hashes lista
[2026-02-03 11:10:20] [INFO] 
[2026-02-03 11:10:20] [INFO] ╔════════════════════════════════════════════════════════════════╗
[2026-02-03 11:10:20] [INFO] ║          SINCRONIZACIÓN INTELIGENTE CON TABLA DE HASHES          ║
[2026-02-03 11:10:20] [INFO] ╚════════════════════════════════════════════════════════════════╝
[2026-02-03 11:10:20] [INFO] 
[2026-02-03 11:10:20] [SUCCESS] ✅ Conectado a PostgreSQL
[2026-02-03 11:10:21] [SUCCESS] ✅ Conectado a MySQL (pymysql)
[2026-02-03 11:10:21] [DEBUG]    Host: 91.238.160.176
[2026-02-03 11:10:21] [DEBUG]    Port: 3306
[2026-02-03 11:10:21] [DEBUG]    Database: chrystal_movil
[2026-02-03 11:10:21] [INFO] 🔍 Buscando empresa: RIF=J316277860, Email=multiserviciosleblanc@gmail.com
[2026-02-03 11:10:21] [DEBUG]   🔍 Verificando tabla 'acceso'...
[2026-02-03 11:10:21] [SUCCESS]   ✅ Empresa encontrada en tabla 'acceso'
[2026-02-03 11:10:21] [DEBUG]   🔍 Buscando en tabla 'companies'...
[2026-02-03 11:10:21] [SUCCESS] ✅ Empresa encontrada: Empresa Test (ID: 44)
[2026-02-03 11:10:21] [INFO] Detectando cambios en products...
[2026-02-03 11:10:21] [DEBUG]   🔄 MODIFICADO: 01009
[2026-02-03 11:10:21] [DEBUG]   🔄 MODIFICADO: 062
[2026-02-03 11:10:21] [DEBUG]   🔄 MODIFICADO: 063
[2026-02-03 11:10:21] [DEBUG]   🔄 MODIFICADO: 0638126959492
[2026-02-03 11:10:21] [DEBUG]   🔄 MODIFICADO: 112
[2026-02-03 11:10:21] [DEBUG]   🔄 MODIFICADO: 116
[2026-02-03 11:10:21] [DEBUG]   🔄 MODIFICADO: 117
[2026-02-03 11:10:21] [DEBUG]   🔄 MODIFICADO: 118
[2026-02-03 11:10:21] [DEBUG]   🔄 MODIFICADO: 123
[2026-02-03 11:10:21] [DEBUG]   🔄 MODIFICADO: 16326002
[2026-02-03 11:10:21] [DEBUG]   🔄 MODIFICADO: 37192.61
[2026-02-03 11:10:21] [DEBUG]   🔄 MODIFICADO: 4891199089183
[2026-02-03 11:10:21] [DEBUG]   🔄 MODIFICADO: 5204296823823
[2026-02-03 11:10:21] [DEBUG]   🔄 MODIFICADO: 5565148310152
[2026-02-03 11:10:21] [DEBUG]   🔄 MODIFICADO: 6820200931010
[2026-02-03 11:10:21] [DEBUG]   🔄 MODIFICADO: 6856475436325
[2026-02-03 11:10:21] [DEBUG]   🔄 MODIFICADO: 69101P
[2026-02-03 11:10:21] [DEBUG]   🔄 MODIFICADO: 6941059606628
[2026-02-03 11:10:21] [DEBUG]   🔄 MODIFICADO: 6968498495910
[2026-02-03 11:10:21] [DEBUG]   🔄 MODIFICADO: 6971083491051
[2026-02-03 11:10:21] [DEBUG]   🔄 MODIFICADO: 723813LA
[2026-02-03 11:10:21] [DEBUG]   🔄 MODIFICADO: 728662221792
[2026-02-03 11:10:21] [DEBUG]   🔄 MODIFICADO: 736211543981
[2026-02-03 11:10:21] [DEBUG]   🔄 MODIFICADO: 7453015120998
[2026-02-03 11:10:21] [DEBUG]   🔄 MODIFICADO: 7453038413404
[2026-02-03 11:10:21] [DEBUG]   🔄 MODIFICADO: 7508718000204
[2026-02-03 11:10:21] [DEBUG]   🔄 MODIFICADO: 7590033008102
[2026-02-03 11:10:21] [DEBUG]   🔄 MODIFICADO: 7703486037975
[2026-02-03 11:10:21] [DEBUG]   🔄 MODIFICADO: 7750082002654
[2026-02-03 11:10:21] [DEBUG]   🔄 MODIFICADO: 7750082055537
[2026-02-03 11:10:21] [DEBUG]   🔄 MODIFICADO: 7862111456212
[2026-02-03 11:10:21] [DEBUG]   🔄 MODIFICADO: 802.IIN
[2026-02-03 11:10:21] [DEBUG]   🔄 MODIFICADO: 8559871269815
[2026-02-03 11:10:21] [DEBUG]   🔄 MODIFICADO: 9023800385208
[2026-02-03 11:10:21] [DEBUG]   🔄 MODIFICADO: 9023800395313
[2026-02-03 11:10:21] [DEBUG]   🔄 MODIFICADO: 9023800396211
[2026-02-03 11:10:21] [DEBUG]   🔄 MODIFICADO: 9023800691019
[2026-02-03 11:10:21] [DEBUG]   🔄 MODIFICADO: 9023800933249
[2026-02-03 11:10:21] [DEBUG]   🔄 MODIFICADO: 9322452
[2026-02-03 11:10:21] [DEBUG]   🔄 MODIFICADO: 9332001
[2026-02-03 11:10:21] [DEBUG]   🔄 MODIFICADO: 9556089243520
[2026-02-03 11:10:21] [DEBUG]   🔄 MODIFICADO: 989898858026
[2026-02-03 11:10:21] [DEBUG]   🔄 MODIFICADO: A-10
[2026-02-03 11:10:21] [DEBUG]   🔄 MODIFICADO: AG-ARTSC
[2026-02-03 11:10:21] [DEBUG]   🔄 MODIFICADO: ALMO-DACT-RED
[2026-02-03 11:10:21] [DEBUG]   🔄 MODIFICADO: ALMO-SELLOS-AZUL
[2026-02-03 11:10:21] [DEBUG]   🔄 MODIFICADO: ARC-CART-AKTA
[2026-02-03 11:10:21] [DEBUG]   🔄 MODIFICADO: ARCH-
[2026-02-03 11:10:21] [DEBUG]   🔄 MODIFICADO: AR-CLP-AYS
[2026-02-03 11:10:21] [DEBUG]   🔄 MODIFICADO: AR-CLP-SA
[2026-02-03 11:10:21] [DEBUG]   🔄 MODIFICADO: ARC-OFIC-AKTA
[2026-02-03 11:10:21] [DEBUG]   🔄 MODIFICADO: ARCOIRIS MICRO
[2026-02-03 11:10:21] [DEBUG]   🔄 MODIFICADO: AUDIFONOS-PS4
[2026-02-03 11:10:21] [DEBUG]   🔄 MODIFICADO: AU-JB60
[2026-02-03 11:10:21] [DEBUG]   🔄 MODIFICADO: AU-PTP
[2026-02-03 11:10:21] [DEBUG]   🔄 MODIFICADO: BARRA DE SILICON GRUESA
[2026-02-03 11:10:21] [DEBUG]   🔄 MODIFICADO: BASE BODY
[2026-02-03 11:10:21] [DEBUG]   🔄 MODIFICADO: BLOCK
[2026-02-03 11:10:21] [DEBUG]   🔄 MODIFICADO: BOLIGR-
[2026-02-03 11:10:21] [DEBUG]   🔄 MODIFICADO: BOLIGRAFO TAPA NEGRA
[2026-02-03 11:10:21] [DEBUG]   🔄 MODIFICADO: BOLIGRAFO-AZUL
[2026-02-03 11:10:21] [DEBUG]   🔄 MODIFICADO: BOLIGR-K1NEGRO
[2026-02-03 11:10:21] [DEBUG]   🔄 MODIFICADO: BOLKORTRAN
[2026-02-03 11:10:21] [DEBUG]   🔄 MODIFICADO: BORRA BLANCO GRANDE
[2026-02-03 11:10:21] [DEBUG]   🔄 MODIFICADO: BRILLO
[2026-02-03 11:10:21] [DEBUG]   🔄 MODIFICADO: BT450
[2026-02-03 11:10:21] [DEBUG]   🔄 MODIFICADO: CABLE ESPIRAL MICRO 3A
[2026-02-03 11:10:21] [DEBUG]   🔄 MODIFICADO: CABLE- SAMSUNG
[2026-02-03 11:10:21] [DEBUG]   🔄 MODIFICADO: CAR F4
[2026-02-03 11:10:21] [DEBUG]   🔄 MODIFICADO: CAR F6
[2026-02-03 11:10:21] [DEBUG]   🔄 MODIFICADO: CARG-CARRO7A
[2026-02-03 11:10:21] [DEBUG]   🔄 MODIFICADO: CARPETA MANILA CARTA 18 1/2 X11
[2026-02-03 11:10:21] [DEBUG]   🔄 MODIFICADO: CARPETA PRESENTACION CARTA
[2026-02-03 11:10:21] [DEBUG]   🔄 MODIFICADO: CARP-MANILA-OFICIO
[2026-02-03 11:10:21] [DEBUG]   🔄 MODIFICADO: CARTULINA
[2026-02-03 11:10:21] [DEBUG]   🔄 MODIFICADO: CARTULINA ESCARCHADA ROJO
[2026-02-03 11:10:21] [DEBUG]   🔄 MODIFICADO: CARTULINA ESCARCHADO AZUL REY
[2026-02-03 11:10:21] [DEBUG]   🔄 MODIFICADO: CHIP-SAMSUNG 205I
[2026-02-03 11:10:21] [DEBUG]   🔄 MODIFICADO: CINTA
[2026-02-03 11:10:21] [DEBUG]   🔄 MODIFICADO: CINTA ADHESIVA CELOVEN 24MM X 50M
[2026-02-03 11:10:21] [DEBUG]   🔄 MODIFICADO: CINTA2
[2026-02-03 11:10:21] [DEBUG]   🔄 MODIFICADO: CINTA3
[2026-02-03 11:10:21] [DEBUG]   🔄 MODIFICADO: CINTA-ADHESIVA
[2026-02-03 11:10:21] [DEBUG]   🔄 MODIFICADO: CLIPS-MARIPOSA
[2026-02-03 11:10:21] [DEBUG]   🔄 MODIFICADO: COLA-BLANCA
[2026-02-03 11:10:21] [DEBUG]   🔄 MODIFICADO: CORNETA-01
[2026-02-03 11:10:21] [DEBUG]   🔄 MODIFICADO: CORREC-
[2026-02-03 11:10:21] [DEBUG]   🔄 MODIFICADO: CORRECT-
[2026-02-03 11:10:21] [DEBUG]   🔄 MODIFICADO: CORRECTOR-00
[2026-02-03 11:10:21] [DEBUG]   🔄 MODIFICADO: CRAYONES
[2026-02-03 11:10:21] [DEBUG]   🔄 MODIFICADO: CX-40
[2026-02-03 11:10:21] [DEBUG]   🔄 MODIFICADO: D-01
[2026-02-03 11:10:21] [DEBUG]   🔄 MODIFICADO: D-16
[2026-02-03 11:10:21] [DEBUG]   🔄 MODIFICADO: DELINEADOR
[2026-02-03 11:10:21] [DEBUG]   🔄 MODIFICADO: DISP-016
[2026-02-03 11:10:21] [DEBUG]   🔄 MODIFICADO: FORM. CONT. S/P
[2026-02-03 11:10:21] [DEBUG]   🔄 MODIFICADO: FT-PODER600W
[2026-02-03 11:10:21] [DEBUG]   🔄 MODIFICADO: H-CARTAS
[2026-02-03 11:10:21] [DEBUG]   🔄 MODIFICADO: HN-A16
[2026-02-03 11:10:21] [DEBUG]   🔄 MODIFICADO: H-OFICIO
[2026-02-03 11:10:21] [DEBUG]   🔄 MODIFICADO: HOJA-EXAMEN
[2026-02-03 11:10:21] [DEBUG]   🔄 MODIFICADO: HOJAEXAMEN
[2026-02-03 11:10:21] [DEBUG]   🔄 MODIFICADO: HT-556LED
[2026-02-03 11:10:21] [DEBUG]   🔄 MODIFICADO: INT1
[2026-02-03 11:10:21] [DEBUG]   🔄 MODIFICADO: INT15
[2026-02-03 11:10:21] [DEBUG]   🔄 MODIFICADO: INT30
[2026-02-03 11:10:21] [DEBUG]   🔄 MODIFICADO: JBL WS-L13
[2026-02-03 11:10:21] [DEBUG]   🔄 MODIFICADO: JBL-J01
[2026-02-03 11:10:21] [DEBUG]   🔄 MODIFICADO: JBL-W1
[2026-02-03 11:10:21] [DEBUG]   🔄 MODIFICADO: JBL-W3
[2026-02-03 11:10:21] [DEBUG]   🔄 MODIFICADO: JBL-W6
[2026-02-03 11:10:21] [DEBUG]   🔄 MODIFICADO: K1-M
[2026-02-03 11:10:21] [DEBUG]   🔄 MODIFICADO: K5-F
[2026-02-03 11:10:21] [DEBUG]   🔄 MODIFICADO: LAPTOP
[2026-02-03 11:10:21] [DEBUG]   🔄 MODIFICADO: LAPTOPS-I5
[2026-02-03 11:10:21] [DEBUG]   🔄 MODIFICADO: LDO-B08 TIPO C
[2026-02-03 11:10:21] [DEBUG]   🔄 MODIFICADO: LDO-C600
[2026-02-03 11:10:21] [DEBUG]   🔄 MODIFICADO: LDO-CX150 TIPO C
[2026-02-03 11:10:21] [DEBUG]   🔄 MODIFICADO: LDO-G30 TIPO C
[2026-02-03 11:10:21] [DEBUG]   🔄 MODIFICADO: LDO-S600 TIPO C
[2026-02-03 11:10:21] [DEBUG]   🔄 MODIFICADO: LED MINI PARTY
[2026-02-03 11:10:21] [DEBUG]   🔄 MODIFICADO: LED-UFO-LAMP
[2026-02-03 11:10:21] [DEBUG]   🔄 MODIFICADO: LICUADORA
[2026-02-03 11:10:21] [DEBUG]   🔄 MODIFICADO: L-PLASTIFICADO
[2026-02-03 11:10:21] [DEBUG]   🔄 MODIFICADO: LPZ-MONGOL
[2026-02-03 11:10:21] [DEBUG]   🔄 MODIFICADO: LT-TZ-22
[2026-02-03 11:10:21] [DEBUG]   🔄 MODIFICADO: MARC-OK91
[2026-02-03 11:10:21] [DEBUG]   🔄 MODIFICADO: MARC-OK92
[2026-02-03 11:10:21] [DEBUG]   🔄 MODIFICADO: MARC-OK93L
[2026-02-03 11:10:21] [DEBUG]   🔄 MODIFICADO: MDR-AQ68
[2026-02-03 11:10:21] [DEBUG]   🔄 MODIFICADO: MERREL USA
[2026-02-03 11:10:21] [DEBUG]   🔄 MODIFICADO: MONITOR
[2026-02-03 11:10:21] [DEBUG]   🔄 MODIFICADO: NANFU AA
[2026-02-03 11:10:21] [DEBUG]   🔄 MODIFICADO: NIMH-AAA-HR03
[2026-02-03 11:10:21] [DEBUG]   🔄 MODIFICADO: NIMH-AA-HR6
[2026-02-03 11:10:21] [DEBUG]   🔄 MODIFICADO: NOT-AUTOOK149B
[2026-02-03 11:10:21] [DEBUG]   🔄 MODIFICADO: OF-024
[2026-02-03 11:10:21] [DEBUG]   🔄 MODIFICADO: OK86
[2026-02-03 11:10:21] [DEBUG]   🔄 MODIFICADO: OK88
[2026-02-03 11:10:21] [DEBUG]   🔄 MODIFICADO: OK89
[2026-02-03 11:10:21] [DEBUG]   🔄 MODIFICADO: OPALINA BLANCA TAMAÑO CARTA
[2026-02-03 11:10:21] [DEBUG]   🔄 MODIFICADO: OPRINTA
[2026-02-03 11:10:21] [DEBUG]   🔄 MODIFICADO: P-001
[2026-02-03 11:10:21] [DEBUG]   🔄 MODIFICADO: PANEL-00
[2026-02-03 11:10:21] [DEBUG]   🔄 MODIFICADO: PAPEL-BOND
[2026-02-03 11:10:21] [DEBUG]   🔄 MODIFICADO: PAPER MATE
[2026-02-03 11:10:21] [DEBUG]   🔄 MODIFICADO: PAPERMATE
[2026-02-03 11:10:21] [DEBUG]   🔄 MODIFICADO: PASTILLAS-AUTOS
[2026-02-03 11:10:21] [DEBUG]   🔄 MODIFICADO: PEGA EN BARRAS
[2026-02-03 11:10:21] [DEBUG]   🔄 MODIFICADO: PH
[2026-02-03 11:10:21] [DEBUG]   🔄 MODIFICADO: PH1
[2026-02-03 11:10:21] [DEBUG]   🔄 MODIFICADO: PHO
[2026-02-03 11:10:21] [DEBUG]   🔄 MODIFICADO: PINTURAS
[2026-02-03 11:10:21] [DEBUG]   🔄 MODIFICADO: PLASTICO CARTA
[2026-02-03 11:10:21] [DEBUG]   🔄 MODIFICADO: REF-LED-30W
[2026-02-03 11:10:21] [DEBUG]   🔄 MODIFICADO: REG-UPPOMI-2064U BLANCA
[2026-02-03 11:10:21] [DEBUG]   🔄 MODIFICADO: RESALT-
[2026-02-03 11:10:21] [DEBUG]   🔄 MODIFICADO: RESALTADOR
[2026-02-03 11:10:21] [DEBUG]   🔄 MODIFICADO: RESALTADOR VERDE OPRINTA
[2026-02-03 11:10:21] [DEBUG]   🔄 MODIFICADO: RESALTADOR-3D
[2026-02-03 11:10:21] [DEBUG]   🔄 MODIFICADO: RESALTADORES ICONO
[2026-02-03 11:10:21] [DEBUG]   🔄 MODIFICADO: RES-PAPEL-EXTRA-OFICIO
[2026-02-03 11:10:21] [DEBUG]   🔄 MODIFICADO: ROLLO-TERM-IMP-FISCAL
[2026-02-03 11:10:21] [DEBUG]   🔄 MODIFICADO: ROLLO-TERM-PT-8065
[2026-02-03 11:10:21] [DEBUG]   🔄 MODIFICADO: SACAP-METAL
[2026-02-03 11:10:21] [DEBUG]   🔄 MODIFICADO: SH-3103
[2026-02-03 11:10:21] [DEBUG]   🔄 MODIFICADO: SHOOT-MICRO
[2026-02-03 11:10:21] [DEBUG]   🔄 MODIFICADO: SOB-MANILA CARTA
[2026-02-03 11:10:21] [DEBUG]   🔄 MODIFICADO: SOB-MANILA-OFIC
[2026-02-03 11:10:21] [DEBUG]   🔄 MODIFICADO: ST-00370
[2026-02-03 11:10:21] [DEBUG]   🔄 MODIFICADO: ST-03509B-A
[2026-02-03 11:10:21] [DEBUG]   🔄 MODIFICADO: ST-P01
[2026-02-03 11:10:21] [DEBUG]   🔄 MODIFICADO: T5219252200
[2026-02-03 11:10:21] [DEBUG]   🔄 MODIFICADO: TEMP-COLORES
[2026-02-03 11:10:21] [DEBUG]   🔄 MODIFICADO: TIJ-8"-NEG
[2026-02-03 11:10:21] [DEBUG]   🔄 MODIFICADO: UNS-K107
[2026-02-03 11:10:21] [DEBUG]   🔄 MODIFICADO: USB-CABLE-MICRO
[2026-02-03 11:10:21] [DEBUG]   🔄 MODIFICADO: USB-LDO-W10-MICRO
[2026-02-03 11:10:21] [DEBUG]   🔄 MODIFICADO: USB-TC
[2026-02-03 11:10:21] [DEBUG]   🔄 MODIFICADO: X003FDNBWJ
[2026-02-03 11:10:21] [DEBUG]   🔄 MODIFICADO: XS025
[2026-02-03 11:10:22] [INFO] Products: 0 nuevos, 181 modificados, 0 eliminados
[2026-02-03 11:10:22] [INFO] Detectando cambios en customers...
[2026-02-03 11:10:22] [DEBUG]   ✨ NUEVO:  V147941338 
[2026-02-03 11:10:22] [DEBUG]   ✨ NUEVO:  V19123572
[2026-02-03 11:10:22] [DEBUG]   ✨ NUEVO:  V19599699
[2026-02-03 11:10:22] [DEBUG]   ✨ NUEVO:  V-21057371
[2026-02-03 11:10:22] [DEBUG]   ✨ NUEVO:  V21281251
[2026-02-03 11:10:22] [DEBUG]   ✨ NUEVO:  V32643984
[2026-02-03 11:10:22] [DEBUG]   ✨ NUEVO: 0.0
[2026-02-03 11:10:22] [DEBUG]   ✨ NUEVO: 00
[2026-02-03 11:10:22] [DEBUG]   ✨ NUEVO: 02
[2026-02-03 11:10:22] [DEBUG]   ✨ NUEVO: 10279810
[2026-02-03 11:10:22] [DEBUG]   ✨ NUEVO: 10485638
[2026-02-03 11:10:22] [DEBUG]   ✨ NUEVO: 10510037
[2026-02-03 11:10:22] [DEBUG]   ✨ NUEVO: 10632924
[2026-02-03 11:10:22] [DEBUG]   ✨ NUEVO: 10691997
[2026-02-03 11:10:22] [DEBUG]   ✨ NUEVO: 10786541
[2026-02-03 11:10:22] [DEBUG]   ✨ NUEVO: 10794802
[2026-02-03 11:10:22] [DEBUG]   ✨ NUEVO: 11118099
[2026-02-03 11:10:22] [DEBUG]   ✨ NUEVO: 11164910
[2026-02-03 11:10:22] [DEBUG]   ✨ NUEVO: 11201520
[2026-02-03 11:10:22] [DEBUG]   ✨ NUEVO: 11563705
[2026-02-03 11:10:22] [DEBUG]   ✨ NUEVO: 12059913
[2026-02-03 11:10:22] [DEBUG]   ✨ NUEVO: 12398596
[2026-02-03 11:10:22] [DEBUG]   ✨ NUEVO: 12533659
[2026-02-03 11:10:22] [DEBUG]   ✨ NUEVO: 12670323
[2026-02-03 11:10:22] [DEBUG]   ✨ NUEVO: 12711366
[2026-02-03 11:10:22] [DEBUG]   ✨ NUEVO: 12866034
[2026-02-03 11:10:22] [DEBUG]   ✨ NUEVO: 12904363
[2026-02-03 11:10:22] [DEBUG]   ✨ NUEVO: 13110331
[2026-02-03 11:10:22] [DEBUG]   ✨ NUEVO: 13218046
[2026-02-03 11:10:22] [DEBUG]   ✨ NUEVO: 13419486
[2026-02-03 11:10:22] [DEBUG]   ✨ NUEVO: 13432891
[2026-02-03 11:10:22] [DEBUG]   ✨ NUEVO: 13466646
[2026-02-03 11:10:22] [DEBUG]   ✨ NUEVO: 13545829
[2026-02-03 11:10:22] [DEBUG]   ✨ NUEVO: 13637637
[2026-02-03 11:10:22] [DEBUG]   ✨ NUEVO: 13979326
[2026-02-03 11:10:22] [DEBUG]   ✨ NUEVO: 14098303
[2026-02-03 11:10:22] [DEBUG]   ✨ NUEVO: 14406441
[2026-02-03 11:10:22] [DEBUG]   ✨ NUEVO: 14453133
[2026-02-03 11:10:22] [DEBUG]   ✨ NUEVO: 14528040
[2026-02-03 11:10:22] [DEBUG]   ✨ NUEVO: 14533866
[2026-02-03 11:10:22] [DEBUG]   ✨ NUEVO: 14830805
[2026-02-03 11:10:22] [DEBUG]   ✨ NUEVO: 15204407
[2026-02-03 11:10:22] [DEBUG]   ✨ NUEVO: 15.240.848
[2026-02-03 11:10:22] [DEBUG]   ✨ NUEVO: 15373399
[2026-02-03 11:10:22] [DEBUG]   ✨ NUEVO: 16029393
[2026-02-03 11:10:22] [DEBUG]   ✨ NUEVO: 16037143
[2026-02-03 11:10:22] [DEBUG]   ✨ NUEVO: 16450339
[2026-02-03 11:10:22] [DEBUG]   ✨ NUEVO: 16450915
[2026-02-03 11:10:22] [DEBUG]   ✨ NUEVO: 16452624
[2026-02-03 11:10:22] [DEBUG]   ✨ NUEVO: 16820476
[2026-02-03 11:10:22] [DEBUG]   ✨ NUEVO: 16910902
[2026-02-03 11:10:22] [DEBUG]   ✨ NUEVO: 16911034
[2026-02-03 11:10:22] [DEBUG]   ✨ NUEVO: 17052034
[2026-02-03 11:10:22] [DEBUG]   ✨ NUEVO: 17059902
[2026-02-03 11:10:22] [DEBUG]   ✨ NUEVO: 17453493
[2026-02-03 11:10:22] [DEBUG]   ✨ NUEVO: 17570151
[2026-02-03 11:10:22] [DEBUG]   ✨ NUEVO: 17632786
[2026-02-03 11:10:22] [DEBUG]   ✨ NUEVO: 17772965
[2026-02-03 11:10:22] [DEBUG]   ✨ NUEVO: 17773320
[2026-02-03 11:10:22] [DEBUG]   ✨ NUEVO: 18093340
[2026-02-03 11:10:22] [DEBUG]   ✨ NUEVO: 18304266
[2026-02-03 11:10:22] [DEBUG]   ✨ NUEVO: 18304801
[2026-02-03 11:10:22] [DEBUG]   ✨ NUEVO: 18367113
[2026-02-03 11:10:22] [DEBUG]   ✨ NUEVO: 18446925
[2026-02-03 11:10:22] [DEBUG]   ✨ NUEVO: 19116622
[2026-02-03 11:10:22] [DEBUG]   ✨ NUEVO: 19305271
[2026-02-03 11:10:22] [DEBUG]   ✨ NUEVO: 19788862
[2026-02-03 11:10:22] [DEBUG]   ✨ NUEVO: 20418024
[2026-02-03 11:10:22] [DEBUG]   ✨ NUEVO: 20418874
[2026-02-03 11:10:22] [DEBUG]   ✨ NUEVO: 20980156
[2026-02-03 11:10:22] [DEBUG]   ✨ NUEVO: 20997625
[2026-02-03 11:10:22] [DEBUG]   ✨ NUEVO: 21132816
[2026-02-03 11:10:22] [DEBUG]   ✨ NUEVO: 21534608
[2026-02-03 11:10:22] [DEBUG]   ✨ NUEVO: 21573868
[2026-02-03 11:10:22] [DEBUG]   ✨ NUEVO: 22043076
[2026-02-03 11:10:22] [DEBUG]   ✨ NUEVO: 22346693
[2026-02-03 11:10:22] [DEBUG]   ✨ NUEVO: 22537737
[2026-02-03 11:10:22] [DEBUG]   ✨ NUEVO: 23651517
[2026-02-03 11:10:22] [DEBUG]   ✨ NUEVO: 23651607
[2026-02-03 11:10:22] [DEBUG]   ✨ NUEVO: 23651745
[2026-02-03 11:10:22] [DEBUG]   ✨ NUEVO: 23651840
[2026-02-03 11:10:22] [DEBUG]   ✨ NUEVO: 24280188
[2026-02-03 11:10:22] [DEBUG]   ✨ NUEVO: 25959068
[2026-02-03 11:10:22] [DEBUG]   ✨ NUEVO: 26100970
[2026-02-03 11:10:22] [DEBUG]   ✨ NUEVO: 26443722
[2026-02-03 11:10:22] [DEBUG]   ✨ NUEVO: 26893863
[2026-02-03 11:10:22] [DEBUG]   ✨ NUEVO: 27039508
[2026-02-03 11:10:22] [DEBUG]   ✨ NUEVO: 27454709
[2026-02-03 11:10:22] [DEBUG]   ✨ NUEVO: 27454941
[2026-02-03 11:10:22] [DEBUG]   ✨ NUEVO: 27807395
[2026-02-03 11:10:22] [DEBUG]   ✨ NUEVO: 28250065
[2026-02-03 11:10:22] [DEBUG]   ✨ NUEVO: 28361701.
[2026-02-03 11:10:22] [DEBUG]   ✨ NUEVO: 30305762
[2026-02-03 11:10:22] [DEBUG]   ✨ NUEVO: 30859147
[2026-02-03 11:10:22] [DEBUG]   ✨ NUEVO: 31005327
[2026-02-03 11:10:22] [DEBUG]   ✨ NUEVO: 310103070
[2026-02-03 11:10:22] [DEBUG]   ✨ NUEVO: 31955614
[2026-02-03 11:10:22] [DEBUG]   ✨ NUEVO: 31956081
[2026-02-03 11:10:22] [DEBUG]   ✨ NUEVO: 32214471
[2026-02-03 11:10:22] [DEBUG]   ✨ NUEVO: 3414872
[2026-02-03 11:10:22] [DEBUG]   ✨ NUEVO: 3635117
[2026-02-03 11:10:22] [DEBUG]   ✨ NUEVO: 3816471
[2026-02-03 11:10:22] [DEBUG]   ✨ NUEVO: 3839562
[2026-02-03 11:10:22] [DEBUG]   ✨ NUEVO: 3972618
[2026-02-03 11:10:22] [DEBUG]   ✨ NUEVO: 4272017
[2026-02-03 11:10:22] [DEBUG]   ✨ NUEVO: 4354571
[2026-02-03 11:10:22] [DEBUG]   ✨ NUEVO: 5416511
[2026-02-03 11:10:22] [DEBUG]   ✨ NUEVO: 5590127
[2026-02-03 11:10:22] [DEBUG]   ✨ NUEVO: 6096099
[2026-02-03 11:10:22] [DEBUG]   ✨ NUEVO: 6216663
[2026-02-03 11:10:22] [DEBUG]   ✨ NUEVO: 6236154
[2026-02-03 11:10:22] [DEBUG]   ✨ NUEVO: 6271808
[2026-02-03 11:10:22] [DEBUG]   ✨ NUEVO: 6513887
[2026-02-03 11:10:22] [DEBUG]   ✨ NUEVO: 6672784
[2026-02-03 11:10:22] [DEBUG]   ✨ NUEVO: 6708224
[2026-02-03 11:10:22] [DEBUG]   ✨ NUEVO: 6732485
[2026-02-03 11:10:22] [DEBUG]   ✨ NUEVO: 6837615
[2026-02-03 11:10:22] [DEBUG]   ✨ NUEVO: 6838042
[2026-02-03 11:10:22] [DEBUG]   ✨ NUEVO: 6838085
[2026-02-03 11:10:22] [DEBUG]   ✨ NUEVO: 6926417
[2026-02-03 11:10:22] [DEBUG]   ✨ NUEVO: 6926568
[2026-02-03 11:10:22] [DEBUG]   ✨ NUEVO: 6934115
[2026-02-03 11:10:22] [DEBUG]   ✨ NUEVO: 8486612
[2026-02-03 11:10:22] [DEBUG]   ✨ NUEVO: 8571695
[2026-02-03 11:10:22] [DEBUG]   ✨ NUEVO: 8758986
[2026-02-03 11:10:22] [DEBUG]   ✨ NUEVO: 9089757
[2026-02-03 11:10:22] [DEBUG]   ✨ NUEVO: 9965410
[2026-02-03 11:10:22] [DEBUG]   ✨ NUEVO: ANA MARIA LURGI
[2026-02-03 11:10:22] [DEBUG]   ✨ NUEVO: ANNE ZANCAN
[2026-02-03 11:10:22] [DEBUG]   ✨ NUEVO: BRIYIT VALDERRAMA
[2026-02-03 11:10:22] [DEBUG]   ✨ NUEVO: C299558184
[2026-02-03 11:10:22] [DEBUG]   ✨ NUEVO: C299703249
[2026-02-03 11:10:22] [DEBUG]   ✨ NUEVO: C310216118
[2026-02-03 11:10:22] [DEBUG]   ✨ NUEVO: COMUNIUDAD LOS SERRANOS
[2026-02-03 11:10:22] [DEBUG]   ✨ NUEVO: E80772778
[2026-02-03 11:10:22] [DEBUG]   ✨ NUEVO: E810826110
[2026-02-03 11:10:22] [DEBUG]   ✨ NUEVO: E81516829
[2026-02-03 11:10:22] [DEBUG]   ✨ NUEVO: E82127388
[2026-02-03 11:10:22] [DEBUG]   ✨ NUEVO: E82151195
[2026-02-03 11:10:22] [DEBUG]   ✨ NUEVO: E82274378
[2026-02-03 11:10:22] [DEBUG]   ✨ NUEVO: E82299456
[2026-02-03 11:10:22] [DEBUG]   ✨ NUEVO: E84317031
[2026-02-03 11:10:22] [DEBUG]   ✨ NUEVO: E84474802
[2026-02-03 11:10:22] [DEBUG]   ✨ NUEVO: E892160
[2026-02-03 11:10:22] [DEBUG]   ✨ NUEVO: EYLIN MORA
[2026-02-03 11:10:22] [DEBUG]   ✨ NUEVO: G100021411
[2026-02-03 11:10:22] [DEBUG]   ✨ NUEVO: G200004517
[2026-02-03 11:10:22] [DEBUG]   ✨ NUEVO: G200095482
[2026-02-03 11:10:22] [DEBUG]   ✨ NUEVO: HECTOR IBARRA
[2026-02-03 11:10:22] [DEBUG]   ✨ NUEVO: HENRY MARIN
[2026-02-03 11:10:22] [DEBUG]   ✨ NUEVO: HENRY PALOMBIZIO
[2026-02-03 11:10:22] [DEBUG]   ✨ NUEVO: HERMEYBE PEDROZA
[2026-02-03 11:10:22] [DEBUG]   ✨ NUEVO: INVERSIONES TECNICOMPTER C.A.
[2026-02-03 11:10:22] [DEBUG]   ✨ NUEVO: IVAN RAMOS
[2026-02-03 11:10:22] [DEBUG]   ✨ NUEVO: J000000000
[2026-02-03 11:10:22] [DEBUG]   ✨ NUEVO: J000944741
[2026-02-03 11:10:22] [DEBUG]   ✨ NUEVO: J001277862
[2026-02-03 11:10:22] [DEBUG]   ✨ NUEVO: J001281487
[2026-02-03 11:10:22] [DEBUG]   ✨ NUEVO: J001460780
[2026-02-03 11:10:22] [DEBUG]   ✨ NUEVO: J001468498
[2026-02-03 11:10:22] [DEBUG]   ✨ NUEVO: J001786538
[2026-02-03 11:10:22] [DEBUG]   ✨ NUEVO: J001788735
[2026-02-03 11:10:22] [DEBUG]   ✨ NUEVO: J002155892
[2026-02-03 11:10:22] [DEBUG]   ✨ NUEVO: J002740981
[2026-02-03 11:10:22] [DEBUG]   ✨ NUEVO: J002793988
[2026-02-03 11:10:22] [DEBUG]   ✨ NUEVO: J003084883
[2026-02-03 11:10:22] [DEBUG]   ✨ NUEVO: J003381705
[2026-02-03 11:10:22] [DEBUG]   ✨ NUEVO: J080041127
[2026-02-03 11:10:22] [DEBUG]   ✨ NUEVO: J293674573
[2026-02-03 11:10:22] [DEBUG]   ✨ NUEVO: J293810876
[2026-02-03 11:10:22] [DEBUG]   ✨ NUEVO: J294161038
[2026-02-03 11:10:22] [DEBUG]   ✨ NUEVO: J294374867
[2026-02-03 11:10:22] [DEBUG]   ✨ NUEVO: J295437951
[2026-02-03 11:10:22] [DEBUG]   ✨ NUEVO: J295671962
[2026-02-03 11:10:22] [DEBUG]   ✨ NUEVO: J295780168
[2026-02-03 11:10:22] [DEBUG]   ✨ NUEVO: J295821727
[2026-02-03 11:10:22] [DEBUG]   ✨ NUEVO: J295846711
[2026-02-03 11:10:22] [DEBUG]   ✨ NUEVO: J295901070
[2026-02-03 11:10:22] [DEBUG]   ✨ NUEVO: J296087288
[2026-02-03 11:10:22] [DEBUG]   ✨ NUEVO: J296635196
[2026-02-03 11:10:22] [DEBUG]   ✨ NUEVO: J296651566
[2026-02-03 11:10:22] [DEBUG]   ✨ NUEVO: J296914516
[2026-02-03 11:10:22] [DEBUG]   ✨ NUEVO: J297472959
[2026-02-03 11:10:22] [DEBUG]   ✨ NUEVO: J297487387
[2026-02-03 11:10:22] [DEBUG]   ✨ NUEVO: J297593179
[2026-02-03 11:10:22] [DEBUG]   ✨ NUEVO: J297980172
[2026-02-03 11:10:22] [DEBUG]   ✨ NUEVO: J297997776
[2026-02-03 11:10:22] [DEBUG]   ✨ NUEVO: J298020075
[2026-02-03 11:10:22] [DEBUG]   ✨ NUEVO: J298042303
[2026-02-03 11:10:22] [DEBUG]   ✨ NUEVO: J298070897
[2026-02-03 11:10:22] [DEBUG]   ✨ NUEVO: J298113065
[2026-02-03 11:10:22] [DEBUG]   ✨ NUEVO: J298132841
[2026-02-03 11:10:22] [DEBUG]   ✨ NUEVO: J298201606
[2026-02-03 11:10:22] [DEBUG]   ✨ NUEVO: J298260939
[2026-02-03 11:10:22] [DEBUG]   ✨ NUEVO: J298262940
[2026-02-03 11:10:22] [DEBUG]   ✨ NUEVO: J298403683
[2026-02-03 11:10:22] [DEBUG]   ✨ NUEVO: J298430192
[2026-02-03 11:10:22] [DEBUG]   ✨ NUEVO: J298822961
[2026-02-03 11:10:22] [DEBUG]   ✨ NUEVO: J298938200
[2026-02-03 11:10:22] [DEBUG]   ✨ NUEVO: J299267546
[2026-02-03 11:10:22] [DEBUG]   ✨ NUEVO: J299344923
[2026-02-03 11:10:22] [DEBUG]   ✨ NUEVO: J299462209
[2026-02-03 11:10:22] [DEBUG]   ✨ NUEVO: J299503509
[2026-02-03 11:10:22] [DEBUG]   ✨ NUEVO: J299566519
[2026-02-03 11:10:22] [DEBUG]   ✨ NUEVO: J299648760
[2026-02-03 11:10:22] [DEBUG]   ✨ NUEVO: J299719803
[2026-02-03 11:10:22] [DEBUG]   ✨ NUEVO: J300303390
[2026-02-03 11:10:22] [DEBUG]   ✨ NUEVO: J300740455
[2026-02-03 11:10:22] [DEBUG]   ✨ NUEVO: J300843394
[2026-02-03 11:10:22] [DEBUG]   ✨ NUEVO: J301016432
[2026-02-03 11:10:22] [DEBUG]   ✨ NUEVO: J302401046
[2026-02-03 11:10:22] [DEBUG]   ✨ NUEVO: J302638321
[2026-02-03 11:10:22] [DEBUG]   ✨ NUEVO: J-303241875
[2026-02-03 11:10:22] [DEBUG]   ✨ NUEVO: J303320660
[2026-02-03 11:10:22] [DEBUG]   ✨ NUEVO: J303861210
[2026-02-03 11:10:22] [DEBUG]   ✨ NUEVO: J304016204
[2026-02-03 11:10:22] [DEBUG]   ✨ NUEVO: J304543352
[2026-02-03 11:10:22] [DEBUG]   ✨ NUEVO: J305001294
[2026-02-03 11:10:22] [DEBUG]   ✨ NUEVO: J305321930
[2026-02-03 11:10:22] [DEBUG]   ✨ NUEVO: J305354898
[2026-02-03 11:10:22] [DEBUG]   ✨ NUEVO: J305416788
[2026-02-03 11:10:22] [DEBUG]   ✨ NUEVO: J305730997
[2026-02-03 11:10:22] [DEBUG]   ✨ NUEVO: J305961506
[2026-02-03 11:10:22] [DEBUG]   ✨ NUEVO: J306217274
[2026-02-03 11:10:22] [DEBUG]   ✨ NUEVO: J306340408
[2026-02-03 11:10:22] [DEBUG]   ✨ NUEVO: J306451234
[2026-02-03 11:10:22] [DEBUG]   ✨ NUEVO: J306481346
[2026-02-03 11:10:22] [DEBUG]   ✨ NUEVO: J306725024
[2026-02-03 11:10:22] [DEBUG]   ✨ NUEVO: J307004738
[2026-02-03 11:10:22] [DEBUG]   ✨ NUEVO: J307147326
[2026-02-03 11:10:22] [DEBUG]   ✨ NUEVO: J307243597
[2026-02-03 11:10:22] [DEBUG]   ✨ NUEVO: J307603089
[2026-02-03 11:10:22] [DEBUG]   ✨ NUEVO: J307831502
[2026-02-03 11:10:22] [DEBUG]   ✨ NUEVO: J307860669
[2026-02-03 11:10:22] [DEBUG]   ✨ NUEVO: J307970103
[2026-02-03 11:10:22] [DEBUG]   ✨ NUEVO: J308103616
[2026-02-03 11:10:22] [DEBUG]   ✨ NUEVO: J308361143
[2026-02-03 11:10:22] [DEBUG]   ✨ NUEVO: J308480142
[2026-02-03 11:10:22] [DEBUG]   ✨ NUEVO: J30856740-0
[2026-02-03 11:10:22] [DEBUG]   ✨ NUEVO: J308567400
[2026-02-03 11:10:22] [DEBUG]   ✨ NUEVO: J308582379
[2026-02-03 11:10:22] [DEBUG]   ✨ NUEVO: J309093894
[2026-02-03 11:10:22] [DEBUG]   ✨ NUEVO: J309134590
[2026-02-03 11:10:22] [DEBUG]   ✨ NUEVO: J309209108
[2026-02-03 11:10:22] [DEBUG]   ✨ NUEVO: J309302272
[2026-02-03 11:10:22] [DEBUG]   ✨ NUEVO: J309317156
[2026-02-03 11:10:22] [DEBUG]   ✨ NUEVO: J309644394
[2026-02-03 11:10:22] [DEBUG]   ✨ NUEVO: J309723650
[2026-02-03 11:10:22] [DEBUG]   ✨ NUEVO: J309724029
[2026-02-03 11:10:22] [DEBUG]   ✨ NUEVO: J310003599
[2026-02-03 11:10:22] [DEBUG]   ✨ NUEVO: J310320497
[2026-02-03 11:10:22] [DEBUG]   ✨ NUEVO: J310475636
[2026-02-03 11:10:22] [DEBUG]   ✨ NUEVO: J311085190
[2026-02-03 11:10:22] [DEBUG]   ✨ NUEVO: J311226338
[2026-02-03 11:10:22] [DEBUG]   ✨ NUEVO: J311322019
[2026-02-03 11:10:22] [DEBUG]   ✨ NUEVO: J311335390
[2026-02-03 11:10:22] [DEBUG]   ✨ NUEVO: J311579532
[2026-02-03 11:10:22] [DEBUG]   ✨ NUEVO: J311622306
[2026-02-03 11:10:22] [DEBUG]   ✨ NUEVO: J311651519
[2026-02-03 11:10:22] [DEBUG]   ✨ NUEVO: J311657878
[2026-02-03 11:10:22] [DEBUG]   ✨ NUEVO: J311666761
[2026-02-03 11:10:22] [DEBUG]   ✨ NUEVO: J312209100
[2026-02-03 11:10:22] [DEBUG]   ✨ NUEVO: J312223081
[2026-02-03 11:10:22] [DEBUG]   ✨ NUEVO: J312315369
[2026-02-03 11:10:22] [DEBUG]   ✨ NUEVO: J312676647
[2026-02-03 11:10:22] [DEBUG]   ✨ NUEVO: J312683929
[2026-02-03 11:10:22] [DEBUG]   ✨ NUEVO: J312730978
[2026-02-03 11:10:22] [DEBUG]   ✨ NUEVO: J312799617
[2026-02-03 11:10:22] [DEBUG]   ✨ NUEVO: J312989335
[2026-02-03 11:10:22] [DEBUG]   ✨ NUEVO: J313437662
[2026-02-03 11:10:22] [DEBUG]   ✨ NUEVO: J313511250
[2026-02-03 11:10:22] [DEBUG]   ✨ NUEVO: J313686611
[2026-02-03 11:10:22] [DEBUG]   ✨ NUEVO: J313720852
[2026-02-03 11:10:22] [DEBUG]   ✨ NUEVO: J314079794
[2026-02-03 11:10:22] [DEBUG]   ✨ NUEVO: J314082981
[2026-02-03 11:10:22] [DEBUG]   ✨ NUEVO: J314224603
[2026-02-03 11:10:22] [DEBUG]   ✨ NUEVO: J314643233
[2026-02-03 11:10:22] [DEBUG]   ✨ NUEVO: J316224970
[2026-02-03 11:10:22] [DEBUG]   ✨ NUEVO: J316268772
[2026-02-03 11:10:22] [DEBUG]   ✨ NUEVO: J316277860
[2026-02-03 11:10:22] [DEBUG]   ✨ NUEVO: J316323005
[2026-02-03 11:10:22] [DEBUG]   ✨ NUEVO: J316333507
[2026-02-03 11:10:22] [DEBUG]   ✨ NUEVO: J316348539
[2026-02-03 11:10:22] [DEBUG]   ✨ NUEVO: J316877264
[2026-02-03 11:10:22] [DEBUG]   ✨ NUEVO: J317189965
[2026-02-03 11:10:22] [DEBUG]   ✨ NUEVO: J317227719
[2026-02-03 11:10:22] [DEBUG]   ✨ NUEVO: J317280539
[2026-02-03 11:10:22] [DEBUG]   ✨ NUEVO: J317415191
[2026-02-03 11:10:22] [DEBUG]   ✨ NUEVO: J317499751
[2026-02-03 11:10:22] [DEBUG]   ✨ NUEVO: J400035910
[2026-02-03 11:10:22] [DEBUG]   ✨ NUEVO: J400236142
[2026-02-03 11:10:22] [DEBUG]   ✨ NUEVO: J400236177
[2026-02-03 11:10:22] [DEBUG]   ✨ NUEVO: J400436486
[2026-02-03 11:10:22] [DEBUG]   ✨ NUEVO: J400674190
[2026-02-03 11:10:22] [DEBUG]   ✨ NUEVO: J400716900
[2026-02-03 11:10:22] [DEBUG]   ✨ NUEVO: J400945887
[2026-02-03 11:10:22] [DEBUG]   ✨ NUEVO: J401123120
[2026-02-03 11:10:22] [DEBUG]   ✨ NUEVO: J401306420
[2026-02-03 11:10:22] [DEBUG]   ✨ NUEVO: J401481906
[2026-02-03 11:10:22] [DEBUG]   ✨ NUEVO: J401534392
[2026-02-03 11:10:22] [DEBUG]   ✨ NUEVO: J402144628
[2026-02-03 11:10:22] [DEBUG]   ✨ NUEVO: J402391927
[2026-02-03 11:10:22] [DEBUG]   ✨ NUEVO: J402440928
[2026-02-03 11:10:22] [DEBUG]   ✨ NUEVO: J402469888
[2026-02-03 11:10:22] [DEBUG]   ✨ NUEVO: J-40258819-4
[2026-02-03 11:10:22] [DEBUG]   ✨ NUEVO: J402611587
[2026-02-03 11:10:22] [DEBUG]   ✨ NUEVO: J403383324
[2026-02-03 11:10:22] [DEBUG]   ✨ NUEVO: J-40364067-0
[2026-02-03 11:10:22] [DEBUG]   ✨ NUEVO: J403640670
[2026-02-03 11:10:22] [DEBUG]   ✨ NUEVO: J404115641
[2026-02-03 11:10:22] [DEBUG]   ✨ NUEVO: J404163433
[2026-02-03 11:10:22] [DEBUG]   ✨ NUEVO: J404231021
[2026-02-03 11:10:22] [DEBUG]   ✨ NUEVO: J404362185
[2026-02-03 11:10:22] [DEBUG]   ✨ NUEVO: J404441530
[2026-02-03 11:10:22] [DEBUG]   ✨ NUEVO: J405451467
[2026-02-03 11:10:22] [DEBUG]   ✨ NUEVO: J405869976
[2026-02-03 11:10:22] [DEBUG]   ✨ NUEVO: J406399132
[2026-02-03 11:10:22] [DEBUG]   ✨ NUEVO: J406614912
[2026-02-03 11:10:22] [DEBUG]   ✨ NUEVO: J406685690
[2026-02-03 11:10:22] [DEBUG]   ✨ NUEVO: J407262467
[2026-02-03 11:10:22] [DEBUG]   ✨ NUEVO: J407796585
[2026-02-03 11:10:22] [DEBUG]   ✨ NUEVO: J408924420
[2026-02-03 11:10:22] [DEBUG]   ✨ NUEVO: J409457516
[2026-02-03 11:10:22] [DEBUG]   ✨ NUEVO: J409528510
[2026-02-03 11:10:22] [DEBUG]   ✨ NUEVO: J409940713
[2026-02-03 11:10:22] [DEBUG]   ✨ NUEVO: J410013435
[2026-02-03 11:10:22] [DEBUG]   ✨ NUEVO: J410723920
[2026-02-03 11:10:22] [DEBUG]   ✨ NUEVO: J4110686216
[2026-02-03 11:10:22] [DEBUG]   ✨ NUEVO: J411218448
[2026-02-03 11:10:22] [DEBUG]   ✨ NUEVO: J411536903
[2026-02-03 11:10:22] [DEBUG]   ✨ NUEVO: J412199870
[2026-02-03 11:10:22] [DEBUG]   ✨ NUEVO: J412235117
[2026-02-03 11:10:22] [DEBUG]   ✨ NUEVO: J500022263
[2026-02-03 11:10:22] [DEBUG]   ✨ NUEVO: J500227612 
[2026-02-03 11:10:22] [DEBUG]   ✨ NUEVO: J500297203
[2026-02-03 11:10:22] [DEBUG]   ✨ NUEVO: J50031403-5
[2026-02-03 11:10:22] [DEBUG]   ✨ NUEVO: J500425481
[2026-02-03 11:10:22] [DEBUG]   ✨ NUEVO: J500474407
[2026-02-03 11:10:22] [DEBUG]   ✨ NUEVO: J500536895
[2026-02-03 11:10:22] [DEBUG]   ✨ NUEVO: J500665610
[2026-02-03 11:10:22] [DEBUG]   ✨ NUEVO: J500686447
[2026-02-03 11:10:22] [DEBUG]   ✨ NUEVO: J500750170
[2026-02-03 11:10:22] [DEBUG]   ✨ NUEVO: J501276382
[2026-02-03 11:10:22] [DEBUG]   ✨ NUEVO: J501395217
[2026-02-03 11:10:22] [DEBUG]   ✨ NUEVO: J501673292
[2026-02-03 11:10:22] [DEBUG]   ✨ NUEVO: J501998507
[2026-02-03 11:10:22] [DEBUG]   ✨ NUEVO: J502464514
[2026-02-03 11:10:22] [DEBUG]   ✨ NUEVO: J502592784
[2026-02-03 11:10:22] [DEBUG]   ✨ NUEVO: J502741283
[2026-02-03 11:10:22] [DEBUG]   ✨ NUEVO: J502886311
[2026-02-03 11:10:22] [DEBUG]   ✨ NUEVO: J503381418
[2026-02-03 11:10:22] [DEBUG]   ✨ NUEVO: J504072044
[2026-02-03 11:10:22] [DEBUG]   ✨ NUEVO: J504367885
[2026-02-03 11:10:22] [DEBUG]   ✨ NUEVO: J504637386
[2026-02-03 11:10:22] [DEBUG]   ✨ NUEVO: J504926590
[2026-02-03 11:10:22] [DEBUG]   ✨ NUEVO: J505751263
[2026-02-03 11:10:22] [DEBUG]   ✨ NUEVO: J95042596
[2026-02-03 11:10:22] [DEBUG]   ✨ NUEVO: JEAN VERONIZ
[2026-02-03 11:10:22] [DEBUG]   ✨ NUEVO: JESUS ENRIQUE MENDOZA BASTIDAS
[2026-02-03 11:10:22] [DEBUG]   ✨ NUEVO: JONATHAN FREITES
[2026-02-03 11:10:22] [DEBUG]   ✨ NUEVO: JOSE FELIX DOMINGUEZ
[2026-02-03 11:10:22] [DEBUG]   ✨ NUEVO: JOSE MEDINA
[2026-02-03 11:10:22] [DEBUG]   ✨ NUEVO: KAISMER GUERRA
[2026-02-03 11:10:22] [DEBUG]   ✨ NUEVO: KELLY ML BASES TABLET
[2026-02-03 11:10:22] [DEBUG]   ✨ NUEVO: KEVIN CARABALLO
[2026-02-03 11:10:22] [DEBUG]   ✨ NUEVO: LUZ LUGO
[2026-02-03 11:10:22] [DEBUG]   ✨ NUEVO: PATRICIA RIVAS
[2026-02-03 11:10:22] [DEBUG]   ✨ NUEVO: ROSMARY CASTAÑEDA
[2026-02-03 11:10:22] [DEBUG]   ✨ NUEVO: RUBEN MATA
[2026-02-03 11:10:22] [DEBUG]   ✨ NUEVO: TEST001
[2026-02-03 11:10:22] [DEBUG]   ✨ NUEVO: TEST-AUTO-20260202174751
[2026-02-03 11:10:22] [DEBUG]   ✨ NUEVO: V 11124408
[2026-02-03 11:10:22] [DEBUG]   ✨ NUEVO: V 11541026
[2026-02-03 11:10:22] [DEBUG]   ✨ NUEVO: V 13959997
[2026-02-03 11:10:22] [DEBUG]   ✨ NUEVO: V 14157610
[2026-02-03 11:10:22] [DEBUG]   ✨ NUEVO: V 14395341
[2026-02-03 11:10:22] [DEBUG]   ✨ NUEVO: V 14476337
[2026-02-03 11:10:22] [DEBUG]   ✨ NUEVO: V 20687960 
[2026-02-03 11:10:22] [DEBUG]   ✨ NUEVO: V 8072922
[2026-02-03 11:10:22] [DEBUG]   ✨ NUEVO: V 9956774
[2026-02-03 11:10:22] [DEBUG]   ✨ NUEVO: V10051125
[2026-02-03 11:10:22] [DEBUG]   ✨ NUEVO: V10072483
[2026-02-03 11:10:22] [DEBUG]   ✨ NUEVO: V10078553
[2026-02-03 11:10:22] [DEBUG]   ✨ NUEVO: V10090239
[2026-02-03 11:10:22] [DEBUG]   ✨ NUEVO: V10091867
[2026-02-03 11:10:22] [DEBUG]   ✨ NUEVO: V10093535
[2026-02-03 11:10:22] [DEBUG]   ✨ NUEVO: V10096125
[2026-02-03 11:10:22] [DEBUG]   ✨ NUEVO: V10096754
[2026-02-03 11:10:22] [DEBUG]   ✨ NUEVO: V10098341
[2026-02-03 11:10:22] [DEBUG]   ✨ NUEVO: V10099923
[2026-02-03 11:10:22] [DEBUG]   ✨ NUEVO: V10117692
[2026-02-03 11:10:22] [DEBUG]   ✨ NUEVO: V10174084
[2026-02-03 11:10:22] [DEBUG]   ✨ NUEVO: V10186391
[2026-02-03 11:10:22] [DEBUG]   ✨ NUEVO: V10203949
[2026-02-03 11:10:22] [DEBUG]   ✨ NUEVO: V10219828
[2026-02-03 11:10:22] [DEBUG]   ✨ NUEVO: V10279810
[2026-02-03 11:10:22] [DEBUG]   ✨ NUEVO: V10318412
[2026-02-03 11:10:22] [DEBUG]   ✨ NUEVO: V10325688
[2026-02-03 11:10:22] [DEBUG]   ✨ NUEVO: V10357510
[2026-02-03 11:10:22] [DEBUG]   ✨ NUEVO: V10380897
[2026-02-03 11:10:22] [DEBUG]   ✨ NUEVO: V10382745
[2026-02-03 11:10:22] [DEBUG]   ✨ NUEVO: V10424674
[2026-02-03 11:10:22] [DEBUG]   ✨ NUEVO: V10484011
[2026-02-03 11:10:22] [DEBUG]   ✨ NUEVO: V10.509.853
[2026-02-03 11:10:22] [DEBUG]   ✨ NUEVO: V10512087
[2026-02-03 11:10:22] [DEBUG]   ✨ NUEVO: V10512683
[2026-02-03 11:10:22] [DEBUG]   ✨ NUEVO: V10523473
[2026-02-03 11:10:22] [DEBUG]   ✨ NUEVO: V10532058
[2026-02-03 11:10:22] [DEBUG]   ✨ NUEVO: V10548442
[2026-02-03 11:10:22] [DEBUG]   ✨ NUEVO: V10548518
[2026-02-03 11:10:22] [DEBUG]   ✨ NUEVO: V10625205
[2026-02-03 11:10:22] [DEBUG]   ✨ NUEVO: V10677925
[2026-02-03 11:10:22] [DEBUG]   ✨ NUEVO: V10690145
[2026-02-03 11:10:22] [DEBUG]   ✨ NUEVO: V10690822
[2026-02-03 11:10:22] [DEBUG]   ✨ NUEVO: V10691251
[2026-02-03 11:10:22] [DEBUG]   ✨ NUEVO: V10692118
[2026-02-03 11:10:22] [DEBUG]   ✨ NUEVO: V10693948
[2026-02-03 11:10:22] [DEBUG]   ✨ NUEVO: V10694633
[2026-02-03 11:10:22] [DEBUG]   ✨ NUEVO: V10697060
[2026-02-03 11:10:22] [DEBUG]   ✨ NUEVO: V10697428
[2026-02-03 11:10:22] [DEBUG]   ✨ NUEVO: V10699062
[2026-02-03 11:10:22] [DEBUG]   ✨ NUEVO: V10780896
[2026-02-03 11:10:22] [DEBUG]   ✨ NUEVO: V10781681
[2026-02-03 11:10:22] [DEBUG]   ✨ NUEVO: V10787551
[2026-02-03 11:10:22] [DEBUG]   ✨ NUEVO: V10793710
[2026-02-03 11:10:22] [DEBUG]   ✨ NUEVO: V10807182
[2026-02-03 11:10:22] [DEBUG]   ✨ NUEVO: V10807678
[2026-02-03 11:10:22] [DEBUG]   ✨ NUEVO: V10812644
[2026-02-03 11:10:22] [DEBUG]   ✨ NUEVO: V10826655
[2026-02-03 11:10:22] [DEBUG]   ✨ NUEVO: V10844084
[2026-02-03 11:10:22] [DEBUG]   ✨ NUEVO: V10924709
[2026-02-03 11:10:22] [DEBUG]   ✨ NUEVO: V11007471
[2026-02-03 11:10:22] [DEBUG]   ✨ NUEVO: V11030297
[2026-02-03 11:10:22] [DEBUG]   ✨ NUEVO: V11036416
[2026-02-03 11:10:22] [DEBUG]   ✨ NUEVO: V11062517
[2026-02-03 11:10:22] [DEBUG]   ✨ NUEVO: V11070616
[2026-02-03 11:10:22] [DEBUG]   ✨ NUEVO: V11072254
[2026-02-03 11:10:22] [DEBUG]   ✨ NUEVO: V11072291
[2026-02-03 11:10:22] [DEBUG]   ✨ NUEVO: V11159219
[2026-02-03 11:10:22] [DEBUG]   ✨ NUEVO: V11160121
[2026-02-03 11:10:22] [DEBUG]   ✨ NUEVO: V11183929
[2026-02-03 11:10:22] [DEBUG]   ✨ NUEVO: V11225754
[2026-02-03 11:10:22] [DEBUG]   ✨ NUEVO: V11247328
[2026-02-03 11:10:22] [DEBUG]   ✨ NUEVO: V11306260
[2026-02-03 11:10:22] [DEBUG]   ✨ NUEVO: V11317879
[2026-02-03 11:10:22] [DEBUG]   ✨ NUEVO: V11343213
[2026-02-03 11:10:22] [DEBUG]   ✨ NUEVO: V11350577
[2026-02-03 11:10:22] [DEBUG]   ✨ NUEVO: V11358726
[2026-02-03 11:10:22] [DEBUG]   ✨ NUEVO: V11412537
[2026-02-03 11:10:22] [DEBUG]   ✨ NUEVO: V11481747
[2026-02-03 11:10:22] [DEBUG]   ✨ NUEVO: V11556718
[2026-02-03 11:10:22] [DEBUG]   ✨ NUEVO: V11564706
[2026-02-03 11:10:22] [DEBUG]   ✨ NUEVO: V11641264
[2026-02-03 11:10:22] [DEBUG]   ✨ NUEVO: V11664596
[2026-02-03 11:10:22] [DEBUG]   ✨ NUEVO: V11681265
[2026-02-03 11:10:22] [DEBUG]   ✨ NUEVO: V11689599
[2026-02-03 11:10:22] [DEBUG]   ✨ NUEVO: V11714482
[2026-02-03 11:10:22] [DEBUG]   ✨ NUEVO: V11734834
[2026-02-03 11:10:22] [DEBUG]   ✨ NUEVO: V11736563
[2026-02-03 11:10:22] [DEBUG]   ✨ NUEVO: V11738967
[2026-02-03 11:10:22] [DEBUG]   ✨ NUEVO: V11795009
[2026-02-03 11:10:22] [DEBUG]   ✨ NUEVO: V11825092
[2026-02-03 11:10:22] [DEBUG]   ✨ NUEVO: V11854046
[2026-02-03 11:10:22] [DEBUG]   ✨ NUEVO: V11917525
[2026-02-03 11:10:22] [DEBUG]   ✨ NUEVO: V11918660
[2026-02-03 11:10:22] [DEBUG]   ✨ NUEVO: V11930020
[2026-02-03 11:10:22] [DEBUG]   ✨ NUEVO: V11933322
[2026-02-03 11:10:22] [DEBUG]   ✨ NUEVO: V11937631
[2026-02-03 11:10:22] [DEBUG]   ✨ NUEVO: V11939081
[2026-02-03 11:10:22] [DEBUG]   ✨ NUEVO: V11953377
[2026-02-03 11:10:22] [DEBUG]   ✨ NUEVO: V11991019
[2026-02-03 11:10:22] [DEBUG]   ✨ NUEVO: V11994899 
[2026-02-03 11:10:22] [DEBUG]   ✨ NUEVO: V12055409
[2026-02-03 11:10:22] [DEBUG]   ✨ NUEVO: V12059786
[2026-02-03 11:10:22] [DEBUG]   ✨ NUEVO: V12065373
[2026-02-03 11:10:22] [DEBUG]   ✨ NUEVO: V12065875
[2026-02-03 11:10:22] [DEBUG]   ✨ NUEVO: V12071154
[2026-02-03 11:10:22] [DEBUG]   ✨ NUEVO: V12089656
[2026-02-03 11:10:22] [DEBUG]   ✨ NUEVO: V12094239
[2026-02-03 11:10:22] [DEBUG]   ✨ NUEVO: V12116795
[2026-02-03 11:10:22] [DEBUG]   ✨ NUEVO: V12118826
[2026-02-03 11:10:22] [DEBUG]   ✨ NUEVO: V12119695
[2026-02-03 11:10:22] [DEBUG]   ✨ NUEVO: V12140743
[2026-02-03 11:10:22] [DEBUG]   ✨ NUEVO: V12241093
[2026-02-03 11:10:22] [DEBUG]   ✨ NUEVO: V12272196
[2026-02-03 11:10:22] [DEBUG]   ✨ NUEVO: V12287855
[2026-02-03 11:10:22] [DEBUG]   ✨ NUEVO: V12292978
[2026-02-03 11:10:22] [DEBUG]   ✨ NUEVO: V12294001
[2026-02-03 11:10:22] [DEBUG]   ✨ NUEVO: V12294316
[2026-02-03 11:10:22] [DEBUG]   ✨ NUEVO: V12298185
[2026-02-03 11:10:22] [DEBUG]   ✨ NUEVO: V12301832
[2026-02-03 11:10:22] [DEBUG]   ✨ NUEVO: V12329701
[2026-02-03 11:10:22] [DEBUG]   ✨ NUEVO: V12374418
[2026-02-03 11:10:22] [DEBUG]   ✨ NUEVO: V12378363
[2026-02-03 11:10:22] [DEBUG]   ✨ NUEVO: V12382808
[2026-02-03 11:10:22] [DEBUG]   ✨ NUEVO: V12384966
[2026-02-03 11:10:22] [DEBUG]   ✨ NUEVO: V12388068
[2026-02-03 11:10:22] [DEBUG]   ✨ NUEVO: V12393971
[2026-02-03 11:10:22] [DEBUG]   ✨ NUEVO: V12395769
[2026-02-03 11:10:22] [DEBUG]   ✨ NUEVO: V12397720
[2026-02-03 11:10:22] [DEBUG]   ✨ NUEVO: V12398473
[2026-02-03 11:10:22] [DEBUG]   ✨ NUEVO: V12.398.596
[2026-02-03 11:10:22] [DEBUG]   ✨ NUEVO: V12398596
[2026-02-03 11:10:22] [DEBUG]   ✨ NUEVO: V12399906
[2026-02-03 11:10:22] [DEBUG]   ✨ NUEVO: V12402374
[2026-02-03 11:10:22] [DEBUG]   ✨ NUEVO: V12410795
[2026-02-03 11:10:22] [DEBUG]   ✨ NUEVO: V12430919
[2026-02-03 11:10:22] [DEBUG]   ✨ NUEVO: V12454516
[2026-02-03 11:10:22] [DEBUG]   ✨ NUEVO: V12477433
[2026-02-03 11:10:22] [DEBUG]   ✨ NUEVO: V12508595
[2026-02-03 11:10:22] [DEBUG]   ✨ NUEVO: V12512441
[2026-02-03 11:10:22] [DEBUG]   ✨ NUEVO: V12532544
[2026-02-03 11:10:22] [DEBUG]   ✨ NUEVO: V12532805
[2026-02-03 11:10:22] [DEBUG]   ✨ NUEVO: V12533659
[2026-02-03 11:10:22] [DEBUG]   ✨ NUEVO: V12541858
[2026-02-03 11:10:22] [DEBUG]   ✨ NUEVO: V12591276
[2026-02-03 11:10:22] [DEBUG]   ✨ NUEVO: V12597607
[2026-02-03 11:10:22] [DEBUG]   ✨ NUEVO: V12607844
[2026-02-03 11:10:22] [DEBUG]   ✨ NUEVO: V12623567
[2026-02-03 11:10:22] [DEBUG]   ✨ NUEVO: V12675336
[2026-02-03 11:10:22] [DEBUG]   ✨ NUEVO: V12682204
[2026-02-03 11:10:22] [DEBUG]   ✨ NUEVO: V12682712
[2026-02-03 11:10:22] [DEBUG]   ✨ NUEVO: V12684178
[2026-02-03 11:10:22] [DEBUG]   ✨ NUEVO: V12756284
[2026-02-03 11:10:22] [DEBUG]   ✨ NUEVO: V12764812
[2026-02-03 11:10:22] [DEBUG]   ✨ NUEVO: V12765344
[2026-02-03 11:10:22] [DEBUG]   ✨ NUEVO: V12776799
[2026-02-03 11:10:22] [DEBUG]   ✨ NUEVO: V12817071
[2026-02-03 11:10:22] [DEBUG]   ✨ NUEVO: V12826316
[2026-02-03 11:10:22] [DEBUG]   ✨ NUEVO: V12827273
[2026-02-03 11:10:22] [DEBUG]   ✨ NUEVO: V12827586
[2026-02-03 11:10:22] [DEBUG]   ✨ NUEVO: V12828696
[2026-02-03 11:10:22] [DEBUG]   ✨ NUEVO: V12861378
[2026-02-03 11:10:22] [DEBUG]   ✨ NUEVO: V12864666
[2026-02-03 11:10:22] [DEBUG]   ✨ NUEVO: V12865640
[2026-02-03 11:10:22] [DEBUG]   ✨ NUEVO: V12953082
[2026-02-03 11:10:22] [DEBUG]   ✨ NUEVO: V12975217
[2026-02-03 11:10:22] [DEBUG]   ✨ NUEVO: V12984064
[2026-02-03 11:10:22] [DEBUG]   ✨ NUEVO: V12984382
[2026-02-03 11:10:22] [DEBUG]   ✨ NUEVO: V12984429
[2026-02-03 11:10:22] [DEBUG]   ✨ NUEVO: V12984535
[2026-02-03 11:10:22] [DEBUG]   ✨ NUEVO: V12984544
[2026-02-03 11:10:22] [DEBUG]   ✨ NUEVO: V12984656
[2026-02-03 11:10:22] [DEBUG]   ✨ NUEVO: V13070635
[2026-02-03 11:10:22] [DEBUG]   ✨ NUEVO: V13109634
[2026-02-03 11:10:22] [DEBUG]   ✨ NUEVO: V13111943
[2026-02-03 11:10:22] [DEBUG]   ✨ NUEVO: V13138944
[2026-02-03 11:10:22] [DEBUG]   ✨ NUEVO: V13140893
[2026-02-03 11:10:22] [DEBUG]   ✨ NUEVO: V13141386
[2026-02-03 11:10:22] [DEBUG]   ✨ NUEVO: V13190097
[2026-02-03 11:10:22] [DEBUG]   ✨ NUEVO: V13251238
[2026-02-03 11:10:22] [DEBUG]   ✨ NUEVO: V13281213
[2026-02-03 11:10:22] [DEBUG]   ✨ NUEVO: V13288215
[2026-02-03 11:10:22] [DEBUG]   ✨ NUEVO: V13320385
[2026-02-03 11:10:22] [DEBUG]   ✨ NUEVO: V13320922
[2026-02-03 11:10:22] [DEBUG]   ✨ NUEVO: V13321844
[2026-02-03 11:10:22] [DEBUG]   ✨ NUEVO: V13362581
[2026-02-03 11:10:22] [DEBUG]   ✨ NUEVO: V13367803
[2026-02-03 11:10:22] [DEBUG]   ✨ NUEVO: V13368129
[2026-02-03 11:10:22] [DEBUG]   ✨ NUEVO: V13375786
[2026-02-03 11:10:22] [DEBUG]   ✨ NUEVO: V-13.459.616
[2026-02-03 11:10:22] [DEBUG]   ✨ NUEVO: V13461628
[2026-02-03 11:10:22] [DEBUG]   ✨ NUEVO: V13528336
[2026-02-03 11:10:22] [DEBUG]   ✨ NUEVO: V13538731
[2026-02-03 11:10:22] [DEBUG]   ✨ NUEVO: V13557947
[2026-02-03 11:10:22] [DEBUG]   ✨ NUEVO: V13567628
[2026-02-03 11:10:22] [DEBUG]   ✨ NUEVO: V13568020
[2026-02-03 11:10:22] [DEBUG]   ✨ NUEVO: V13568059
[2026-02-03 11:10:22] [DEBUG]   ✨ NUEVO: V13568539
[2026-02-03 11:10:22] [DEBUG]   ✨ NUEVO: V13585598 
[2026-02-03 11:10:22] [DEBUG]   ✨ NUEVO: V13585937
[2026-02-03 11:10:22] [DEBUG]   ✨ NUEVO: V13599659
[2026-02-03 11:10:22] [DEBUG]   ✨ NUEVO: V13600097
[2026-02-03 11:10:22] [DEBUG]   ✨ NUEVO: V13600311
[2026-02-03 11:10:22] [DEBUG]   ✨ NUEVO: V13612976
[2026-02-03 11:10:22] [DEBUG]   ✨ NUEVO: V13617330
[2026-02-03 11:10:22] [DEBUG]   ✨ NUEVO: V13620961
[2026-02-03 11:10:22] [DEBUG]   ✨ NUEVO: V13658575
[2026-02-03 11:10:22] [DEBUG]   ✨ NUEVO: V13671298
[2026-02-03 11:10:22] [DEBUG]   ✨ NUEVO: V13703836
[2026-02-03 11:10:22] [DEBUG]   ✨ NUEVO: V13743864
[2026-02-03 11:10:22] [DEBUG]   ✨ NUEVO: V13749023
[2026-02-03 11:10:22] [DEBUG]   ✨ NUEVO: V13750524
[2026-02-03 11:10:22] [DEBUG]   ✨ NUEVO: V13827924
[2026-02-03 11:10:22] [DEBUG]   ✨ NUEVO: V13836249
[2026-02-03 11:10:22] [DEBUG]   ✨ NUEVO: V13844816
[2026-02-03 11:10:22] [DEBUG]   ✨ NUEVO: V13845112
[2026-02-03 11:10:22] [DEBUG]   ✨ NUEVO: V13846086
[2026-02-03 11:10:22] [DEBUG]   ✨ NUEVO: V13849077
[2026-02-03 11:10:22] [DEBUG]   ✨ NUEVO: V13853010
[2026-02-03 11:10:22] [DEBUG]   ✨ NUEVO: V13857713
[2026-02-03 11:10:22] [DEBUG]   ✨ NUEVO: V13858687
[2026-02-03 11:10:22] [DEBUG]   ✨ NUEVO: V13895473
[2026-02-03 11:10:22] [DEBUG]   ✨ NUEVO: V-13923496
[2026-02-03 11:10:22] [DEBUG]   ✨ NUEVO: V13927338
[2026-02-03 11:10:22] [DEBUG]   ✨ NUEVO: V13930401
[2026-02-03 11:10:22] [DEBUG]   ✨ NUEVO: V13950929
[2026-02-03 11:10:22] [DEBUG]   ✨ NUEVO: V13966060
[2026-02-03 11:10:22] [DEBUG]   ✨ NUEVO: V139688704
[2026-02-03 11:10:22] [DEBUG]   ✨ NUEVO: V13979254
[2026-02-03 11:10:22] [DEBUG]   ✨ NUEVO: V13979326
[2026-02-03 11:10:22] [DEBUG]   ✨ NUEVO: V13993594
[2026-02-03 11:10:22] [DEBUG]   ✨ NUEVO: V14017508
[2026-02-03 11:10:22] [DEBUG]   ✨ NUEVO: V14017508 
[2026-02-03 11:10:22] [DEBUG]   ✨ NUEVO: V14032548
[2026-02-03 11:10:22] [DEBUG]   ✨ NUEVO: V14062560
[2026-02-03 11:10:22] [DEBUG]   ✨ NUEVO: V14098303
[2026-02-03 11:10:22] [DEBUG]   ✨ NUEVO: V14098581
[2026-02-03 11:10:22] [DEBUG]   ✨ NUEVO: V14128908
[2026-02-03 11:10:22] [DEBUG]   ✨ NUEVO: V14129910
[2026-02-03 11:10:22] [DEBUG]   ✨ NUEVO: V14141829
[2026-02-03 11:10:22] [DEBUG]   ✨ NUEVO: V14164048
[2026-02-03 11:10:22] [DEBUG]   ✨ NUEVO: V14172961
[2026-02-03 11:10:22] [DEBUG]   ✨ NUEVO: V14225830
[2026-02-03 11:10:22] [DEBUG]   ✨ NUEVO: V14239139
[2026-02-03 11:10:22] [DEBUG]   ✨ NUEVO: V14260025
[2026-02-03 11:10:22] [DEBUG]   ✨ NUEVO: V14283553
[2026-02-03 11:10:22] [DEBUG]   ✨ NUEVO: V14286009
[2026-02-03 11:10:22] [DEBUG]   ✨ NUEVO: V14299237
[2026-02-03 11:10:22] [DEBUG]   ✨ NUEVO: V14308037
[2026-02-03 11:10:22] [DEBUG]   ✨ NUEVO: V14311102
[2026-02-03 11:10:22] [DEBUG]   ✨ NUEVO: V14320613
[2026-02-03 11:10:22] [DEBUG]   ✨ NUEVO: V14330377
[2026-02-03 11:10:22] [DEBUG]   ✨ NUEVO: V14330381
[2026-02-03 11:10:22] [DEBUG]   ✨ NUEVO: V14330939
[2026-02-03 11:10:22] [DEBUG]   ✨ NUEVO: V14387148
[2026-02-03 11:10:22] [DEBUG]   ✨ NUEVO: V14415161
[2026-02-03 11:10:22] [DEBUG]   ✨ NUEVO: V14453696
[2026-02-03 11:10:22] [DEBUG]   ✨ NUEVO: V14472204
[2026-02-03 11:10:22] [DEBUG]   ✨ NUEVO: V14482126
[2026-02-03 11:10:22] [DEBUG]   ✨ NUEVO: V14519272
[2026-02-03 11:10:22] [DEBUG]   ✨ NUEVO: V14527894
[2026-02-03 11:10:22] [DEBUG]   ✨ NUEVO: V14528040
[2026-02-03 11:10:22] [DEBUG]   ✨ NUEVO: V14528544
[2026-02-03 11:10:22] [DEBUG]   ✨ NUEVO: V14533866
[2026-02-03 11:10:22] [DEBUG]   ✨ NUEVO: V14584862
[2026-02-03 11:10:22] [DEBUG]   ✨ NUEVO: V14609153
[2026-02-03 11:10:22] [DEBUG]   ✨ NUEVO: V14643435
[2026-02-03 11:10:22] [DEBUG]   ✨ NUEVO: V14652079
[2026-02-03 11:10:22] [DEBUG]   ✨ NUEVO: V14679857
[2026-02-03 11:10:22] [DEBUG]   ✨ NUEVO: V14687984
[2026-02-03 11:10:22] [DEBUG]   ✨ NUEVO: V14689308
[2026-02-03 11:10:22] [DEBUG]   ✨ NUEVO: V14690333
[2026-02-03 11:10:22] [DEBUG]   ✨ NUEVO: V14721894
[2026-02-03 11:10:22] [DEBUG]   ✨ NUEVO: V14728118
[2026-02-03 11:10:22] [DEBUG]   ✨ NUEVO: V14729408
[2026-02-03 11:10:22] [DEBUG]   ✨ NUEVO: V14796519
[2026-02-03 11:10:22] [DEBUG]   ✨ NUEVO: V14830805
[2026-02-03 11:10:22] [DEBUG]   ✨ NUEVO: V14844882
[2026-02-03 11:10:22] [DEBUG]   ✨ NUEVO: V14849134
[2026-02-03 11:10:22] [DEBUG]   ✨ NUEVO: V14868529
[2026-02-03 11:10:22] [DEBUG]   ✨ NUEVO: V14897933
[2026-02-03 11:10:22] [DEBUG]   ✨ NUEVO: V14972795
[2026-02-03 11:10:22] [DEBUG]   ✨ NUEVO: V14977478
[2026-02-03 11:10:22] [DEBUG]   ✨ NUEVO: V15016083
[2026-02-03 11:10:22] [DEBUG]   ✨ NUEVO: V15026567
[2026-02-03 11:10:22] [DEBUG]   ✨ NUEVO: V15098824
[2026-02-03 11:10:22] [DEBUG]   ✨ NUEVO: V15106479
[2026-02-03 11:10:22] [DEBUG]   ✨ NUEVO: V15118620
[2026-02-03 11:10:22] [DEBUG]   ✨ NUEVO: V15147736
[2026-02-03 11:10:22] [DEBUG]   ✨ NUEVO: V15155798
[2026-02-03 11:10:22] [DEBUG]   ✨ NUEVO: V15162904
[2026-02-03 11:10:22] [DEBUG]   ✨ NUEVO: V15166930
[2026-02-03 11:10:22] [DEBUG]   ✨ NUEVO: V15198816
[2026-02-03 11:10:22] [DEBUG]   ✨ NUEVO: V15204407
[2026-02-03 11:10:22] [DEBUG]   ✨ NUEVO: V15251271
[2026-02-03 11:10:22] [DEBUG]   ✨ NUEVO: V15267593
[2026-02-03 11:10:22] [DEBUG]   ✨ NUEVO: V-15315595
[2026-02-03 11:10:22] [DEBUG]   ✨ NUEVO: V15368476
[2026-02-03 11:10:22] [DEBUG]   ✨ NUEVO: V15373391
[2026-02-03 11:10:22] [DEBUG]   ✨ NUEVO: V15373399
[2026-02-03 11:10:22] [DEBUG]   ✨ NUEVO: V15376554+
[2026-02-03 11:10:22] [DEBUG]   ✨ NUEVO: V15420409
[2026-02-03 11:10:22] [DEBUG]   ✨ NUEVO: V15462577
[2026-02-03 11:10:22] [DEBUG]   ✨ NUEVO: V15474045
[2026-02-03 11:10:22] [DEBUG]   ✨ NUEVO: V15504515
[2026-02-03 11:10:22] [DEBUG]   ✨ NUEVO: V15508962
[2026-02-03 11:10:22] [DEBUG]   ✨ NUEVO: V15577602
[2026-02-03 11:10:22] [DEBUG]   ✨ NUEVO: V15586922
[2026-02-03 11:10:22] [DEBUG]   ✨ NUEVO: V15587328
[2026-02-03 11:10:22] [DEBUG]   ✨ NUEVO: V15614983
[2026-02-03 11:10:22] [DEBUG]   ✨ NUEVO: V15615733
[2026-02-03 11:10:22] [DEBUG]   ✨ NUEVO: V15616280
[2026-02-03 11:10:22] [DEBUG]   ✨ NUEVO: V15658541
[2026-02-03 11:10:22] [DEBUG]   ✨ NUEVO: V15696840
[2026-02-03 11:10:22] [DEBUG]   ✨ NUEVO: V15699954
[2026-02-03 11:10:22] [DEBUG]   ✨ NUEVO: V15715457
[2026-02-03 11:10:22] [DEBUG]   ✨ NUEVO: V15757727
[2026-02-03 11:10:22] [DEBUG]   ✨ NUEVO: V15781406
[2026-02-03 11:10:22] [DEBUG]   ✨ NUEVO: V15792284
[2026-02-03 11:10:22] [DEBUG]   ✨ NUEVO: V15836855
[2026-02-03 11:10:22] [DEBUG]   ✨ NUEVO: V15837130
[2026-02-03 11:10:22] [DEBUG]   ✨ NUEVO: V15871885
[2026-02-03 11:10:22] [DEBUG]   ✨ NUEVO: V15927793
[2026-02-03 11:10:22] [DEBUG]   ✨ NUEVO: V15985077
[2026-02-03 11:10:22] [DEBUG]   ✨ NUEVO: V16006069
[2026-02-03 11:10:22] [DEBUG]   ✨ NUEVO: V16029913
[2026-02-03 11:10:22] [DEBUG]   ✨ NUEVO: V16034567
[2026-02-03 11:10:22] [DEBUG]   ✨ NUEVO: V16056906
[2026-02-03 11:10:22] [DEBUG]   ✨ NUEVO: V16057742
[2026-02-03 11:10:22] [DEBUG]   ✨ NUEVO: V16057826
[2026-02-03 11:10:22] [DEBUG]   ✨ NUEVO: V16058593
[2026-02-03 11:10:22] [DEBUG]   ✨ NUEVO: V16094069
[2026-02-03 11:10:22] [DEBUG]   ✨ NUEVO: V16133550
[2026-02-03 11:10:22] [DEBUG]   ✨ NUEVO: V16136391
[2026-02-03 11:10:22] [DEBUG]   ✨ NUEVO: V16202002
[2026-02-03 11:10:22] [DEBUG]   ✨ NUEVO: V16223440
[2026-02-03 11:10:22] [DEBUG]   ✨ NUEVO: V16226077
[2026-02-03 11:10:22] [DEBUG]   ✨ NUEVO: V16236062
[2026-02-03 11:10:22] [DEBUG]   ✨ NUEVO: V16243024
[2026-02-03 11:10:22] [DEBUG]   ✨ NUEVO: V16250174
[2026-02-03 11:10:22] [DEBUG]   ✨ NUEVO: V16273367
[2026-02-03 11:10:22] [DEBUG]   ✨ NUEVO: V16309969
[2026-02-03 11:10:22] [DEBUG]   ✨ NUEVO: V16378295
[2026-02-03 11:10:22] [DEBUG]   ✨ NUEVO: V16404214
[2026-02-03 11:10:22] [DEBUG]   ✨ NUEVO: V16419770 
[2026-02-03 11:10:22] [DEBUG]   ✨ NUEVO: V16450236
[2026-02-03 11:10:22] [DEBUG]   ✨ NUEVO: V16450432
[2026-02-03 11:10:22] [DEBUG]   ✨ NUEVO: V16450568
[2026-02-03 11:10:22] [DEBUG]   ✨ NUEVO: V16450915
[2026-02-03 11:10:22] [DEBUG]   ✨ NUEVO: V16451268
[2026-02-03 11:10:22] [DEBUG]   ✨ NUEVO: V16451807
[2026-02-03 11:10:22] [DEBUG]   ✨ NUEVO: V16452046
[2026-02-03 11:10:22] [DEBUG]   ✨ NUEVO: V16452329
[2026-02-03 11:10:22] [DEBUG]   ✨ NUEVO: V16452376
[2026-02-03 11:10:22] [DEBUG]   ✨ NUEVO: V16452624
[2026-02-03 11:10:22] [DEBUG]   ✨ NUEVO: V16455580
[2026-02-03 11:10:22] [DEBUG]   ✨ NUEVO: V16502197
[2026-02-03 11:10:22] [DEBUG]   ✨ NUEVO: V16542215
[2026-02-03 11:10:22] [DEBUG]   ✨ NUEVO: V-16544734
[2026-02-03 11:10:22] [DEBUG]   ✨ NUEVO: V16560291
[2026-02-03 11:10:22] [DEBUG]   ✨ NUEVO: V16564423 
[2026-02-03 11:10:22] [DEBUG]   ✨ NUEVO: V16620421
[2026-02-03 11:10:22] [DEBUG]   ✨ NUEVO: V16620699
[2026-02-03 11:10:22] [DEBUG]   ✨ NUEVO: V16637845
[2026-02-03 11:10:22] [DEBUG]   ✨ NUEVO: V16640971
[2026-02-03 11:10:22] [DEBUG]   ✨ NUEVO: V16658428
[2026-02-03 11:10:22] [DEBUG]   ✨ NUEVO: V16669579
[2026-02-03 11:10:22] [DEBUG]   ✨ NUEVO: V16705702
[2026-02-03 11:10:22] [DEBUG]   ✨ NUEVO: V16705722
[2026-02-03 11:10:22] [DEBUG]   ✨ NUEVO: V16726529
[2026-02-03 11:10:22] [DEBUG]   ✨ NUEVO: V16754765
[2026-02-03 11:10:22] [DEBUG]   ✨ NUEVO: V16797535
[2026-02-03 11:10:22] [DEBUG]   ✨ NUEVO: V16819203
[2026-02-03 11:10:22] [DEBUG]   ✨ NUEVO: V16820853
[2026-02-03 11:10:22] [DEBUG]   ✨ NUEVO: V16830388
[2026-02-03 11:10:22] [DEBUG]   ✨ NUEVO: V16853087
[2026-02-03 11:10:22] [DEBUG]   ✨ NUEVO: V16861179
[2026-02-03 11:10:22] [DEBUG]   ✨ NUEVO: V16865716
[2026-02-03 11:10:22] [DEBUG]   ✨ NUEVO: V16909234
[2026-02-03 11:10:22] [DEBUG]   ✨ NUEVO: V16909909
[2026-02-03 11:10:22] [DEBUG]   ✨ NUEVO: V16910031
[2026-02-03 11:10:22] [DEBUG]   ✨ NUEVO: V16910902
[2026-02-03 11:10:22] [DEBUG]   ✨ NUEVO: V16911629
[2026-02-03 11:10:22] [DEBUG]   ✨ NUEVO: V16953140
[2026-02-03 11:10:22] [DEBUG]   ✨ NUEVO: V16994938
[2026-02-03 11:10:22] [DEBUG]   ✨ NUEVO: V17018092
[2026-02-03 11:10:22] [DEBUG]   ✨ NUEVO: V17075919
[2026-02-03 11:10:22] [DEBUG]   ✨ NUEVO: V17081025
[2026-02-03 11:10:22] [DEBUG]   ✨ NUEVO: V17084139
[2026-02-03 11:10:22] [DEBUG]   ✨ NUEVO: V17093683
[2026-02-03 11:10:22] [DEBUG]   ✨ NUEVO: V17105845
[2026-02-03 11:10:22] [DEBUG]   ✨ NUEVO: V17142234
[2026-02-03 11:10:22] [DEBUG]   ✨ NUEVO: V17146863
[2026-02-03 11:10:22] [DEBUG]   ✨ NUEVO: V17152840
[2026-02-03 11:10:22] [DEBUG]   ✨ NUEVO: V17159909 
[2026-02-03 11:10:22] [DEBUG]   ✨ NUEVO: V17198925
[2026-02-03 11:10:22] [DEBUG]   ✨ NUEVO: V17287422
[2026-02-03 11:10:22] [DEBUG]   ✨ NUEVO: V17311475
[2026-02-03 11:10:22] [DEBUG]   ✨ NUEVO: V17313275
[2026-02-03 11:10:22] [DEBUG]   ✨ NUEVO: V17337202
[2026-02-03 11:10:22] [DEBUG]   ✨ NUEVO: V17402418
[2026-02-03 11:10:22] [DEBUG]   ✨ NUEVO: V17425055
[2026-02-03 11:10:22] [DEBUG]   ✨ NUEVO: V17438094
[2026-02-03 11:10:22] [DEBUG]   ✨ NUEVO: V17439436
[2026-02-03 11:10:22] [DEBUG]   ✨ NUEVO: V17452020
[2026-02-03 11:10:22] [DEBUG]   ✨ NUEVO: V17453033
[2026-02-03 11:10:22] [DEBUG]   ✨ NUEVO: V17453328
[2026-02-03 11:10:22] [DEBUG]   ✨ NUEVO: V17453955
[2026-02-03 11:10:22] [DEBUG]   ✨ NUEVO: V17454075
[2026-02-03 11:10:22] [DEBUG]   ✨ NUEVO: V17454972
[2026-02-03 11:10:22] [DEBUG]   ✨ NUEVO: V17468439
[2026-02-03 11:10:22] [DEBUG]   ✨ NUEVO: V17502316
[2026-02-03 11:10:22] [DEBUG]   ✨ NUEVO: V17599643
[2026-02-03 11:10:22] [DEBUG]   ✨ NUEVO: V17649538
[2026-02-03 11:10:22] [DEBUG]   ✨ NUEVO: V17652100
[2026-02-03 11:10:22] [DEBUG]   ✨ NUEVO: V17678598
[2026-02-03 11:10:22] [DEBUG]   ✨ NUEVO: V17719608
[2026-02-03 11:10:22] [DEBUG]   ✨ NUEVO: V17772038
[2026-02-03 11:10:22] [DEBUG]   ✨ NUEVO: V17772494
[2026-02-03 11:10:22] [DEBUG]   ✨ NUEVO: V17772965
[2026-02-03 11:10:22] [DEBUG]   ✨ NUEVO: V17773180
[2026-02-03 11:10:22] [DEBUG]   ✨ NUEVO: V17773197
[2026-02-03 11:10:22] [DEBUG]   ✨ NUEVO: V17773277
[2026-02-03 11:10:22] [DEBUG]   ✨ NUEVO: V17773458
[2026-02-03 11:10:22] [DEBUG]   ✨ NUEVO: V17774268
[2026-02-03 11:10:22] [DEBUG]   ✨ NUEVO: V17774444
[2026-02-03 11:10:22] [DEBUG]   ✨ NUEVO: V17779185
[2026-02-03 11:10:22] [DEBUG]   ✨ NUEVO: V17836022
[2026-02-03 11:10:22] [DEBUG]   ✨ NUEVO: V17841256
[2026-02-03 11:10:22] [DEBUG]   ✨ NUEVO: V17855808
[2026-02-03 11:10:22] [DEBUG]   ✨ NUEVO: V17921393
[2026-02-03 11:10:22] [DEBUG]   ✨ NUEVO: V17964427
[2026-02-03 11:10:22] [DEBUG]   ✨ NUEVO: V17988079
[2026-02-03 11:10:22] [DEBUG]   ✨ NUEVO: V18004903
[2026-02-03 11:10:22] [DEBUG]   ✨ NUEVO: V18029347
[2026-02-03 11:10:22] [DEBUG]   ✨ NUEVO: V18035501
[2026-02-03 11:10:22] [DEBUG]   ✨ NUEVO: V18039393
[2026-02-03 11:10:22] [DEBUG]   ✨ NUEVO: V18072938
[2026-02-03 11:10:22] [DEBUG]   ✨ NUEVO: V18093899
[2026-02-03 11:10:22] [DEBUG]   ✨ NUEVO: V18094832
[2026-02-03 11:10:22] [DEBUG]   ✨ NUEVO: V18095523
[2026-02-03 11:10:22] [DEBUG]   ✨ NUEVO: V18111771
[2026-02-03 11:10:22] [DEBUG]   ✨ NUEVO: V18131999
[2026-02-03 11:10:22] [DEBUG]   ✨ NUEVO: V18132606
[2026-02-03 11:10:22] [DEBUG]   ✨ NUEVO: V18133205
[2026-02-03 11:10:22] [DEBUG]   ✨ NUEVO: V18133646
[2026-02-03 11:10:22] [DEBUG]   ✨ NUEVO: V18133690
[2026-02-03 11:10:22] [DEBUG]   ✨ NUEVO: V18133963
[2026-02-03 11:10:22] [DEBUG]   ✨ NUEVO: V18134102
[2026-02-03 11:10:22] [DEBUG]   ✨ NUEVO: V18134630
[2026-02-03 11:10:22] [DEBUG]   ✨ NUEVO: V18143354
[2026-02-03 11:10:22] [DEBUG]   ✨ NUEVO: V18160297
[2026-02-03 11:10:22] [DEBUG]   ✨ NUEVO: V18212505
[2026-02-03 11:10:22] [DEBUG]   ✨ NUEVO: V18270320
[2026-02-03 11:10:22] [DEBUG]   ✨ NUEVO: V18282495
[2026-02-03 11:10:22] [DEBUG]   ✨ NUEVO: V18301275
[2026-02-03 11:10:22] [DEBUG]   ✨ NUEVO: V18328179
[2026-02-03 11:10:22] [DEBUG]   ✨ NUEVO: V18336807
[2026-02-03 11:10:22] [DEBUG]   ✨ NUEVO: V18364476
[2026-02-03 11:10:22] [DEBUG]   ✨ NUEVO: V18368814
[2026-02-03 11:10:22] [DEBUG]   ✨ NUEVO: V18369039
[2026-02-03 11:10:22] [DEBUG]   ✨ NUEVO: V18441809
[2026-02-03 11:10:22] [DEBUG]   ✨ NUEVO: V18443132
[2026-02-03 11:10:22] [DEBUG]   ✨ NUEVO: V18445121
[2026-02-03 11:10:22] [DEBUG]   ✨ NUEVO: V18446765
[2026-02-03 11:10:22] [DEBUG]   ✨ NUEVO: V18446925
[2026-02-03 11:10:22] [DEBUG]   ✨ NUEVO: V18465260
[2026-02-03 11:10:22] [DEBUG]   ✨ NUEVO: V18467966
[2026-02-03 11:10:22] [DEBUG]   ✨ NUEVO: V18486794
[2026-02-03 11:10:22] [DEBUG]   ✨ NUEVO: V18527754
[2026-02-03 11:10:22] [DEBUG]   ✨ NUEVO: V18546464
[2026-02-03 11:10:22] [DEBUG]   ✨ NUEVO: V18598483
[2026-02-03 11:10:22] [DEBUG]   ✨ NUEVO: V18599909
[2026-02-03 11:10:22] [DEBUG]   ✨ NUEVO: V18601834
[2026-02-03 11:10:22] [DEBUG]   ✨ NUEVO: V18610064
[2026-02-03 11:10:22] [DEBUG]   ✨ NUEVO: V-18631214
[2026-02-03 11:10:22] [DEBUG]   ✨ NUEVO: V18637369
[2026-02-03 11:10:22] [DEBUG]   ✨ NUEVO: V18707610
[2026-02-03 11:10:22] [DEBUG]   ✨ NUEVO: V18710714
[2026-02-03 11:10:22] [DEBUG]   ✨ NUEVO: V18713154
[2026-02-03 11:10:22] [DEBUG]   ✨ NUEVO: V18777506
[2026-02-03 11:10:22] [DEBUG]   ✨ NUEVO: V18798299
[2026-02-03 11:10:22] [DEBUG]   ✨ NUEVO: V18816037
[2026-02-03 11:10:22] [DEBUG]   ✨ NUEVO: V18830755
[2026-02-03 11:10:22] [DEBUG]   ✨ NUEVO: V18837092
[2026-02-03 11:10:22] [DEBUG]   ✨ NUEVO: V18936754
[2026-02-03 11:10:22] [DEBUG]   ✨ NUEVO: V18938921
[2026-02-03 11:10:22] [DEBUG]   ✨ NUEVO: V18995284
[2026-02-03 11:10:22] [DEBUG]   ✨ NUEVO: V19018196
[2026-02-03 11:10:22] [DEBUG]   ✨ NUEVO: V19018288
[2026-02-03 11:10:22] [DEBUG]   ✨ NUEVO: V19018940
[2026-02-03 11:10:22] [DEBUG]   ✨ NUEVO: V19019944
[2026-02-03 11:10:22] [DEBUG]   ✨ NUEVO: V19060587
[2026-02-03 11:10:22] [DEBUG]   ✨ NUEVO: V19060653
[2026-02-03 11:10:22] [DEBUG]   ✨ NUEVO: V19078876
[2026-02-03 11:10:22] [DEBUG]   ✨ NUEVO: V19116622
[2026-02-03 11:10:22] [DEBUG]   ✨ NUEVO: V19123572
[2026-02-03 11:10:22] [DEBUG]   ✨ NUEVO: V19141083
[2026-02-03 11:10:22] [DEBUG]   ✨ NUEVO: V19145638
[2026-02-03 11:10:22] [DEBUG]   ✨ NUEVO: V19190062
[2026-02-03 11:10:22] [DEBUG]   ✨ NUEVO: V19200887
[2026-02-03 11:10:22] [DEBUG]   ✨ NUEVO: V19226812
[2026-02-03 11:10:22] [DEBUG]   ✨ NUEVO: V19274524
[2026-02-03 11:10:22] [DEBUG]   ✨ NUEVO: V19304380
[2026-02-03 11:10:22] [DEBUG]   ✨ NUEVO: V19305163
[2026-02-03 11:10:22] [DEBUG]   ✨ NUEVO: V19305271
[2026-02-03 11:10:22] [DEBUG]   ✨ NUEVO: V19305549
[2026-02-03 11:10:22] [DEBUG]   ✨ NUEVO: V19305683
[2026-02-03 11:10:22] [DEBUG]   ✨ NUEVO: V19305974
[2026-02-03 11:10:22] [DEBUG]   ✨ NUEVO: V19309454
[2026-02-03 11:10:22] [DEBUG]   ✨ NUEVO: V19313824
[2026-02-03 11:10:22] [DEBUG]   ✨ NUEVO: V19318243
[2026-02-03 11:10:22] [DEBUG]   ✨ NUEVO: V19340402
[2026-02-03 11:10:22] [DEBUG]   ✨ NUEVO: V19354457
[2026-02-03 11:10:22] [DEBUG]   ✨ NUEVO: V19362035
[2026-02-03 11:10:22] [DEBUG]   ✨ NUEVO: V19367400
[2026-02-03 11:10:22] [DEBUG]   ✨ NUEVO: V19381041
[2026-02-03 11:10:22] [DEBUG]   ✨ NUEVO: V19397319
[2026-02-03 11:10:22] [DEBUG]   ✨ NUEVO: V19459233
[2026-02-03 11:10:22] [DEBUG]   ✨ NUEVO: V19494874
[2026-02-03 11:10:22] [DEBUG]   ✨ NUEVO: V19497263
[2026-02-03 11:10:22] [DEBUG]   ✨ NUEVO: V19500928
[2026-02-03 11:10:22] [DEBUG]   ✨ NUEVO: V19505202
[2026-02-03 11:10:22] [DEBUG]   ✨ NUEVO: V19633850
[2026-02-03 11:10:22] [DEBUG]   ✨ NUEVO: V19682500
[2026-02-03 11:10:22] [DEBUG]   ✨ NUEVO: V19692041
[2026-02-03 11:10:22] [DEBUG]   ✨ NUEVO: V19710752 
[2026-02-03 11:10:22] [DEBUG]   ✨ NUEVO: V19721730
[2026-02-03 11:10:22] [DEBUG]   ✨ NUEVO: V19736964
[2026-02-03 11:10:22] [DEBUG]   ✨ NUEVO: V19753372
[2026-02-03 11:10:22] [DEBUG]   ✨ NUEVO: V19787096
[2026-02-03 11:10:22] [DEBUG]   ✨ NUEVO: V19787267
[2026-02-03 11:10:22] [DEBUG]   ✨ NUEVO: V19788251
[2026-02-03 11:10:22] [DEBUG]   ✨ NUEVO: V19788393
[2026-02-03 11:10:22] [DEBUG]   ✨ NUEVO: V19788872
[2026-02-03 11:10:22] [DEBUG]   ✨ NUEVO: V19879135
[2026-02-03 11:10:22] [DEBUG]   ✨ NUEVO: V19885318
[2026-02-03 11:10:22] [DEBUG]   ✨ NUEVO: V19885584
[2026-02-03 11:10:22] [DEBUG]   ✨ NUEVO: V19885695
[2026-02-03 11:10:22] [DEBUG]   ✨ NUEVO: V19905259
[2026-02-03 11:10:22] [DEBUG]   ✨ NUEVO: V19960575
[2026-02-03 11:10:22] [DEBUG]   ✨ NUEVO: V19985412
[2026-02-03 11:10:22] [DEBUG]   ✨ NUEVO: V20006485
[2026-02-03 11:10:22] [DEBUG]   ✨ NUEVO: V20026457
[2026-02-03 11:10:22] [DEBUG]   ✨ NUEVO: V20102083
[2026-02-03 11:10:22] [DEBUG]   ✨ NUEVO: V20102176
[2026-02-03 11:10:22] [DEBUG]   ✨ NUEVO: V20102968
[2026-02-03 11:10:22] [DEBUG]   ✨ NUEVO: V20114026
[2026-02-03 11:10:22] [DEBUG]   ✨ NUEVO: V20191547
[2026-02-03 11:10:22] [DEBUG]   ✨ NUEVO: V20208717
[2026-02-03 11:10:22] [DEBUG]   ✨ NUEVO: V20211859
[2026-02-03 11:10:22] [DEBUG]   ✨ NUEVO: V20220111
[2026-02-03 11:10:22] [DEBUG]   ✨ NUEVO: V20227233
[2026-02-03 11:10:22] [DEBUG]   ✨ NUEVO: V20228008 
[2026-02-03 11:10:22] [DEBUG]   ✨ NUEVO: V20240488
[2026-02-03 11:10:22] [DEBUG]   ✨ NUEVO: V20285434
[2026-02-03 11:10:22] [DEBUG]   ✨ NUEVO: V20296861
[2026-02-03 11:10:22] [DEBUG]   ✨ NUEVO: V20350333
[2026-02-03 11:10:22] [DEBUG]   ✨ NUEVO: V20417275
[2026-02-03 11:10:22] [DEBUG]   ✨ NUEVO: V20417448
[2026-02-03 11:10:22] [DEBUG]   ✨ NUEVO: V20417910
[2026-02-03 11:10:22] [DEBUG]   ✨ NUEVO: V20418001
[2026-02-03 11:10:22] [DEBUG]   ✨ NUEVO: V20453318
[2026-02-03 11:10:22] [DEBUG]   ✨ NUEVO: V20469533
[2026-02-03 11:10:22] [DEBUG]   ✨ NUEVO: V20592948
[2026-02-03 11:10:22] [DEBUG]   ✨ NUEVO: V20639815
[2026-02-03 11:10:22] [DEBUG]   ✨ NUEVO: V20677251
[2026-02-03 11:10:22] [DEBUG]   ✨ NUEVO: V20696624
[2026-02-03 11:10:22] [DEBUG]   ✨ NUEVO: V20741816
[2026-02-03 11:10:22] [DEBUG]   ✨ NUEVO: V20774973
[2026-02-03 11:10:22] [DEBUG]   ✨ NUEVO: V20781656
[2026-02-03 11:10:22] [DEBUG]   ✨ NUEVO: V20783619
[2026-02-03 11:10:22] [DEBUG]   ✨ NUEVO: V20799392
[2026-02-03 11:10:22] [DEBUG]   ✨ NUEVO: V20813394
[2026-02-03 11:10:22] [DEBUG]   ✨ NUEVO: V20820744
[2026-02-03 11:10:22] [DEBUG]   ✨ NUEVO: V20825502
[2026-02-03 11:10:22] [DEBUG]   ✨ NUEVO: V20838564
[2026-02-03 11:10:22] [DEBUG]   ✨ NUEVO: V20839699
[2026-02-03 11:10:22] [DEBUG]   ✨ NUEVO: V20850273 
[2026-02-03 11:10:22] [DEBUG]   ✨ NUEVO: V20853558
[2026-02-03 11:10:22] [DEBUG]   ✨ NUEVO: V20894062
[2026-02-03 11:10:22] [DEBUG]   ✨ NUEVO: V20964696
[2026-02-03 11:10:22] [DEBUG]   ✨ NUEVO: V20969351
[2026-02-03 11:10:22] [DEBUG]   ✨ NUEVO: V20996748
[2026-02-03 11:10:22] [DEBUG]   ✨ NUEVO: V20996752
[2026-02-03 11:10:22] [DEBUG]   ✨ NUEVO: V20997625
[2026-02-03 11:10:22] [DEBUG]   ✨ NUEVO: V20997934
[2026-02-03 11:10:22] [DEBUG]   ✨ NUEVO: V20998091
[2026-02-03 11:10:22] [DEBUG]   ✨ NUEVO: V20998838
[2026-02-03 11:10:22] [DEBUG]   ✨ NUEVO: V20998951
[2026-02-03 11:10:22] [DEBUG]   ✨ NUEVO: V21032684
[2026-02-03 11:10:22] [DEBUG]   ✨ NUEVO: V21055378
[2026-02-03 11:10:22] [DEBUG]   ✨ NUEVO: V21080395
[2026-02-03 11:10:22] [DEBUG]   ✨ NUEVO: V21119369
[2026-02-03 11:10:22] [DEBUG]   ✨ NUEVO: V21149023
[2026-02-03 11:10:22] [DEBUG]   ✨ NUEVO: V21165208
[2026-02-03 11:10:22] [DEBUG]   ✨ NUEVO: V21176000
[2026-02-03 11:10:22] [DEBUG]   ✨ NUEVO: V21187123
[2026-02-03 11:10:22] [DEBUG]   ✨ NUEVO: V21206522
[2026-02-03 11:10:22] [DEBUG]   ✨ NUEVO: V21242198
[2026-02-03 11:10:22] [DEBUG]   ✨ NUEVO: V21272017
[2026-02-03 11:10:22] [DEBUG]   ✨ NUEVO: V21282401
[2026-02-03 11:10:22] [DEBUG]   ✨ NUEVO: V21282604
[2026-02-03 11:10:22] [DEBUG]   ✨ NUEVO: V21360130
[2026-02-03 11:10:22] [DEBUG]   ✨ NUEVO: V21414332
[2026-02-03 11:10:22] [DEBUG]   ✨ NUEVO: V21531692
[2026-02-03 11:10:22] [DEBUG]   ✨ NUEVO: V21534214
[2026-02-03 11:10:22] [DEBUG]   ✨ NUEVO: V21545812
[2026-02-03 11:10:22] [DEBUG]   ✨ NUEVO: V21573637
[2026-02-03 11:10:22] [DEBUG]   ✨ NUEVO: V21574623
[2026-02-03 11:10:22] [DEBUG]   ✨ NUEVO: V22025972
[2026-02-03 11:10:22] [DEBUG]   ✨ NUEVO: V22040156
[2026-02-03 11:10:22] [DEBUG]   ✨ NUEVO: V22312285
[2026-02-03 11:10:22] [DEBUG]   ✨ NUEVO: V22346330
[2026-02-03 11:10:22] [DEBUG]   ✨ NUEVO: V22346404
[2026-02-03 11:10:22] [DEBUG]   ✨ NUEVO: V22346481
[2026-02-03 11:10:22] [DEBUG]   ✨ NUEVO: V22346923
[2026-02-03 11:10:22] [DEBUG]   ✨ NUEVO: V22346989.
[2026-02-03 11:10:22] [DEBUG]   ✨ NUEVO: V22347037
[2026-02-03 11:10:22] [DEBUG]   ✨ NUEVO: V22347413
[2026-02-03 11:10:22] [DEBUG]   ✨ NUEVO: V22347542
[2026-02-03 11:10:22] [DEBUG]   ✨ NUEVO: V22347635
[2026-02-03 11:10:22] [DEBUG]   ✨ NUEVO: V22347893
[2026-02-03 11:10:22] [DEBUG]   ✨ NUEVO: V22347926
[2026-02-03 11:10:22] [DEBUG]   ✨ NUEVO: V22502985
[2026-02-03 11:10:22] [DEBUG]   ✨ NUEVO: V22534734
[2026-02-03 11:10:22] [DEBUG]   ✨ NUEVO: V22534826
[2026-02-03 11:10:22] [DEBUG]   ✨ NUEVO: V22534857
[2026-02-03 11:10:22] [DEBUG]   ✨ NUEVO: V22535248
[2026-02-03 11:10:22] [DEBUG]   ✨ NUEVO: V22535306
[2026-02-03 11:10:22] [DEBUG]   ✨ NUEVO: V22574000
[2026-02-03 11:10:22] [DEBUG]   ✨ NUEVO: V22653705
[2026-02-03 11:10:22] [DEBUG]   ✨ NUEVO: V22708965
[2026-02-03 11:10:22] [DEBUG]   ✨ NUEVO: V22751791
[2026-02-03 11:10:22] [DEBUG]   ✨ NUEVO: V22756771
[2026-02-03 11:10:22] [DEBUG]   ✨ NUEVO: V22776749
[2026-02-03 11:10:22] [DEBUG]   ✨ NUEVO: V22776804
[2026-02-03 11:10:22] [DEBUG]   ✨ NUEVO: V22777014
[2026-02-03 11:10:22] [DEBUG]   ✨ NUEVO: V22788192
[2026-02-03 11:10:22] [DEBUG]   ✨ NUEVO: V22788653
[2026-02-03 11:10:22] [DEBUG]   ✨ NUEVO: V22789131
[2026-02-03 11:10:22] [DEBUG]   ✨ NUEVO: V23016986
[2026-02-03 11:10:22] [DEBUG]   ✨ NUEVO: V23041568
[2026-02-03 11:10:22] [DEBUG]   ✨ NUEVO: V23108115
[2026-02-03 11:10:22] [DEBUG]   ✨ NUEVO: V23496118
[2026-02-03 11:10:22] [DEBUG]   ✨ NUEVO: V23612105
[2026-02-03 11:10:22] [DEBUG]   ✨ NUEVO: V23623862
[2026-02-03 11:10:22] [DEBUG]   ✨ NUEVO: V23626683
[2026-02-03 11:10:22] [DEBUG]   ✨ NUEVO: V23643235
[2026-02-03 11:10:22] [DEBUG]   ✨ NUEVO: V23651517
[2026-02-03 11:10:22] [DEBUG]   ✨ NUEVO: V23651663
[2026-02-03 11:10:22] [DEBUG]   ✨ NUEVO: V23651669
[2026-02-03 11:10:22] [DEBUG]   ✨ NUEVO: V23651722
[2026-02-03 11:10:22] [DEBUG]   ✨ NUEVO: V23651739
[2026-02-03 11:10:22] [DEBUG]   ✨ NUEVO: V23651750
[2026-02-03 11:10:22] [DEBUG]   ✨ NUEVO: V23656968
[2026-02-03 11:10:22] [DEBUG]   ✨ NUEVO: V23708264
[2026-02-03 11:10:22] [DEBUG]   ✨ NUEVO: V23709424
[2026-02-03 11:10:22] [DEBUG]   ✨ NUEVO: V23729214
[2026-02-03 11:10:22] [DEBUG]   ✨ NUEVO: V23748141
[2026-02-03 11:10:22] [DEBUG]   ✨ NUEVO: V23793097
[2026-02-03 11:10:22] [DEBUG]   ✨ NUEVO: V23925839
[2026-02-03 11:10:22] [DEBUG]   ✨ NUEVO: V24219019
[2026-02-03 11:10:22] [DEBUG]   ✨ NUEVO: V24273991
[2026-02-03 11:10:22] [DEBUG]   ✨ NUEVO: V24274445
[2026-02-03 11:10:22] [DEBUG]   ✨ NUEVO: V24279923
[2026-02-03 11:10:22] [DEBUG]   ✨ NUEVO: V24279937
[2026-02-03 11:10:22] [DEBUG]   ✨ NUEVO: V24298446
[2026-02-03 11:10:22] [DEBUG]   ✨ NUEVO: V24318476
[2026-02-03 11:10:22] [DEBUG]   ✨ NUEVO: V24455399
[2026-02-03 11:10:22] [DEBUG]   ✨ NUEVO: V24478178
[2026-02-03 11:10:22] [DEBUG]   ✨ NUEVO: V24559417
[2026-02-03 11:10:22] [DEBUG]   ✨ NUEVO: V24590147
[2026-02-03 11:10:22] [DEBUG]   ✨ NUEVO: V24673503
[2026-02-03 11:10:22] [DEBUG]   ✨ NUEVO: V24699833
[2026-02-03 11:10:22] [DEBUG]   ✨ NUEVO: V24748495
[2026-02-03 11:10:22] [DEBUG]   ✨ NUEVO: V24804074
[2026-02-03 11:10:22] [DEBUG]   ✨ NUEVO: V24829177
[2026-02-03 11:10:22] [DEBUG]   ✨ NUEVO: V24939770
[2026-02-03 11:10:22] [DEBUG]   ✨ NUEVO: V24982384
[2026-02-03 11:10:22] [DEBUG]   ✨ NUEVO: V24998830
[2026-02-03 11:10:22] [DEBUG]   ✨ NUEVO: V25000351
[2026-02-03 11:10:22] [DEBUG]   ✨ NUEVO: V25011463
[2026-02-03 11:10:22] [DEBUG]   ✨ NUEVO: V25074754
[2026-02-03 11:10:22] [DEBUG]   ✨ NUEVO: V25125712
[2026-02-03 11:10:22] [DEBUG]   ✨ NUEVO: V25223069
[2026-02-03 11:10:22] [DEBUG]   ✨ NUEVO: V25223185
[2026-02-03 11:10:22] [DEBUG]   ✨ NUEVO: V25223401
[2026-02-03 11:10:22] [DEBUG]   ✨ NUEVO: V25223514
[2026-02-03 11:10:22] [DEBUG]   ✨ NUEVO: V25223778
[2026-02-03 11:10:22] [DEBUG]   ✨ NUEVO: V25223997
[2026-02-03 11:10:22] [DEBUG]   ✨ NUEVO: V25224157
[2026-02-03 11:10:22] [DEBUG]   ✨ NUEVO: V25226196
[2026-02-03 11:10:22] [DEBUG]   ✨ NUEVO: V25229280
[2026-02-03 11:10:22] [DEBUG]   ✨ NUEVO: V25252851
[2026-02-03 11:10:22] [DEBUG]   ✨ NUEVO: V25263616
[2026-02-03 11:10:22] [DEBUG]   ✨ NUEVO: V25272994
[2026-02-03 11:10:22] [DEBUG]   ✨ NUEVO: V25286097
[2026-02-03 11:10:22] [DEBUG]   ✨ NUEVO: V25301128
[2026-02-03 11:10:22] [DEBUG]   ✨ NUEVO: V25327174
[2026-02-03 11:10:22] [DEBUG]   ✨ NUEVO: V25376771
[2026-02-03 11:10:22] [DEBUG]   ✨ NUEVO: V25393086
[2026-02-03 11:10:22] [DEBUG]   ✨ NUEVO: V25414186
[2026-02-03 11:10:22] [DEBUG]   ✨ NUEVO: V25444454
[2026-02-03 11:10:22] [DEBUG]   ✨ NUEVO: V25478175
[2026-02-03 11:10:22] [DEBUG]   ✨ NUEVO: V25493690
[2026-02-03 11:10:22] [DEBUG]   ✨ NUEVO: V25501064
[2026-02-03 11:10:22] [DEBUG]   ✨ NUEVO: V25512992
[2026-02-03 11:10:22] [DEBUG]   ✨ NUEVO: V25539548
[2026-02-03 11:10:22] [DEBUG]   ✨ NUEVO: V25539756
[2026-02-03 11:10:22] [DEBUG]   ✨ NUEVO: V25539791
[2026-02-03 11:10:22] [DEBUG]   ✨ NUEVO: V25578377
[2026-02-03 11:10:22] [DEBUG]   ✨ NUEVO: V25663549
[2026-02-03 11:10:22] [DEBUG]   ✨ NUEVO: V25683114
[2026-02-03 11:10:22] [DEBUG]   ✨ NUEVO: V25685409
[2026-02-03 11:10:22] [DEBUG]   ✨ NUEVO: V25715866
[2026-02-03 11:10:22] [DEBUG]   ✨ NUEVO: V25749880
[2026-02-03 11:10:22] [DEBUG]   ✨ NUEVO: V25847964
[2026-02-03 11:10:22] [DEBUG]   ✨ NUEVO: V25852625
[2026-02-03 11:10:22] [DEBUG]   ✨ NUEVO: V25864419
[2026-02-03 11:10:22] [DEBUG]   ✨ NUEVO: V25878671
[2026-02-03 11:10:22] [DEBUG]   ✨ NUEVO: V25954632
[2026-02-03 11:10:22] [DEBUG]   ✨ NUEVO: V25963782
[2026-02-03 11:10:22] [DEBUG]   ✨ NUEVO: V26008200
[2026-02-03 11:10:22] [DEBUG]   ✨ NUEVO: V26009432
[2026-02-03 11:10:22] [DEBUG]   ✨ NUEVO: V26018583
[2026-02-03 11:10:22] [DEBUG]   ✨ NUEVO: V26027324
[2026-02-03 11:10:22] [DEBUG]   ✨ NUEVO: V26033038
[2026-02-03 11:10:22] [DEBUG]   ✨ NUEVO: V26070503
[2026-02-03 11:10:22] [DEBUG]   ✨ NUEVO: V26251895
[2026-02-03 11:10:22] [DEBUG]   ✨ NUEVO: V26255226
[2026-02-03 11:10:22] [DEBUG]   ✨ NUEVO: V26255507
[2026-02-03 11:10:22] [DEBUG]   ✨ NUEVO: V26255683
[2026-02-03 11:10:22] [DEBUG]   ✨ NUEVO: V26255908
[2026-02-03 11:10:22] [DEBUG]   ✨ NUEVO: V26317680
[2026-02-03 11:10:22] [DEBUG]   ✨ NUEVO: V26364056
[2026-02-03 11:10:22] [DEBUG]   ✨ NUEVO: V26367206
[2026-02-03 11:10:22] [DEBUG]   ✨ NUEVO: V26408436 
[2026-02-03 11:10:22] [DEBUG]   ✨ NUEVO: V26443343
[2026-02-03 11:10:22] [DEBUG]   ✨ NUEVO: V26475862
[2026-02-03 11:10:22] [DEBUG]   ✨ NUEVO: V26528782
[2026-02-03 11:10:22] [DEBUG]   ✨ NUEVO: V26574478
[2026-02-03 11:10:22] [DEBUG]   ✨ NUEVO: V26591460
[2026-02-03 11:10:22] [DEBUG]   ✨ NUEVO: V26592337
[2026-02-03 11:10:22] [DEBUG]   ✨ NUEVO: V26601734
[2026-02-03 11:10:22] [DEBUG]   ✨ NUEVO: V26613315
[2026-02-03 11:10:22] [DEBUG]   ✨ NUEVO: V26720469
[2026-02-03 11:10:22] [DEBUG]   ✨ NUEVO: V26740057
[2026-02-03 11:10:22] [DEBUG]   ✨ NUEVO: V26763922
[2026-02-03 11:10:22] [DEBUG]   ✨ NUEVO: V26785497
[2026-02-03 11:10:22] [DEBUG]   ✨ NUEVO: V26893104
[2026-02-03 11:10:22] [DEBUG]   ✨ NUEVO: V26893276
[2026-02-03 11:10:22] [DEBUG]   ✨ NUEVO: V26893334
[2026-02-03 11:10:22] [DEBUG]   ✨ NUEVO: V26893562
[2026-02-03 11:10:22] [DEBUG]   ✨ NUEVO: V26893684
[2026-02-03 11:10:22] [DEBUG]   ✨ NUEVO: V26893687
[2026-02-03 11:10:22] [DEBUG]   ✨ NUEVO: V26893812
[2026-02-03 11:10:22] [DEBUG]   ✨ NUEVO: V26893981
[2026-02-03 11:10:22] [DEBUG]   ✨ NUEVO: V26.950.057
[2026-02-03 11:10:22] [DEBUG]   ✨ NUEVO: V26953694
[2026-02-03 11:10:22] [DEBUG]   ✨ NUEVO: V27031422
[2026-02-03 11:10:22] [DEBUG]   ✨ NUEVO: V27037369
[2026-02-03 11:10:22] [DEBUG]   ✨ NUEVO: V27073249
[2026-02-03 11:10:22] [DEBUG]   ✨ NUEVO: V27083422
[2026-02-03 11:10:22] [DEBUG]   ✨ NUEVO: V27083512
[2026-02-03 11:10:22] [DEBUG]   ✨ NUEVO: V27159590
[2026-02-03 11:10:22] [DEBUG]   ✨ NUEVO: V27183835
[2026-02-03 11:10:22] [DEBUG]   ✨ NUEVO: V27257857
[2026-02-03 11:10:22] [DEBUG]   ✨ NUEVO: V27282414
[2026-02-03 11:10:22] [DEBUG]   ✨ NUEVO: V27282809
[2026-02-03 11:10:22] [DEBUG]   ✨ NUEVO: V27282872
[2026-02-03 11:10:22] [DEBUG]   ✨ NUEVO: V27282881
[2026-02-03 11:10:22] [DEBUG]   ✨ NUEVO: V27282930
[2026-02-03 11:10:22] [DEBUG]   ✨ NUEVO: V27391091
[2026-02-03 11:10:22] [DEBUG]   ✨ NUEVO: V27448391
[2026-02-03 11:10:22] [DEBUG]   ✨ NUEVO: V27454234
[2026-02-03 11:10:22] [DEBUG]   ✨ NUEVO: V27454312
[2026-02-03 11:10:22] [DEBUG]   ✨ NUEVO: V27490268
[2026-02-03 11:10:22] [DEBUG]   ✨ NUEVO: V27545214
[2026-02-03 11:10:22] [DEBUG]   ✨ NUEVO: V27593000
[2026-02-03 11:10:22] [DEBUG]   ✨ NUEVO: V27597180
[2026-02-03 11:10:22] [DEBUG]   ✨ NUEVO: V27652156
[2026-02-03 11:10:22] [DEBUG]   ✨ NUEVO: V27660716
[2026-02-03 11:10:22] [DEBUG]   ✨ NUEVO: V27692778
[2026-02-03 11:10:22] [DEBUG]   ✨ NUEVO: V27788794
[2026-02-03 11:10:22] [DEBUG]   ✨ NUEVO: V27798501
[2026-02-03 11:10:22] [DEBUG]   ✨ NUEVO: V27805927
[2026-02-03 11:10:22] [DEBUG]   ✨ NUEVO: V27978188
[2026-02-03 11:10:22] [DEBUG]   ✨ NUEVO: V27984142
[2026-02-03 11:10:22] [DEBUG]   ✨ NUEVO: V28301696
[2026-02-03 11:10:22] [DEBUG]   ✨ NUEVO: V28310058
[2026-02-03 11:10:22] [DEBUG]   ✨ NUEVO: V28326593
[2026-02-03 11:10:22] [DEBUG]   ✨ NUEVO: V28344002
[2026-02-03 11:10:22] [DEBUG]   ✨ NUEVO: V28496168
[2026-02-03 11:10:22] [DEBUG]   ✨ NUEVO: V28532203
[2026-02-03 11:10:22] [DEBUG]   ✨ NUEVO: V28725998
[2026-02-03 11:10:22] [DEBUG]   ✨ NUEVO: V-29501942
[2026-02-03 11:10:22] [DEBUG]   ✨ NUEVO: V29501942
[2026-02-03 11:10:22] [DEBUG]   ✨ NUEVO: V29508241
[2026-02-03 11:10:22] [DEBUG]   ✨ NUEVO: V29518624
[2026-02-03 11:10:22] [DEBUG]   ✨ NUEVO: V29533710
[2026-02-03 11:10:22] [DEBUG]   ✨ NUEVO: V29.533.967
[2026-02-03 11:10:22] [DEBUG]   ✨ NUEVO: V29535297
[2026-02-03 11:10:22] [DEBUG]   ✨ NUEVO: V29602109
[2026-02-03 11:10:22] [DEBUG]   ✨ NUEVO: V29611893
[2026-02-03 11:10:22] [DEBUG]   ✨ NUEVO: V29654762
[2026-02-03 11:10:22] [DEBUG]   ✨ NUEVO: V29656181
[2026-02-03 11:10:22] [DEBUG]   ✨ NUEVO: V29656280
[2026-02-03 11:10:22] [DEBUG]   ✨ NUEVO: V29656407
[2026-02-03 11:10:22] [DEBUG]   ✨ NUEVO: V29656637
[2026-02-03 11:10:22] [DEBUG]   ✨ NUEVO: V296566370
[2026-02-03 11:10:22] [DEBUG]   ✨ NUEVO: V29675932
[2026-02-03 11:10:22] [DEBUG]   ✨ NUEVO: V29735695
[2026-02-03 11:10:22] [DEBUG]   ✨ NUEVO: V29745623
[2026-02-03 11:10:22] [DEBUG]   ✨ NUEVO: V29764950
[2026-02-03 11:10:22] [DEBUG]   ✨ NUEVO: V29829147
[2026-02-03 11:10:22] [DEBUG]   ✨ NUEVO: V29829203
[2026-02-03 11:10:22] [DEBUG]   ✨ NUEVO: V29942213
[2026-02-03 11:10:22] [DEBUG]   ✨ NUEVO: V30002164
[2026-02-03 11:10:22] [DEBUG]   ✨ NUEVO: V30002314
[2026-02-03 11:10:22] [DEBUG]   ✨ NUEVO: V30002784
[2026-02-03 11:10:22] [DEBUG]   ✨ NUEVO: V30035200
[2026-02-03 11:10:22] [DEBUG]   ✨ NUEVO: V30109252
[2026-02-03 11:10:22] [DEBUG]   ✨ NUEVO: V30150884
[2026-02-03 11:10:22] [DEBUG]   ✨ NUEVO: V30150978
[2026-02-03 11:10:22] [DEBUG]   ✨ NUEVO: V30186530
[2026-02-03 11:10:22] [DEBUG]   ✨ NUEVO: V30223907
[2026-02-03 11:10:22] [DEBUG]   ✨ NUEVO: V30256944
[2026-02-03 11:10:22] [DEBUG]   ✨ NUEVO: V30282920
[2026-02-03 11:10:22] [DEBUG]   ✨ NUEVO: V30385678
[2026-02-03 11:10:22] [DEBUG]   ✨ NUEVO: V30400948
[2026-02-03 11:10:22] [DEBUG]   ✨ NUEVO: V30450251
[2026-02-03 11:10:22] [DEBUG]   ✨ NUEVO: V30551256
[2026-02-03 11:10:22] [DEBUG]   ✨ NUEVO: V30574957
[2026-02-03 11:10:22] [DEBUG]   ✨ NUEVO: V30575059
[2026-02-03 11:10:22] [DEBUG]   ✨ NUEVO: V30575064
[2026-02-03 11:10:22] [DEBUG]   ✨ NUEVO: V30575119
[2026-02-03 11:10:22] [DEBUG]   ✨ NUEVO: V30604611
[2026-02-03 11:10:22] [DEBUG]   ✨ NUEVO: V30699189
[2026-02-03 11:10:22] [DEBUG]   ✨ NUEVO: V30859316
[2026-02-03 11:10:22] [DEBUG]   ✨ NUEVO: V30860031
[2026-02-03 11:10:22] [DEBUG]   ✨ NUEVO: V31004693
[2026-02-03 11:10:22] [DEBUG]   ✨ NUEVO: V31004835
[2026-02-03 11:10:22] [DEBUG]   ✨ NUEVO: V31004840
[2026-02-03 11:10:22] [DEBUG]   ✨ NUEVO: V31044688
[2026-02-03 11:10:22] [DEBUG]   ✨ NUEVO: V31199050 
[2026-02-03 11:10:22] [DEBUG]   ✨ NUEVO: V31240124
[2026-02-03 11:10:22] [DEBUG]   ✨ NUEVO: V31360166
[2026-02-03 11:10:22] [DEBUG]   ✨ NUEVO: V3144666
[2026-02-03 11:10:22] [DEBUG]   ✨ NUEVO: V3153542
[2026-02-03 11:10:22] [DEBUG]   ✨ NUEVO: V31569640
[2026-02-03 11:10:22] [DEBUG]   ✨ NUEVO: V31592435
[2026-02-03 11:10:22] [DEBUG]   ✨ NUEVO: V31592885
[2026-02-03 11:10:22] [DEBUG]   ✨ NUEVO: V31593107
[2026-02-03 11:10:22] [DEBUG]   ✨ NUEVO: V31677380
[2026-02-03 11:10:22] [DEBUG]   ✨ NUEVO: V31715635
[2026-02-03 11:10:22] [DEBUG]   ✨ NUEVO: V31715640
[2026-02-03 11:10:22] [DEBUG]   ✨ NUEVO: V31748423
[2026-02-03 11:10:22] [DEBUG]   ✨ NUEVO: V31768455
[2026-02-03 11:10:22] [DEBUG]   ✨ NUEVO: V31955614
[2026-02-03 11:10:22] [DEBUG]   ✨ NUEVO: V31955806
[2026-02-03 11:10:22] [DEBUG]   ✨ NUEVO: V32214350
[2026-02-03 11:10:22] [DEBUG]   ✨ NUEVO: V32290890
[2026-02-03 11:10:22] [DEBUG]   ✨ NUEVO: V32463087
[2026-02-03 11:10:22] [DEBUG]   ✨ NUEVO: V32689394
[2026-02-03 11:10:22] [DEBUG]   ✨ NUEVO: V32689848
[2026-02-03 11:10:22] [DEBUG]   ✨ NUEVO: V32689944
[2026-02-03 11:10:22] [DEBUG]   ✨ NUEVO: V32738479
[2026-02-03 11:10:22] [DEBUG]   ✨ NUEVO: V32896003
[2026-02-03 11:10:22] [DEBUG]   ✨ NUEVO: V32953731
[2026-02-03 11:10:22] [DEBUG]   ✨ NUEVO: V33415718
[2026-02-03 11:10:22] [DEBUG]   ✨ NUEVO: V33740692
[2026-02-03 11:10:22] [DEBUG]   ✨ NUEVO: V3414872
[2026-02-03 11:10:22] [DEBUG]   ✨ NUEVO: V3724890
[2026-02-03 11:10:22] [DEBUG]   ✨ NUEVO: V3751032
[2026-02-03 11:10:22] [DEBUG]   ✨ NUEVO: V3762987
[2026-02-03 11:10:22] [DEBUG]   ✨ NUEVO: V3797919
[2026-02-03 11:10:22] [DEBUG]   ✨ NUEVO: V3808946
[2026-02-03 11:10:22] [DEBUG]   ✨ NUEVO: V3857640
[2026-02-03 11:10:22] [DEBUG]   ✨ NUEVO: V4074910
[2026-02-03 11:10:22] [DEBUG]   ✨ NUEVO: V4182047
[2026-02-03 11:10:22] [DEBUG]   ✨ NUEVO: V4235936
[2026-02-03 11:10:22] [DEBUG]   ✨ NUEVO: V4272017
[2026-02-03 11:10:22] [DEBUG]   ✨ NUEVO: V4335346
[2026-02-03 11:10:22] [DEBUG]   ✨ NUEVO: V4372052
[2026-02-03 11:10:22] [DEBUG]   ✨ NUEVO: V4372126
[2026-02-03 11:10:22] [DEBUG]   ✨ NUEVO: V4429276
[2026-02-03 11:10:22] [DEBUG]   ✨ NUEVO: V4524181
[2026-02-03 11:10:22] [DEBUG]   ✨ NUEVO: V4626333
[2026-02-03 11:10:22] [DEBUG]   ✨ NUEVO: V4667355
[2026-02-03 11:10:22] [DEBUG]   ✨ NUEVO: V4675332
[2026-02-03 11:10:22] [DEBUG]   ✨ NUEVO: V4794001
[2026-02-03 11:10:22] [DEBUG]   ✨ NUEVO: V4849701
[2026-02-03 11:10:22] [DEBUG]   ✨ NUEVO: V4878908
[2026-02-03 11:10:22] [DEBUG]   ✨ NUEVO: V4878943
[2026-02-03 11:10:22] [DEBUG]   ✨ NUEVO: V4885415
[2026-02-03 11:10:22] [DEBUG]   ✨ NUEVO: V5001326
[2026-02-03 11:10:22] [DEBUG]   ✨ NUEVO: V5072073
[2026-02-03 11:10:22] [DEBUG]   ✨ NUEVO: V5093629
[2026-02-03 11:10:22] [DEBUG]   ✨ NUEVO: V5098352
[2026-02-03 11:10:22] [DEBUG]   ✨ NUEVO: V5098948
[2026-02-03 11:10:22] [DEBUG]   ✨ NUEVO: V5116989
[2026-02-03 11:10:22] [DEBUG]   ✨ NUEVO: V5120215
[2026-02-03 11:10:22] [DEBUG]   ✨ NUEVO: V5133344
[2026-02-03 11:10:22] [DEBUG]   ✨ NUEVO: V5217006
[2026-02-03 11:10:22] [DEBUG]   ✨ NUEVO: V5226141
[2026-02-03 11:10:22] [DEBUG]   ✨ NUEVO: V5230586
[2026-02-03 11:10:22] [DEBUG]   ✨ NUEVO: V5301347
[2026-02-03 11:10:22] [DEBUG]   ✨ NUEVO: V5370539
[2026-02-03 11:10:22] [DEBUG]   ✨ NUEVO: V5404621
[2026-02-03 11:10:22] [DEBUG]   ✨ NUEVO: V5406481
[2026-02-03 11:10:22] [DEBUG]   ✨ NUEVO: V5433912
[2026-02-03 11:10:22] [DEBUG]   ✨ NUEVO: V5525602
[2026-02-03 11:10:22] [DEBUG]   ✨ NUEVO: V5525830
[2026-02-03 11:10:22] [DEBUG]   ✨ NUEVO: V5532515
[2026-02-03 11:10:22] [DEBUG]   ✨ NUEVO: V5534402
[2026-02-03 11:10:22] [DEBUG]   ✨ NUEVO: V5571398
[2026-02-03 11:10:22] [DEBUG]   ✨ NUEVO: V5572991
[2026-02-03 11:10:22] [DEBUG]   ✨ NUEVO: V5590874
[2026-02-03 11:10:22] [DEBUG]   ✨ NUEVO: V5591318
[2026-02-03 11:10:22] [DEBUG]   ✨ NUEVO: V5603633
[2026-02-03 11:10:22] [DEBUG]   ✨ NUEVO: V5616399
[2026-02-03 11:10:22] [DEBUG]   ✨ NUEVO: V5642553
[2026-02-03 11:10:22] [DEBUG]   ✨ NUEVO: V5655862
[2026-02-03 11:10:22] [DEBUG]   ✨ NUEVO: V5693015
[2026-02-03 11:10:22] [DEBUG]   ✨ NUEVO: V5703773
[2026-02-03 11:10:22] [DEBUG]   ✨ NUEVO: V5788662
[2026-02-03 11:10:22] [DEBUG]   ✨ NUEVO: V5886210
[2026-02-03 11:10:22] [DEBUG]   ✨ NUEVO: V5962153
[2026-02-03 11:10:22] [DEBUG]   ✨ NUEVO: V5978351
[2026-02-03 11:10:22] [DEBUG]   ✨ NUEVO: V60011004154
[2026-02-03 11:10:22] [DEBUG]   ✨ NUEVO: V6018142
[2026-02-03 11:10:22] [DEBUG]   ✨ NUEVO: V6018414
[2026-02-03 11:10:22] [DEBUG]   ✨ NUEVO: V6020867
[2026-02-03 11:10:22] [DEBUG]   ✨ NUEVO: V6022683
[2026-02-03 11:10:22] [DEBUG]   ✨ NUEVO: V6027160
[2026-02-03 11:10:22] [DEBUG]   ✨ NUEVO: V6065092
[2026-02-03 11:10:22] [DEBUG]   ✨ NUEVO: V6072702
[2026-02-03 11:10:22] [DEBUG]   ✨ NUEVO: V6088929
[2026-02-03 11:10:22] [DEBUG]   ✨ NUEVO: V6096099
[2026-02-03 11:10:22] [DEBUG]   ✨ NUEVO: V6110829
[2026-02-03 11:10:22] [DEBUG]   ✨ NUEVO: V6114931
[2026-02-03 11:10:22] [DEBUG]   ✨ NUEVO: V6148060
[2026-02-03 11:10:22] [DEBUG]   ✨ NUEVO: V6148460
[2026-02-03 11:10:22] [DEBUG]   ✨ NUEVO: V6159787
[2026-02-03 11:10:22] [DEBUG]   ✨ NUEVO: V6216663
[2026-02-03 11:10:22] [DEBUG]   ✨ NUEVO: V6228552
[2026-02-03 11:10:22] [DEBUG]   ✨ NUEVO: V6261051
[2026-02-03 11:10:22] [DEBUG]   ✨ NUEVO: V6262786
[2026-02-03 11:10:22] [DEBUG]   ✨ NUEVO: V6263305
[2026-02-03 11:10:22] [DEBUG]   ✨ NUEVO: V6289011
[2026-02-03 11:10:22] [DEBUG]   ✨ NUEVO: V6319184
[2026-02-03 11:10:22] [DEBUG]   ✨ NUEVO: V6330054
[2026-02-03 11:10:22] [DEBUG]   ✨ NUEVO: V6331072
[2026-02-03 11:10:22] [DEBUG]   ✨ NUEVO: V6339425
[2026-02-03 11:10:22] [DEBUG]   ✨ NUEVO: V6342860
[2026-02-03 11:10:22] [DEBUG]   ✨ NUEVO: V6344913
[2026-02-03 11:10:22] [DEBUG]   ✨ NUEVO: V6350536 
[2026-02-03 11:10:22] [DEBUG]   ✨ NUEVO: V6372287
[2026-02-03 11:10:22] [DEBUG]   ✨ NUEVO: V6391809
[2026-02-03 11:10:22] [DEBUG]   ✨ NUEVO: V6415653
[2026-02-03 11:10:22] [DEBUG]   ✨ NUEVO: V6524643
[2026-02-03 11:10:22] [DEBUG]   ✨ NUEVO: V6558275
[2026-02-03 11:10:22] [DEBUG]   ✨ NUEVO: V6653920
[2026-02-03 11:10:22] [DEBUG]   ✨ NUEVO: V6662346
[2026-02-03 11:10:22] [DEBUG]   ✨ NUEVO: V6708224
[2026-02-03 11:10:22] [DEBUG]   ✨ NUEVO: V6732304
[2026-02-03 11:10:22] [DEBUG]   ✨ NUEVO: V6732523
[2026-02-03 11:10:22] [DEBUG]   ✨ NUEVO: V6732830
[2026-02-03 11:10:22] [DEBUG]   ✨ NUEVO: V6750277
[2026-02-03 11:10:22] [DEBUG]   ✨ NUEVO: V6792626
[2026-02-03 11:10:22] [DEBUG]   ✨ NUEVO: V6812884
[2026-02-03 11:10:22] [DEBUG]   ✨ NUEVO: V6827539
[2026-02-03 11:10:22] [DEBUG]   ✨ NUEVO: V6836172
[2026-02-03 11:10:22] [DEBUG]   ✨ NUEVO: V6836509
[2026-02-03 11:10:22] [DEBUG]   ✨ NUEVO: V6836826
[2026-02-03 11:10:22] [DEBUG]   ✨ NUEVO: V6837403
[2026-02-03 11:10:22] [DEBUG]   ✨ NUEVO: V6837573
[2026-02-03 11:10:22] [DEBUG]   ✨ NUEVO: V6837614
[2026-02-03 11:10:22] [DEBUG]   ✨ NUEVO: V6837615
[2026-02-03 11:10:22] [DEBUG]   ✨ NUEVO: V6837723
[2026-02-03 11:10:22] [DEBUG]   ✨ NUEVO: V6837823
[2026-02-03 11:10:22] [DEBUG]   ✨ NUEVO: V6837854
[2026-02-03 11:10:22] [DEBUG]   ✨ NUEVO: V6837861
[2026-02-03 11:10:22] [DEBUG]   ✨ NUEVO: V6837928
[2026-02-03 11:10:22] [DEBUG]   ✨ NUEVO: V6838033
[2026-02-03 11:10:22] [DEBUG]   ✨ NUEVO: V6838085
[2026-02-03 11:10:22] [DEBUG]   ✨ NUEVO: V6838090
[2026-02-03 11:10:22] [DEBUG]   ✨ NUEVO: V6838121
[2026-02-03 11:10:22] [DEBUG]   ✨ NUEVO: V6844540
[2026-02-03 11:10:22] [DEBUG]   ✨ NUEVO: V6844766
[2026-02-03 11:10:22] [DEBUG]   ✨ NUEVO: V6866485
[2026-02-03 11:10:22] [DEBUG]   ✨ NUEVO: V6894224
[2026-02-03 11:10:22] [DEBUG]   ✨ NUEVO: V6919046
[2026-02-03 11:10:22] [DEBUG]   ✨ NUEVO: V6926512
[2026-02-03 11:10:22] [DEBUG]   ✨ NUEVO: V6926679
[2026-02-03 11:10:22] [DEBUG]   ✨ NUEVO: V6926704
[2026-02-03 11:10:22] [DEBUG]   ✨ NUEVO: V6930008
[2026-02-03 11:10:22] [DEBUG]   ✨ NUEVO: V6966902
[2026-02-03 11:10:22] [DEBUG]   ✨ NUEVO: V6970495
[2026-02-03 11:10:22] [DEBUG]   ✨ NUEVO: V7012955
[2026-02-03 11:10:22] [DEBUG]   ✨ NUEVO: V7059527
[2026-02-03 11:10:22] [DEBUG]   ✨ NUEVO: V7086417
[2026-02-03 11:10:22] [DEBUG]   ✨ NUEVO: V7222808
[2026-02-03 11:10:22] [DEBUG]   ✨ NUEVO: V7682860
[2026-02-03 11:10:22] [DEBUG]   ✨ NUEVO: V7775814
[2026-02-03 11:10:22] [DEBUG]   ✨ NUEVO: V7864166
[2026-02-03 11:10:22] [DEBUG]   ✨ NUEVO: V7929004
[2026-02-03 11:10:22] [DEBUG]   ✨ NUEVO: V7944915
[2026-02-03 11:10:22] [DEBUG]   ✨ NUEVO: V81383696
[2026-02-03 11:10:22] [DEBUG]   ✨ NUEVO: V82127388
[2026-02-03 11:10:22] [DEBUG]   ✨ NUEVO: V82151195
[2026-02-03 11:10:22] [DEBUG]   ✨ NUEVO: V8294162
[2026-02-03 11:10:22] [DEBUG]   ✨ NUEVO: V8336645
[2026-02-03 11:10:22] [DEBUG]   ✨ NUEVO: V8394905
[2026-02-03 11:10:22] [DEBUG]   ✨ NUEVO: V8423911
[2026-02-03 11:10:22] [DEBUG]   ✨ NUEVO: V8468054
[2026-02-03 11:10:22] [DEBUG]   ✨ NUEVO: V8509427
[2026-02-03 11:10:22] [DEBUG]   ✨ NUEVO: V8748651
[2026-02-03 11:10:22] [DEBUG]   ✨ NUEVO: V8750725
[2026-02-03 11:10:22] [DEBUG]   ✨ NUEVO: V8751018
[2026-02-03 11:10:22] [DEBUG]   ✨ NUEVO: V8755504
[2026-02-03 11:10:22] [DEBUG]   ✨ NUEVO: V8758572
[2026-02-03 11:10:22] [DEBUG]   ✨ NUEVO: V8760947
[2026-02-03 11:10:22] [DEBUG]   ✨ NUEVO: V8762348
[2026-02-03 11:10:22] [DEBUG]   ✨ NUEVO: V8763211
[2026-02-03 11:10:22] [DEBUG]   ✨ NUEVO: V8763493
[2026-02-03 11:10:22] [DEBUG]   ✨ NUEVO: V8763593
[2026-02-03 11:10:22] [DEBUG]   ✨ NUEVO: V8764974
[2026-02-03 11:10:22] [DEBUG]   ✨ NUEVO: V8811375
[2026-02-03 11:10:22] [DEBUG]   ✨ NUEVO: V8929453
[2026-02-03 11:10:22] [DEBUG]   ✨ NUEVO: V9063500
[2026-02-03 11:10:22] [DEBUG]   ✨ NUEVO: V9256132
[2026-02-03 11:10:22] [DEBUG]   ✨ NUEVO: V9277445
[2026-02-03 11:10:22] [DEBUG]   ✨ NUEVO: V9355356
[2026-02-03 11:10:22] [DEBUG]   ✨ NUEVO: V9376339
[2026-02-03 11:10:22] [DEBUG]   ✨ NUEVO: V9413754
[2026-02-03 11:10:22] [DEBUG]   ✨ NUEVO: V9417612
[2026-02-03 11:10:22] [DEBUG]   ✨ NUEVO: V9446448
[2026-02-03 11:10:22] [DEBUG]   ✨ NUEVO: V9455413
[2026-02-03 11:10:22] [DEBUG]   ✨ NUEVO: V9485295
[2026-02-03 11:10:22] [DEBUG]   ✨ NUEVO: V9494001
[2026-02-03 11:10:22] [DEBUG]   ✨ NUEVO: V9562937
[2026-02-03 11:10:22] [DEBUG]   ✨ NUEVO: V96949452
[2026-02-03 11:10:22] [DEBUG]   ✨ NUEVO: V9702975
[2026-02-03 11:10:22] [DEBUG]   ✨ NUEVO: V9818409
[2026-02-03 11:10:22] [DEBUG]   ✨ NUEVO: V9832092
[2026-02-03 11:10:22] [DEBUG]   ✨ NUEVO: V9864755
[2026-02-03 11:10:22] [DEBUG]   ✨ NUEVO: V9878684
[2026-02-03 11:10:22] [DEBUG]   ✨ NUEVO: V9880682
[2026-02-03 11:10:22] [DEBUG]   ✨ NUEVO: V9881974
[2026-02-03 11:10:22] [DEBUG]   ✨ NUEVO: V9927683
[2026-02-03 11:10:22] [DEBUG]   ✨ NUEVO: V9974415
[2026-02-03 11:10:22] [DEBUG]   ✨ NUEVO: VICTOR MARTINEZ
[2026-02-03 11:10:22] [DEBUG]   ✨ NUEVO: VICTOR VALERA
[2026-02-03 11:10:22] [DEBUG]   ✨ NUEVO: WENDY AMUNDARAY
[2026-02-03 11:10:22] [INFO] Customers: 1427 nuevos, 0 modificados, 0 eliminados
[2026-02-03 11:10:22] [INFO] Detectando cambios en categories...
[2026-02-03 11:10:23] [INFO] Categories: 0 nuevos, 0 modificados, 0 eliminados
[2026-02-03 11:10:23] [INFO] Detectando cambios en products (MySQL → PostgreSQL)...
[2026-02-03 11:10:24] [INFO]    📋 Products encontrados en MySQL: 778
[2026-02-03 11:10:24] [DEBUG]    🔍 Códigos: ['TEST-PROD-001', 'PROD-AUTO-20260202174752', '009', '011', '012', '01009', '062', '063', '0638126959492', '112']...
[2026-02-03 11:10:24] [DEBUG]    🔍 Product #129204 (TEST-PROD-001): hash_guardado=None
[2026-02-03 11:10:24] [INFO]   ✨ NUEVO: Product #129204 (TEST-PROD-001)
[2026-02-03 11:10:24] [DEBUG]    🔍 Product #129205 (PROD-AUTO-20260202174752): hash_guardado=None
[2026-02-03 11:10:24] [INFO]   ✨ NUEVO: Product #129205 (PROD-AUTO-20260202174752)
[2026-02-03 11:10:24] [DEBUG]    🔍 Product #137359 (009): hash_guardado=None
[2026-02-03 11:10:24] [INFO]   ✨ NUEVO: Product #137359 (009)
[2026-02-03 11:10:24] [DEBUG]    🔍 Product #137360 (011): hash_guardado=None
[2026-02-03 11:10:24] [INFO]   ✨ NUEVO: Product #137360 (011)
[2026-02-03 11:10:24] [DEBUG]    🔍 Product #137361 (012): hash_guardado=None
[2026-02-03 11:10:24] [INFO]   ✨ NUEVO: Product #137361 (012)
[2026-02-03 11:10:24] [DEBUG]    🔍 Product #137363 (01009): hash_guardado=None
[2026-02-03 11:10:24] [INFO]   ✨ NUEVO: Product #137363 (01009)
[2026-02-03 11:10:24] [DEBUG]    🔍 Product #137364 (062): hash_guardado=None
[2026-02-03 11:10:24] [INFO]   ✨ NUEVO: Product #137364 (062)
[2026-02-03 11:10:24] [DEBUG]    🔍 Product #137365 (063): hash_guardado=None
[2026-02-03 11:10:24] [INFO]   ✨ NUEVO: Product #137365 (063)
[2026-02-03 11:10:24] [DEBUG]    🔍 Product #137366 (0638126959492): hash_guardado=None
[2026-02-03 11:10:24] [INFO]   ✨ NUEVO: Product #137366 (0638126959492)
[2026-02-03 11:10:24] [DEBUG]    🔍 Product #137367 (112): hash_guardado=None
[2026-02-03 11:10:24] [INFO]   ✨ NUEVO: Product #137367 (112)
[2026-02-03 11:10:24] [DEBUG]    🔍 Product #137368 (116): hash_guardado=None
[2026-02-03 11:10:24] [INFO]   ✨ NUEVO: Product #137368 (116)
[2026-02-03 11:10:24] [DEBUG]    🔍 Product #137369 (117): hash_guardado=None
[2026-02-03 11:10:24] [INFO]   ✨ NUEVO: Product #137369 (117)
[2026-02-03 11:10:24] [DEBUG]    🔍 Product #137370 (118): hash_guardado=None
[2026-02-03 11:10:24] [INFO]   ✨ NUEVO: Product #137370 (118)
[2026-02-03 11:10:24] [DEBUG]    🔍 Product #137371 (123): hash_guardado=None
[2026-02-03 11:10:24] [INFO]   ✨ NUEVO: Product #137371 (123)
[2026-02-03 11:10:24] [DEBUG]    🔍 Product #137372 (16326002): hash_guardado=None
[2026-02-03 11:10:24] [INFO]   ✨ NUEVO: Product #137372 (16326002)
[2026-02-03 11:10:24] [DEBUG]    🔍 Product #137373 (37192.61): hash_guardado=None
[2026-02-03 11:10:24] [INFO]   ✨ NUEVO: Product #137373 (37192.61)
[2026-02-03 11:10:24] [DEBUG]    🔍 Product #137374 (4891199089183): hash_guardado=None
[2026-02-03 11:10:24] [INFO]   ✨ NUEVO: Product #137374 (4891199089183)
[2026-02-03 11:10:24] [DEBUG]    🔍 Product #137375 (5204296823823): hash_guardado=None
[2026-02-03 11:10:24] [INFO]   ✨ NUEVO: Product #137375 (5204296823823)
[2026-02-03 11:10:24] [DEBUG]    🔍 Product #137376 (5565148310152): hash_guardado=None
[2026-02-03 11:10:24] [INFO]   ✨ NUEVO: Product #137376 (5565148310152)
[2026-02-03 11:10:24] [DEBUG]    🔍 Product #137377 (6820200931010): hash_guardado=None
[2026-02-03 11:10:24] [INFO]   ✨ NUEVO: Product #137377 (6820200931010)
[2026-02-03 11:10:24] [DEBUG]    🔍 Product #137378 (6856475436325): hash_guardado=None
[2026-02-03 11:10:24] [INFO]   ✨ NUEVO: Product #137378 (6856475436325)
[2026-02-03 11:10:24] [DEBUG]    🔍 Product #137379 (69101P): hash_guardado=None
[2026-02-03 11:10:24] [INFO]   ✨ NUEVO: Product #137379 (69101P)
[2026-02-03 11:10:24] [DEBUG]    🔍 Product #137380 (6941059606628): hash_guardado=None
[2026-02-03 11:10:24] [INFO]   ✨ NUEVO: Product #137380 (6941059606628)
[2026-02-03 11:10:24] [DEBUG]    🔍 Product #137381 (6968498495910): hash_guardado=None
[2026-02-03 11:10:24] [INFO]   ✨ NUEVO: Product #137381 (6968498495910)
[2026-02-03 11:10:24] [DEBUG]    🔍 Product #137382 (6971083491051): hash_guardado=None
[2026-02-03 11:10:24] [INFO]   ✨ NUEVO: Product #137382 (6971083491051)
[2026-02-03 11:10:24] [DEBUG]    🔍 Product #137383 (723813LA): hash_guardado=None
[2026-02-03 11:10:24] [INFO]   ✨ NUEVO: Product #137383 (723813LA)
[2026-02-03 11:10:24] [DEBUG]    🔍 Product #137384 (728662221792): hash_guardado=None
[2026-02-03 11:10:24] [INFO]   ✨ NUEVO: Product #137384 (728662221792)
[2026-02-03 11:10:24] [DEBUG]    🔍 Product #137385 (736211543981): hash_guardado=None
[2026-02-03 11:10:24] [INFO]   ✨ NUEVO: Product #137385 (736211543981)
[2026-02-03 11:10:24] [DEBUG]    🔍 Product #137386 (7453015120998): hash_guardado=None
[2026-02-03 11:10:24] [INFO]   ✨ NUEVO: Product #137386 (7453015120998)
[2026-02-03 11:10:24] [DEBUG]    🔍 Product #137387 (7453038413404): hash_guardado=None
[2026-02-03 11:10:24] [INFO]   ✨ NUEVO: Product #137387 (7453038413404)
[2026-02-03 11:10:24] [DEBUG]    🔍 Product #137388 (7508718000204): hash_guardado=None
[2026-02-03 11:10:24] [INFO]   ✨ NUEVO: Product #137388 (7508718000204)
[2026-02-03 11:10:24] [DEBUG]    🔍 Product #137389 (7590033008102): hash_guardado=None
[2026-02-03 11:10:24] [INFO]   ✨ NUEVO: Product #137389 (7590033008102)
[2026-02-03 11:10:24] [DEBUG]    🔍 Product #137390 (7703486037975): hash_guardado=None
[2026-02-03 11:10:24] [INFO]   ✨ NUEVO: Product #137390 (7703486037975)
[2026-02-03 11:10:24] [DEBUG]    🔍 Product #137391 (7750082002654): hash_guardado=None
[2026-02-03 11:10:24] [INFO]   ✨ NUEVO: Product #137391 (7750082002654)
[2026-02-03 11:10:24] [DEBUG]    🔍 Product #137392 (7750082055537): hash_guardado=None
[2026-02-03 11:10:24] [INFO]   ✨ NUEVO: Product #137392 (7750082055537)
[2026-02-03 11:10:24] [DEBUG]    🔍 Product #137393 (7862111456212): hash_guardado=None
[2026-02-03 11:10:24] [INFO]   ✨ NUEVO: Product #137393 (7862111456212)
[2026-02-03 11:10:24] [DEBUG]    🔍 Product #137394 (802.IIN): hash_guardado=None
[2026-02-03 11:10:24] [INFO]   ✨ NUEVO: Product #137394 (802.IIN)
[2026-02-03 11:10:24] [DEBUG]    🔍 Product #137395 (8559871269815): hash_guardado=None
[2026-02-03 11:10:24] [INFO]   ✨ NUEVO: Product #137395 (8559871269815)
[2026-02-03 11:10:24] [DEBUG]    🔍 Product #137396 (9023800385208): hash_guardado=None
[2026-02-03 11:10:24] [INFO]   ✨ NUEVO: Product #137396 (9023800385208)
[2026-02-03 11:10:24] [DEBUG]    🔍 Product #137397 (9023800395313): hash_guardado=None
[2026-02-03 11:10:24] [INFO]   ✨ NUEVO: Product #137397 (9023800395313)
[2026-02-03 11:10:24] [DEBUG]    🔍 Product #137398 (9023800396211): hash_guardado=None
[2026-02-03 11:10:24] [INFO]   ✨ NUEVO: Product #137398 (9023800396211)
[2026-02-03 11:10:24] [DEBUG]    🔍 Product #137399 (9023800691019): hash_guardado=None
[2026-02-03 11:10:24] [INFO]   ✨ NUEVO: Product #137399 (9023800691019)
[2026-02-03 11:10:24] [DEBUG]    🔍 Product #137400 (9023800933249): hash_guardado=None
[2026-02-03 11:10:24] [INFO]   ✨ NUEVO: Product #137400 (9023800933249)
[2026-02-03 11:10:24] [DEBUG]    🔍 Product #137401 (9322452): hash_guardado=None
[2026-02-03 11:10:24] [INFO]   ✨ NUEVO: Product #137401 (9322452)
[2026-02-03 11:10:24] [DEBUG]    🔍 Product #137402 (9332001): hash_guardado=None
[2026-02-03 11:10:24] [INFO]   ✨ NUEVO: Product #137402 (9332001)
[2026-02-03 11:10:24] [DEBUG]    🔍 Product #137403 (9556089243520): hash_guardado=None
[2026-02-03 11:10:24] [INFO]   ✨ NUEVO: Product #137403 (9556089243520)
[2026-02-03 11:10:24] [DEBUG]    🔍 Product #137404 (989898858026): hash_guardado=None
[2026-02-03 11:10:24] [INFO]   ✨ NUEVO: Product #137404 (989898858026)
[2026-02-03 11:10:24] [DEBUG]    🔍 Product #137405 (A-10): hash_guardado=None
[2026-02-03 11:10:24] [INFO]   ✨ NUEVO: Product #137405 (A-10)
[2026-02-03 11:10:24] [DEBUG]    🔍 Product #137406 (AG-ARTSC): hash_guardado=None
[2026-02-03 11:10:24] [INFO]   ✨ NUEVO: Product #137406 (AG-ARTSC)
[2026-02-03 11:10:24] [DEBUG]    🔍 Product #137407 (ALMO-DACT-RED): hash_guardado=None
[2026-02-03 11:10:24] [INFO]   ✨ NUEVO: Product #137407 (ALMO-DACT-RED)
[2026-02-03 11:10:24] [DEBUG]    🔍 Product #137408 (ALMO-SELLOS-AZUL): hash_guardado=None
[2026-02-03 11:10:24] [INFO]   ✨ NUEVO: Product #137408 (ALMO-SELLOS-AZUL)
[2026-02-03 11:10:24] [DEBUG]    🔍 Product #137409 (ARC-CART-AKTA): hash_guardado=None
[2026-02-03 11:10:24] [INFO]   ✨ NUEVO: Product #137409 (ARC-CART-AKTA)
[2026-02-03 11:10:24] [DEBUG]    🔍 Product #137410 (ARCH-): hash_guardado=None
[2026-02-03 11:10:24] [INFO]   ✨ NUEVO: Product #137410 (ARCH-)
[2026-02-03 11:10:24] [DEBUG]    🔍 Product #137411 (AR-CLP-AYS): hash_guardado=None
[2026-02-03 11:10:24] [INFO]   ✨ NUEVO: Product #137411 (AR-CLP-AYS)
[2026-02-03 11:10:24] [DEBUG]    🔍 Product #137412 (AR-CLP-SA): hash_guardado=None
[2026-02-03 11:10:24] [INFO]   ✨ NUEVO: Product #137412 (AR-CLP-SA)
[2026-02-03 11:10:24] [DEBUG]    🔍 Product #137413 (ARC-OFIC-AKTA): hash_guardado=None
[2026-02-03 11:10:24] [INFO]   ✨ NUEVO: Product #137413 (ARC-OFIC-AKTA)
[2026-02-03 11:10:24] [DEBUG]    🔍 Product #137414 (ARCOIRIS MICRO): hash_guardado=None
[2026-02-03 11:10:24] [INFO]   ✨ NUEVO: Product #137414 (ARCOIRIS MICRO)
[2026-02-03 11:10:24] [DEBUG]    🔍 Product #137415 (AUDIFONOS-PS4): hash_guardado=None
[2026-02-03 11:10:24] [INFO]   ✨ NUEVO: Product #137415 (AUDIFONOS-PS4)
[2026-02-03 11:10:24] [DEBUG]    🔍 Product #137416 (AU-JB60): hash_guardado=None
[2026-02-03 11:10:24] [INFO]   ✨ NUEVO: Product #137416 (AU-JB60)
[2026-02-03 11:10:24] [DEBUG]    🔍 Product #137417 (AU-PTP): hash_guardado=None
[2026-02-03 11:10:24] [INFO]   ✨ NUEVO: Product #137417 (AU-PTP)
[2026-02-03 11:10:24] [DEBUG]    🔍 Product #137418 (BARRA DE SILICON GRUESA): hash_guardado=None
[2026-02-03 11:10:24] [INFO]   ✨ NUEVO: Product #137418 (BARRA DE SILICON GRUESA)
[2026-02-03 11:10:24] [DEBUG]    🔍 Product #137419 (BASE BODY): hash_guardado=None
[2026-02-03 11:10:24] [INFO]   ✨ NUEVO: Product #137419 (BASE BODY)
[2026-02-03 11:10:24] [DEBUG]    🔍 Product #137420 (BLOCK): hash_guardado=None
[2026-02-03 11:10:24] [INFO]   ✨ NUEVO: Product #137420 (BLOCK)
[2026-02-03 11:10:24] [DEBUG]    🔍 Product #137421 (BOLIGR-): hash_guardado=None
[2026-02-03 11:10:24] [INFO]   ✨ NUEVO: Product #137421 (BOLIGR-)
[2026-02-03 11:10:24] [DEBUG]    🔍 Product #137422 (BOLIGRAFO TAPA NEGRA): hash_guardado=None
[2026-02-03 11:10:24] [INFO]   ✨ NUEVO: Product #137422 (BOLIGRAFO TAPA NEGRA)
[2026-02-03 11:10:24] [DEBUG]    🔍 Product #137423 (BOLIGRAFO-AZUL): hash_guardado=None
[2026-02-03 11:10:24] [INFO]   ✨ NUEVO: Product #137423 (BOLIGRAFO-AZUL)
[2026-02-03 11:10:24] [DEBUG]    🔍 Product #137424 (BOLIGR-K1NEGRO): hash_guardado=None
[2026-02-03 11:10:24] [INFO]   ✨ NUEVO: Product #137424 (BOLIGR-K1NEGRO)
[2026-02-03 11:10:24] [DEBUG]    🔍 Product #137425 (BOLKORTRAN): hash_guardado=None
[2026-02-03 11:10:24] [INFO]   ✨ NUEVO: Product #137425 (BOLKORTRAN)
[2026-02-03 11:10:24] [DEBUG]    🔍 Product #137426 (BORRA BLANCO GRANDE): hash_guardado=None
[2026-02-03 11:10:24] [INFO]   ✨ NUEVO: Product #137426 (BORRA BLANCO GRANDE)
[2026-02-03 11:10:24] [DEBUG]    🔍 Product #137427 (BRILLO): hash_guardado=None
[2026-02-03 11:10:24] [INFO]   ✨ NUEVO: Product #137427 (BRILLO)
[2026-02-03 11:10:24] [DEBUG]    🔍 Product #137428 (BT450): hash_guardado=None
[2026-02-03 11:10:24] [INFO]   ✨ NUEVO: Product #137428 (BT450)
[2026-02-03 11:10:24] [DEBUG]    🔍 Product #137429 (CABLE ESPIRAL MICRO 3A): hash_guardado=None
[2026-02-03 11:10:24] [INFO]   ✨ NUEVO: Product #137429 (CABLE ESPIRAL MICRO 3A)
[2026-02-03 11:10:24] [DEBUG]    🔍 Product #137430 (CABLE- SAMSUNG): hash_guardado=None
[2026-02-03 11:10:24] [INFO]   ✨ NUEVO: Product #137430 (CABLE- SAMSUNG)
[2026-02-03 11:10:24] [DEBUG]    🔍 Product #137431 (CAR F4): hash_guardado=None
[2026-02-03 11:10:24] [INFO]   ✨ NUEVO: Product #137431 (CAR F4)
[2026-02-03 11:10:24] [DEBUG]    🔍 Product #137432 (CAR F6): hash_guardado=None
[2026-02-03 11:10:24] [INFO]   ✨ NUEVO: Product #137432 (CAR F6)
[2026-02-03 11:10:24] [DEBUG]    🔍 Product #137433 (CARG-CARRO7A): hash_guardado=None
[2026-02-03 11:10:24] [INFO]   ✨ NUEVO: Product #137433 (CARG-CARRO7A)
[2026-02-03 11:10:24] [DEBUG]    🔍 Product #137434 (CARPETA MANILA CARTA 18 1/2 X11): hash_guardado=None
[2026-02-03 11:10:24] [INFO]   ✨ NUEVO: Product #137434 (CARPETA MANILA CARTA 18 1/2 X11)
[2026-02-03 11:10:24] [DEBUG]    🔍 Product #137435 (CARPETA PRESENTACION CARTA): hash_guardado=None
[2026-02-03 11:10:24] [INFO]   ✨ NUEVO: Product #137435 (CARPETA PRESENTACION CARTA)
[2026-02-03 11:10:24] [DEBUG]    🔍 Product #137436 (CARP-MANILA-OFICIO): hash_guardado=None
[2026-02-03 11:10:24] [INFO]   ✨ NUEVO: Product #137436 (CARP-MANILA-OFICIO)
[2026-02-03 11:10:24] [DEBUG]    🔍 Product #137437 (CARTULINA): hash_guardado=None
[2026-02-03 11:10:24] [INFO]   ✨ NUEVO: Product #137437 (CARTULINA)
[2026-02-03 11:10:24] [DEBUG]    🔍 Product #137438 (CARTULINA ESCARCHADA ROJO): hash_guardado=None
[2026-02-03 11:10:24] [INFO]   ✨ NUEVO: Product #137438 (CARTULINA ESCARCHADA ROJO)
[2026-02-03 11:10:24] [DEBUG]    🔍 Product #137439 (CARTULINA ESCARCHADO AZUL REY): hash_guardado=None
[2026-02-03 11:10:24] [INFO]   ✨ NUEVO: Product #137439 (CARTULINA ESCARCHADO AZUL REY)
[2026-02-03 11:10:24] [DEBUG]    🔍 Product #137440 (CHIP-SAMSUNG 205I): hash_guardado=None
[2026-02-03 11:10:24] [INFO]   ✨ NUEVO: Product #137440 (CHIP-SAMSUNG 205I)
[2026-02-03 11:10:24] [DEBUG]    🔍 Product #137441 (CINTA): hash_guardado=None
[2026-02-03 11:10:24] [INFO]   ✨ NUEVO: Product #137441 (CINTA)
[2026-02-03 11:10:24] [DEBUG]    🔍 Product #137442 (CINTA ADHESIVA CELOVEN 24MM X 50M): hash_guardado=None
[2026-02-03 11:10:24] [INFO]   ✨ NUEVO: Product #137442 (CINTA ADHESIVA CELOVEN 24MM X 50M)
[2026-02-03 11:10:24] [DEBUG]    🔍 Product #137443 (CINTA2): hash_guardado=None
[2026-02-03 11:10:24] [INFO]   ✨ NUEVO: Product #137443 (CINTA2)
[2026-02-03 11:10:24] [DEBUG]    🔍 Product #137444 (CINTA3): hash_guardado=None
[2026-02-03 11:10:24] [INFO]   ✨ NUEVO: Product #137444 (CINTA3)
[2026-02-03 11:10:24] [DEBUG]    🔍 Product #137445 (CINTA-ADHESIVA): hash_guardado=None
[2026-02-03 11:10:24] [INFO]   ✨ NUEVO: Product #137445 (CINTA-ADHESIVA)
[2026-02-03 11:10:24] [DEBUG]    🔍 Product #137446 (CLIPS-MARIPOSA): hash_guardado=None
[2026-02-03 11:10:24] [INFO]   ✨ NUEVO: Product #137446 (CLIPS-MARIPOSA)
[2026-02-03 11:10:24] [DEBUG]    🔍 Product #137447 (COLA-BLANCA): hash_guardado=None
[2026-02-03 11:10:24] [INFO]   ✨ NUEVO: Product #137447 (COLA-BLANCA)
[2026-02-03 11:10:24] [DEBUG]    🔍 Product #137448 (CORNETA-01): hash_guardado=None
[2026-02-03 11:10:24] [INFO]   ✨ NUEVO: Product #137448 (CORNETA-01)
[2026-02-03 11:10:24] [DEBUG]    🔍 Product #137449 (CORREC-): hash_guardado=None
[2026-02-03 11:10:24] [INFO]   ✨ NUEVO: Product #137449 (CORREC-)
[2026-02-03 11:10:24] [DEBUG]    🔍 Product #137450 (CORRECT-): hash_guardado=None
[2026-02-03 11:10:24] [INFO]   ✨ NUEVO: Product #137450 (CORRECT-)
[2026-02-03 11:10:24] [DEBUG]    🔍 Product #137451 (CORRECTOR-00): hash_guardado=None
[2026-02-03 11:10:24] [INFO]   ✨ NUEVO: Product #137451 (CORRECTOR-00)
[2026-02-03 11:10:24] [DEBUG]    🔍 Product #137452 (CRAYONES): hash_guardado=None
[2026-02-03 11:10:24] [INFO]   ✨ NUEVO: Product #137452 (CRAYONES)
[2026-02-03 11:10:24] [DEBUG]    🔍 Product #137453 (CX-40): hash_guardado=None
[2026-02-03 11:10:24] [INFO]   ✨ NUEVO: Product #137453 (CX-40)
[2026-02-03 11:10:24] [DEBUG]    🔍 Product #137454 (D-01): hash_guardado=None
[2026-02-03 11:10:24] [INFO]   ✨ NUEVO: Product #137454 (D-01)
[2026-02-03 11:10:24] [DEBUG]    🔍 Product #137455 (D-16): hash_guardado=None
[2026-02-03 11:10:24] [INFO]   ✨ NUEVO: Product #137455 (D-16)
[2026-02-03 11:10:24] [DEBUG]    🔍 Product #137456 (DELINEADOR): hash_guardado=None
[2026-02-03 11:10:24] [INFO]   ✨ NUEVO: Product #137456 (DELINEADOR)
[2026-02-03 11:10:24] [DEBUG]    🔍 Product #137457 (DISP-016): hash_guardado=None
[2026-02-03 11:10:24] [INFO]   ✨ NUEVO: Product #137457 (DISP-016)
[2026-02-03 11:10:24] [DEBUG]    🔍 Product #137458 (FORM. CONT. S/P): hash_guardado=None
[2026-02-03 11:10:24] [INFO]   ✨ NUEVO: Product #137458 (FORM. CONT. S/P)
[2026-02-03 11:10:24] [DEBUG]    🔍 Product #137459 (FT-PODER600W): hash_guardado=None
[2026-02-03 11:10:24] [INFO]   ✨ NUEVO: Product #137459 (FT-PODER600W)
[2026-02-03 11:10:24] [DEBUG]    🔍 Product #137460 (H-CARTAS): hash_guardado=None
[2026-02-03 11:10:24] [INFO]   ✨ NUEVO: Product #137460 (H-CARTAS)
[2026-02-03 11:10:24] [DEBUG]    🔍 Product #137461 (HN-A16): hash_guardado=None
[2026-02-03 11:10:24] [INFO]   ✨ NUEVO: Product #137461 (HN-A16)
[2026-02-03 11:10:24] [DEBUG]    🔍 Product #137462 (H-OFICIO): hash_guardado=None
[2026-02-03 11:10:24] [INFO]   ✨ NUEVO: Product #137462 (H-OFICIO)
[2026-02-03 11:10:24] [DEBUG]    🔍 Product #137463 (HOJA-EXAMEN): hash_guardado=None
[2026-02-03 11:10:24] [INFO]   ✨ NUEVO: Product #137463 (HOJA-EXAMEN)
[2026-02-03 11:10:24] [DEBUG]    🔍 Product #137464 (HOJAEXAMEN): hash_guardado=None
[2026-02-03 11:10:24] [INFO]   ✨ NUEVO: Product #137464 (HOJAEXAMEN)
[2026-02-03 11:10:24] [DEBUG]    🔍 Product #137465 (HT-556LED): hash_guardado=None
[2026-02-03 11:10:24] [INFO]   ✨ NUEVO: Product #137465 (HT-556LED)
[2026-02-03 11:10:24] [DEBUG]    🔍 Product #137466 (INT1): hash_guardado=None
[2026-02-03 11:10:24] [INFO]   ✨ NUEVO: Product #137466 (INT1)
[2026-02-03 11:10:24] [DEBUG]    🔍 Product #137467 (INT15): hash_guardado=None
[2026-02-03 11:10:24] [INFO]   ✨ NUEVO: Product #137467 (INT15)
[2026-02-03 11:10:24] [DEBUG]    🔍 Product #137468 (INT30): hash_guardado=None
[2026-02-03 11:10:24] [INFO]   ✨ NUEVO: Product #137468 (INT30)
[2026-02-03 11:10:24] [DEBUG]    🔍 Product #137469 (JBL WS-L13): hash_guardado=None
[2026-02-03 11:10:24] [INFO]   ✨ NUEVO: Product #137469 (JBL WS-L13)
[2026-02-03 11:10:24] [DEBUG]    🔍 Product #137470 (JBL-J01): hash_guardado=None
[2026-02-03 11:10:24] [INFO]   ✨ NUEVO: Product #137470 (JBL-J01)
[2026-02-03 11:10:24] [DEBUG]    🔍 Product #137471 (JBL-W1): hash_guardado=None
[2026-02-03 11:10:24] [INFO]   ✨ NUEVO: Product #137471 (JBL-W1)
[2026-02-03 11:10:24] [DEBUG]    🔍 Product #137472 (JBL-W3): hash_guardado=None
[2026-02-03 11:10:24] [INFO]   ✨ NUEVO: Product #137472 (JBL-W3)
[2026-02-03 11:10:24] [DEBUG]    🔍 Product #137473 (JBL-W6): hash_guardado=None
[2026-02-03 11:10:24] [INFO]   ✨ NUEVO: Product #137473 (JBL-W6)
[2026-02-03 11:10:24] [DEBUG]    🔍 Product #137474 (K1-M): hash_guardado=None
[2026-02-03 11:10:24] [INFO]   ✨ NUEVO: Product #137474 (K1-M)
[2026-02-03 11:10:24] [DEBUG]    🔍 Product #137475 (K5-F): hash_guardado=None
[2026-02-03 11:10:24] [INFO]   ✨ NUEVO: Product #137475 (K5-F)
[2026-02-03 11:10:24] [DEBUG]    🔍 Product #137476 (LAPTOP): hash_guardado=None
[2026-02-03 11:10:24] [INFO]   ✨ NUEVO: Product #137476 (LAPTOP)
[2026-02-03 11:10:24] [DEBUG]    🔍 Product #137477 (LAPTOPS-I5): hash_guardado=None
[2026-02-03 11:10:24] [INFO]   ✨ NUEVO: Product #137477 (LAPTOPS-I5)
[2026-02-03 11:10:24] [DEBUG]    🔍 Product #137478 (LDO-B08 TIPO C): hash_guardado=None
[2026-02-03 11:10:24] [INFO]   ✨ NUEVO: Product #137478 (LDO-B08 TIPO C)
[2026-02-03 11:10:24] [DEBUG]    🔍 Product #137479 (LDO-C600): hash_guardado=None
[2026-02-03 11:10:24] [INFO]   ✨ NUEVO: Product #137479 (LDO-C600)
[2026-02-03 11:10:24] [DEBUG]    🔍 Product #137480 (LDO-CX150 TIPO C): hash_guardado=None
[2026-02-03 11:10:24] [INFO]   ✨ NUEVO: Product #137480 (LDO-CX150 TIPO C)
[2026-02-03 11:10:24] [DEBUG]    🔍 Product #137481 (LDO-G30 TIPO C): hash_guardado=None
[2026-02-03 11:10:24] [INFO]   ✨ NUEVO: Product #137481 (LDO-G30 TIPO C)
[2026-02-03 11:10:24] [DEBUG]    🔍 Product #137482 (LDO-S600 TIPO C): hash_guardado=None
[2026-02-03 11:10:24] [INFO]   ✨ NUEVO: Product #137482 (LDO-S600 TIPO C)
[2026-02-03 11:10:24] [DEBUG]    🔍 Product #137483 (LED MINI PARTY): hash_guardado=None
[2026-02-03 11:10:24] [INFO]   ✨ NUEVO: Product #137483 (LED MINI PARTY)
[2026-02-03 11:10:24] [DEBUG]    🔍 Product #137484 (LED-UFO-LAMP): hash_guardado=None
[2026-02-03 11:10:24] [INFO]   ✨ NUEVO: Product #137484 (LED-UFO-LAMP)
[2026-02-03 11:10:24] [DEBUG]    🔍 Product #137485 (LICUADORA): hash_guardado=None
[2026-02-03 11:10:24] [INFO]   ✨ NUEVO: Product #137485 (LICUADORA)
[2026-02-03 11:10:24] [DEBUG]    🔍 Product #137486 (L-PLASTIFICADO): hash_guardado=None
[2026-02-03 11:10:24] [INFO]   ✨ NUEVO: Product #137486 (L-PLASTIFICADO)
[2026-02-03 11:10:24] [DEBUG]    🔍 Product #137487 (LPZ-MONGOL): hash_guardado=None
[2026-02-03 11:10:24] [INFO]   ✨ NUEVO: Product #137487 (LPZ-MONGOL)
[2026-02-03 11:10:24] [DEBUG]    🔍 Product #137488 (LT-TZ-22): hash_guardado=None
[2026-02-03 11:10:24] [INFO]   ✨ NUEVO: Product #137488 (LT-TZ-22)
[2026-02-03 11:10:24] [DEBUG]    🔍 Product #137489 (MARC-OK91): hash_guardado=None
[2026-02-03 11:10:24] [INFO]   ✨ NUEVO: Product #137489 (MARC-OK91)
[2026-02-03 11:10:24] [DEBUG]    🔍 Product #137490 (MARC-OK92): hash_guardado=None
[2026-02-03 11:10:24] [INFO]   ✨ NUEVO: Product #137490 (MARC-OK92)
[2026-02-03 11:10:24] [DEBUG]    🔍 Product #137491 (MARC-OK93L): hash_guardado=None
[2026-02-03 11:10:24] [INFO]   ✨ NUEVO: Product #137491 (MARC-OK93L)
[2026-02-03 11:10:24] [DEBUG]    🔍 Product #137492 (MDR-AQ68): hash_guardado=None
[2026-02-03 11:10:24] [INFO]   ✨ NUEVO: Product #137492 (MDR-AQ68)
[2026-02-03 11:10:24] [DEBUG]    🔍 Product #137493 (MERREL USA): hash_guardado=None
[2026-02-03 11:10:24] [INFO]   ✨ NUEVO: Product #137493 (MERREL USA)
[2026-02-03 11:10:24] [DEBUG]    🔍 Product #137494 (MONITOR): hash_guardado=None
[2026-02-03 11:10:24] [INFO]   ✨ NUEVO: Product #137494 (MONITOR)
[2026-02-03 11:10:24] [DEBUG]    🔍 Product #137495 (NANFU AA): hash_guardado=None
[2026-02-03 11:10:24] [INFO]   ✨ NUEVO: Product #137495 (NANFU AA)
[2026-02-03 11:10:24] [DEBUG]    🔍 Product #137496 (NIMH-AAA-HR03): hash_guardado=None
[2026-02-03 11:10:24] [INFO]   ✨ NUEVO: Product #137496 (NIMH-AAA-HR03)
[2026-02-03 11:10:24] [DEBUG]    🔍 Product #137497 (NIMH-AA-HR6): hash_guardado=None
[2026-02-03 11:10:24] [INFO]   ✨ NUEVO: Product #137497 (NIMH-AA-HR6)
[2026-02-03 11:10:24] [DEBUG]    🔍 Product #137498 (NOT-AUTOOK149B): hash_guardado=None
[2026-02-03 11:10:24] [INFO]   ✨ NUEVO: Product #137498 (NOT-AUTOOK149B)
[2026-02-03 11:10:24] [DEBUG]    🔍 Product #137499 (OF-024): hash_guardado=None
[2026-02-03 11:10:24] [INFO]   ✨ NUEVO: Product #137499 (OF-024)
[2026-02-03 11:10:24] [DEBUG]    🔍 Product #137500 (OK86): hash_guardado=None
[2026-02-03 11:10:24] [INFO]   ✨ NUEVO: Product #137500 (OK86)
[2026-02-03 11:10:24] [DEBUG]    🔍 Product #137501 (OK88): hash_guardado=None
[2026-02-03 11:10:24] [INFO]   ✨ NUEVO: Product #137501 (OK88)
[2026-02-03 11:10:24] [DEBUG]    🔍 Product #137502 (OK89): hash_guardado=None
[2026-02-03 11:10:24] [INFO]   ✨ NUEVO: Product #137502 (OK89)
[2026-02-03 11:10:24] [DEBUG]    🔍 Product #137503 (OPALINA BLANCA TAMAÑO CARTA): hash_guardado=None
[2026-02-03 11:10:24] [INFO]   ✨ NUEVO: Product #137503 (OPALINA BLANCA TAMAÑO CARTA)
[2026-02-03 11:10:24] [DEBUG]    🔍 Product #137504 (OPRINTA): hash_guardado=None
[2026-02-03 11:10:24] [INFO]   ✨ NUEVO: Product #137504 (OPRINTA)
[2026-02-03 11:10:24] [DEBUG]    🔍 Product #137505 (P-001): hash_guardado=None
[2026-02-03 11:10:24] [INFO]   ✨ NUEVO: Product #137505 (P-001)
[2026-02-03 11:10:24] [DEBUG]    🔍 Product #137506 (PANEL-00): hash_guardado=None
[2026-02-03 11:10:24] [INFO]   ✨ NUEVO: Product #137506 (PANEL-00)
[2026-02-03 11:10:24] [DEBUG]    🔍 Product #137507 (PAPEL-BOND): hash_guardado=None
[2026-02-03 11:10:24] [INFO]   ✨ NUEVO: Product #137507 (PAPEL-BOND)
[2026-02-03 11:10:24] [DEBUG]    🔍 Product #137508 (PAPER MATE): hash_guardado=None
[2026-02-03 11:10:24] [INFO]   ✨ NUEVO: Product #137508 (PAPER MATE)
[2026-02-03 11:10:24] [DEBUG]    🔍 Product #137509 (PAPERMATE): hash_guardado=None
[2026-02-03 11:10:24] [INFO]   ✨ NUEVO: Product #137509 (PAPERMATE)
[2026-02-03 11:10:24] [DEBUG]    🔍 Product #137510 (PASTILLAS-AUTOS): hash_guardado=None
[2026-02-03 11:10:24] [INFO]   ✨ NUEVO: Product #137510 (PASTILLAS-AUTOS)
[2026-02-03 11:10:24] [DEBUG]    🔍 Product #137511 (PEGA EN BARRAS): hash_guardado=None
[2026-02-03 11:10:24] [INFO]   ✨ NUEVO: Product #137511 (PEGA EN BARRAS)
[2026-02-03 11:10:24] [DEBUG]    🔍 Product #137512 (PH): hash_guardado=None
[2026-02-03 11:10:24] [INFO]   ✨ NUEVO: Product #137512 (PH)
[2026-02-03 11:10:24] [DEBUG]    🔍 Product #137513 (PH1): hash_guardado=None
[2026-02-03 11:10:24] [INFO]   ✨ NUEVO: Product #137513 (PH1)
[2026-02-03 11:10:24] [DEBUG]    🔍 Product #137514 (PHO): hash_guardado=None
[2026-02-03 11:10:24] [INFO]   ✨ NUEVO: Product #137514 (PHO)
[2026-02-03 11:10:24] [DEBUG]    🔍 Product #137515 (PINTURAS): hash_guardado=None
[2026-02-03 11:10:24] [INFO]   ✨ NUEVO: Product #137515 (PINTURAS)
[2026-02-03 11:10:24] [DEBUG]    🔍 Product #137516 (PLASTICO CARTA): hash_guardado=None
[2026-02-03 11:10:24] [INFO]   ✨ NUEVO: Product #137516 (PLASTICO CARTA)
[2026-02-03 11:10:24] [DEBUG]    🔍 Product #137517 (REF-LED-30W): hash_guardado=None
[2026-02-03 11:10:24] [INFO]   ✨ NUEVO: Product #137517 (REF-LED-30W)
[2026-02-03 11:10:24] [DEBUG]    🔍 Product #137518 (REG-UPPOMI-2064U BLANCA): hash_guardado=None
[2026-02-03 11:10:24] [INFO]   ✨ NUEVO: Product #137518 (REG-UPPOMI-2064U BLANCA)
[2026-02-03 11:10:24] [DEBUG]    🔍 Product #137519 (RESALT-): hash_guardado=None
[2026-02-03 11:10:24] [INFO]   ✨ NUEVO: Product #137519 (RESALT-)
[2026-02-03 11:10:24] [DEBUG]    🔍 Product #137520 (RESALTADOR): hash_guardado=None
[2026-02-03 11:10:24] [INFO]   ✨ NUEVO: Product #137520 (RESALTADOR)
[2026-02-03 11:10:24] [DEBUG]    🔍 Product #137521 (RESALTADOR VERDE OPRINTA): hash_guardado=None
[2026-02-03 11:10:24] [INFO]   ✨ NUEVO: Product #137521 (RESALTADOR VERDE OPRINTA)
[2026-02-03 11:10:24] [DEBUG]    🔍 Product #137522 (RESALTADOR-3D): hash_guardado=None
[2026-02-03 11:10:24] [INFO]   ✨ NUEVO: Product #137522 (RESALTADOR-3D)
[2026-02-03 11:10:24] [DEBUG]    🔍 Product #137523 (RESALTADORES ICONO): hash_guardado=None
[2026-02-03 11:10:24] [INFO]   ✨ NUEVO: Product #137523 (RESALTADORES ICONO)
[2026-02-03 11:10:24] [DEBUG]    🔍 Product #137524 (RES-PAPEL-EXTRA-OFICIO): hash_guardado=None
[2026-02-03 11:10:24] [INFO]   ✨ NUEVO: Product #137524 (RES-PAPEL-EXTRA-OFICIO)
[2026-02-03 11:10:24] [DEBUG]    🔍 Product #137525 (ROLLO-TERM-IMP-FISCAL): hash_guardado=None
[2026-02-03 11:10:24] [INFO]   ✨ NUEVO: Product #137525 (ROLLO-TERM-IMP-FISCAL)
[2026-02-03 11:10:24] [DEBUG]    🔍 Product #137526 (ROLLO-TERM-PT-8065): hash_guardado=None
[2026-02-03 11:10:24] [INFO]   ✨ NUEVO: Product #137526 (ROLLO-TERM-PT-8065)
[2026-02-03 11:10:24] [DEBUG]    🔍 Product #137527 (SACAP-METAL): hash_guardado=None
[2026-02-03 11:10:24] [INFO]   ✨ NUEVO: Product #137527 (SACAP-METAL)
[2026-02-03 11:10:24] [DEBUG]    🔍 Product #137528 (SH-3103): hash_guardado=None
[2026-02-03 11:10:24] [INFO]   ✨ NUEVO: Product #137528 (SH-3103)
[2026-02-03 11:10:24] [DEBUG]    🔍 Product #137529 (SHOOT-MICRO): hash_guardado=None
[2026-02-03 11:10:24] [INFO]   ✨ NUEVO: Product #137529 (SHOOT-MICRO)
[2026-02-03 11:10:24] [DEBUG]    🔍 Product #137530 (SOB-MANILA CARTA): hash_guardado=None
[2026-02-03 11:10:24] [INFO]   ✨ NUEVO: Product #137530 (SOB-MANILA CARTA)
[2026-02-03 11:10:24] [DEBUG]    🔍 Product #137531 (SOB-MANILA-OFIC): hash_guardado=None
[2026-02-03 11:10:24] [INFO]   ✨ NUEVO: Product #137531 (SOB-MANILA-OFIC)
[2026-02-03 11:10:24] [DEBUG]    🔍 Product #137532 (ST-00370): hash_guardado=None
[2026-02-03 11:10:24] [INFO]   ✨ NUEVO: Product #137532 (ST-00370)
[2026-02-03 11:10:24] [DEBUG]    🔍 Product #137533 (ST-03509B-A): hash_guardado=None
[2026-02-03 11:10:24] [INFO]   ✨ NUEVO: Product #137533 (ST-03509B-A)
[2026-02-03 11:10:24] [DEBUG]    🔍 Product #137534 (ST-P01): hash_guardado=None
[2026-02-03 11:10:24] [INFO]   ✨ NUEVO: Product #137534 (ST-P01)
[2026-02-03 11:10:24] [DEBUG]    🔍 Product #137535 (T5219252200): hash_guardado=None
[2026-02-03 11:10:24] [INFO]   ✨ NUEVO: Product #137535 (T5219252200)
[2026-02-03 11:10:24] [DEBUG]    🔍 Product #137536 (TEMP-COLORES): hash_guardado=None
[2026-02-03 11:10:24] [INFO]   ✨ NUEVO: Product #137536 (TEMP-COLORES)
[2026-02-03 11:10:24] [DEBUG]    🔍 Product #137537 (TIJ-8"-NEG): hash_guardado=None
[2026-02-03 11:10:24] [INFO]   ✨ NUEVO: Product #137537 (TIJ-8"-NEG)
[2026-02-03 11:10:24] [DEBUG]    🔍 Product #137538 (UNS-K107): hash_guardado=None
[2026-02-03 11:10:24] [INFO]   ✨ NUEVO: Product #137538 (UNS-K107)
[2026-02-03 11:10:24] [DEBUG]    🔍 Product #137539 (USB-CABLE-MICRO): hash_guardado=None
[2026-02-03 11:10:24] [INFO]   ✨ NUEVO: Product #137539 (USB-CABLE-MICRO)
[2026-02-03 11:10:24] [DEBUG]    🔍 Product #137540 (USB-LDO-W10-MICRO): hash_guardado=None
[2026-02-03 11:10:24] [INFO]   ✨ NUEVO: Product #137540 (USB-LDO-W10-MICRO)
[2026-02-03 11:10:24] [DEBUG]    🔍 Product #137541 (USB-TC): hash_guardado=None
[2026-02-03 11:10:24] [INFO]   ✨ NUEVO: Product #137541 (USB-TC)
[2026-02-03 11:10:24] [DEBUG]    🔍 Product #137542 (X003FDNBWJ): hash_guardado=None
[2026-02-03 11:10:24] [INFO]   ✨ NUEVO: Product #137542 (X003FDNBWJ)
[2026-02-03 11:10:24] [DEBUG]    🔍 Product #137543 (XS025): hash_guardado=None
[2026-02-03 11:10:24] [INFO]   ✨ NUEVO: Product #137543 (XS025)
[2026-02-03 11:10:24] [DEBUG]    🔍 Product #137546 (001): hash_guardado=None
[2026-02-03 11:10:24] [INFO]   ✨ NUEVO: Product #137546 (001)
[2026-02-03 11:10:24] [DEBUG]    🔍 Product #137547 (002): hash_guardado=None
[2026-02-03 11:10:24] [INFO]   ✨ NUEVO: Product #137547 (002)
[2026-02-03 11:10:24] [DEBUG]    🔍 Product #137548 (003): hash_guardado=None
[2026-02-03 11:10:24] [INFO]   ✨ NUEVO: Product #137548 (003)
[2026-02-03 11:10:24] [DEBUG]    🔍 Product #137549 (004): hash_guardado=None
[2026-02-03 11:10:24] [INFO]   ✨ NUEVO: Product #137549 (004)
[2026-02-03 11:10:24] [DEBUG]    🔍 Product #137550 (0040962166604): hash_guardado=None
[2026-02-03 11:10:24] [INFO]   ✨ NUEVO: Product #137550 (0040962166604)
[2026-02-03 11:10:24] [DEBUG]    🔍 Product #137551 (005): hash_guardado=None
[2026-02-03 11:10:24] [INFO]   ✨ NUEVO: Product #137551 (005)
[2026-02-03 11:10:24] [DEBUG]    🔍 Product #137552 (006): hash_guardado=None
[2026-02-03 11:10:24] [INFO]   ✨ NUEVO: Product #137552 (006)
[2026-02-03 11:10:24] [DEBUG]    🔍 Product #137553 (007): hash_guardado=None
[2026-02-03 11:10:24] [INFO]   ✨ NUEVO: Product #137553 (007)
[2026-02-03 11:10:24] [DEBUG]    🔍 Product #137554 (008): hash_guardado=None
[2026-02-03 11:10:24] [INFO]   ✨ NUEVO: Product #137554 (008)
[2026-02-03 11:10:24] [DEBUG]    🔍 Product #137555 (01): hash_guardado=None
[2026-02-03 11:10:24] [INFO]   ✨ NUEVO: Product #137555 (01)
[2026-02-03 11:10:24] [DEBUG]    🔍 Product #137556 (010): hash_guardado=None
[2026-02-03 11:10:24] [INFO]   ✨ NUEVO: Product #137556 (010)
[2026-02-03 11:10:24] [DEBUG]    🔍 Product #137560 (013): hash_guardado=None
[2026-02-03 11:10:24] [INFO]   ✨ NUEVO: Product #137560 (013)
[2026-02-03 11:10:24] [DEBUG]    🔍 Product #137561 (0137137400038): hash_guardado=None
[2026-02-03 11:10:24] [INFO]   ✨ NUEVO: Product #137561 (0137137400038)
[2026-02-03 11:10:24] [DEBUG]    🔍 Product #137562 (0137137400068): hash_guardado=None
[2026-02-03 11:10:24] [INFO]   ✨ NUEVO: Product #137562 (0137137400068)
[2026-02-03 11:10:24] [DEBUG]    🔍 Product #137563 (014): hash_guardado=None
[2026-02-03 11:10:24] [INFO]   ✨ NUEVO: Product #137563 (014)
[2026-02-03 11:10:24] [DEBUG]    🔍 Product #137564 (015): hash_guardado=None
[2026-02-03 11:10:24] [INFO]   ✨ NUEVO: Product #137564 (015)
[2026-02-03 11:10:24] [DEBUG]    🔍 Product #137565 (016): hash_guardado=None
[2026-02-03 11:10:24] [INFO]   ✨ NUEVO: Product #137565 (016)
[2026-02-03 11:10:24] [DEBUG]    🔍 Product #137566 (017): hash_guardado=None
[2026-02-03 11:10:24] [INFO]   ✨ NUEVO: Product #137566 (017)
[2026-02-03 11:10:24] [DEBUG]    🔍 Product #137567 (018): hash_guardado=None
[2026-02-03 11:10:24] [INFO]   ✨ NUEVO: Product #137567 (018)
[2026-02-03 11:10:24] [DEBUG]    🔍 Product #137568 (019): hash_guardado=None
[2026-02-03 11:10:24] [INFO]   ✨ NUEVO: Product #137568 (019)
[2026-02-03 11:10:24] [DEBUG]    🔍 Product #137569 (02): hash_guardado=None
[2026-02-03 11:10:24] [INFO]   ✨ NUEVO: Product #137569 (02)
[2026-02-03 11:10:24] [DEBUG]    🔍 Product #137570 (020): hash_guardado=None
[2026-02-03 11:10:24] [INFO]   ✨ NUEVO: Product #137570 (020)
[2026-02-03 11:10:24] [DEBUG]    🔍 Product #137571 (02004): hash_guardado=None
[2026-02-03 11:10:24] [INFO]   ✨ NUEVO: Product #137571 (02004)
[2026-02-03 11:10:24] [DEBUG]    🔍 Product #137572 (021): hash_guardado=None
[2026-02-03 11:10:24] [INFO]   ✨ NUEVO: Product #137572 (021)
[2026-02-03 11:10:24] [DEBUG]    🔍 Product #137573 (022): hash_guardado=None
[2026-02-03 11:10:24] [INFO]   ✨ NUEVO: Product #137573 (022)
[2026-02-03 11:10:24] [DEBUG]    🔍 Product #137574 (023): hash_guardado=None
[2026-02-03 11:10:24] [INFO]   ✨ NUEVO: Product #137574 (023)
[2026-02-03 11:10:24] [DEBUG]    🔍 Product #137575 (024): hash_guardado=None
[2026-02-03 11:10:24] [INFO]   ✨ NUEVO: Product #137575 (024)
[2026-02-03 11:10:24] [DEBUG]    🔍 Product #137576 (025): hash_guardado=None
[2026-02-03 11:10:24] [INFO]   ✨ NUEVO: Product #137576 (025)
[2026-02-03 11:10:24] [DEBUG]    🔍 Product #137577 (026): hash_guardado=None
[2026-02-03 11:10:24] [INFO]   ✨ NUEVO: Product #137577 (026)
[2026-02-03 11:10:24] [DEBUG]    🔍 Product #137578 (027): hash_guardado=None
[2026-02-03 11:10:24] [INFO]   ✨ NUEVO: Product #137578 (027)
[2026-02-03 11:10:24] [DEBUG]    🔍 Product #137579 (028): hash_guardado=None
[2026-02-03 11:10:24] [INFO]   ✨ NUEVO: Product #137579 (028)
[2026-02-03 11:10:24] [DEBUG]    🔍 Product #137580 (029): hash_guardado=None
[2026-02-03 11:10:24] [INFO]   ✨ NUEVO: Product #137580 (029)
[2026-02-03 11:10:24] [DEBUG]    🔍 Product #137581 (030): hash_guardado=None
[2026-02-03 11:10:24] [INFO]   ✨ NUEVO: Product #137581 (030)
[2026-02-03 11:10:24] [DEBUG]    🔍 Product #137582 (031): hash_guardado=None
[2026-02-03 11:10:24] [INFO]   ✨ NUEVO: Product #137582 (031)
[2026-02-03 11:10:24] [DEBUG]    🔍 Product #137583 (031655531908): hash_guardado=None
[2026-02-03 11:10:24] [INFO]   ✨ NUEVO: Product #137583 (031655531908)
[2026-02-03 11:10:24] [DEBUG]    🔍 Product #137584 (032): hash_guardado=None
[2026-02-03 11:10:24] [INFO]   ✨ NUEVO: Product #137584 (032)
[2026-02-03 11:10:24] [DEBUG]    🔍 Product #137585 (033): hash_guardado=None
[2026-02-03 11:10:24] [INFO]   ✨ NUEVO: Product #137585 (033)
[2026-02-03 11:10:24] [DEBUG]    🔍 Product #137586 (034): hash_guardado=None
[2026-02-03 11:10:24] [INFO]   ✨ NUEVO: Product #137586 (034)
[2026-02-03 11:10:24] [DEBUG]    🔍 Product #137587 (035): hash_guardado=None
[2026-02-03 11:10:24] [INFO]   ✨ NUEVO: Product #137587 (035)
[2026-02-03 11:10:24] [DEBUG]    🔍 Product #137588 (036): hash_guardado=None
[2026-02-03 11:10:24] [INFO]   ✨ NUEVO: Product #137588 (036)
[2026-02-03 11:10:24] [DEBUG]    🔍 Product #137589 (037): hash_guardado=None
[2026-02-03 11:10:24] [INFO]   ✨ NUEVO: Product #137589 (037)
[2026-02-03 11:10:24] [DEBUG]    🔍 Product #137590 (038): hash_guardado=None
[2026-02-03 11:10:24] [INFO]   ✨ NUEVO: Product #137590 (038)
[2026-02-03 11:10:24] [DEBUG]    🔍 Product #137591 (039): hash_guardado=None
[2026-02-03 11:10:24] [INFO]   ✨ NUEVO: Product #137591 (039)
[2026-02-03 11:10:24] [DEBUG]    🔍 Product #137592 (040): hash_guardado=None
[2026-02-03 11:10:24] [INFO]   ✨ NUEVO: Product #137592 (040)
[2026-02-03 11:10:24] [DEBUG]    🔍 Product #137593 (041): hash_guardado=None
[2026-02-03 11:10:24] [INFO]   ✨ NUEVO: Product #137593 (041)
[2026-02-03 11:10:24] [DEBUG]    🔍 Product #137594 (042): hash_guardado=None
[2026-02-03 11:10:24] [INFO]   ✨ NUEVO: Product #137594 (042)
[2026-02-03 11:10:24] [DEBUG]    🔍 Product #137595 (043): hash_guardado=None
[2026-02-03 11:10:24] [INFO]   ✨ NUEVO: Product #137595 (043)
[2026-02-03 11:10:24] [DEBUG]    🔍 Product #137596 (044): hash_guardado=None
[2026-02-03 11:10:24] [INFO]   ✨ NUEVO: Product #137596 (044)
[2026-02-03 11:10:24] [DEBUG]    🔍 Product #137597 (045): hash_guardado=None
[2026-02-03 11:10:24] [INFO]   ✨ NUEVO: Product #137597 (045)
[2026-02-03 11:10:24] [DEBUG]    🔍 Product #137598 (046): hash_guardado=None
[2026-02-03 11:10:24] [INFO]   ✨ NUEVO: Product #137598 (046)
[2026-02-03 11:10:24] [DEBUG]    🔍 Product #137599 (046500017919): hash_guardado=None
[2026-02-03 11:10:24] [INFO]   ✨ NUEVO: Product #137599 (046500017919)
[2026-02-03 11:10:24] [DEBUG]    🔍 Product #137600 (046500761911): hash_guardado=None
[2026-02-03 11:10:24] [INFO]   ✨ NUEVO: Product #137600 (046500761911)
[2026-02-03 11:10:24] [DEBUG]    🔍 Product #137601 (047): hash_guardado=None
[2026-02-03 11:10:24] [INFO]   ✨ NUEVO: Product #137601 (047)
[2026-02-03 11:10:24] [DEBUG]    🔍 Product #137602 (048): hash_guardado=None
[2026-02-03 11:10:24] [INFO]   ✨ NUEVO: Product #137602 (048)
[2026-02-03 11:10:24] [DEBUG]    🔍 Product #137603 (049): hash_guardado=None
[2026-02-03 11:10:24] [INFO]   ✨ NUEVO: Product #137603 (049)
[2026-02-03 11:10:24] [DEBUG]    🔍 Product #137604 (050): hash_guardado=None
[2026-02-03 11:10:24] [INFO]   ✨ NUEVO: Product #137604 (050)
[2026-02-03 11:10:24] [DEBUG]    🔍 Product #137605 (051): hash_guardado=None
[2026-02-03 11:10:24] [INFO]   ✨ NUEVO: Product #137605 (051)
[2026-02-03 11:10:24] [DEBUG]    🔍 Product #137606 (052): hash_guardado=None
[2026-02-03 11:10:24] [INFO]   ✨ NUEVO: Product #137606 (052)
[2026-02-03 11:10:24] [DEBUG]    🔍 Product #137607 (053): hash_guardado=None
[2026-02-03 11:10:24] [INFO]   ✨ NUEVO: Product #137607 (053)
[2026-02-03 11:10:24] [DEBUG]    🔍 Product #137608 (054): hash_guardado=None
[2026-02-03 11:10:24] [INFO]   ✨ NUEVO: Product #137608 (054)
[2026-02-03 11:10:24] [DEBUG]    🔍 Product #137609 (055): hash_guardado=None
[2026-02-03 11:10:24] [INFO]   ✨ NUEVO: Product #137609 (055)
[2026-02-03 11:10:24] [DEBUG]    🔍 Product #137610 (056): hash_guardado=None
[2026-02-03 11:10:24] [INFO]   ✨ NUEVO: Product #137610 (056)
[2026-02-03 11:10:24] [DEBUG]    🔍 Product #137611 (057): hash_guardado=None
[2026-02-03 11:10:24] [INFO]   ✨ NUEVO: Product #137611 (057)
[2026-02-03 11:10:24] [DEBUG]    🔍 Product #137612 (058): hash_guardado=None
[2026-02-03 11:10:24] [INFO]   ✨ NUEVO: Product #137612 (058)
[2026-02-03 11:10:24] [DEBUG]    🔍 Product #137613 (059): hash_guardado=None
[2026-02-03 11:10:24] [INFO]   ✨ NUEVO: Product #137613 (059)
[2026-02-03 11:10:24] [DEBUG]    🔍 Product #137614 (060): hash_guardado=None
[2026-02-03 11:10:24] [INFO]   ✨ NUEVO: Product #137614 (060)
[2026-02-03 11:10:24] [DEBUG]    🔍 Product #137615 (061): hash_guardado=None
[2026-02-03 11:10:24] [INFO]   ✨ NUEVO: Product #137615 (061)
[2026-02-03 11:10:24] [DEBUG]    🔍 Product #137619 (064): hash_guardado=None
[2026-02-03 11:10:24] [INFO]   ✨ NUEVO: Product #137619 (064)
[2026-02-03 11:10:24] [DEBUG]    🔍 Product #137620 (065): hash_guardado=None
[2026-02-03 11:10:24] [INFO]   ✨ NUEVO: Product #137620 (065)
[2026-02-03 11:10:24] [DEBUG]    🔍 Product #137621 (0651536393441): hash_guardado=None
[2026-02-03 11:10:24] [INFO]   ✨ NUEVO: Product #137621 (0651536393441)
[2026-02-03 11:10:24] [DEBUG]    🔍 Product #137622 (066): hash_guardado=None
[2026-02-03 11:10:24] [INFO]   ✨ NUEVO: Product #137622 (066)
[2026-02-03 11:10:24] [DEBUG]    🔍 Product #137623 (067): hash_guardado=None
[2026-02-03 11:10:24] [INFO]   ✨ NUEVO: Product #137623 (067)
[2026-02-03 11:10:24] [DEBUG]    🔍 Product #137624 (068): hash_guardado=None
[2026-02-03 11:10:24] [INFO]   ✨ NUEVO: Product #137624 (068)
[2026-02-03 11:10:24] [DEBUG]    🔍 Product #137625 (069): hash_guardado=None
[2026-02-03 11:10:24] [INFO]   ✨ NUEVO: Product #137625 (069)
[2026-02-03 11:10:24] [DEBUG]    🔍 Product #137626 (070): hash_guardado=None
[2026-02-03 11:10:24] [INFO]   ✨ NUEVO: Product #137626 (070)
[2026-02-03 11:10:24] [DEBUG]    🔍 Product #137627 (071): hash_guardado=None
[2026-02-03 11:10:24] [INFO]   ✨ NUEVO: Product #137627 (071)
[2026-02-03 11:10:24] [DEBUG]    🔍 Product #137628 (071641300019): hash_guardado=None
[2026-02-03 11:10:24] [INFO]   ✨ NUEVO: Product #137628 (071641300019)
[2026-02-03 11:10:24] [DEBUG]    🔍 Product #137629 (072): hash_guardado=None
[2026-02-03 11:10:24] [INFO]   ✨ NUEVO: Product #137629 (072)
[2026-02-03 11:10:24] [DEBUG]    🔍 Product #137630 (073): hash_guardado=None
[2026-02-03 11:10:24] [INFO]   ✨ NUEVO: Product #137630 (073)
[2026-02-03 11:10:24] [DEBUG]    🔍 Product #137631 (074): hash_guardado=None
[2026-02-03 11:10:24] [INFO]   ✨ NUEVO: Product #137631 (074)
[2026-02-03 11:10:24] [DEBUG]    🔍 Product #137632 (075): hash_guardado=None
[2026-02-03 11:10:24] [INFO]   ✨ NUEVO: Product #137632 (075)
[2026-02-03 11:10:24] [DEBUG]    🔍 Product #137633 (076): hash_guardado=None
[2026-02-03 11:10:24] [INFO]   ✨ NUEVO: Product #137633 (076)
[2026-02-03 11:10:24] [DEBUG]    🔍 Product #137634 (077): hash_guardado=None
[2026-02-03 11:10:24] [INFO]   ✨ NUEVO: Product #137634 (077)
[2026-02-03 11:10:24] [DEBUG]    🔍 Product #137635 (078): hash_guardado=None
[2026-02-03 11:10:24] [INFO]   ✨ NUEVO: Product #137635 (078)
[2026-02-03 11:10:24] [DEBUG]    🔍 Product #137636 (079): hash_guardado=None
[2026-02-03 11:10:24] [INFO]   ✨ NUEVO: Product #137636 (079)
[2026-02-03 11:10:24] [DEBUG]    🔍 Product #137637 (080): hash_guardado=None
[2026-02-03 11:10:24] [INFO]   ✨ NUEVO: Product #137637 (080)
[2026-02-03 11:10:24] [DEBUG]    🔍 Product #137638 (081): hash_guardado=None
[2026-02-03 11:10:24] [INFO]   ✨ NUEVO: Product #137638 (081)
[2026-02-03 11:10:24] [DEBUG]    🔍 Product #137639 (083): hash_guardado=None
[2026-02-03 11:10:24] [INFO]   ✨ NUEVO: Product #137639 (083)
[2026-02-03 11:10:24] [DEBUG]    🔍 Product #137640 (084): hash_guardado=None
[2026-02-03 11:10:24] [INFO]   ✨ NUEVO: Product #137640 (084)
[2026-02-03 11:10:24] [DEBUG]    🔍 Product #137641 (085): hash_guardado=None
[2026-02-03 11:10:24] [INFO]   ✨ NUEVO: Product #137641 (085)
[2026-02-03 11:10:24] [DEBUG]    🔍 Product #137642 (086): hash_guardado=None
[2026-02-03 11:10:24] [INFO]   ✨ NUEVO: Product #137642 (086)
[2026-02-03 11:10:24] [DEBUG]    🔍 Product #137643 (087): hash_guardado=None
[2026-02-03 11:10:24] [INFO]   ✨ NUEVO: Product #137643 (087)
[2026-02-03 11:10:24] [DEBUG]    🔍 Product #137644 (088): hash_guardado=None
[2026-02-03 11:10:24] [INFO]   ✨ NUEVO: Product #137644 (088)
[2026-02-03 11:10:24] [DEBUG]    🔍 Product #137645 (089): hash_guardado=None
[2026-02-03 11:10:24] [INFO]   ✨ NUEVO: Product #137645 (089)
[2026-02-03 11:10:24] [DEBUG]    🔍 Product #137646 (090): hash_guardado=None
[2026-02-03 11:10:24] [INFO]   ✨ NUEVO: Product #137646 (090)
[2026-02-03 11:10:24] [DEBUG]    🔍 Product #137647 (091): hash_guardado=None
[2026-02-03 11:10:24] [INFO]   ✨ NUEVO: Product #137647 (091)
[2026-02-03 11:10:24] [DEBUG]    🔍 Product #137648 (092): hash_guardado=None
[2026-02-03 11:10:24] [INFO]   ✨ NUEVO: Product #137648 (092)
[2026-02-03 11:10:24] [DEBUG]    🔍 Product #137649 (093): hash_guardado=None
[2026-02-03 11:10:24] [INFO]   ✨ NUEVO: Product #137649 (093)
[2026-02-03 11:10:24] [DEBUG]    🔍 Product #137650 (094): hash_guardado=None
[2026-02-03 11:10:24] [INFO]   ✨ NUEVO: Product #137650 (094)
[2026-02-03 11:10:24] [DEBUG]    🔍 Product #137651 (095): hash_guardado=None
[2026-02-03 11:10:24] [INFO]   ✨ NUEVO: Product #137651 (095)
[2026-02-03 11:10:24] [DEBUG]    🔍 Product #137652 (096): hash_guardado=None
[2026-02-03 11:10:24] [INFO]   ✨ NUEVO: Product #137652 (096)
[2026-02-03 11:10:24] [DEBUG]    🔍 Product #137653 (097): hash_guardado=None
[2026-02-03 11:10:24] [INFO]   ✨ NUEVO: Product #137653 (097)
[2026-02-03 11:10:24] [DEBUG]    🔍 Product #137654 (098): hash_guardado=None
[2026-02-03 11:10:24] [INFO]   ✨ NUEVO: Product #137654 (098)
[2026-02-03 11:10:24] [DEBUG]    🔍 Product #137655 (099): hash_guardado=None
[2026-02-03 11:10:24] [INFO]   ✨ NUEVO: Product #137655 (099)
[2026-02-03 11:10:24] [DEBUG]    🔍 Product #137656 (100): hash_guardado=None
[2026-02-03 11:10:24] [INFO]   ✨ NUEVO: Product #137656 (100)
[2026-02-03 11:10:24] [DEBUG]    🔍 Product #137657 (101): hash_guardado=None
[2026-02-03 11:10:24] [INFO]   ✨ NUEVO: Product #137657 (101)
[2026-02-03 11:10:24] [DEBUG]    🔍 Product #137658 (10100000106): hash_guardado=None
[2026-02-03 11:10:24] [INFO]   ✨ NUEVO: Product #137658 (10100000106)
[2026-02-03 11:10:24] [DEBUG]    🔍 Product #137659 (10100000203): hash_guardado=None
[2026-02-03 11:10:24] [INFO]   ✨ NUEVO: Product #137659 (10100000203)
[2026-02-03 11:10:24] [DEBUG]    🔍 Product #137660 (102): hash_guardado=None
[2026-02-03 11:10:24] [INFO]   ✨ NUEVO: Product #137660 (102)
[2026-02-03 11:10:24] [DEBUG]    🔍 Product #137661 (103): hash_guardado=None
[2026-02-03 11:10:24] [INFO]   ✨ NUEVO: Product #137661 (103)
[2026-02-03 11:10:24] [DEBUG]    🔍 Product #137662 (104): hash_guardado=None
[2026-02-03 11:10:24] [INFO]   ✨ NUEVO: Product #137662 (104)
[2026-02-03 11:10:24] [DEBUG]    🔍 Product #137663 (105): hash_guardado=None
[2026-02-03 11:10:24] [INFO]   ✨ NUEVO: Product #137663 (105)
[2026-02-03 11:10:24] [DEBUG]    🔍 Product #137664 (106): hash_guardado=None
[2026-02-03 11:10:24] [INFO]   ✨ NUEVO: Product #137664 (106)
[2026-02-03 11:10:24] [DEBUG]    🔍 Product #137665 (107): hash_guardado=None
[2026-02-03 11:10:24] [INFO]   ✨ NUEVO: Product #137665 (107)
[2026-02-03 11:10:24] [DEBUG]    🔍 Product #137666 (108): hash_guardado=None
[2026-02-03 11:10:24] [INFO]   ✨ NUEVO: Product #137666 (108)
[2026-02-03 11:10:24] [DEBUG]    🔍 Product #137667 (109): hash_guardado=None
[2026-02-03 11:10:24] [INFO]   ✨ NUEVO: Product #137667 (109)
[2026-02-03 11:10:24] [DEBUG]    🔍 Product #137668 (110): hash_guardado=None
[2026-02-03 11:10:24] [INFO]   ✨ NUEVO: Product #137668 (110)
[2026-02-03 11:10:24] [DEBUG]    🔍 Product #137669 (111): hash_guardado=None
[2026-02-03 11:10:24] [INFO]   ✨ NUEVO: Product #137669 (111)
[2026-02-03 11:10:24] [DEBUG]    🔍 Product #137671 (113): hash_guardado=None
[2026-02-03 11:10:24] [INFO]   ✨ NUEVO: Product #137671 (113)
[2026-02-03 11:10:24] [DEBUG]    🔍 Product #137672 (114): hash_guardado=None
[2026-02-03 11:10:24] [INFO]   ✨ NUEVO: Product #137672 (114)
[2026-02-03 11:10:24] [DEBUG]    🔍 Product #137673 (115): hash_guardado=None
[2026-02-03 11:10:24] [INFO]   ✨ NUEVO: Product #137673 (115)
[2026-02-03 11:10:24] [DEBUG]    🔍 Product #137677 (119): hash_guardado=None
[2026-02-03 11:10:24] [INFO]   ✨ NUEVO: Product #137677 (119)
[2026-02-03 11:10:24] [DEBUG]    🔍 Product #137679 (16042002): hash_guardado=None
[2026-02-03 11:10:24] [INFO]   ✨ NUEVO: Product #137679 (16042002)
[2026-02-03 11:10:24] [DEBUG]    🔍 Product #137681 (1666141661112): hash_guardado=None
[2026-02-03 11:10:24] [INFO]   ✨ NUEVO: Product #137681 (1666141661112)
[2026-02-03 11:10:24] [DEBUG]    🔍 Product #137682 (194252151037): hash_guardado=None
[2026-02-03 11:10:24] [INFO]   ✨ NUEVO: Product #137682 (194252151037)
[2026-02-03 11:10:24] [DEBUG]    🔍 Product #137683 (194850587290): hash_guardado=None
[2026-02-03 11:10:24] [INFO]   ✨ NUEVO: Product #137683 (194850587290)
[2026-02-03 11:10:24] [DEBUG]    🔍 Product #137684 (2001800043000): hash_guardado=None
[2026-02-03 11:10:24] [INFO]   ✨ NUEVO: Product #137684 (2001800043000)
[2026-02-03 11:10:24] [DEBUG]    🔍 Product #137685 (2064U): hash_guardado=None
[2026-02-03 11:10:24] [INFO]   ✨ NUEVO: Product #137685 (2064U)
[2026-02-03 11:10:24] [DEBUG]    🔍 Product #137686 (2190PAM1): hash_guardado=None
[2026-02-03 11:10:24] [INFO]   ✨ NUEVO: Product #137686 (2190PAM1)
[2026-02-03 11:10:24] [DEBUG]    🔍 Product #137687 (2467574075480): hash_guardado=None
[2026-02-03 11:10:24] [INFO]   ✨ NUEVO: Product #137687 (2467574075480)
[2026-02-03 11:10:24] [DEBUG]    🔍 Product #137688 (3303201707318): hash_guardado=None
[2026-02-03 11:10:24] [INFO]   ✨ NUEVO: Product #137688 (3303201707318)
[2026-02-03 11:10:24] [DEBUG]    🔍 Product #137690 (41250.51): hash_guardado=None
[2026-02-03 11:10:24] [INFO]   ✨ NUEVO: Product #137690 (41250.51)
[2026-02-03 11:10:24] [DEBUG]    🔍 Product #137691 (4443436520173): hash_guardado=None
[2026-02-03 11:10:24] [INFO]   ✨ NUEVO: Product #137691 (4443436520173)
[2026-02-03 11:10:24] [DEBUG]    🔍 Product #137692 (4650125480155): hash_guardado=None
[2026-02-03 11:10:24] [INFO]   ✨ NUEVO: Product #137692 (4650125480155)
[2026-02-03 11:10:24] [DEBUG]    🔍 Product #137693 (4712927861874): hash_guardado=None
[2026-02-03 11:10:24] [INFO]   ✨ NUEVO: Product #137693 (4712927861874)
[2026-02-03 11:10:24] [DEBUG]    🔍 Product #137694 (47661800763561): hash_guardado=None
[2026-02-03 11:10:24] [INFO]   ✨ NUEVO: Product #137694 (47661800763561)
[2026-02-03 11:10:24] [DEBUG]    🔍 Product #137695 (4786234500641): hash_guardado=None
[2026-02-03 11:10:24] [INFO]   ✨ NUEVO: Product #137695 (4786234500641)
[2026-02-03 11:10:24] [DEBUG]    🔍 Product #137696 (4786234500658): hash_guardado=None
[2026-02-03 11:10:24] [INFO]   ✨ NUEVO: Product #137696 (4786234500658)
[2026-02-03 11:10:24] [DEBUG]    🔍 Product #137698 (4891199136313): hash_guardado=None
[2026-02-03 11:10:24] [INFO]   ✨ NUEVO: Product #137698 (4891199136313)
[2026-02-03 11:10:24] [DEBUG]    🔍 Product #137699 (4891199145773): hash_guardado=None
[2026-02-03 11:10:24] [INFO]   ✨ NUEVO: Product #137699 (4891199145773)
[2026-02-03 11:10:24] [DEBUG]    🔍 Product #137701 (5469840256681): hash_guardado=None
[2026-02-03 11:10:24] [INFO]   ✨ NUEVO: Product #137701 (5469840256681)
[2026-02-03 11:10:24] [DEBUG]    🔍 Product #137703 (569): hash_guardado=None
[2026-02-03 11:10:24] [INFO]   ✨ NUEVO: Product #137703 (569)
[2026-02-03 11:10:24] [DEBUG]    🔍 Product #137704 (57X38 MM): hash_guardado=None
[2026-02-03 11:10:24] [INFO]   ✨ NUEVO: Product #137704 (57X38 MM)
[2026-02-03 11:10:24] [DEBUG]    🔍 Product #137705 (5-A): hash_guardado=None
[2026-02-03 11:10:24] [INFO]   ✨ NUEVO: Product #137705 (5-A)
[2026-02-03 11:10:24] [DEBUG]    🔍 Product #137706 (6085010044712): hash_guardado=None
[2026-02-03 11:10:24] [INFO]   ✨ NUEVO: Product #137706 (6085010044712)
[2026-02-03 11:10:24] [DEBUG]    🔍 Product #137707 (6085010094182): hash_guardado=None
[2026-02-03 11:10:24] [INFO]   ✨ NUEVO: Product #137707 (6085010094182)
[2026-02-03 11:10:24] [DEBUG]    🔍 Product #137708 (6290171002338): hash_guardado=None
[2026-02-03 11:10:24] [INFO]   ✨ NUEVO: Product #137708 (6290171002338)
[2026-02-03 11:10:24] [DEBUG]    🔍 Product #137709 (6290171072591): hash_guardado=None
[2026-02-03 11:10:24] [INFO]   ✨ NUEVO: Product #137709 (6290171072591)
[2026-02-03 11:10:24] [DEBUG]    🔍 Product #137710 (6290171072836): hash_guardado=None
[2026-02-03 11:10:24] [INFO]   ✨ NUEVO: Product #137710 (6290171072836)
[2026-02-03 11:10:24] [DEBUG]    🔍 Product #137711 (6291100137565): hash_guardado=None
[2026-02-03 11:10:24] [INFO]   ✨ NUEVO: Product #137711 (6291100137565)
[2026-02-03 11:10:24] [DEBUG]    🔍 Product #137712 (6291108730317): hash_guardado=None
[2026-02-03 11:10:24] [INFO]   ✨ NUEVO: Product #137712 (6291108730317)
[2026-02-03 11:10:24] [DEBUG]    🔍 Product #137713 (6291108730515): hash_guardado=None
[2026-02-03 11:10:24] [INFO]   ✨ NUEVO: Product #137713 (6291108730515)
[2026-02-03 11:10:24] [DEBUG]    🔍 Product #137714 (6291108733486): hash_guardado=None
[2026-02-03 11:10:24] [INFO]   ✨ NUEVO: Product #137714 (6291108733486)
[2026-02-03 11:10:24] [DEBUG]    🔍 Product #137715 (6291108735879): hash_guardado=None
[2026-02-03 11:10:24] [INFO]   ✨ NUEVO: Product #137715 (6291108735879)
[2026-02-03 11:10:24] [DEBUG]    🔍 Product #137716 (6294015102260): hash_guardado=None
[2026-02-03 11:10:24] [INFO]   ✨ NUEVO: Product #137716 (6294015102260)
[2026-02-03 11:10:24] [DEBUG]    🔍 Product #137717 (6294015136470): hash_guardado=None
[2026-02-03 11:10:24] [INFO]   ✨ NUEVO: Product #137717 (6294015136470)
[2026-02-03 11:10:24] [DEBUG]    🔍 Product #137718 (6294015149371): hash_guardado=None
[2026-02-03 11:10:24] [INFO]   ✨ NUEVO: Product #137718 (6294015149371)
[2026-02-03 11:10:24] [DEBUG]    🔍 Product #137719 (6294015160734): hash_guardado=None
[2026-02-03 11:10:24] [INFO]   ✨ NUEVO: Product #137719 (6294015160734)
[2026-02-03 11:10:24] [DEBUG]    🔍 Product #137720 (6294015164176): hash_guardado=None
[2026-02-03 11:10:24] [INFO]   ✨ NUEVO: Product #137720 (6294015164176)
[2026-02-03 11:10:24] [DEBUG]    🔍 Product #137722 (6833158749552): hash_guardado=None
[2026-02-03 11:10:24] [INFO]   ✨ NUEVO: Product #137722 (6833158749552)
[2026-02-03 11:10:24] [DEBUG]    🔍 Product #137724 (6901826888138): hash_guardado=None
[2026-02-03 11:10:24] [INFO]   ✨ NUEVO: Product #137724 (6901826888138)
[2026-02-03 11:10:24] [DEBUG]    🔍 Product #137725 (6902130638242): hash_guardado=None
[2026-02-03 11:10:24] [INFO]   ✨ NUEVO: Product #137725 (6902130638242)
[2026-02-03 11:10:24] [DEBUG]    🔍 Product #137727 (6931905006139): hash_guardado=None
[2026-02-03 11:10:24] [INFO]   ✨ NUEVO: Product #137727 (6931905006139)
[2026-02-03 11:10:24] [DEBUG]    🔍 Product #137728 (6932746800030): hash_guardado=None
[2026-02-03 11:10:24] [INFO]   ✨ NUEVO: Product #137728 (6932746800030)
[2026-02-03 11:10:24] [DEBUG]    🔍 Product #137729 (6935364089634): hash_guardado=None
[2026-02-03 11:10:24] [INFO]   ✨ NUEVO: Product #137729 (6935364089634)
[2026-02-03 11:10:24] [DEBUG]    🔍 Product #137730 (6935364095635): hash_guardado=None
[2026-02-03 11:10:24] [INFO]   ✨ NUEVO: Product #137730 (6935364095635)
[2026-02-03 11:10:24] [DEBUG]    🔍 Product #137731 (6935482287691): hash_guardado=None
[2026-02-03 11:10:24] [INFO]   ✨ NUEVO: Product #137731 (6935482287691)
[2026-02-03 11:10:24] [DEBUG]    🔍 Product #137732 (6936648520454): hash_guardado=None
[2026-02-03 11:10:24] [INFO]   ✨ NUEVO: Product #137732 (6936648520454)
[2026-02-03 11:10:24] [DEBUG]    🔍 Product #137733 (6937544301406): hash_guardado=None
[2026-02-03 11:10:24] [INFO]   ✨ NUEVO: Product #137733 (6937544301406)
[2026-02-03 11:10:24] [DEBUG]    🔍 Product #137734 (6937544370297): hash_guardado=None
[2026-02-03 11:10:24] [INFO]   ✨ NUEVO: Product #137734 (6937544370297)
[2026-02-03 11:10:24] [DEBUG]    🔍 Product #137735 (6938408021270): hash_guardado=None
[2026-02-03 11:10:24] [INFO]   ✨ NUEVO: Product #137735 (6938408021270)
[2026-02-03 11:10:24] [DEBUG]    🔍 Product #137736 (6940975926506): hash_guardado=None
[2026-02-03 11:10:24] [INFO]   ✨ NUEVO: Product #137736 (6940975926506)
[2026-02-03 11:10:24] [DEBUG]    🔍 Product #137738 (6942063600022): hash_guardado=None
[2026-02-03 11:10:24] [INFO]   ✨ NUEVO: Product #137738 (6942063600022)
[2026-02-03 11:10:24] [DEBUG]    🔍 Product #137739 (6948391225111): hash_guardado=None
[2026-02-03 11:10:24] [INFO]   ✨ NUEVO: Product #137739 (6948391225111)
[2026-02-03 11:10:24] [DEBUG]    🔍 Product #137740 (6948447510406): hash_guardado=None
[2026-02-03 11:10:24] [INFO]   ✨ NUEVO: Product #137740 (6948447510406)
[2026-02-03 11:10:24] [DEBUG]    🔍 Product #137741 (6952879101033): hash_guardado=None
[2026-02-03 11:10:24] [INFO]   ✨ NUEVO: Product #137741 (6952879101033)
[2026-02-03 11:10:24] [DEBUG]    🔍 Product #137742 (6954300622285): hash_guardado=None
[2026-02-03 11:10:24] [INFO]   ✨ NUEVO: Product #137742 (6954300622285)
[2026-02-03 11:10:24] [DEBUG]    🔍 Product #137743 (6954300625989): hash_guardado=None
[2026-02-03 11:10:24] [INFO]   ✨ NUEVO: Product #137743 (6954300625989)
[2026-02-03 11:10:24] [DEBUG]    🔍 Product #137744 (6954300626245): hash_guardado=None
[2026-02-03 11:10:24] [INFO]   ✨ NUEVO: Product #137744 (6954300626245)
[2026-02-03 11:10:24] [DEBUG]    🔍 Product #137745 (6954300636572): hash_guardado=None
[2026-02-03 11:10:24] [INFO]   ✨ NUEVO: Product #137745 (6954300636572)
[2026-02-03 11:10:24] [DEBUG]    🔍 Product #137746 (6954300685921): hash_guardado=None
[2026-02-03 11:10:24] [INFO]   ✨ NUEVO: Product #137746 (6954300685921)
[2026-02-03 11:10:24] [DEBUG]    🔍 Product #137747 (6954300698860): hash_guardado=None
[2026-02-03 11:10:24] [INFO]   ✨ NUEVO: Product #137747 (6954300698860)
[2026-02-03 11:10:24] [DEBUG]    🔍 Product #137748 (6955331816124): hash_guardado=None
[2026-02-03 11:10:24] [INFO]   ✨ NUEVO: Product #137748 (6955331816124)
[2026-02-03 11:10:24] [DEBUG]    🔍 Product #137749 (6959984401041): hash_guardado=None
[2026-02-03 11:10:24] [INFO]   ✨ NUEVO: Product #137749 (6959984401041)
[2026-02-03 11:10:24] [DEBUG]    🔍 Product #137750 (6960770170287): hash_guardado=None
[2026-02-03 11:10:24] [INFO]   ✨ NUEVO: Product #137750 (6960770170287)
[2026-02-03 11:10:24] [DEBUG]    🔍 Product #137752 (6970466900395): hash_guardado=None
[2026-02-03 11:10:24] [INFO]   ✨ NUEVO: Product #137752 (6970466900395)
[2026-02-03 11:10:24] [DEBUG]    🔍 Product #137754 (6971192051948): hash_guardado=None
[2026-02-03 11:10:24] [INFO]   ✨ NUEVO: Product #137754 (6971192051948)
[2026-02-03 11:10:24] [DEBUG]    🔍 Product #137755 (6971192051993): hash_guardado=None
[2026-02-03 11:10:24] [INFO]   ✨ NUEVO: Product #137755 (6971192051993)
[2026-02-03 11:10:24] [DEBUG]    🔍 Product #137756 (6971399289939): hash_guardado=None
[2026-02-03 11:10:24] [INFO]   ✨ NUEVO: Product #137756 (6971399289939)
[2026-02-03 11:10:24] [DEBUG]    🔍 Product #137757 (6971542158273): hash_guardado=None
[2026-02-03 11:10:24] [INFO]   ✨ NUEVO: Product #137757 (6971542158273)
[2026-02-03 11:10:24] [DEBUG]    🔍 Product #137758 (6975391430207): hash_guardado=None
[2026-02-03 11:10:24] [INFO]   ✨ NUEVO: Product #137758 (6975391430207)
[2026-02-03 11:10:24] [DEBUG]    🔍 Product #137759 (6976367601676): hash_guardado=None
[2026-02-03 11:10:24] [INFO]   ✨ NUEVO: Product #137759 (6976367601676)
[2026-02-03 11:10:24] [DEBUG]    🔍 Product #137760 (6986283615695): hash_guardado=None
[2026-02-03 11:10:24] [INFO]   ✨ NUEVO: Product #137760 (6986283615695)
[2026-02-03 11:10:24] [DEBUG]    🔍 Product #137761 (6988822375350): hash_guardado=None
[2026-02-03 11:10:24] [INFO]   ✨ NUEVO: Product #137761 (6988822375350)
[2026-02-03 11:10:24] [DEBUG]    🔍 Product #137762 (6989652360011): hash_guardado=None
[2026-02-03 11:10:24] [INFO]   ✨ NUEVO: Product #137762 (6989652360011)
[2026-02-03 11:10:24] [DEBUG]    🔍 Product #137763 (6992019802208): hash_guardado=None
[2026-02-03 11:10:24] [INFO]   ✨ NUEVO: Product #137763 (6992019802208)
[2026-02-03 11:10:24] [DEBUG]    🔍 Product #137764 (6999881512181): hash_guardado=None
[2026-02-03 11:10:24] [INFO]   ✨ NUEVO: Product #137764 (6999881512181)
[2026-02-03 11:10:24] [DEBUG]    🔍 Product #137765 (710497705592): hash_guardado=None
[2026-02-03 11:10:24] [INFO]   ✨ NUEVO: Product #137765 (710497705592)
[2026-02-03 11:10:24] [DEBUG]    🔍 Product #137766 (710497705608): hash_guardado=None
[2026-02-03 11:10:24] [INFO]   ✨ NUEVO: Product #137766 (710497705608)
[2026-02-03 11:10:24] [DEBUG]    🔍 Product #137767 (710497971362): hash_guardado=None
[2026-02-03 11:10:24] [INFO]   ✨ NUEVO: Product #137767 (710497971362)
[2026-02-03 11:10:24] [DEBUG]    🔍 Product #137768 (713757145015): hash_guardado=None
[2026-02-03 11:10:24] [INFO]   ✨ NUEVO: Product #137768 (713757145015)
[2026-02-03 11:10:24] [DEBUG]    🔍 Product #137769 (713757150118): hash_guardado=None
[2026-02-03 11:10:24] [INFO]   ✨ NUEVO: Product #137769 (713757150118)
[2026-02-03 11:10:24] [DEBUG]    🔍 Product #137770 (719346065405): hash_guardado=None
[2026-02-03 11:10:24] [INFO]   ✨ NUEVO: Product #137770 (719346065405)
[2026-02-03 11:10:24] [DEBUG]    🔍 Product #137771 (720171614218): hash_guardado=None
[2026-02-03 11:10:24] [INFO]   ✨ NUEVO: Product #137771 (720171614218)
[2026-02-03 11:10:24] [DEBUG]    🔍 Product #137772 (720171614577): hash_guardado=None
[2026-02-03 11:10:24] [INFO]   ✨ NUEVO: Product #137772 (720171614577)
[2026-02-03 11:10:24] [DEBUG]    🔍 Product #137773 (720171615529): hash_guardado=None
[2026-02-03 11:10:24] [INFO]   ✨ NUEVO: Product #137773 (720171615529)
[2026-02-03 11:10:24] [DEBUG]    🔍 Product #137774 (720171616373): hash_guardado=None
[2026-02-03 11:10:24] [INFO]   ✨ NUEVO: Product #137774 (720171616373)
[2026-02-03 11:10:24] [DEBUG]    🔍 Product #137776 (723868935856): hash_guardado=None
[2026-02-03 11:10:24] [INFO]   ✨ NUEVO: Product #137776 (723868935856)
[2026-02-03 11:10:24] [DEBUG]    🔍 Product #137779 (740617263442): hash_guardado=None
[2026-02-03 11:10:24] [INFO]   ✨ NUEVO: Product #137779 (740617263442)
[2026-02-03 11:10:24] [DEBUG]    🔍 Product #137780 (740617309720): hash_guardado=None
[2026-02-03 11:10:24] [INFO]   ✨ NUEVO: Product #137780 (740617309720)
[2026-02-03 11:10:24] [DEBUG]    🔍 Product #137781 (740617309829): hash_guardado=None
[2026-02-03 11:10:24] [INFO]   ✨ NUEVO: Product #137781 (740617309829)
[2026-02-03 11:10:24] [DEBUG]    🔍 Product #137782 (740617309928): hash_guardado=None
[2026-02-03 11:10:24] [INFO]   ✨ NUEVO: Product #137782 (740617309928)
[2026-02-03 11:10:24] [DEBUG]    🔍 Product #137783 (7453010000950): hash_guardado=None
[2026-02-03 11:10:24] [INFO]   ✨ NUEVO: Product #137783 (7453010000950)
[2026-02-03 11:10:24] [DEBUG]    🔍 Product #137784 (7453010005757): hash_guardado=None
[2026-02-03 11:10:24] [INFO]   ✨ NUEVO: Product #137784 (7453010005757)
[2026-02-03 11:10:24] [DEBUG]    🔍 Product #137785 (7453010010089): hash_guardado=None
[2026-02-03 11:10:24] [INFO]   ✨ NUEVO: Product #137785 (7453010010089)
[2026-02-03 11:10:24] [DEBUG]    🔍 Product #137786 (7453010047818): hash_guardado=None
[2026-02-03 11:10:24] [INFO]   ✨ NUEVO: Product #137786 (7453010047818)
[2026-02-03 11:10:24] [DEBUG]    🔍 Product #137787 (7453010064600): hash_guardado=None
[2026-02-03 11:10:24] [INFO]   ✨ NUEVO: Product #137787 (7453010064600)
[2026-02-03 11:10:24] [DEBUG]    🔍 Product #137788 (7453010082727): hash_guardado=None
[2026-02-03 11:10:24] [INFO]   ✨ NUEVO: Product #137788 (7453010082727)
[2026-02-03 11:10:24] [DEBUG]    🔍 Product #137789 (7453010083656): hash_guardado=None
[2026-02-03 11:10:24] [INFO]   ✨ NUEVO: Product #137789 (7453010083656)
[2026-02-03 11:10:24] [DEBUG]    🔍 Product #137790 (7453015107371): hash_guardado=None
[2026-02-03 11:10:24] [INFO]   ✨ NUEVO: Product #137790 (7453015107371)
[2026-02-03 11:10:24] [DEBUG]    🔍 Product #137791 (7453015108293): hash_guardado=None
[2026-02-03 11:10:24] [INFO]   ✨ NUEVO: Product #137791 (7453015108293)
[2026-02-03 11:10:24] [DEBUG]    🔍 Product #137792 (7453015110562): hash_guardado=None
[2026-02-03 11:10:24] [INFO]   ✨ NUEVO: Product #137792 (7453015110562)
[2026-02-03 11:10:24] [DEBUG]    🔍 Product #137793 (7453015111996): hash_guardado=None
[2026-02-03 11:10:24] [INFO]   ✨ NUEVO: Product #137793 (7453015111996)
[2026-02-03 11:10:24] [DEBUG]    🔍 Product #137794 (7453015117103): hash_guardado=None
[2026-02-03 11:10:24] [INFO]   ✨ NUEVO: Product #137794 (7453015117103)
[2026-02-03 11:10:24] [DEBUG]    🔍 Product #137795 (7453015117110): hash_guardado=None
[2026-02-03 11:10:24] [INFO]   ✨ NUEVO: Product #137795 (7453015117110)
[2026-02-03 11:10:24] [DEBUG]    🔍 Product #137796 (7453015117127): hash_guardado=None
[2026-02-03 11:10:24] [INFO]   ✨ NUEVO: Product #137796 (7453015117127)
[2026-02-03 11:10:24] [DEBUG]    🔍 Product #137798 (7453015129489): hash_guardado=None
[2026-02-03 11:10:24] [INFO]   ✨ NUEVO: Product #137798 (7453015129489)
[2026-02-03 11:10:24] [DEBUG]    🔍 Product #137799 (7453015145809): hash_guardado=None
[2026-02-03 11:10:24] [INFO]   ✨ NUEVO: Product #137799 (7453015145809)
[2026-02-03 11:10:24] [DEBUG]    🔍 Product #137800 (7453038406413): hash_guardado=None
[2026-02-03 11:10:24] [INFO]   ✨ NUEVO: Product #137800 (7453038406413)
[2026-02-03 11:10:24] [DEBUG]    🔍 Product #137802 (7453038417976): hash_guardado=None
[2026-02-03 11:10:24] [INFO]   ✨ NUEVO: Product #137802 (7453038417976)
[2026-02-03 11:10:24] [DEBUG]    🔍 Product #137803 (7453038433075): hash_guardado=None
[2026-02-03 11:10:24] [INFO]   ✨ NUEVO: Product #137803 (7453038433075)
[2026-02-03 11:10:24] [DEBUG]    🔍 Product #137804 (7453038433181): hash_guardado=None
[2026-02-03 11:10:24] [INFO]   ✨ NUEVO: Product #137804 (7453038433181)
[2026-02-03 11:10:24] [DEBUG]    🔍 Product #137805 (7453038436915): hash_guardado=None
[2026-02-03 11:10:24] [INFO]   ✨ NUEVO: Product #137805 (7453038436915)
[2026-02-03 11:10:24] [DEBUG]    🔍 Product #137806 (7453038443937): hash_guardado=None
[2026-02-03 11:10:24] [INFO]   ✨ NUEVO: Product #137806 (7453038443937)
[2026-02-03 11:10:24] [DEBUG]    🔍 Product #137807 (7453038448291): hash_guardado=None
[2026-02-03 11:10:24] [INFO]   ✨ NUEVO: Product #137807 (7453038448291)
[2026-02-03 11:10:24] [DEBUG]    🔍 Product #137808 (7453038455961): hash_guardado=None
[2026-02-03 11:10:24] [INFO]   ✨ NUEVO: Product #137808 (7453038455961)
[2026-02-03 11:10:24] [DEBUG]    🔍 Product #137809 (7453038470971): hash_guardado=None
[2026-02-03 11:10:24] [INFO]   ✨ NUEVO: Product #137809 (7453038470971)
[2026-02-03 11:10:24] [DEBUG]    🔍 Product #137810 (7453038486026): hash_guardado=None
[2026-02-03 11:10:24] [INFO]   ✨ NUEVO: Product #137810 (7453038486026)
[2026-02-03 11:10:24] [DEBUG]    🔍 Product #137811 (7453078501925): hash_guardado=None
[2026-02-03 11:10:24] [INFO]   ✨ NUEVO: Product #137811 (7453078501925)
[2026-02-03 11:10:24] [DEBUG]    🔍 Product #137812 (7453078528021): hash_guardado=None
[2026-02-03 11:10:24] [INFO]   ✨ NUEVO: Product #137812 (7453078528021)
[2026-02-03 11:10:24] [DEBUG]    🔍 Product #137813 (7453078547626): hash_guardado=None
[2026-02-03 11:10:24] [INFO]   ✨ NUEVO: Product #137813 (7453078547626)
[2026-02-03 11:10:24] [DEBUG]    🔍 Product #137814 (7453078547732): hash_guardado=None
[2026-02-03 11:10:24] [INFO]   ✨ NUEVO: Product #137814 (7453078547732)
[2026-02-03 11:10:24] [DEBUG]    🔍 Product #137815 (7453091307061): hash_guardado=None
[2026-02-03 11:10:24] [INFO]   ✨ NUEVO: Product #137815 (7453091307061)
[2026-02-03 11:10:24] [DEBUG]    🔍 Product #137816 (7501037022476): hash_guardado=None
[2026-02-03 11:10:24] [INFO]   ✨ NUEVO: Product #137816 (7501037022476)
[2026-02-03 11:10:24] [DEBUG]    🔍 Product #137819 (7591147022589): hash_guardado=None
[2026-02-03 11:10:24] [INFO]   ✨ NUEVO: Product #137819 (7591147022589)
[2026-02-03 11:10:24] [DEBUG]    🔍 Product #137820 (7591147360025): hash_guardado=None
[2026-02-03 11:10:24] [INFO]   ✨ NUEVO: Product #137820 (7591147360025)
[2026-02-03 11:10:24] [DEBUG]    🔍 Product #137821 (7591163327163): hash_guardado=None
[2026-02-03 11:10:24] [INFO]   ✨ NUEVO: Product #137821 (7591163327163)
[2026-02-03 11:10:24] [DEBUG]    🔍 Product #137822 (7591163327187): hash_guardado=None
[2026-02-03 11:10:24] [INFO]   ✨ NUEVO: Product #137822 (7591163327187)
[2026-02-03 11:10:24] [DEBUG]    🔍 Product #137823 (7592474240028): hash_guardado=None
[2026-02-03 11:10:24] [INFO]   ✨ NUEVO: Product #137823 (7592474240028)
[2026-02-03 11:10:24] [DEBUG]    🔍 Product #137824 (7594003390013): hash_guardado=None
[2026-02-03 11:10:24] [INFO]   ✨ NUEVO: Product #137824 (7594003390013)
[2026-02-03 11:10:24] [DEBUG]    🔍 Product #137825 (7595218000384): hash_guardado=None
[2026-02-03 11:10:24] [INFO]   ✨ NUEVO: Product #137825 (7595218000384)
[2026-02-03 11:10:24] [DEBUG]    🔍 Product #137826 (7597024102207): hash_guardado=None
[2026-02-03 11:10:24] [INFO]   ✨ NUEVO: Product #137826 (7597024102207)
[2026-02-03 11:10:24] [DEBUG]    🔍 Product #137827 (7598874011633): hash_guardado=None
[2026-02-03 11:10:24] [INFO]   ✨ NUEVO: Product #137827 (7598874011633)
[2026-02-03 11:10:24] [DEBUG]    🔍 Product #137828 (7611160127570): hash_guardado=None
[2026-02-03 11:10:24] [INFO]   ✨ NUEVO: Product #137828 (7611160127570)
[2026-02-03 11:10:24] [DEBUG]    🔍 Product #137829 (7640496670160): hash_guardado=None
[2026-02-03 11:10:24] [INFO]   ✨ NUEVO: Product #137829 (7640496670160)
[2026-02-03 11:10:24] [DEBUG]    🔍 Product #137832 (7750082006140): hash_guardado=None
[2026-02-03 11:10:24] [INFO]   ✨ NUEVO: Product #137832 (7750082006140)
[2026-02-03 11:10:24] [DEBUG]    🔍 Product #137834 (779778980608): hash_guardado=None
[2026-02-03 11:10:24] [INFO]   ✨ NUEVO: Product #137834 (779778980608)
[2026-02-03 11:10:24] [DEBUG]    🔍 Product #137835 (7822295316467): hash_guardado=None
[2026-02-03 11:10:24] [INFO]   ✨ NUEVO: Product #137835 (7822295316467)
[2026-02-03 11:10:24] [DEBUG]    🔍 Product #137836 (7851488574360): hash_guardado=None
[2026-02-03 11:10:24] [INFO]   ✨ NUEVO: Product #137836 (7851488574360)
[2026-02-03 11:10:24] [DEBUG]    🔍 Product #137838 (7891173019448): hash_guardado=None
[2026-02-03 11:10:24] [INFO]   ✨ NUEVO: Product #137838 (7891173019448)
[2026-02-03 11:10:24] [DEBUG]    🔍 Product #137839 (7891173024480): hash_guardado=None
[2026-02-03 11:10:24] [INFO]   ✨ NUEVO: Product #137839 (7891173024480)
[2026-02-03 11:10:24] [DEBUG]    🔍 Product #137841 (80X63 MM): hash_guardado=None
[2026-02-03 11:10:24] [INFO]   ✨ NUEVO: Product #137841 (80X63 MM)
[2026-02-03 11:10:24] [DEBUG]    🔍 Product #137842 (80X80MM): hash_guardado=None
[2026-02-03 11:10:24] [INFO]   ✨ NUEVO: Product #137842 (80X80MM)
[2026-02-03 11:10:24] [DEBUG]    🔍 Product #137843 (8411061701034): hash_guardado=None
[2026-02-03 11:10:24] [INFO]   ✨ NUEVO: Product #137843 (8411061701034)
[2026-02-03 11:10:24] [DEBUG]    🔍 Product #137844 (8435450003714): hash_guardado=None
[2026-02-03 11:10:24] [INFO]   ✨ NUEVO: Product #137844 (8435450003714)
[2026-02-03 11:10:24] [DEBUG]    🔍 Product #137845 (8435450003721): hash_guardado=None
[2026-02-03 11:10:24] [INFO]   ✨ NUEVO: Product #137845 (8435450003721)
[2026-02-03 11:10:24] [DEBUG]    🔍 Product #137846 (8554144454776): hash_guardado=None
[2026-02-03 11:10:24] [INFO]   ✨ NUEVO: Product #137846 (8554144454776)
[2026-02-03 11:10:24] [DEBUG]    🔍 Product #137848 (8806086511162): hash_guardado=None
[2026-02-03 11:10:24] [INFO]   ✨ NUEVO: Product #137848 (8806086511162)
[2026-02-03 11:10:24] [DEBUG]    🔍 Product #137849 (8965347986528): hash_guardado=None
[2026-02-03 11:10:24] [INFO]   ✨ NUEVO: Product #137849 (8965347986528)
[2026-02-03 11:10:24] [DEBUG]    🔍 Product #137850 (9023800122025): hash_guardado=None
[2026-02-03 11:10:24] [INFO]   ✨ NUEVO: Product #137850 (9023800122025)
[2026-02-03 11:10:24] [DEBUG]    🔍 Product #137855 (9023800933126): hash_guardado=None
[2026-02-03 11:10:24] [INFO]   ✨ NUEVO: Product #137855 (9023800933126)
[2026-02-03 11:10:24] [DEBUG]    🔍 Product #137857 (909101811302): hash_guardado=None
[2026-02-03 11:10:24] [INFO]   ✨ NUEVO: Product #137857 (909101811302)
[2026-02-03 11:10:24] [DEBUG]    🔍 Product #137861 (9593340882067): hash_guardado=None
[2026-02-03 11:10:24] [INFO]   ✨ NUEVO: Product #137861 (9593340882067)
[2026-02-03 11:10:24] [DEBUG]    🔍 Product #137862 (9593340892059): hash_guardado=None
[2026-02-03 11:10:24] [INFO]   ✨ NUEVO: Product #137862 (9593340892059)
[2026-02-03 11:10:24] [DEBUG]    🔍 Product #137863 (9789806587106): hash_guardado=None
[2026-02-03 11:10:24] [INFO]   ✨ NUEVO: Product #137863 (9789806587106)
[2026-02-03 11:10:24] [DEBUG]    🔍 Product #137866 (AA): hash_guardado=None
[2026-02-03 11:10:24] [INFO]   ✨ NUEVO: Product #137866 (AA)
[2026-02-03 11:10:24] [DEBUG]    🔍 Product #137867 (AAA): hash_guardado=None
[2026-02-03 11:10:24] [INFO]   ✨ NUEVO: Product #137867 (AAA)
[2026-02-03 11:10:24] [DEBUG]    🔍 Product #137868 (ADAP HDMI VGA): hash_guardado=None
[2026-02-03 11:10:24] [INFO]   ✨ NUEVO: Product #137868 (ADAP HDMI VGA)
[2026-02-03 11:10:24] [DEBUG]    🔍 Product #137869 (ADAP HDMI VGA CON AUDIO): hash_guardado=None
[2026-02-03 11:10:24] [INFO]   ✨ NUEVO: Product #137869 (ADAP HDMI VGA CON AUDIO)
[2026-02-03 11:10:24] [DEBUG]    🔍 Product #137870 (ADAP-AUDIO-D08): hash_guardado=None
[2026-02-03 11:10:24] [INFO]   ✨ NUEVO: Product #137870 (ADAP-AUDIO-D08)
[2026-02-03 11:10:24] [DEBUG]    🔍 Product #137871 (ADAP-EUR2P): hash_guardado=None
[2026-02-03 11:10:24] [INFO]   ✨ NUEVO: Product #137871 (ADAP-EUR2P)
[2026-02-03 11:10:24] [DEBUG]    🔍 Product #137872 (ADAP-REDMI-8V): hash_guardado=None
[2026-02-03 11:10:24] [INFO]   ✨ NUEVO: Product #137872 (ADAP-REDMI-8V)
[2026-02-03 11:10:24] [DEBUG]    🔍 Product #137873 (ADAPTADOR EUROPA): hash_guardado=None
[2026-02-03 11:10:24] [INFO]   ✨ NUEVO: Product #137873 (ADAPTADOR EUROPA)
[2026-02-03 11:10:24] [DEBUG]    🔍 Product #137874 (ADAP-USB-SATA): hash_guardado=None
[2026-02-03 11:10:24] [INFO]   ✨ NUEVO: Product #137874 (ADAP-USB-SATA)
[2026-02-03 11:10:24] [DEBUG]    🔍 Product #137875 (AD-HDMI/VGA): hash_guardado=None
[2026-02-03 11:10:24] [INFO]   ✨ NUEVO: Product #137875 (AD-HDMI/VGA)
[2026-02-03 11:10:24] [DEBUG]    🔍 Product #137876 (AD-UH): hash_guardado=None
[2026-02-03 11:10:24] [INFO]   ✨ NUEVO: Product #137876 (AD-UH)
[2026-02-03 11:10:24] [DEBUG]    🔍 Product #137877 (AFILADOR): hash_guardado=None
[2026-02-03 11:10:24] [INFO]   ✨ NUEVO: Product #137877 (AFILADOR)
[2026-02-03 11:10:24] [DEBUG]    🔍 Product #137879 (AIRTAG): hash_guardado=None
[2026-02-03 11:10:24] [INFO]   ✨ NUEVO: Product #137879 (AIRTAG)
[2026-02-03 11:10:24] [DEBUG]    🔍 Product #137880 (AIRTAGFORRO): hash_guardado=None
[2026-02-03 11:10:24] [INFO]   ✨ NUEVO: Product #137880 (AIRTAGFORRO)
[2026-02-03 11:10:24] [DEBUG]    🔍 Product #137881 (AIRTAGLLAVERO): hash_guardado=None
[2026-02-03 11:10:24] [INFO]   ✨ NUEVO: Product #137881 (AIRTAGLLAVERO)
[2026-02-03 11:10:24] [DEBUG]    🔍 Product #137882 (ALCALDIA): hash_guardado=None
[2026-02-03 11:10:24] [INFO]   ✨ NUEVO: Product #137882 (ALCALDIA)
[2026-02-03 11:10:24] [DEBUG]    🔍 Product #137885 (ALQ-01): hash_guardado=None
[2026-02-03 11:10:24] [INFO]   ✨ NUEVO: Product #137885 (ALQ-01)
[2026-02-03 11:10:24] [DEBUG]    🔍 Product #137892 (ARO LUZ CELULAR D66): hash_guardado=None
[2026-02-03 11:10:24] [INFO]   ✨ NUEVO: Product #137892 (ARO LUZ CELULAR D66)
[2026-02-03 11:10:24] [DEBUG]    🔍 Product #137893 (ARO LUZ LED 8 PULGADAS): hash_guardado=None
[2026-02-03 11:10:24] [INFO]   ✨ NUEVO: Product #137893 (ARO LUZ LED 8 PULGADAS)
[2026-02-03 11:10:24] [DEBUG]    🔍 Product #137894 (AUDIFONO AIRPODS IPHONE): hash_guardado=None
[2026-02-03 11:10:24] [INFO]   ✨ NUEVO: Product #137894 (AUDIFONO AIRPODS IPHONE)
[2026-02-03 11:10:24] [DEBUG]    🔍 Product #137895 (AUDIFONO CAT): hash_guardado=None
[2026-02-03 11:10:24] [INFO]   ✨ NUEVO: Product #137895 (AUDIFONO CAT)
[2026-02-03 11:10:24] [DEBUG]    🔍 Product #137896 (AUDIFONO STN-13): hash_guardado=None
[2026-02-03 11:10:24] [INFO]   ✨ NUEVO: Product #137896 (AUDIFONO STN-13)
[2026-02-03 11:10:24] [DEBUG]    🔍 Product #137898 (AUDIO-PLUG): hash_guardado=None
[2026-02-03 11:10:24] [INFO]   ✨ NUEVO: Product #137898 (AUDIO-PLUG)
[2026-02-03 11:10:24] [DEBUG]    🔍 Product #137901 (B091GR8KM6): hash_guardado=None
[2026-02-03 11:10:24] [INFO]   ✨ NUEVO: Product #137901 (B091GR8KM6)
[2026-02-03 11:10:24] [DEBUG]    🔍 Product #137902 (B27-S-BTV): hash_guardado=None
[2026-02-03 11:10:24] [INFO]   ✨ NUEVO: Product #137902 (B27-S-BTV)
[2026-02-03 11:10:24] [DEBUG]    🔍 Product #137903 (BAL-DIGITALB2090): hash_guardado=None
[2026-02-03 11:10:24] [INFO]   ✨ NUEVO: Product #137903 (BAL-DIGITALB2090)
[2026-02-03 11:10:24] [DEBUG]    🔍 Product #137906 (BASE PARA TABLET STENTS): hash_guardado=None
[2026-02-03 11:10:24] [INFO]   ✨ NUEVO: Product #137906 (BASE PARA TABLET STENTS)
[2026-02-03 11:10:24] [DEBUG]    🔍 Product #137907 (BASE SOPORTE DE TELEFONO CELULAR 360°): hash_guardado=None
[2026-02-03 11:10:24] [INFO]   ✨ NUEVO: Product #137907 (BASE SOPORTE DE TELEFONO CELULAR 360°)
[2026-02-03 11:10:24] [DEBUG]    🔍 Product #137908 (BASE SOPORTE ESCRITORIO): hash_guardado=None
[2026-02-03 11:10:24] [INFO]   ✨ NUEVO: Product #137908 (BASE SOPORTE ESCRITORIO)
[2026-02-03 11:10:24] [DEBUG]    🔍 Product #137909 (BASE TV FIJA): hash_guardado=None
[2026-02-03 11:10:24] [INFO]   ✨ NUEVO: Product #137909 (BASE TV FIJA)
[2026-02-03 11:10:24] [DEBUG]    🔍 Product #137910 (BDPTCMR): hash_guardado=None
[2026-02-03 11:10:24] [INFO]   ✨ NUEVO: Product #137910 (BDPTCMR)
[2026-02-03 11:10:24] [DEBUG]    🔍 Product #137911 (BIKE HOLDER): hash_guardado=None
[2026-02-03 11:10:24] [INFO]   ✨ NUEVO: Product #137911 (BIKE HOLDER)
[2026-02-03 11:10:24] [DEBUG]    🔍 Product #137914 (BOLIGR-01): hash_guardado=None
[2026-02-03 11:10:24] [INFO]   ✨ NUEVO: Product #137914 (BOLIGR-01)
[2026-02-03 11:10:24] [DEBUG]    🔍 Product #137919 (BOLSO DE TELA HAMACA): hash_guardado=None
[2026-02-03 11:10:24] [INFO]   ✨ NUEVO: Product #137919 (BOLSO DE TELA HAMACA)
[2026-02-03 11:10:24] [DEBUG]    🔍 Product #137921 (BORRABLANCA): hash_guardado=None
[2026-02-03 11:10:24] [INFO]   ✨ NUEVO: Product #137921 (BORRABLANCA)
[2026-02-03 11:10:24] [DEBUG]    🔍 Product #137923 (BSXTDD): hash_guardado=None
[2026-02-03 11:10:24] [INFO]   ✨ NUEVO: Product #137923 (BSXTDD)
[2026-02-03 11:10:24] [DEBUG]    🔍 Product #137925 (C1): hash_guardado=None
[2026-02-03 11:10:24] [INFO]   ✨ NUEVO: Product #137925 (C1)
[2026-02-03 11:10:24] [DEBUG]    🔍 Product #137927 (CABLE HDMI BOLSA 3 METROS): hash_guardado=None
[2026-02-03 11:10:24] [INFO]   ✨ NUEVO: Product #137927 (CABLE HDMI BOLSA 3 METROS)
[2026-02-03 11:10:24] [DEBUG]    🔍 Product #137928 (CABLE HDMI BOLSA 5 METROS): hash_guardado=None
[2026-02-03 11:10:24] [INFO]   ✨ NUEVO: Product #137928 (CABLE HDMI BOLSA 5 METROS)
[2026-02-03 11:10:24] [DEBUG]    🔍 Product #137929 (CABLE IMPRESORA AZUL 1.5 M): hash_guardado=None
[2026-02-03 11:10:24] [INFO]   ✨ NUEVO: Product #137929 (CABLE IMPRESORA AZUL 1.5 M)
[2026-02-03 11:10:24] [DEBUG]    🔍 Product #137930 (CABLE IMPRESORA AZUL 3 M): hash_guardado=None
[2026-02-03 11:10:24] [INFO]   ✨ NUEVO: Product #137930 (CABLE IMPRESORA AZUL 3 M)
[2026-02-03 11:10:24] [DEBUG]    🔍 Product #137931 (CABLE IMPRESORA AZUL 5M): hash_guardado=None
[2026-02-03 11:10:24] [INFO]   ✨ NUEVO: Product #137931 (CABLE IMPRESORA AZUL 5M)
[2026-02-03 11:10:24] [DEBUG]    🔍 Product #137932 (CABLE PLUG A PLUG): hash_guardado=None
[2026-02-03 11:10:24] [INFO]   ✨ NUEVO: Product #137932 (CABLE PLUG A PLUG)
[2026-02-03 11:10:24] [DEBUG]    🔍 Product #137934 (CABLE TELA TIPO C): hash_guardado=None
[2026-02-03 11:10:24] [INFO]   ✨ NUEVO: Product #137934 (CABLE TELA TIPO C)
[2026-02-03 11:10:24] [DEBUG]    🔍 Product #137935 (CABLE USB SAMSUNG): hash_guardado=None
[2026-02-03 11:10:24] [INFO]   ✨ NUEVO: Product #137935 (CABLE USB SAMSUNG)
[2026-02-03 11:10:24] [DEBUG]    🔍 Product #137936 (CABLE-EXT-USB): hash_guardado=None
[2026-02-03 11:10:24] [INFO]   ✨ NUEVO: Product #137936 (CABLE-EXT-USB)
[2026-02-03 11:10:24] [DEBUG]    🔍 Product #137937 (CABLE-VGA): hash_guardado=None
[2026-02-03 11:10:24] [INFO]   ✨ NUEVO: Product #137937 (CABLE-VGA)
[2026-02-03 11:10:24] [DEBUG]    🔍 Product #137938 (CA-MARRON-CARTA): hash_guardado=None
[2026-02-03 11:10:24] [INFO]   ✨ NUEVO: Product #137938 (CA-MARRON-CARTA)
[2026-02-03 11:10:24] [DEBUG]    🔍 Product #137939 (CANTV): hash_guardado=None
[2026-02-03 11:10:24] [INFO]   ✨ NUEVO: Product #137939 (CANTV)
[2026-02-03 11:10:24] [DEBUG]    🔍 Product #137942 (CAR HOLDER): hash_guardado=None
[2026-02-03 11:10:24] [INFO]   ✨ NUEVO: Product #137942 (CAR HOLDER)
[2026-02-03 11:10:24] [DEBUG]    🔍 Product #137943 (CAR MP3 PLAYER): hash_guardado=None
[2026-02-03 11:10:24] [INFO]   ✨ NUEVO: Product #137943 (CAR MP3 PLAYER)
[2026-02-03 11:10:24] [DEBUG]    🔍 Product #137944 (CAR MP3 PLAYER MULTIFUNCION): hash_guardado=None
[2026-02-03 11:10:24] [INFO]   ✨ NUEVO: Product #137944 (CAR MP3 PLAYER MULTIFUNCION)
[2026-02-03 11:10:24] [DEBUG]    🔍 Product #137945 (CARGADOR 67W XIAOMI): hash_guardado=None
[2026-02-03 11:10:24] [INFO]   ✨ NUEVO: Product #137945 (CARGADOR 67W XIAOMI)
[2026-02-03 11:10:24] [DEBUG]    🔍 Product #137946 (CARGADOR BELKIN): hash_guardado=None
[2026-02-03 11:10:24] [INFO]   ✨ NUEVO: Product #137946 (CARGADOR BELKIN)
[2026-02-03 11:10:24] [DEBUG]    🔍 Product #137947 (CARGADOR CERTIFICADO): hash_guardado=None
[2026-02-03 11:10:24] [INFO]   ✨ NUEVO: Product #137947 (CARGADOR CERTIFICADO)
[2026-02-03 11:10:24] [DEBUG]    🔍 Product #137948 (CARGADOR COMPLETO SAMSUNG 2 IN 1): hash_guardado=None
[2026-02-03 11:10:24] [INFO]   ✨ NUEVO: Product #137948 (CARGADOR COMPLETO SAMSUNG 2 IN 1)
[2026-02-03 11:10:24] [DEBUG]    🔍 Product #137949 (CARGADOR LAPTOP UNIVERSAL): hash_guardado=None
[2026-02-03 11:10:24] [INFO]   ✨ NUEVO: Product #137949 (CARGADOR LAPTOP UNIVERSAL)
[2026-02-03 11:10:24] [DEBUG]    🔍 Product #137950 (CARGADOR MICRO POWER ADAPTER): hash_guardado=None
[2026-02-03 11:10:24] [INFO]   ✨ NUEVO: Product #137950 (CARGADOR MICRO POWER ADAPTER)
[2026-02-03 11:10:24] [DEBUG]    🔍 Product #137951 (CARGADOR-00): hash_guardado=None
[2026-02-03 11:10:24] [INFO]   ✨ NUEVO: Product #137951 (CARGADOR-00)
[2026-02-03 11:10:24] [DEBUG]    🔍 Product #137953 (CARG-SAFETY-CARRO): hash_guardado=None
[2026-02-03 11:10:24] [INFO]   ✨ NUEVO: Product #137953 (CARG-SAFETY-CARRO)
[2026-02-03 11:10:24] [DEBUG]    🔍 Product #137954 (CARPETA DE AROS BLANCA): hash_guardado=None
[2026-02-03 11:10:24] [INFO]   ✨ NUEVO: Product #137954 (CARPETA DE AROS BLANCA)
[2026-02-03 11:10:24] [DEBUG]    🔍 Product #137955 (CARPETA MANILA CARTA): hash_guardado=None
[2026-02-03 11:10:24] [INFO]   ✨ NUEVO: Product #137955 (CARPETA MANILA CARTA)
[2026-02-03 11:10:24] [DEBUG]    🔍 Product #137958 (CARPETA PRESENTACION OFICIO): hash_guardado=None
[2026-02-03 11:10:24] [INFO]   ✨ NUEVO: Product #137958 (CARPETA PRESENTACION OFICIO)
[2026-02-03 11:10:24] [DEBUG]    🔍 Product #137960 (CARP-MARRON-OFICIO): hash_guardado=None
[2026-02-03 11:10:24] [INFO]   ✨ NUEVO: Product #137960 (CARP-MARRON-OFICIO)
[2026-02-03 11:10:24] [DEBUG]    🔍 Product #137961 (CARTULIN ESCARCHADA FUCSIA): hash_guardado=None
[2026-02-03 11:10:24] [INFO]   ✨ NUEVO: Product #137961 (CARTULIN ESCARCHADA FUCSIA)
[2026-02-03 11:10:24] [DEBUG]    🔍 Product #137963 (CARTULINA DISEÑO): hash_guardado=None
[2026-02-03 11:10:24] [INFO]   ✨ NUEVO: Product #137963 (CARTULINA DISEÑO)
[2026-02-03 11:10:24] [DEBUG]    🔍 Product #137964 (CARTULINA ESCARCHADA DE PLATA): hash_guardado=None
[2026-02-03 11:10:24] [INFO]   ✨ NUEVO: Product #137964 (CARTULINA ESCARCHADA DE PLATA)
[2026-02-03 11:10:24] [DEBUG]    🔍 Product #137966 (CARTULINA ESCARCHADA ROSADA): hash_guardado=None
[2026-02-03 11:10:24] [INFO]   ✨ NUEVO: Product #137966 (CARTULINA ESCARCHADA ROSADA)
[2026-02-03 11:10:24] [DEBUG]    🔍 Product #137967 (CARTULINA ESCARCHADA VERDE NAVIDAD): hash_guardado=None
[2026-02-03 11:10:24] [INFO]   ✨ NUEVO: Product #137967 (CARTULINA ESCARCHADA VERDE NAVIDAD)
[2026-02-03 11:10:24] [DEBUG]    🔍 Product #137969 (CARTULINA METALDORADA): hash_guardado=None
[2026-02-03 11:10:24] [INFO]   ✨ NUEVO: Product #137969 (CARTULINA METALDORADA)
[2026-02-03 11:10:24] [DEBUG]    🔍 Product #137970 (CARTULINA METALIZADA NEGRA): hash_guardado=None
[2026-02-03 11:10:24] [INFO]   ✨ NUEVO: Product #137970 (CARTULINA METALIZADA NEGRA)
[2026-02-03 11:10:24] [DEBUG]    🔍 Product #137971 (CARTULINA METALPLATEADA): hash_guardado=None
[2026-02-03 11:10:24] [INFO]   ✨ NUEVO: Product #137971 (CARTULINA METALPLATEADA)
[2026-02-03 11:10:24] [DEBUG]    🔍 Product #137972 (CELOVEN18X25): hash_guardado=None
[2026-02-03 11:10:24] [INFO]   ✨ NUEVO: Product #137972 (CELOVEN18X25)
[2026-02-03 11:10:24] [DEBUG]    🔍 Product #137973 (CELOVEN24X50): hash_guardado=None
[2026-02-03 11:10:24] [INFO]   ✨ NUEVO: Product #137973 (CELOVEN24X50)
[2026-02-03 11:10:24] [DEBUG]    🔍 Product #137975 (CIDEA): hash_guardado=None
[2026-02-03 11:10:24] [INFO]   ✨ NUEVO: Product #137975 (CIDEA)
[2026-02-03 11:10:24] [DEBUG]    🔍 Product #137976 (CIL-CANON049): hash_guardado=None
[2026-02-03 11:10:24] [INFO]   ✨ NUEVO: Product #137976 (CIL-CANON049)
[2026-02-03 11:10:24] [DEBUG]    🔍 Product #137979 (CINTA TRANSPARENTE 25 MTS): hash_guardado=None
[2026-02-03 11:10:24] [INFO]   ✨ NUEVO: Product #137979 (CINTA TRANSPARENTE 25 MTS)
[2026-02-03 11:10:24] [DEBUG]    🔍 Product #137983 (CINT-TALLY): hash_guardado=None
[2026-02-03 11:10:24] [INFO]   ✨ NUEVO: Product #137983 (CINT-TALLY)
[2026-02-03 11:10:24] [DEBUG]    🔍 Product #137985 (CLIPS-STANDARD): hash_guardado=None
[2026-02-03 11:10:24] [INFO]   ✨ NUEVO: Product #137985 (CLIPS-STANDARD)
[2026-02-03 11:10:24] [DEBUG]    🔍 Product #137987 (COLORES-MAD): hash_guardado=None
[2026-02-03 11:10:24] [INFO]   ✨ NUEVO: Product #137987 (COLORES-MAD)
[2026-02-03 11:10:24] [DEBUG]    🔍 Product #137988 (COMB-MC-H-B): hash_guardado=None
[2026-02-03 11:10:24] [INFO]   ✨ NUEVO: Product #137988 (COMB-MC-H-B)
[2026-02-03 11:10:24] [DEBUG]    🔍 Product #137989 (COMB-MOF-H-B): hash_guardado=None
[2026-02-03 11:10:24] [INFO]   ✨ NUEVO: Product #137989 (COMB-MOF-H-B)
[2026-02-03 11:10:24] [DEBUG]    🔍 Product #137990 (COMPAS-ESCOLAR): hash_guardado=None
[2026-02-03 11:10:24] [INFO]   ✨ NUEVO: Product #137990 (COMPAS-ESCOLAR)
[2026-02-03 11:10:24] [DEBUG]    🔍 Product #137991 (CONTABILIDAD): hash_guardado=None
[2026-02-03 11:10:24] [INFO]   ✨ NUEVO: Product #137991 (CONTABILIDAD)
[2026-02-03 11:10:24] [DEBUG]    🔍 Product #137992 (CONTROL-INAL-X3): hash_guardado=None
[2026-02-03 11:10:24] [INFO]   ✨ NUEVO: Product #137992 (CONTROL-INAL-X3)
[2026-02-03 11:10:24] [DEBUG]    🔍 Product #137993 (CORNETA J): hash_guardado=None
[2026-02-03 11:10:24] [INFO]   ✨ NUEVO: Product #137993 (CORNETA J)
[2026-02-03 11:10:24] [DEBUG]    🔍 Product #137994 (CORNETA KIMISO): hash_guardado=None
[2026-02-03 11:10:24] [INFO]   ✨ NUEVO: Product #137994 (CORNETA KIMISO)
[2026-02-03 11:10:24] [DEBUG]    🔍 Product #137995 (CORNETA-00): hash_guardado=None
[2026-02-03 11:10:24] [INFO]   ✨ NUEVO: Product #137995 (CORNETA-00)
[2026-02-03 11:10:24] [DEBUG]    🔍 Product #138000 (CP306): hash_guardado=None
[2026-02-03 11:10:24] [INFO]   ✨ NUEVO: Product #138000 (CP306)
[2026-02-03 11:10:24] [DEBUG]    🔍 Product #138002 (CREDITO-01): hash_guardado=None
[2026-02-03 11:10:24] [INFO]   ✨ NUEVO: Product #138002 (CREDITO-01)
[2026-02-03 11:10:24] [DEBUG]    🔍 Product #138003 (CREDITO-02): hash_guardado=None
[2026-02-03 11:10:24] [INFO]   ✨ NUEVO: Product #138003 (CREDITO-02)
[2026-02-03 11:10:24] [DEBUG]    🔍 Product #138004 (CREDITO-03): hash_guardado=None
[2026-02-03 11:10:24] [INFO]   ✨ NUEVO: Product #138004 (CREDITO-03)
[2026-02-03 11:10:24] [DEBUG]    🔍 Product #138005 (CREDITO-04): hash_guardado=None
[2026-02-03 11:10:24] [INFO]   ✨ NUEVO: Product #138005 (CREDITO-04)
[2026-02-03 11:10:24] [DEBUG]    🔍 Product #138006 (CREDITO-05): hash_guardado=None
[2026-02-03 11:10:24] [INFO]   ✨ NUEVO: Product #138006 (CREDITO-05)
[2026-02-03 11:10:24] [DEBUG]    🔍 Product #138007 (CREDITO-06): hash_guardado=None
[2026-02-03 11:10:24] [INFO]   ✨ NUEVO: Product #138007 (CREDITO-06)
[2026-02-03 11:10:24] [DEBUG]    🔍 Product #138009 (CYRUZ X-2): hash_guardado=None
[2026-02-03 11:10:24] [INFO]   ✨ NUEVO: Product #138009 (CYRUZ X-2)
[2026-02-03 11:10:24] [DEBUG]    🔍 Product #138011 (D-02): hash_guardado=None
[2026-02-03 11:10:24] [INFO]   ✨ NUEVO: Product #138011 (D-02)
[2026-02-03 11:10:24] [DEBUG]    🔍 Product #138013 (D18W): hash_guardado=None
[2026-02-03 11:10:24] [INFO]   ✨ NUEVO: Product #138013 (D18W)
[2026-02-03 11:10:24] [DEBUG]    🔍 Product #138014 (D24W): hash_guardado=None
[2026-02-03 11:10:24] [INFO]   ✨ NUEVO: Product #138014 (D24W)
[2026-02-03 11:10:24] [DEBUG]    🔍 Product #138016 (DELIVERY): hash_guardado=None
[2026-02-03 11:10:24] [INFO]   ✨ NUEVO: Product #138016 (DELIVERY)
[2026-02-03 11:10:24] [DEBUG]    🔍 Product #138017 (DISCO DURO 320GB): hash_guardado=None
[2026-02-03 11:10:24] [INFO]   ✨ NUEVO: Product #138017 (DISCO DURO 320GB)
[2026-02-03 11:10:24] [DEBUG]    🔍 Product #138019 (DISP-017): hash_guardado=None
[2026-02-03 11:10:24] [INFO]   ✨ NUEVO: Product #138019 (DISP-017)
[2026-02-03 11:10:24] [DEBUG]    🔍 Product #138020 (DTX/32GB): hash_guardado=None
[2026-02-03 11:10:24] [INFO]   ✨ NUEVO: Product #138020 (DTX/32GB)
[2026-02-03 11:10:24] [DEBUG]    🔍 Product #138021 (E-1046): hash_guardado=None
[2026-02-03 11:10:24] [INFO]   ✨ NUEVO: Product #138021 (E-1046)
[2026-02-03 11:10:24] [DEBUG]    🔍 Product #138022 (ENGRAPADORA MEDIANA AMAZON): hash_guardado=None
[2026-02-03 11:10:24] [INFO]   ✨ NUEVO: Product #138022 (ENGRAPADORA MEDIANA AMAZON)
[2026-02-03 11:10:24] [DEBUG]    🔍 Product #138023 (ESENCIA HUMIFICADOR KP2130): hash_guardado=None
[2026-02-03 11:10:24] [INFO]   ✨ NUEVO: Product #138023 (ESENCIA HUMIFICADOR KP2130)
[2026-02-03 11:10:24] [DEBUG]    🔍 Product #138024 (ESENCIA REPELENTE): hash_guardado=None
[2026-02-03 11:10:24] [INFO]   ✨ NUEVO: Product #138024 (ESENCIA REPELENTE)
[2026-02-03 11:10:24] [DEBUG]    🔍 Product #138025 (FAST CHARGER): hash_guardado=None
[2026-02-03 11:10:24] [INFO]   ✨ NUEVO: Product #138025 (FAST CHARGER)
[2026-02-03 11:10:24] [DEBUG]    🔍 Product #138028 (FUNDAS-PROCT): hash_guardado=None
[2026-02-03 11:10:24] [INFO]   ✨ NUEVO: Product #138028 (FUNDAS-PROCT)
[2026-02-03 11:10:24] [DEBUG]    🔍 Product #138029 (FUNDAS-PROT): hash_guardado=None
[2026-02-03 11:10:24] [INFO]   ✨ NUEVO: Product #138029 (FUNDAS-PROT)
[2026-02-03 11:10:24] [DEBUG]    🔍 Product #138030 (GANCHOS): hash_guardado=None
[2026-02-03 11:10:24] [INFO]   ✨ NUEVO: Product #138030 (GANCHOS)
[2026-02-03 11:10:24] [DEBUG]    🔍 Product #138031 (GANCHOS MARIPOSAS): hash_guardado=None
[2026-02-03 11:10:24] [INFO]   ✨ NUEVO: Product #138031 (GANCHOS MARIPOSAS)
[2026-02-03 11:10:24] [DEBUG]    🔍 Product #138032 (GASTOS-CONDOMINIO): hash_guardado=None
[2026-02-03 11:10:24] [INFO]   ✨ NUEVO: Product #138032 (GASTOS-CONDOMINIO)
[2026-02-03 11:10:24] [DEBUG]    🔍 Product #138033 (GASTOS-VARIOS): hash_guardado=None
[2026-02-03 11:10:24] [INFO]   ✨ NUEVO: Product #138033 (GASTOS-VARIOS)
[2026-02-03 11:10:24] [DEBUG]    🔍 Product #138034 (GASTOS-VARIOS-IV): hash_guardado=None
[2026-02-03 11:10:24] [INFO]   ✨ NUEVO: Product #138034 (GASTOS-VARIOS-IV)
[2026-02-03 11:10:24] [DEBUG]    🔍 Product #138035 (GLADE VAINILLA): hash_guardado=None
[2026-02-03 11:10:24] [INFO]   ✨ NUEVO: Product #138035 (GLADE VAINILLA)
[2026-02-03 11:10:24] [DEBUG]    🔍 Product #138036 (GLASS SUCTION TRAY): hash_guardado=None
[2026-02-03 11:10:24] [INFO]   ✨ NUEVO: Product #138036 (GLASS SUCTION TRAY)
[2026-02-03 11:10:24] [DEBUG]    🔍 Product #138037 (GRAPAS LISAS AMIKO X 5000 PIEZAS): hash_guardado=None
[2026-02-03 11:10:24] [INFO]   ✨ NUEVO: Product #138037 (GRAPAS LISAS AMIKO X 5000 PIEZAS)
[2026-02-03 11:10:24] [DEBUG]    🔍 Product #138038 (GRAP-OK04): hash_guardado=None
[2026-02-03 11:10:24] [INFO]   ✨ NUEVO: Product #138038 (GRAP-OK04)
[2026-02-03 11:10:24] [DEBUG]    🔍 Product #138039 (GRAP-RAPID): hash_guardado=None
[2026-02-03 11:10:24] [INFO]   ✨ NUEVO: Product #138039 (GRAP-RAPID)
[2026-02-03 11:10:24] [DEBUG]    🔍 Product #138040 (GTX300): hash_guardado=None
[2026-02-03 11:10:24] [INFO]   ✨ NUEVO: Product #138040 (GTX300)
[2026-02-03 11:10:24] [DEBUG]    🔍 Product #138041 (HAMACA): hash_guardado=None
[2026-02-03 11:10:24] [INFO]   ✨ NUEVO: Product #138041 (HAMACA)
[2026-02-03 11:10:24] [DEBUG]    🔍 Product #138043 (HDMI-RJ45): hash_guardado=None
[2026-02-03 11:10:24] [INFO]   ✨ NUEVO: Product #138043 (HDMI-RJ45)
[2026-02-03 11:10:24] [DEBUG]    🔍 Product #138048 (HOLOGRAFICA): hash_guardado=None
[2026-02-03 11:10:24] [INFO]   ✨ NUEVO: Product #138048 (HOLOGRAFICA)
[2026-02-03 11:10:24] [DEBUG]    🔍 Product #138049 (HOLOGRAFICA PLATEADA): hash_guardado=None
[2026-02-03 11:10:24] [INFO]   ✨ NUEVO: Product #138049 (HOLOGRAFICA PLATEADA)
[2026-02-03 11:10:24] [DEBUG]    🔍 Product #138051 (HUMIFICADOR H2O DQ-107): hash_guardado=None
[2026-02-03 11:10:24] [INFO]   ✨ NUEVO: Product #138051 (HUMIFICADOR H2O DQ-107)
[2026-02-03 11:10:24] [DEBUG]    🔍 Product #138052 (ID90): hash_guardado=None
[2026-02-03 11:10:24] [INFO]   ✨ NUEVO: Product #138052 (ID90)
[2026-02-03 11:10:24] [DEBUG]    🔍 Product #138053 (IMP-ASEO): hash_guardado=None
[2026-02-03 11:10:24] [INFO]   ✨ NUEVO: Product #138053 (IMP-ASEO)
[2026-02-03 11:10:24] [DEBUG]    🔍 Product #138054 (INPODS INALAMBRICOS): hash_guardado=None
[2026-02-03 11:10:24] [INFO]   ✨ NUEVO: Product #138054 (INPODS INALAMBRICOS)
[2026-02-03 11:10:24] [DEBUG]    🔍 Product #138058 (JBL J-04): hash_guardado=None
[2026-02-03 11:10:24] [INFO]   ✨ NUEVO: Product #138058 (JBL J-04)
[2026-02-03 11:10:24] [DEBUG]    🔍 Product #138064 (JUEGO-GEOMETRICO): hash_guardado=None
[2026-02-03 11:10:24] [INFO]   ✨ NUEVO: Product #138064 (JUEGO-GEOMETRICO)
[2026-02-03 11:10:24] [DEBUG]    🔍 Product #138066 (K1MCOLORES): hash_guardado=None
[2026-02-03 11:10:24] [INFO]   ✨ NUEVO: Product #138066 (K1MCOLORES)
[2026-02-03 11:10:24] [DEBUG]    🔍 Product #138068 (K8): hash_guardado=None
[2026-02-03 11:10:24] [INFO]   ✨ NUEVO: Product #138068 (K8)
[2026-02-03 11:10:24] [DEBUG]    🔍 Product #138069 (KBS-1301): hash_guardado=None
[2026-02-03 11:10:24] [INFO]   ✨ NUEVO: Product #138069 (KBS-1301)
[2026-02-03 11:10:24] [DEBUG]    🔍 Product #138070 (KIN-OTG): hash_guardado=None
[2026-02-03 11:10:24] [INFO]   ✨ NUEVO: Product #138070 (KIN-OTG)
[2026-02-03 11:10:24] [DEBUG]    🔍 Product #138071 (KVR133D3N9/4G): hash_guardado=None
[2026-02-03 11:10:24] [INFO]   ✨ NUEVO: Product #138071 (KVR133D3N9/4G)
[2026-02-03 11:10:24] [DEBUG]    🔍 Product #138072 (KY-192): hash_guardado=None
[2026-02-03 11:10:24] [INFO]   ✨ NUEVO: Product #138072 (KY-192)
[2026-02-03 11:10:24] [DEBUG]    🔍 Product #138073 (LAMINA PARA PLASTIFICAR): hash_guardado=None
[2026-02-03 11:10:24] [INFO]   ✨ NUEVO: Product #138073 (LAMINA PARA PLASTIFICAR)
[2026-02-03 11:10:24] [DEBUG]    🔍 Product #138074 (LAMPARA): hash_guardado=None
[2026-02-03 11:10:24] [INFO]   ✨ NUEVO: Product #138074 (LAMPARA)
[2026-02-03 11:10:24] [DEBUG]    🔍 Product #138075 (LAMPARA 3 LUCES): hash_guardado=None
[2026-02-03 11:10:24] [INFO]   ✨ NUEVO: Product #138075 (LAMPARA 3 LUCES)
[2026-02-03 11:10:24] [DEBUG]    🔍 Product #138076 (LAMPARA DE MESA): hash_guardado=None
[2026-02-03 11:10:24] [INFO]   ✨ NUEVO: Product #138076 (LAMPARA DE MESA)
[2026-02-03 11:10:24] [DEBUG]    🔍 Product #138077 (LAMPARA MESA TIPO BARRA): hash_guardado=None
[2026-02-03 11:10:24] [INFO]   ✨ NUEVO: Product #138077 (LAMPARA MESA TIPO BARRA)
[2026-02-03 11:10:24] [DEBUG]    🔍 Product #138078 (LAPICERO BIC NEGRO Y AZUL): hash_guardado=None
[2026-02-03 11:10:24] [INFO]   ✨ NUEVO: Product #138078 (LAPICERO BIC NEGRO Y AZUL)
[2026-02-03 11:10:24] [DEBUG]    🔍 Product #138079 (LAPIZ): hash_guardado=None
[2026-02-03 11:10:24] [INFO]   ✨ NUEVO: Product #138079 (LAPIZ)
[2026-02-03 11:10:24] [DEBUG]    🔍 Product #138080 (LAPIZ AMAZON BASICS): hash_guardado=None
[2026-02-03 11:10:24] [INFO]   ✨ NUEVO: Product #138080 (LAPIZ AMAZON BASICS)
[2026-02-03 11:10:24] [DEBUG]    🔍 Product #138081 (LAPIZ DOBLE PUNTA AZUL/ROJO): hash_guardado=None
[2026-02-03 11:10:24] [INFO]   ✨ NUEVO: Product #138081 (LAPIZ DOBLE PUNTA AZUL/ROJO)
[2026-02-03 11:10:24] [DEBUG]    🔍 Product #138086 (LDO-C600-MICRO): hash_guardado=None
[2026-02-03 11:10:24] [INFO]   ✨ NUEVO: Product #138086 (LDO-C600-MICRO)
[2026-02-03 11:10:24] [DEBUG]    🔍 Product #138087 (LDO-CX150 MICRO): hash_guardado=None
[2026-02-03 11:10:24] [INFO]   ✨ NUEVO: Product #138087 (LDO-CX150 MICRO)
[2026-02-03 11:10:24] [DEBUG]    🔍 Product #138092 (LED024): hash_guardado=None
[2026-02-03 11:10:24] [INFO]   ✨ NUEVO: Product #138092 (LED024)
[2026-02-03 11:10:24] [DEBUG]    🔍 Product #138093 (LED113): hash_guardado=None
[2026-02-03 11:10:24] [INFO]   ✨ NUEVO: Product #138093 (LED113)
[2026-02-03 11:10:24] [DEBUG]    🔍 Product #138095 (LIBRE01): hash_guardado=None
[2026-02-03 11:10:24] [INFO]   ✨ NUEVO: Product #138095 (LIBRE01)
[2026-02-03 11:10:24] [DEBUG]    🔍 Product #138096 (LIBTA-EMP-100H): hash_guardado=None
[2026-02-03 11:10:24] [INFO]   ✨ NUEVO: Product #138096 (LIBTA-EMP-100H)
[2026-02-03 11:10:24] [DEBUG]    🔍 Product #138097 (LICENCIAMULTI): hash_guardado=None
[2026-02-03 11:10:24] [INFO]   ✨ NUEVO: Product #138097 (LICENCIAMULTI)
[2026-02-03 11:10:24] [DEBUG]    🔍 Product #138099 (LINTERNA LED LY 825): hash_guardado=None
[2026-02-03 11:10:24] [INFO]   ✨ NUEVO: Product #138099 (LINTERNA LED LY 825)
[2026-02-03 11:10:24] [DEBUG]    🔍 Product #138100 (LK87): hash_guardado=None
[2026-02-03 11:10:24] [INFO]   ✨ NUEVO: Product #138100 (LK87)
[2026-02-03 11:10:24] [DEBUG]    🔍 Product #138101 (LLAVERO UPPOMI): hash_guardado=None
[2026-02-03 11:10:24] [INFO]   ✨ NUEVO: Product #138101 (LLAVERO UPPOMI)
[2026-02-03 11:10:24] [DEBUG]    🔍 Product #138105 (LUCES LED SENSORIALES AMAZON): hash_guardado=None
[2026-02-03 11:10:24] [INFO]   ✨ NUEVO: Product #138105 (LUCES LED SENSORIALES AMAZON)
[2026-02-03 11:10:24] [DEBUG]    🔍 Product #138106 (LUZ LAMPARA MESA BRAZO): hash_guardado=None
[2026-02-03 11:10:24] [INFO]   ✨ NUEVO: Product #138106 (LUZ LAMPARA MESA BRAZO)
[2026-02-03 11:10:24] [DEBUG]    🔍 Product #138107 (MACADOR-NEGRO): hash_guardado=None
[2026-02-03 11:10:24] [INFO]   ✨ NUEVO: Product #138107 (MACADOR-NEGRO)
[2026-02-03 11:10:24] [DEBUG]    🔍 Product #138108 (MARCADOR-00): hash_guardado=None
[2026-02-03 11:10:24] [INFO]   ✨ NUEVO: Product #138108 (MARCADOR-00)
[2026-02-03 11:10:24] [DEBUG]    🔍 Product #138109 (MARC-DELGADOS MAX45): hash_guardado=None
[2026-02-03 11:10:24] [INFO]   ✨ NUEVO: Product #138109 (MARC-DELGADOS MAX45)
[2026-02-03 11:10:24] [DEBUG]    🔍 Product #138110 (MARC-GRUESO): hash_guardado=None
[2026-02-03 11:10:24] [INFO]   ✨ NUEVO: Product #138110 (MARC-GRUESO)
[2026-02-03 11:10:24] [DEBUG]    🔍 Product #138113 (MARC-OK92L): hash_guardado=None
[2026-02-03 11:10:24] [INFO]   ✨ NUEVO: Product #138113 (MARC-OK92L)
[2026-02-03 11:10:24] [DEBUG]    🔍 Product #138114 (MARC-OK93): hash_guardado=None
[2026-02-03 11:10:24] [INFO]   ✨ NUEVO: Product #138114 (MARC-OK93)
[2026-02-03 11:10:24] [DEBUG]    🔍 Product #138116 (MAR-OK91): hash_guardado=None
[2026-02-03 11:10:24] [INFO]   ✨ NUEVO: Product #138116 (MAR-OK91)
[2026-02-03 11:10:24] [DEBUG]    🔍 Product #138117 (MB-MA64E): hash_guardado=None
[2026-02-03 11:10:24] [INFO]   ✨ NUEVO: Product #138117 (MB-MA64E)
[2026-02-03 11:10:24] [DEBUG]    🔍 Product #138119 (ME-MA32E): hash_guardado=None
[2026-02-03 11:10:24] [INFO]   ✨ NUEVO: Product #138119 (ME-MA32E)
[2026-02-03 11:10:24] [DEBUG]    🔍 Product #138121 (MI HEADSET NARANJA): hash_guardado=None
[2026-02-03 11:10:24] [INFO]   ✨ NUEVO: Product #138121 (MI HEADSET NARANJA)
[2026-02-03 11:10:24] [DEBUG]    🔍 Product #138122 (MINI EXACTOS): hash_guardado=None
[2026-02-03 11:10:24] [INFO]   ✨ NUEVO: Product #138122 (MINI EXACTOS)
[2026-02-03 11:10:24] [DEBUG]    🔍 Product #138123 (MINI HUMIFICADOR): hash_guardado=None
[2026-02-03 11:10:24] [INFO]   ✨ NUEVO: Product #138123 (MINI HUMIFICADOR)
[2026-02-03 11:10:24] [DEBUG]    🔍 Product #138124 (MINI VENTILADOR): hash_guardado=None
[2026-02-03 11:10:24] [INFO]   ✨ NUEVO: Product #138124 (MINI VENTILADOR)
[2026-02-03 11:10:24] [DEBUG]    🔍 Product #138125 (M-L-L): hash_guardado=None
[2026-02-03 11:10:24] [INFO]   ✨ NUEVO: Product #138125 (M-L-L)
[2026-02-03 11:10:24] [DEBUG]    🔍 Product #138126 (M-L-L-2): hash_guardado=None
[2026-02-03 11:10:24] [INFO]   ✨ NUEVO: Product #138126 (M-L-L-2)
[2026-02-03 11:10:24] [DEBUG]    🔍 Product #138127 (MLTD 111S): hash_guardado=None
[2026-02-03 11:10:24] [INFO]   ✨ NUEVO: Product #138127 (MLTD 111S)
[2026-02-03 11:10:24] [DEBUG]    🔍 Product #138129 (MOSQUITERO): hash_guardado=None
[2026-02-03 11:10:24] [INFO]   ✨ NUEVO: Product #138129 (MOSQUITERO)
[2026-02-03 11:10:24] [DEBUG]    🔍 Product #138130 (MOUSE GAMING HP S600): hash_guardado=None
[2026-02-03 11:10:24] [INFO]   ✨ NUEVO: Product #138130 (MOUSE GAMING HP S600)
[2026-02-03 11:10:24] [DEBUG]    🔍 Product #138131 (MOUSE HP RECARGABLE): hash_guardado=None
[2026-02-03 11:10:24] [INFO]   ✨ NUEVO: Product #138131 (MOUSE HP RECARGABLE)
[2026-02-03 11:10:24] [DEBUG]    🔍 Product #138132 (MOUSE TJ-1 GAMING TINJI): hash_guardado=None
[2026-02-03 11:10:24] [INFO]   ✨ NUEVO: Product #138132 (MOUSE TJ-1 GAMING TINJI)
[2026-02-03 11:10:24] [DEBUG]    🔍 Product #138133 (MOUSE TJ-3 GAMING TINJI): hash_guardado=None
[2026-02-03 11:10:24] [INFO]   ✨ NUEVO: Product #138133 (MOUSE TJ-3 GAMING TINJI)
[2026-02-03 11:10:24] [DEBUG]    🔍 Product #138134 (MOUSE TJ-7): hash_guardado=None
[2026-02-03 11:10:24] [INFO]   ✨ NUEVO: Product #138134 (MOUSE TJ-7)
[2026-02-03 11:10:24] [DEBUG]    🔍 Product #138135 (MOUSE-MIXIE): hash_guardado=None
[2026-02-03 11:10:24] [INFO]   ✨ NUEVO: Product #138135 (MOUSE-MIXIE)
[2026-02-03 11:10:24] [DEBUG]    🔍 Product #138136 (MOUSE-TJ-10): hash_guardado=None
[2026-02-03 11:10:24] [INFO]   ✨ NUEVO: Product #138136 (MOUSE-TJ-10)
[2026-02-03 11:10:24] [DEBUG]    🔍 Product #138137 (MR1909): hash_guardado=None
[2026-02-03 11:10:24] [INFO]   ✨ NUEVO: Product #138137 (MR1909)
[2026-02-03 11:10:24] [DEBUG]    🔍 Product #138138 (MSATA SSD): hash_guardado=None
[2026-02-03 11:10:24] [INFO]   ✨ NUEVO: Product #138138 (MSATA SSD)
[2026-02-03 11:10:24] [DEBUG]    🔍 Product #138139 (MS-HP510A): hash_guardado=None
[2026-02-03 11:10:24] [INFO]   ✨ NUEVO: Product #138139 (MS-HP510A)
[2026-02-03 11:10:24] [DEBUG]    🔍 Product #138140 (MU-CU3X3): hash_guardado=None
[2026-02-03 11:10:24] [INFO]   ✨ NUEVO: Product #138140 (MU-CU3X3)
[2026-02-03 11:10:24] [DEBUG]    🔍 Product #138141 (MUF-16BE): hash_guardado=None
[2026-02-03 11:10:24] [INFO]   ✨ NUEVO: Product #138141 (MUF-16BE)
[2026-02-03 11:10:24] [DEBUG]    🔍 Product #138142 (MUF-64BE): hash_guardado=None
[2026-02-03 11:10:24] [INFO]   ✨ NUEVO: Product #138142 (MUF-64BE)
[2026-02-03 11:10:24] [DEBUG]    🔍 Product #138143 (MU-RM-5U): hash_guardado=None
[2026-02-03 11:10:24] [INFO]   ✨ NUEVO: Product #138143 (MU-RM-5U)
[2026-02-03 11:10:24] [DEBUG]    🔍 Product #138145 (NANFU AAA): hash_guardado=None
[2026-02-03 11:10:24] [INFO]   ✨ NUEVO: Product #138145 (NANFU AAA)
[2026-02-03 11:10:24] [DEBUG]    🔍 Product #138146 (NANO): hash_guardado=None
[2026-02-03 11:10:24] [INFO]   ✨ NUEVO: Product #138146 (NANO)
[2026-02-03 11:10:24] [DEBUG]    🔍 Product #138149 (NOMINA): hash_guardado=None
[2026-02-03 11:10:24] [INFO]   ✨ NUEVO: Product #138149 (NOMINA)
[2026-02-03 11:10:24] [DEBUG]    🔍 Product #138150 (NOT-ADH-3X3): hash_guardado=None
[2026-02-03 11:10:24] [INFO]   ✨ NUEVO: Product #138150 (NOT-ADH-3X3)
[2026-02-03 11:10:24] [DEBUG]    🔍 Product #138153 (OK-05): hash_guardado=None
[2026-02-03 11:10:24] [INFO]   ✨ NUEVO: Product #138153 (OK-05)
[2026-02-03 11:10:24] [DEBUG]    🔍 Product #138157 (OPALINA): hash_guardado=None
[2026-02-03 11:10:24] [INFO]   ✨ NUEVO: Product #138157 (OPALINA)
[2026-02-03 11:10:24] [DEBUG]    🔍 Product #138160 (ORIN CERTIFICADO): hash_guardado=None
[2026-02-03 11:10:24] [INFO]   ✨ NUEVO: Product #138160 (ORIN CERTIFICADO)
[2026-02-03 11:10:24] [DEBUG]    🔍 Product #138161 (OTG MICRO BLISTER): hash_guardado=None
[2026-02-03 11:10:24] [INFO]   ✨ NUEVO: Product #138161 (OTG MICRO BLISTER)
[2026-02-03 11:10:24] [DEBUG]    🔍 Product #138162 (OTG-TC-06): hash_guardado=None
[2026-02-03 11:10:24] [INFO]   ✨ NUEVO: Product #138162 (OTG-TC-06)
[2026-02-03 11:10:24] [DEBUG]    🔍 Product #138164 (PAGO DE COMISION ML): hash_guardado=None
[2026-02-03 11:10:24] [INFO]   ✨ NUEVO: Product #138164 (PAGO DE COMISION ML)
[2026-02-03 11:10:24] [DEBUG]    🔍 Product #138165 (PAGO RECARGAS): hash_guardado=None
[2026-02-03 11:10:24] [INFO]   ✨ NUEVO: Product #138165 (PAGO RECARGAS)
[2026-02-03 11:10:24] [DEBUG]    🔍 Product #138166 (PANEL SOLAR): hash_guardado=None
[2026-02-03 11:10:24] [INFO]   ✨ NUEVO: Product #138166 (PANEL SOLAR)
[2026-02-03 11:10:24] [DEBUG]    🔍 Product #138168 (PAPEL BOND): hash_guardado=None
[2026-02-03 11:10:24] [INFO]   ✨ NUEVO: Product #138168 (PAPEL BOND)
[2026-02-03 11:10:24] [DEBUG]    🔍 Product #138169 (PAPEL FOTOGRAFICO 180G): hash_guardado=None
[2026-02-03 11:10:24] [INFO]   ✨ NUEVO: Product #138169 (PAPEL FOTOGRAFICO 180G)
[2026-02-03 11:10:24] [DEBUG]    🔍 Product #138173 (PASAJE): hash_guardado=None
[2026-02-03 11:10:24] [INFO]   ✨ NUEVO: Product #138173 (PASAJE)
[2026-02-03 11:10:24] [DEBUG]    🔍 Product #138175 (PBPCS): hash_guardado=None
[2026-02-03 11:10:24] [INFO]   ✨ NUEVO: Product #138175 (PBPCS)
[2026-02-03 11:10:24] [DEBUG]    🔍 Product #138176 (PEG-3): hash_guardado=None
[2026-02-03 11:10:24] [INFO]   ✨ NUEVO: Product #138176 (PEG-3)
[2026-02-03 11:10:24] [DEBUG]    🔍 Product #138178 (PERFORADOR): hash_guardado=None
[2026-02-03 11:10:24] [INFO]   ✨ NUEVO: Product #138178 (PERFORADOR)
[2026-02-03 11:10:24] [DEBUG]    🔍 Product #138179 (PERF-PH-15A): hash_guardado=None
[2026-02-03 11:10:24] [INFO]   ✨ NUEVO: Product #138179 (PERF-PH-15A)
[2026-02-03 11:10:24] [DEBUG]    🔍 Product #138180 (PERFUME-01): hash_guardado=None
[2026-02-03 11:10:24] [INFO]   ✨ NUEVO: Product #138180 (PERFUME-01)
[2026-02-03 11:10:24] [DEBUG]    🔍 Product #138181 (PERFUME-02): hash_guardado=None
[2026-02-03 11:10:24] [INFO]   ✨ NUEVO: Product #138181 (PERFUME-02)
[2026-02-03 11:10:24] [DEBUG]    🔍 Product #138182 (PERFUME-03): hash_guardado=None
[2026-02-03 11:10:24] [INFO]   ✨ NUEVO: Product #138182 (PERFUME-03)
[2026-02-03 11:10:24] [DEBUG]    🔍 Product #138183 (PESO): hash_guardado=None
[2026-02-03 11:10:24] [INFO]   ✨ NUEVO: Product #138183 (PESO)
[2026-02-03 11:10:24] [DEBUG]    🔍 Product #138184 (PESO-00): hash_guardado=None
[2026-02-03 11:10:24] [INFO]   ✨ NUEVO: Product #138184 (PESO-00)
[2026-02-03 11:10:24] [DEBUG]    🔍 Product #138188 (PHONE HOLDER): hash_guardado=None
[2026-02-03 11:10:24] [INFO]   ✨ NUEVO: Product #138188 (PHONE HOLDER)
[2026-02-03 11:10:24] [DEBUG]    🔍 Product #138189 (PINTURA-00): hash_guardado=None
[2026-02-03 11:10:24] [INFO]   ✨ NUEVO: Product #138189 (PINTURA-00)
[2026-02-03 11:10:24] [DEBUG]    🔍 Product #138191 (PINZA): hash_guardado=None
[2026-02-03 11:10:24] [INFO]   ✨ NUEVO: Product #138191 (PINZA)
[2026-02-03 11:10:24] [DEBUG]    🔍 Product #138192 (PIZARRA-00): hash_guardado=None
[2026-02-03 11:10:24] [INFO]   ✨ NUEVO: Product #138192 (PIZARRA-00)
[2026-02-03 11:10:24] [DEBUG]    🔍 Product #138194 (PLASTIFICACION-): hash_guardado=None
[2026-02-03 11:10:24] [INFO]   ✨ NUEVO: Product #138194 (PLASTIFICACION-)
[2026-02-03 11:10:24] [DEBUG]    🔍 Product #138195 (POLVO CACAO 250 GR): hash_guardado=None
[2026-02-03 11:10:24] [INFO]   ✨ NUEVO: Product #138195 (POLVO CACAO 250 GR)
[2026-02-03 11:10:24] [DEBUG]    🔍 Product #138196 (POLVO CACAO 500 GR): hash_guardado=None
[2026-02-03 11:10:24] [INFO]   ✨ NUEVO: Product #138196 (POLVO CACAO 500 GR)
[2026-02-03 11:10:24] [DEBUG]    🔍 Product #138197 (PORTA CARNET): hash_guardado=None
[2026-02-03 11:10:24] [INFO]   ✨ NUEVO: Product #138197 (PORTA CARNET)
[2026-02-03 11:10:24] [DEBUG]    🔍 Product #138198 (PORTARETRARO): hash_guardado=None
[2026-02-03 11:10:24] [INFO]   ✨ NUEVO: Product #138198 (PORTARETRARO)
[2026-02-03 11:10:24] [DEBUG]    🔍 Product #138199 (POWER BANK MAGSAFE): hash_guardado=None
[2026-02-03 11:10:24] [INFO]   ✨ NUEVO: Product #138199 (POWER BANK MAGSAFE)
[2026-02-03 11:10:24] [DEBUG]    🔍 Product #138200 (POWER BANK MAGSAFE 5 MIL MAH): hash_guardado=None
[2026-02-03 11:10:24] [INFO]   ✨ NUEVO: Product #138200 (POWER BANK MAGSAFE 5 MIL MAH)
[2026-02-03 11:10:24] [DEBUG]    🔍 Product #138201 (POWER BANK SOLAR YELOMIN 42800): hash_guardado=None
[2026-02-03 11:10:24] [INFO]   ✨ NUEVO: Product #138201 (POWER BANK SOLAR YELOMIN 42800)
[2026-02-03 11:10:24] [DEBUG]    🔍 Product #138202 (PR-0-0143): hash_guardado=None
[2026-02-03 11:10:24] [INFO]   ✨ NUEVO: Product #138202 (PR-0-0143)
[2026-02-03 11:10:24] [DEBUG]    🔍 Product #138203 (PRESTAMO): hash_guardado=None
[2026-02-03 11:10:24] [INFO]   ✨ NUEVO: Product #138203 (PRESTAMO)
[2026-02-03 11:10:24] [DEBUG]    🔍 Product #138204 (PRESTAMO-01): hash_guardado=None
[2026-02-03 11:10:24] [INFO]   ✨ NUEVO: Product #138204 (PRESTAMO-01)
[2026-02-03 11:10:24] [DEBUG]    🔍 Product #138205 (PROTECTOR DE VOLTAJE): hash_guardado=None
[2026-02-03 11:10:24] [INFO]   ✨ NUEVO: Product #138205 (PROTECTOR DE VOLTAJE)
[2026-02-03 11:10:24] [DEBUG]    🔍 Product #138206 (PTO278-285): hash_guardado=None
[2026-02-03 11:10:24] [INFO]   ✨ NUEVO: Product #138206 (PTO278-285)
[2026-02-03 11:10:24] [DEBUG]    🔍 Product #138207 (PULSERA NIÑOS AIRTAG): hash_guardado=None
[2026-02-03 11:10:24] [INFO]   ✨ NUEVO: Product #138207 (PULSERA NIÑOS AIRTAG)
[2026-02-03 11:10:24] [DEBUG]    🔍 Product #138208 (PULSERA-00): hash_guardado=None
[2026-02-03 11:10:24] [INFO]   ✨ NUEVO: Product #138208 (PULSERA-00)
[2026-02-03 11:10:24] [DEBUG]    🔍 Product #138209 (RAD-T6 MINI): hash_guardado=None
[2026-02-03 11:10:24] [INFO]   ✨ NUEVO: Product #138209 (RAD-T6 MINI)
[2026-02-03 11:10:24] [DEBUG]    🔍 Product #138210 (RCA-JK): hash_guardado=None
[2026-02-03 11:10:24] [INFO]   ✨ NUEVO: Product #138210 (RCA-JK)
[2026-02-03 11:10:24] [DEBUG]    🔍 Product #138211 (RECEPTOR WIFI DOBLE BANDA): hash_guardado=None
[2026-02-03 11:10:24] [INFO]   ✨ NUEVO: Product #138211 (RECEPTOR WIFI DOBLE BANDA)
[2026-02-03 11:10:24] [DEBUG]    🔍 Product #138213 (REG-PLAST-30CM): hash_guardado=None
[2026-02-03 11:10:24] [INFO]   ✨ NUEVO: Product #138213 (REG-PLAST-30CM)
[2026-02-03 11:10:24] [DEBUG]    🔍 Product #138214 (REG-UPPOMI-2064U AZUL): hash_guardado=None
[2026-02-03 11:10:24] [INFO]   ✨ NUEVO: Product #138214 (REG-UPPOMI-2064U AZUL)
[2026-02-03 11:10:24] [DEBUG]    🔍 Product #138216 (REG-UPPOMI-2064U VERDE): hash_guardado=None
[2026-02-03 11:10:24] [INFO]   ✨ NUEVO: Product #138216 (REG-UPPOMI-2064U VERDE)
[2026-02-03 11:10:24] [DEBUG]    🔍 Product #138217 (REG-UPPOMI-LH-K2500W): hash_guardado=None
[2026-02-03 11:10:24] [INFO]   ✨ NUEVO: Product #138217 (REG-UPPOMI-LH-K2500W)
[2026-02-03 11:10:24] [DEBUG]    🔍 Product #138218 (RELOJ-00): hash_guardado=None
[2026-02-03 11:10:24] [INFO]   ✨ NUEVO: Product #138218 (RELOJ-00)
[2026-02-03 11:10:24] [DEBUG]    🔍 Product #138219 (REPELENTE): hash_guardado=None
[2026-02-03 11:10:24] [INFO]   ✨ NUEVO: Product #138219 (REPELENTE)
[2026-02-03 11:10:24] [DEBUG]    🔍 Product #138220 (REPUESTO FLORES): hash_guardado=None
[2026-02-03 11:10:24] [INFO]   ✨ NUEVO: Product #138220 (REPUESTO FLORES)
[2026-02-03 11:10:24] [DEBUG]    🔍 Product #138226 (RESALT-VERDE): hash_guardado=None
[2026-02-03 11:10:24] [INFO]   ✨ NUEVO: Product #138226 (RESALT-VERDE)
[2026-02-03 11:10:24] [DEBUG]    🔍 Product #138227 (RESMA- EXECUTIVE): hash_guardado=None
[2026-02-03 11:10:24] [INFO]   ✨ NUEVO: Product #138227 (RESMA- EXECUTIVE)
[2026-02-03 11:10:24] [DEBUG]    🔍 Product #138228 (RESMAHPOFICIO): hash_guardado=None
[2026-02-03 11:10:24] [INFO]   ✨ NUEVO: Product #138228 (RESMAHPOFICIO)
[2026-02-03 11:10:24] [DEBUG]    🔍 Product #138229 (RES-OFIC-CHAMEX): hash_guardado=None
[2026-02-03 11:10:24] [INFO]   ✨ NUEVO: Product #138229 (RES-OFIC-CHAMEX)
[2026-02-03 11:10:24] [DEBUG]    🔍 Product #138231 (RES-PAP-OFIC HAMMERMILL): hash_guardado=None
[2026-02-03 11:10:24] [INFO]   ✨ NUEVO: Product #138231 (RES-PAP-OFIC HAMMERMILL)
[2026-02-03 11:10:24] [DEBUG]    🔍 Product #138232 (RES-PRINTON): hash_guardado=None
[2026-02-03 11:10:24] [INFO]   ✨ NUEVO: Product #138232 (RES-PRINTON)
[2026-02-03 11:10:24] [DEBUG]    🔍 Product #138233 (RETRACTIL NEGRO/AZUL AMAZON): hash_guardado=None
[2026-02-03 11:10:24] [INFO]   ✨ NUEVO: Product #138233 (RETRACTIL NEGRO/AZUL AMAZON)
[2026-02-03 11:10:24] [DEBUG]    🔍 Product #138234 (REVISION): hash_guardado=None
[2026-02-03 11:10:24] [INFO]   ✨ NUEVO: Product #138234 (REVISION)
[2026-02-03 11:10:24] [DEBUG]    🔍 Product #138235 (RIMER): hash_guardado=None
[2026-02-03 11:10:24] [INFO]   ✨ NUEVO: Product #138235 (RIMER)
[2026-02-03 11:10:24] [DEBUG]    🔍 Product #138236 (ROLLO-PUNTO): hash_guardado=None
[2026-02-03 11:10:24] [INFO]   ✨ NUEVO: Product #138236 (ROLLO-PUNTO)
[2026-02-03 11:10:24] [DEBUG]    🔍 Product #138239 (ROU-025): hash_guardado=None
[2026-02-03 11:10:24] [INFO]   ✨ NUEVO: Product #138239 (ROU-025)
[2026-02-03 11:10:24] [DEBUG]    🔍 Product #138240 (RP): hash_guardado=None
[2026-02-03 11:10:24] [INFO]   ✨ NUEVO: Product #138240 (RP)
[2026-02-03 11:10:24] [DEBUG]    🔍 Product #138241 (RQ-CH-09): hash_guardado=None
[2026-02-03 11:10:24] [INFO]   ✨ NUEVO: Product #138241 (RQ-CH-09)
[2026-02-03 11:10:24] [DEBUG]    🔍 Product #138242 (S8TRAVEL ADAPTER): hash_guardado=None
[2026-02-03 11:10:24] [INFO]   ✨ NUEVO: Product #138242 (S8TRAVEL ADAPTER)
[2026-02-03 11:10:24] [DEBUG]    🔍 Product #138244 (SD-CF-8GB): hash_guardado=None
[2026-02-03 11:10:24] [INFO]   ✨ NUEVO: Product #138244 (SD-CF-8GB)
[2026-02-03 11:10:24] [DEBUG]    🔍 Product #138245 (SER-VARIOS): hash_guardado=None
[2026-02-03 11:10:24] [INFO]   ✨ NUEVO: Product #138245 (SER-VARIOS)
[2026-02-03 11:10:24] [DEBUG]    🔍 Product #138246 (S-G): hash_guardado=None
[2026-02-03 11:10:24] [INFO]   ✨ NUEVO: Product #138246 (S-G)
[2026-02-03 11:10:24] [DEBUG]    🔍 Product #138251 (SOBRE DE BROCHE CARTA): hash_guardado=None
[2026-02-03 11:10:24] [INFO]   ✨ NUEVO: Product #138251 (SOBRE DE BROCHE CARTA)
[2026-02-03 11:10:24] [DEBUG]    🔍 Product #138252 (SOBRE MANILA CARTA): hash_guardado=None
[2026-02-03 11:10:24] [INFO]   ✨ NUEVO: Product #138252 (SOBRE MANILA CARTA)
[2026-02-03 11:10:24] [DEBUG]    🔍 Product #138253 (SOBRE MANILA OFICIO): hash_guardado=None
[2026-02-03 11:10:24] [INFO]   ✨ NUEVO: Product #138253 (SOBRE MANILA OFICIO)
[2026-02-03 11:10:24] [DEBUG]    🔍 Product #138254 (SOBRES BLANCO #11 MEDIA CARTA): hash_guardado=None
[2026-02-03 11:10:24] [INFO]   ✨ NUEVO: Product #138254 (SOBRES BLANCO #11 MEDIA CARTA)
[2026-02-03 11:10:24] [DEBUG]    🔍 Product #138255 (SOCATE ON-OFF): hash_guardado=None
[2026-02-03 11:10:24] [INFO]   ✨ NUEVO: Product #138255 (SOCATE ON-OFF)
[2026-02-03 11:10:24] [DEBUG]    🔍 Product #138256 (SOLID-STATE DRIVE): hash_guardado=None
[2026-02-03 11:10:24] [INFO]   ✨ NUEVO: Product #138256 (SOLID-STATE DRIVE)
[2026-02-03 11:10:24] [DEBUG]    🔍 Product #138257 (SOMBRAS): hash_guardado=None
[2026-02-03 11:10:24] [INFO]   ✨ NUEVO: Product #138257 (SOMBRAS)
[2026-02-03 11:10:24] [DEBUG]    🔍 Product #138258 (SREV-MOVILNET): hash_guardado=None
[2026-02-03 11:10:24] [INFO]   ✨ NUEVO: Product #138258 (SREV-MOVILNET)
[2026-02-03 11:10:24] [DEBUG]    🔍 Product #138259 (SS-065): hash_guardado=None
[2026-02-03 11:10:24] [INFO]   ✨ NUEVO: Product #138259 (SS-065)
[2026-02-03 11:10:24] [DEBUG]    🔍 Product #138261 (ST-01701): hash_guardado=None
[2026-02-03 11:10:24] [INFO]   ✨ NUEVO: Product #138261 (ST-01701)
[2026-02-03 11:10:24] [DEBUG]    🔍 Product #138263 (ST-03556-B): hash_guardado=None
[2026-02-03 11:10:24] [INFO]   ✨ NUEVO: Product #138263 (ST-03556-B)
[2026-02-03 11:10:24] [DEBUG]    🔍 Product #138264 (ST-03905): hash_guardado=None
[2026-02-03 11:10:24] [INFO]   ✨ NUEVO: Product #138264 (ST-03905)
[2026-02-03 11:10:24] [DEBUG]    🔍 Product #138265 (ST-MS-951B): hash_guardado=None
[2026-02-03 11:10:24] [INFO]   ✨ NUEVO: Product #138265 (ST-MS-951B)
[2026-02-03 11:10:24] [DEBUG]    🔍 Product #138268 (TABLAS-00): hash_guardado=None
[2026-02-03 11:10:24] [INFO]   ✨ NUEVO: Product #138268 (TABLAS-00)
[2026-02-03 11:10:24] [DEBUG]    🔍 Product #138269 (TABLET 10 PULGADAS AMAZON): hash_guardado=None
[2026-02-03 11:10:24] [INFO]   ✨ NUEVO: Product #138269 (TABLET 10 PULGADAS AMAZON)
[2026-02-03 11:10:24] [DEBUG]    🔍 Product #138270 (TABLET 4 RAM VERDE): hash_guardado=None
[2026-02-03 11:10:24] [INFO]   ✨ NUEVO: Product #138270 (TABLET 4 RAM VERDE)
[2026-02-03 11:10:24] [DEBUG]    🔍 Product #138271 (TABLET 7 PULAGADAS AMAZON): hash_guardado=None
[2026-02-03 11:10:24] [INFO]   ✨ NUEVO: Product #138271 (TABLET 7 PULAGADAS AMAZON)
[2026-02-03 11:10:24] [DEBUG]    🔍 Product #138272 (TABLET NEGRA 7 INCH 3 RAM): hash_guardado=None
[2026-02-03 11:10:24] [INFO]   ✨ NUEVO: Product #138272 (TABLET NEGRA 7 INCH 3 RAM)
[2026-02-03 11:10:24] [DEBUG]    🔍 Product #138273 (TABLET PARA NIÑOS 7 INCH): hash_guardado=None
[2026-02-03 11:10:24] [INFO]   ✨ NUEVO: Product #138273 (TABLET PARA NIÑOS 7 INCH)
[2026-02-03 11:10:24] [DEBUG]    🔍 Product #138274 (TAC-CL01): hash_guardado=None
[2026-02-03 11:10:24] [INFO]   ✨ NUEVO: Product #138274 (TAC-CL01)
[2026-02-03 11:10:24] [DEBUG]    🔍 Product #138275 (TAC-SAMSUG5G): hash_guardado=None
[2026-02-03 11:10:24] [INFO]   ✨ NUEVO: Product #138275 (TAC-SAMSUG5G)
[2026-02-03 11:10:24] [DEBUG]    🔍 Product #138276 (TAP-001): hash_guardado=None
[2026-02-03 11:10:24] [INFO]   ✨ NUEVO: Product #138276 (TAP-001)
[2026-02-03 11:10:24] [DEBUG]    🔍 Product #138277 (TD-T35): hash_guardado=None
[2026-02-03 11:10:24] [INFO]   ✨ NUEVO: Product #138277 (TD-T35)
[2026-02-03 11:10:24] [DEBUG]    🔍 Product #138278 (TE-1): hash_guardado=None
[2026-02-03 11:10:24] [INFO]   ✨ NUEVO: Product #138278 (TE-1)
[2026-02-03 11:10:24] [DEBUG]    🔍 Product #138280 (TERCER BRAZO): hash_guardado=None
[2026-02-03 11:10:24] [INFO]   ✨ NUEVO: Product #138280 (TERCER BRAZO)
[2026-02-03 11:10:24] [DEBUG]    🔍 Product #138282 (TIJERA): hash_guardado=None
[2026-02-03 11:10:24] [INFO]   ✨ NUEVO: Product #138282 (TIJERA)
[2026-02-03 11:10:24] [DEBUG]    🔍 Product #138283 (TINTA T544): hash_guardado=None
[2026-02-03 11:10:24] [INFO]   ✨ NUEVO: Product #138283 (TINTA T544)
[2026-02-03 11:10:24] [DEBUG]    🔍 Product #138284 (TINTA T544 COLORES): hash_guardado=None
[2026-02-03 11:10:24] [INFO]   ✨ NUEVO: Product #138284 (TINTA T544 COLORES)
[2026-02-03 11:10:24] [DEBUG]    🔍 Product #138285 (TINTA T664): hash_guardado=None
[2026-02-03 11:10:24] [INFO]   ✨ NUEVO: Product #138285 (TINTA T664)
[2026-02-03 11:10:24] [DEBUG]    🔍 Product #138286 (TINTA T664 AMARILLA): hash_guardado=None
[2026-02-03 11:10:24] [INFO]   ✨ NUEVO: Product #138286 (TINTA T664 AMARILLA)
[2026-02-03 11:10:24] [DEBUG]    🔍 Product #138287 (TINTA T664 CELESTE): hash_guardado=None
[2026-02-03 11:10:24] [INFO]   ✨ NUEVO: Product #138287 (TINTA T664 CELESTE)
[2026-02-03 11:10:24] [DEBUG]    🔍 Product #138288 (TINTA T664 NEGRA): hash_guardado=None
[2026-02-03 11:10:24] [INFO]   ✨ NUEVO: Product #138288 (TINTA T664 NEGRA)
[2026-02-03 11:10:24] [DEBUG]    🔍 Product #138289 (TIRRO): hash_guardado=None
[2026-02-03 11:10:24] [INFO]   ✨ NUEVO: Product #138289 (TIRRO)
[2026-02-03 11:10:24] [DEBUG]    🔍 Product #138290 (TJ-11 MOUSE GAMER): hash_guardado=None
[2026-02-03 11:10:24] [INFO]   ✨ NUEVO: Product #138290 (TJ-11 MOUSE GAMER)
[2026-02-03 11:10:24] [DEBUG]    🔍 Product #138291 (TONER-104): hash_guardado=None
[2026-02-03 11:10:24] [INFO]   ✨ NUEVO: Product #138291 (TONER-104)
[2026-02-03 11:10:24] [DEBUG]    🔍 Product #138292 (TONER-137/83A): hash_guardado=None
[2026-02-03 11:10:24] [INFO]   ✨ NUEVO: Product #138292 (TONER-137/83A)
[2026-02-03 11:10:24] [DEBUG]    🔍 Product #138293 (TONER-COMP-CANON): hash_guardado=None
[2026-02-03 11:10:24] [INFO]   ✨ NUEVO: Product #138293 (TONER-COMP-CANON)
[2026-02-03 11:10:24] [DEBUG]    🔍 Product #138294 (TONER-COMP-HP): hash_guardado=None
[2026-02-03 11:10:24] [INFO]   ✨ NUEVO: Product #138294 (TONER-COMP-HP)
[2026-02-03 11:10:24] [DEBUG]    🔍 Product #138295 (TONER-HP): hash_guardado=None
[2026-02-03 11:10:24] [INFO]   ✨ NUEVO: Product #138295 (TONER-HP)
[2026-02-03 11:10:24] [DEBUG]    🔍 Product #138296 (TONER-MXP-MLTD101S): hash_guardado=None
[2026-02-03 11:10:24] [INFO]   ✨ NUEVO: Product #138296 (TONER-MXP-MLTD101S)
[2026-02-03 11:10:24] [DEBUG]    🔍 Product #138297 (TONER-STAMPRINT): hash_guardado=None
[2026-02-03 11:10:24] [INFO]   ✨ NUEVO: Product #138297 (TONER-STAMPRINT)
[2026-02-03 11:10:24] [DEBUG]    🔍 Product #138298 (TP101): hash_guardado=None
[2026-02-03 11:10:24] [INFO]   ✨ NUEVO: Product #138298 (TP101)
[2026-02-03 11:10:24] [DEBUG]    🔍 Product #138299 (TRIPOIDE PARA SELFIE): hash_guardado=None
[2026-02-03 11:10:24] [INFO]   ✨ NUEVO: Product #138299 (TRIPOIDE PARA SELFIE)
[2026-02-03 11:10:24] [DEBUG]    🔍 Product #138300 (TWS I18): hash_guardado=None
[2026-02-03 11:10:24] [INFO]   ✨ NUEVO: Product #138300 (TWS I18)
[2026-02-03 11:10:24] [DEBUG]    🔍 Product #138302 (USB FLASH DRIVE): hash_guardado=None
[2026-02-03 11:10:24] [INFO]   ✨ NUEVO: Product #138302 (USB FLASH DRIVE)
[2026-02-03 11:10:24] [DEBUG]    🔍 Product #138303 (USB-4PTO-HUB): hash_guardado=None
[2026-02-03 11:10:24] [INFO]   ✨ NUEVO: Product #138303 (USB-4PTO-HUB)
[2026-02-03 11:10:24] [DEBUG]    🔍 Product #138304 (USB-7PTO-HUB): hash_guardado=None
[2026-02-03 11:10:24] [INFO]   ✨ NUEVO: Product #138304 (USB-7PTO-HUB)
[2026-02-03 11:10:24] [DEBUG]    🔍 Product #138308 (VARIOS SERVICIOS): hash_guardado=None
[2026-02-03 11:10:24] [INFO]   ✨ NUEVO: Product #138308 (VARIOS SERVICIOS)
[2026-02-03 11:10:24] [DEBUG]    🔍 Product #138309 (WD2500AAKX): hash_guardado=None
[2026-02-03 11:10:24] [INFO]   ✨ NUEVO: Product #138309 (WD2500AAKX)
[2026-02-03 11:10:24] [DEBUG]    🔍 Product #138310 (X002UZCVP1): hash_guardado=None
[2026-02-03 11:10:24] [INFO]   ✨ NUEVO: Product #138310 (X002UZCVP1)
[2026-02-03 11:10:24] [DEBUG]    🔍 Product #138311 (X0033B2V51): hash_guardado=None
[2026-02-03 11:10:24] [INFO]   ✨ NUEVO: Product #138311 (X0033B2V51)
[2026-02-03 11:10:24] [DEBUG]    🔍 Product #138312 (X003CGDNHH): hash_guardado=None
[2026-02-03 11:10:24] [INFO]   ✨ NUEVO: Product #138312 (X003CGDNHH)
[2026-02-03 11:10:24] [DEBUG]    🔍 Product #138313 (X003D43FOJ): hash_guardado=None
[2026-02-03 11:10:24] [INFO]   ✨ NUEVO: Product #138313 (X003D43FOJ)
[2026-02-03 11:10:24] [DEBUG]    🔍 Product #138315 (X003Z1RAMD): hash_guardado=None
[2026-02-03 11:10:24] [INFO]   ✨ NUEVO: Product #138315 (X003Z1RAMD)
[2026-02-03 11:10:24] [DEBUG]    🔍 Product #138316 (X004AT548L): hash_guardado=None
[2026-02-03 11:10:24] [INFO]   ✨ NUEVO: Product #138316 (X004AT548L)
[2026-02-03 11:10:24] [DEBUG]    🔍 Product #138317 (X6 USB STANDARD): hash_guardado=None
[2026-02-03 11:10:24] [INFO]   ✨ NUEVO: Product #138317 (X6 USB STANDARD)
[2026-02-03 11:10:24] [DEBUG]    🔍 Product #138318 (X-CABLE): hash_guardado=None
[2026-02-03 11:10:24] [INFO]   ✨ NUEVO: Product #138318 (X-CABLE)
[2026-02-03 11:10:24] [DEBUG]    🔍 Product #138319 (X-IZ): hash_guardado=None
[2026-02-03 11:10:24] [INFO]   ✨ NUEVO: Product #138319 (X-IZ)
[2026-02-03 11:10:24] [INFO] ✅ Products detectados: 778 nuevos, 0 modificados
[2026-02-03 11:10:24] [INFO] 
[2026-02-03 11:10:24] [INFO] 💰 DETECTANDO CAMBIOS EN QUOTES (MySQL → PostgreSQL)...
[2026-02-03 11:10:24] [INFO]    📋 Quotes encontrados en MySQL: 6
[2026-02-03 11:10:24] [INFO]    🔍 IDs encontrados: [147, 148, 149, 150, 151, 153]
[2026-02-03 11:10:24] [DEBUG]    🔍 Quote #147 (TEST-2026-001): hash_guardado=1244bc27
[2026-02-03 11:10:24] [DEBUG]    🔍 Quote #148 (TEST-2026-002): hash_guardado=c40e175d
[2026-02-03 11:10:24] [DEBUG]    🔍 Quote #149 (TEST-2026-003): hash_guardado=109da51c
[2026-02-03 11:10:24] [DEBUG]    🔍 Quote #150 (AUTO-20260202174752): hash_guardado=857aa22a
[2026-02-03 11:10:24] [DEBUG]    🔍 Quote #151 (TEST-SUM-20260203012607): hash_guardado=bee0508c
[2026-02-03 11:10:24] [DEBUG]    🔍 Quote #153 (TEST-20260203012608): hash_guardado=None
[2026-02-03 11:10:24] [INFO]   ✨ NUEVO: Quote #153 (TEST-20260203012608)
[2026-02-03 11:10:24] [INFO] ✅ Quotes detectados: 1 nuevos, 0 modificados
[2026-02-03 11:10:24] [INFO] 
[2026-02-03 11:10:24] [INFO] 👤 SINCRONIZANDO SELLERS...
[2026-02-03 11:10:25] [DEBUG] IP pública obtenida: 131.72.168.71
[2026-02-03 11:10:25] [DEBUG] MAC address obtenida: af:18:fd:b4:b8:4c
[2026-02-03 11:10:26] [DEBUG] Geolocalización obtenida: 10.4873, -66.8738
[2026-02-03 11:10:26] [DEBUG] System log registrado: action=sellers - SYNC, key=, ip=131.72.168.71
[2026-02-03 11:10:28] [WARNING] ⚠️  Sincronización de sellers completada con errores
[2026-02-03 11:10:28] [INFO] 
[2026-02-03 11:10:28] [INFO] 📦 SINCRONIZANDO CATEGORIES...
[2026-02-03 11:10:28] [INFO] 
[2026-02-03 11:10:28] [INFO] 📦 SINCRONIZANDO PRODUCTS...
[2026-02-03 11:10:28] [INFO] Sincronizando changes de products a MySQL...
[2026-02-03 11:10:28] [DEBUG] IP pública obtenida: 131.72.168.71
[2026-02-03 11:10:28] [DEBUG] MAC address obtenida: af:18:fd:b4:b8:4c
[2026-02-03 11:10:28] [DEBUG] Geolocalización obtenida: 10.4873, -66.8738
[2026-02-03 11:10:28] [DEBUG] IP pública obtenida: 131.72.168.71
[2026-02-03 11:10:28] [DEBUG] MAC address obtenida: af:18:fd:b4:b8:4c
[2026-02-03 11:10:28] [DEBUG] System log registrado: action=products - UPDATE, key=01009, ip=131.72.168.71
[2026-02-03 11:10:28] [DEBUG] IP pública obtenida: 131.72.168.71
[2026-02-03 11:10:28] [DEBUG] MAC address obtenida: af:18:fd:b4:b8:4c
[2026-02-03 11:10:29] [DEBUG] System log registrado: action=products - UPDATE, key=062, ip=131.72.168.71
[2026-02-03 11:10:29] [DEBUG] IP pública obtenida: 131.72.168.71
[2026-02-03 11:10:29] [DEBUG] MAC address obtenida: af:18:fd:b4:b8:4c
[2026-02-03 11:10:29] [DEBUG] System log registrado: action=products - UPDATE, key=063, ip=131.72.168.71
[2026-02-03 11:10:29] [DEBUG] IP pública obtenida: 131.72.168.71
[2026-02-03 11:10:29] [DEBUG] MAC address obtenida: af:18:fd:b4:b8:4c
[2026-02-03 11:10:30] [DEBUG] System log registrado: action=products - UPDATE, key=0638126959492, ip=131.72.168.71
[2026-02-03 11:10:30] [DEBUG] IP pública obtenida: 131.72.168.71
[2026-02-03 11:10:30] [DEBUG] MAC address obtenida: af:18:fd:b4:b8:4c
[2026-02-03 11:10:30] [DEBUG] System log registrado: action=products - UPDATE, key=112, ip=131.72.168.71
[2026-02-03 11:10:30] [DEBUG] IP pública obtenida: 131.72.168.71
[2026-02-03 11:10:30] [DEBUG] MAC address obtenida: af:18:fd:b4:b8:4c
[2026-02-03 11:10:30] [DEBUG] System log registrado: action=products - UPDATE, key=116, ip=131.72.168.71
[2026-02-03 11:10:31] [DEBUG] IP pública obtenida: 131.72.168.71
[2026-02-03 11:10:31] [DEBUG] MAC address obtenida: af:18:fd:b4:b8:4c
[2026-02-03 11:10:31] [DEBUG] System log registrado: action=products - UPDATE, key=117, ip=131.72.168.71
[2026-02-03 11:10:31] [DEBUG] IP pública obtenida: 131.72.168.71
[2026-02-03 11:10:31] [DEBUG] MAC address obtenida: af:18:fd:b4:b8:4c
[2026-02-03 11:10:31] [DEBUG] System log registrado: action=products - UPDATE, key=118, ip=131.72.168.71
[2026-02-03 11:10:32] [DEBUG] IP pública obtenida: 131.72.168.71
[2026-02-03 11:10:32] [DEBUG] MAC address obtenida: af:18:fd:b4:b8:4c
[2026-02-03 11:10:32] [DEBUG] System log registrado: action=products - UPDATE, key=123, ip=131.72.168.71
[2026-02-03 11:10:32] [DEBUG] IP pública obtenida: 131.72.168.71
[2026-02-03 11:10:32] [DEBUG] MAC address obtenida: af:18:fd:b4:b8:4c
[2026-02-03 11:10:32] [DEBUG] System log registrado: action=products - UPDATE, key=16326002, ip=131.72.168.71
[2026-02-03 11:10:32] [DEBUG] IP pública obtenida: 131.72.168.71
[2026-02-03 11:10:32] [DEBUG] MAC address obtenida: af:18:fd:b4:b8:4c
[2026-02-03 11:10:33] [DEBUG] System log registrado: action=products - UPDATE, key=37192.61, ip=131.72.168.71
[2026-02-03 11:10:33] [DEBUG] IP pública obtenida: 131.72.168.71
[2026-02-03 11:10:33] [DEBUG] MAC address obtenida: af:18:fd:b4:b8:4c
[2026-02-03 11:10:33] [DEBUG] System log registrado: action=products - UPDATE, key=4891199089183, ip=131.72.168.71
[2026-02-03 11:10:33] [DEBUG] IP pública obtenida: 131.72.168.71
[2026-02-03 11:10:33] [DEBUG] MAC address obtenida: af:18:fd:b4:b8:4c
[2026-02-03 11:10:34] [DEBUG] System log registrado: action=products - UPDATE, key=5204296823823, ip=131.72.168.71
[2026-02-03 11:10:34] [DEBUG] IP pública obtenida: 131.72.168.71
[2026-02-03 11:10:34] [DEBUG] MAC address obtenida: af:18:fd:b4:b8:4c
[2026-02-03 11:10:34] [DEBUG] System log registrado: action=products - UPDATE, key=5565148310152, ip=131.72.168.71
[2026-02-03 11:10:34] [DEBUG] IP pública obtenida: 131.72.168.71
[2026-02-03 11:10:34] [DEBUG] MAC address obtenida: af:18:fd:b4:b8:4c
[2026-02-03 11:10:34] [DEBUG] System log registrado: action=products - UPDATE, key=6820200931010, ip=131.72.168.71
[2026-02-03 11:10:35] [DEBUG] IP pública obtenida: 131.72.168.71
[2026-02-03 11:10:35] [DEBUG] MAC address obtenida: af:18:fd:b4:b8:4c
[2026-02-03 11:10:35] [DEBUG] System log registrado: action=products - UPDATE, key=6856475436325, ip=131.72.168.71
[2026-02-03 11:10:35] [DEBUG] IP pública obtenida: 131.72.168.71
[2026-02-03 11:10:35] [DEBUG] MAC address obtenida: af:18:fd:b4:b8:4c
[2026-02-03 11:10:35] [DEBUG] System log registrado: action=products - UPDATE, key=69101P, ip=131.72.168.71
[2026-02-03 11:10:35] [DEBUG] IP pública obtenida: 131.72.168.71
[2026-02-03 11:10:35] [DEBUG] MAC address obtenida: af:18:fd:b4:b8:4c
[2026-02-03 11:10:36] [DEBUG] System log registrado: action=products - UPDATE, key=6941059606628, ip=131.72.168.71
[2026-02-03 11:10:36] [DEBUG] IP pública obtenida: 131.72.168.71
[2026-02-03 11:10:36] [DEBUG] MAC address obtenida: af:18:fd:b4:b8:4c
[2026-02-03 11:10:36] [DEBUG] System log registrado: action=products - UPDATE, key=6968498495910, ip=131.72.168.71
[2026-02-03 11:10:36] [DEBUG] IP pública obtenida: 131.72.168.71
[2026-02-03 11:10:36] [DEBUG] MAC address obtenida: af:18:fd:b4:b8:4c
[2026-02-03 11:10:36] [DEBUG] System log registrado: action=products - UPDATE, key=6971083491051, ip=131.72.168.71
[2026-02-03 11:10:37] [DEBUG] IP pública obtenida: 131.72.168.71
[2026-02-03 11:10:37] [DEBUG] MAC address obtenida: af:18:fd:b4:b8:4c
[2026-02-03 11:10:37] [DEBUG] System log registrado: action=products - UPDATE, key=723813LA, ip=131.72.168.71
[2026-02-03 11:10:37] [DEBUG] IP pública obtenida: 131.72.168.71
[2026-02-03 11:10:37] [DEBUG] MAC address obtenida: af:18:fd:b4:b8:4c
[2026-02-03 11:10:37] [DEBUG] System log registrado: action=products - UPDATE, key=728662221792, ip=131.72.168.71
[2026-02-03 11:10:38] [DEBUG] IP pública obtenida: 131.72.168.71
[2026-02-03 11:10:38] [DEBUG] MAC address obtenida: af:18:fd:b4:b8:4c
[2026-02-03 11:10:38] [DEBUG] System log registrado: action=products - UPDATE, key=736211543981, ip=131.72.168.71
[2026-02-03 11:10:38] [DEBUG] IP pública obtenida: 131.72.168.71
[2026-02-03 11:10:38] [DEBUG] MAC address obtenida: af:18:fd:b4:b8:4c
[2026-02-03 11:10:38] [DEBUG] System log registrado: action=products - UPDATE, key=7453015120998, ip=131.72.168.71
[2026-02-03 11:10:39] [DEBUG] IP pública obtenida: 131.72.168.71
[2026-02-03 11:10:39] [DEBUG] MAC address obtenida: af:18:fd:b4:b8:4c
[2026-02-03 11:10:39] [DEBUG] System log registrado: action=products - UPDATE, key=7453038413404, ip=131.72.168.71
[2026-02-03 11:10:39] [DEBUG] IP pública obtenida: 131.72.168.71
[2026-02-03 11:10:39] [DEBUG] MAC address obtenida: af:18:fd:b4:b8:4c
[2026-02-03 11:10:39] [DEBUG] System log registrado: action=products - UPDATE, key=7508718000204, ip=131.72.168.71
[2026-02-03 11:10:39] [DEBUG] IP pública obtenida: 131.72.168.71
[2026-02-03 11:10:39] [DEBUG] MAC address obtenida: af:18:fd:b4:b8:4c
[2026-02-03 11:10:40] [DEBUG] System log registrado: action=products - UPDATE, key=7590033008102, ip=131.72.168.71
[2026-02-03 11:10:40] [DEBUG] IP pública obtenida: 131.72.168.71
[2026-02-03 11:10:40] [DEBUG] MAC address obtenida: af:18:fd:b4:b8:4c
[2026-02-03 11:10:40] [DEBUG] System log registrado: action=products - UPDATE, key=7703486037975, ip=131.72.168.71
[2026-02-03 11:10:40] [DEBUG] IP pública obtenida: 131.72.168.71
[2026-02-03 11:10:40] [DEBUG] MAC address obtenida: af:18:fd:b4:b8:4c
[2026-02-03 11:10:41] [DEBUG] System log registrado: action=products - UPDATE, key=7750082002654, ip=131.72.168.71
[2026-02-03 11:10:41] [DEBUG] IP pública obtenida: 131.72.168.71
[2026-02-03 11:10:41] [DEBUG] MAC address obtenida: af:18:fd:b4:b8:4c
[2026-02-03 11:10:41] [DEBUG] System log registrado: action=products - UPDATE, key=7750082055537, ip=131.72.168.71
[2026-02-03 11:10:41] [DEBUG] IP pública obtenida: 131.72.168.71
[2026-02-03 11:10:41] [DEBUG] MAC address obtenida: af:18:fd:b4:b8:4c
[2026-02-03 11:10:41] [DEBUG] System log registrado: action=products - UPDATE, key=7862111456212, ip=131.72.168.71
[2026-02-03 11:10:42] [DEBUG] IP pública obtenida: 131.72.168.71
[2026-02-03 11:10:42] [DEBUG] MAC address obtenida: af:18:fd:b4:b8:4c
[2026-02-03 11:10:42] [DEBUG] System log registrado: action=products - UPDATE, key=802.IIN, ip=131.72.168.71
[2026-02-03 11:10:42] [DEBUG] IP pública obtenida: 131.72.168.71
[2026-02-03 11:10:42] [DEBUG] MAC address obtenida: af:18:fd:b4:b8:4c
[2026-02-03 11:10:42] [DEBUG] System log registrado: action=products - UPDATE, key=8559871269815, ip=131.72.168.71
[2026-02-03 11:10:42] [DEBUG] IP pública obtenida: 131.72.168.71
[2026-02-03 11:10:42] [DEBUG] MAC address obtenida: af:18:fd:b4:b8:4c
[2026-02-03 11:10:43] [DEBUG] System log registrado: action=products - UPDATE, key=9023800385208, ip=131.72.168.71
[2026-02-03 11:10:43] [DEBUG] IP pública obtenida: 131.72.168.71
[2026-02-03 11:10:43] [DEBUG] MAC address obtenida: af:18:fd:b4:b8:4c
[2026-02-03 11:10:43] [DEBUG] System log registrado: action=products - UPDATE, key=9023800395313, ip=131.72.168.71
[2026-02-03 11:10:43] [DEBUG] IP pública obtenida: 131.72.168.71
[2026-02-03 11:10:43] [DEBUG] MAC address obtenida: af:18:fd:b4:b8:4c
[2026-02-03 11:10:44] [DEBUG] System log registrado: action=products - UPDATE, key=9023800396211, ip=131.72.168.71
[2026-02-03 11:10:44] [DEBUG] IP pública obtenida: 131.72.168.71
[2026-02-03 11:10:44] [DEBUG] MAC address obtenida: af:18:fd:b4:b8:4c
[2026-02-03 11:10:44] [DEBUG] System log registrado: action=products - UPDATE, key=9023800691019, ip=131.72.168.71
[2026-02-03 11:10:44] [DEBUG] IP pública obtenida: 131.72.168.71
[2026-02-03 11:10:44] [DEBUG] MAC address obtenida: af:18:fd:b4:b8:4c
[2026-02-03 11:10:44] [DEBUG] System log registrado: action=products - UPDATE, key=9023800933249, ip=131.72.168.71
[2026-02-03 11:10:45] [DEBUG] IP pública obtenida: 131.72.168.71
[2026-02-03 11:10:45] [DEBUG] MAC address obtenida: af:18:fd:b4:b8:4c
[2026-02-03 11:10:45] [DEBUG] System log registrado: action=products - UPDATE, key=9322452, ip=131.72.168.71
[2026-02-03 11:10:45] [DEBUG] IP pública obtenida: 131.72.168.71
[2026-02-03 11:10:45] [DEBUG] MAC address obtenida: af:18:fd:b4:b8:4c
[2026-02-03 11:10:45] [DEBUG] System log registrado: action=products - UPDATE, key=9332001, ip=131.72.168.71
[2026-02-03 11:10:45] [DEBUG] IP pública obtenida: 131.72.168.71
[2026-02-03 11:10:45] [DEBUG] MAC address obtenida: af:18:fd:b4:b8:4c
[2026-02-03 11:10:46] [DEBUG] System log registrado: action=products - UPDATE, key=9556089243520, ip=131.72.168.71
[2026-02-03 11:10:46] [DEBUG] IP pública obtenida: 131.72.168.71
[2026-02-03 11:10:46] [DEBUG] MAC address obtenida: af:18:fd:b4:b8:4c
[2026-02-03 11:10:46] [DEBUG] System log registrado: action=products - UPDATE, key=989898858026, ip=131.72.168.71
[2026-02-03 11:10:46] [DEBUG] IP pública obtenida: 131.72.168.71
[2026-02-03 11:10:46] [DEBUG] MAC address obtenida: af:18:fd:b4:b8:4c
[2026-02-03 11:10:46] [DEBUG] System log registrado: action=products - UPDATE, key=A-10, ip=131.72.168.71
[2026-02-03 11:10:47] [DEBUG] IP pública obtenida: 131.72.168.71
[2026-02-03 11:10:47] [DEBUG] MAC address obtenida: af:18:fd:b4:b8:4c
[2026-02-03 11:10:47] [DEBUG] System log registrado: action=products - UPDATE, key=AG-ARTSC, ip=131.72.168.71
[2026-02-03 11:10:47] [DEBUG] IP pública obtenida: 131.72.168.71
[2026-02-03 11:10:47] [DEBUG] MAC address obtenida: af:18:fd:b4:b8:4c
[2026-02-03 11:10:47] [DEBUG] System log registrado: action=products - UPDATE, key=ALMO-DACT-RED, ip=131.72.168.71
[2026-02-03 11:10:47] [DEBUG] IP pública obtenida: 131.72.168.71
[2026-02-03 11:10:47] [DEBUG] MAC address obtenida: af:18:fd:b4:b8:4c
[2026-02-03 11:10:48] [DEBUG] System log registrado: action=products - UPDATE, key=ALMO-SELLOS-AZUL, ip=131.72.168.71
[2026-02-03 11:10:48] [DEBUG] IP pública obtenida: 131.72.168.71
[2026-02-03 11:10:48] [DEBUG] MAC address obtenida: af:18:fd:b4:b8:4c
[2026-02-03 11:10:48] [DEBUG] System log registrado: action=products - UPDATE, key=ARC-CART-AKTA, ip=131.72.168.71
[2026-02-03 11:10:48] [DEBUG] IP pública obtenida: 131.72.168.71
[2026-02-03 11:10:48] [DEBUG] MAC address obtenida: af:18:fd:b4:b8:4c
[2026-02-03 11:10:49] [DEBUG] System log registrado: action=products - UPDATE, key=ARCH-, ip=131.72.168.71
[2026-02-03 11:10:49] [DEBUG] IP pública obtenida: 131.72.168.71
[2026-02-03 11:10:49] [DEBUG] MAC address obtenida: af:18:fd:b4:b8:4c
[2026-02-03 11:10:49] [DEBUG] System log registrado: action=products - UPDATE, key=AR-CLP-AYS, ip=131.72.168.71
[2026-02-03 11:10:49] [DEBUG] IP pública obtenida: 131.72.168.71
[2026-02-03 11:10:49] [DEBUG] MAC address obtenida: af:18:fd:b4:b8:4c
[2026-02-03 11:10:50] [DEBUG] System log registrado: action=products - UPDATE, key=AR-CLP-SA, ip=131.72.168.71
[2026-02-03 11:10:50] [DEBUG] IP pública obtenida: 131.72.168.71
[2026-02-03 11:10:50] [DEBUG] MAC address obtenida: af:18:fd:b4:b8:4c
[2026-02-03 11:10:50] [DEBUG] System log registrado: action=products - UPDATE, key=ARC-OFIC-AKTA, ip=131.72.168.71
[2026-02-03 11:10:50] [DEBUG] IP pública obtenida: 131.72.168.71
[2026-02-03 11:10:50] [DEBUG] MAC address obtenida: af:18:fd:b4:b8:4c
[2026-02-03 11:10:50] [DEBUG] System log registrado: action=products - UPDATE, key=ARCOIRIS MICRO, ip=131.72.168.71
[2026-02-03 11:10:51] [DEBUG] IP pública obtenida: 131.72.168.71
[2026-02-03 11:10:51] [DEBUG] MAC address obtenida: af:18:fd:b4:b8:4c
[2026-02-03 11:10:51] [DEBUG] System log registrado: action=products - UPDATE, key=AUDIFONOS-PS4, ip=131.72.168.71
[2026-02-03 11:10:51] [DEBUG] IP pública obtenida: 131.72.168.71
[2026-02-03 11:10:51] [DEBUG] MAC address obtenida: af:18:fd:b4:b8:4c
[2026-02-03 11:10:51] [DEBUG] System log registrado: action=products - UPDATE, key=AU-JB60, ip=131.72.168.71
[2026-02-03 11:10:51] [DEBUG] IP pública obtenida: 131.72.168.71
[2026-02-03 11:10:51] [DEBUG] MAC address obtenida: af:18:fd:b4:b8:4c
[2026-02-03 11:10:52] [DEBUG] System log registrado: action=products - UPDATE, key=AU-PTP, ip=131.72.168.71
[2026-02-03 11:10:52] [DEBUG] IP pública obtenida: 131.72.168.71
[2026-02-03 11:10:52] [DEBUG] MAC address obtenida: af:18:fd:b4:b8:4c
[2026-02-03 11:10:52] [DEBUG] System log registrado: action=products - UPDATE, key=BARRA DE SILICON GRUESA, ip=131.72.168.71
[2026-02-03 11:10:52] [DEBUG] IP pública obtenida: 131.72.168.71
[2026-02-03 11:10:52] [DEBUG] MAC address obtenida: af:18:fd:b4:b8:4c
[2026-02-03 11:10:53] [DEBUG] System log registrado: action=products - UPDATE, key=BASE BODY, ip=131.72.168.71
[2026-02-03 11:10:53] [DEBUG] IP pública obtenida: 131.72.168.71
[2026-02-03 11:10:53] [DEBUG] MAC address obtenida: af:18:fd:b4:b8:4c
[2026-02-03 11:10:53] [DEBUG] System log registrado: action=products - UPDATE, key=BLOCK, ip=131.72.168.71
[2026-02-03 11:10:53] [DEBUG] IP pública obtenida: 131.72.168.71
[2026-02-03 11:10:53] [DEBUG] MAC address obtenida: af:18:fd:b4:b8:4c
[2026-02-03 11:10:53] [DEBUG] System log registrado: action=products - UPDATE, key=BOLIGR-, ip=131.72.168.71
[2026-02-03 11:10:54] [DEBUG] IP pública obtenida: 131.72.168.71
[2026-02-03 11:10:54] [DEBUG] MAC address obtenida: af:18:fd:b4:b8:4c
[2026-02-03 11:10:54] [DEBUG] System log registrado: action=products - UPDATE, key=BOLIGRAFO TAPA NEGRA, ip=131.72.168.71
[2026-02-03 11:10:54] [DEBUG] IP pública obtenida: 131.72.168.71
[2026-02-03 11:10:54] [DEBUG] MAC address obtenida: af:18:fd:b4:b8:4c
[2026-02-03 11:10:54] [DEBUG] System log registrado: action=products - UPDATE, key=BOLIGRAFO-AZUL, ip=131.72.168.71
[2026-02-03 11:10:54] [DEBUG] IP pública obtenida: 131.72.168.71
[2026-02-03 11:10:54] [DEBUG] MAC address obtenida: af:18:fd:b4:b8:4c
[2026-02-03 11:10:55] [DEBUG] System log registrado: action=products - UPDATE, key=BOLIGR-K1NEGRO, ip=131.72.168.71
[2026-02-03 11:10:55] [DEBUG] IP pública obtenida: 131.72.168.71
[2026-02-03 11:10:55] [DEBUG] MAC address obtenida: af:18:fd:b4:b8:4c
[2026-02-03 11:10:55] [DEBUG] System log registrado: action=products - UPDATE, key=BOLKORTRAN, ip=131.72.168.71
[2026-02-03 11:10:55] [DEBUG] IP pública obtenida: 131.72.168.71
[2026-02-03 11:10:55] [DEBUG] MAC address obtenida: af:18:fd:b4:b8:4c
[2026-02-03 11:10:56] [DEBUG] System log registrado: action=products - UPDATE, key=BORRA BLANCO GRANDE, ip=131.72.168.71
[2026-02-03 11:10:56] [DEBUG] IP pública obtenida: 131.72.168.71
[2026-02-03 11:10:56] [DEBUG] MAC address obtenida: af:18:fd:b4:b8:4c
[2026-02-03 11:10:56] [DEBUG] System log registrado: action=products - UPDATE, key=BRILLO, ip=131.72.168.71
[2026-02-03 11:10:56] [DEBUG] IP pública obtenida: 131.72.168.71
[2026-02-03 11:10:56] [DEBUG] MAC address obtenida: af:18:fd:b4:b8:4c
[2026-02-03 11:10:56] [DEBUG] System log registrado: action=products - UPDATE, key=BT450, ip=131.72.168.71
[2026-02-03 11:10:57] [DEBUG] IP pública obtenida: 131.72.168.71
[2026-02-03 11:10:57] [DEBUG] MAC address obtenida: af:18:fd:b4:b8:4c
[2026-02-03 11:10:57] [DEBUG] System log registrado: action=products - UPDATE, key=CABLE ESPIRAL MICRO 3A, ip=131.72.168.71
[2026-02-03 11:10:57] [DEBUG] IP pública obtenida: 131.72.168.71
[2026-02-03 11:10:57] [DEBUG] MAC address obtenida: af:18:fd:b4:b8:4c
[2026-02-03 11:10:57] [DEBUG] System log registrado: action=products - UPDATE, key=CABLE- SAMSUNG, ip=131.72.168.71
[2026-02-03 11:10:57] [DEBUG] IP pública obtenida: 131.72.168.71
[2026-02-03 11:10:57] [DEBUG] MAC address obtenida: af:18:fd:b4:b8:4c
[2026-02-03 11:10:58] [DEBUG] System log registrado: action=products - UPDATE, key=CAR F4, ip=131.72.168.71
[2026-02-03 11:10:58] [DEBUG] IP pública obtenida: 131.72.168.71
[2026-02-03 11:10:58] [DEBUG] MAC address obtenida: af:18:fd:b4:b8:4c
[2026-02-03 11:10:58] [DEBUG] System log registrado: action=products - UPDATE, key=CAR F6, ip=131.72.168.71
[2026-02-03 11:10:58] [DEBUG] IP pública obtenida: 131.72.168.71
[2026-02-03 11:10:58] [DEBUG] MAC address obtenida: af:18:fd:b4:b8:4c
[2026-02-03 11:10:59] [DEBUG] System log registrado: action=products - UPDATE, key=CARG-CARRO7A, ip=131.72.168.71
[2026-02-03 11:10:59] [DEBUG] IP pública obtenida: 131.72.168.71
[2026-02-03 11:10:59] [DEBUG] MAC address obtenida: af:18:fd:b4:b8:4c
[2026-02-03 11:10:59] [DEBUG] System log registrado: action=products - UPDATE, key=CARPETA MANILA CARTA 18 1/2 X11, ip=131.72.168.71
[2026-02-03 11:10:59] [DEBUG] IP pública obtenida: 131.72.168.71
[2026-02-03 11:10:59] [DEBUG] MAC address obtenida: af:18:fd:b4:b8:4c
[2026-02-03 11:11:00] [DEBUG] System log registrado: action=products - UPDATE, key=CARPETA PRESENTACION CARTA, ip=131.72.168.71
[2026-02-03 11:11:00] [DEBUG] IP pública obtenida: 131.72.168.71
[2026-02-03 11:11:00] [DEBUG] MAC address obtenida: af:18:fd:b4:b8:4c
[2026-02-03 11:11:00] [DEBUG] System log registrado: action=products - UPDATE, key=CARP-MANILA-OFICIO, ip=131.72.168.71
[2026-02-03 11:11:00] [DEBUG] IP pública obtenida: 131.72.168.71
[2026-02-03 11:11:00] [DEBUG] MAC address obtenida: af:18:fd:b4:b8:4c
[2026-02-03 11:11:00] [DEBUG] System log registrado: action=products - UPDATE, key=CARTULINA, ip=131.72.168.71
[2026-02-03 11:11:01] [DEBUG] IP pública obtenida: 131.72.168.71
[2026-02-03 11:11:01] [DEBUG] MAC address obtenida: af:18:fd:b4:b8:4c
[2026-02-03 11:11:01] [DEBUG] System log registrado: action=products - UPDATE, key=CARTULINA ESCARCHADA ROJO, ip=131.72.168.71
[2026-02-03 11:11:01] [DEBUG] IP pública obtenida: 131.72.168.71
[2026-02-03 11:11:01] [DEBUG] MAC address obtenida: af:18:fd:b4:b8:4c
[2026-02-03 11:11:01] [DEBUG] System log registrado: action=products - UPDATE, key=CARTULINA ESCARCHADO AZUL REY, ip=131.72.168.71
[2026-02-03 11:11:01] [DEBUG] IP pública obtenida: 131.72.168.71
[2026-02-03 11:11:01] [DEBUG] MAC address obtenida: af:18:fd:b4:b8:4c
[2026-02-03 11:11:02] [DEBUG] System log registrado: action=products - UPDATE, key=CHIP-SAMSUNG 205I, ip=131.72.168.71
[2026-02-03 11:11:02] [DEBUG] IP pública obtenida: 131.72.168.71
[2026-02-03 11:11:02] [DEBUG] MAC address obtenida: af:18:fd:b4:b8:4c
[2026-02-03 11:11:02] [DEBUG] System log registrado: action=products - UPDATE, key=CINTA, ip=131.72.168.71
[2026-02-03 11:11:02] [DEBUG] IP pública obtenida: 131.72.168.71
[2026-02-03 11:11:02] [DEBUG] MAC address obtenida: af:18:fd:b4:b8:4c
[2026-02-03 11:11:03] [DEBUG] System log registrado: action=products - UPDATE, key=CINTA ADHESIVA CELOVEN 24MM X 50M, ip=131.72.168.71
[2026-02-03 11:11:03] [DEBUG] IP pública obtenida: 131.72.168.71
[2026-02-03 11:11:03] [DEBUG] MAC address obtenida: af:18:fd:b4:b8:4c
[2026-02-03 11:11:03] [DEBUG] System log registrado: action=products - UPDATE, key=CINTA2, ip=131.72.168.71
[2026-02-03 11:11:03] [DEBUG] IP pública obtenida: 131.72.168.71
[2026-02-03 11:11:03] [DEBUG] MAC address obtenida: af:18:fd:b4:b8:4c
[2026-02-03 11:11:03] [DEBUG] System log registrado: action=products - UPDATE, key=CINTA3, ip=131.72.168.71
[2026-02-03 11:11:04] [DEBUG] IP pública obtenida: 131.72.168.71
[2026-02-03 11:11:04] [DEBUG] MAC address obtenida: af:18:fd:b4:b8:4c
[2026-02-03 11:11:04] [DEBUG] System log registrado: action=products - UPDATE, key=CINTA-ADHESIVA, ip=131.72.168.71
[2026-02-03 11:11:04] [DEBUG] IP pública obtenida: 131.72.168.71
[2026-02-03 11:11:04] [DEBUG] MAC address obtenida: af:18:fd:b4:b8:4c
[2026-02-03 11:11:04] [DEBUG] System log registrado: action=products - UPDATE, key=CLIPS-MARIPOSA, ip=131.72.168.71
[2026-02-03 11:11:04] [DEBUG] IP pública obtenida: 131.72.168.71
[2026-02-03 11:11:04] [DEBUG] MAC address obtenida: af:18:fd:b4:b8:4c
[2026-02-03 11:11:05] [DEBUG] System log registrado: action=products - UPDATE, key=COLA-BLANCA, ip=131.72.168.71
[2026-02-03 11:11:05] [DEBUG] IP pública obtenida: 131.72.168.71
[2026-02-03 11:11:05] [DEBUG] MAC address obtenida: af:18:fd:b4:b8:4c
[2026-02-03 11:11:05] [DEBUG] System log registrado: action=products - UPDATE, key=CORNETA-01, ip=131.72.168.71
[2026-02-03 11:11:05] [DEBUG] IP pública obtenida: 131.72.168.71
[2026-02-03 11:11:05] [DEBUG] MAC address obtenida: af:18:fd:b4:b8:4c
[2026-02-03 11:11:06] [DEBUG] System log registrado: action=products - UPDATE, key=CORREC-, ip=131.72.168.71
[2026-02-03 11:11:06] [DEBUG] IP pública obtenida: 131.72.168.71
[2026-02-03 11:11:06] [DEBUG] MAC address obtenida: af:18:fd:b4:b8:4c
[2026-02-03 11:11:06] [DEBUG] System log registrado: action=products - UPDATE, key=CORRECT-, ip=131.72.168.71
[2026-02-03 11:11:06] [DEBUG] IP pública obtenida: 131.72.168.71
[2026-02-03 11:11:06] [DEBUG] MAC address obtenida: af:18:fd:b4:b8:4c
[2026-02-03 11:11:06] [DEBUG] System log registrado: action=products - UPDATE, key=CORRECTOR-00, ip=131.72.168.71
[2026-02-03 11:11:07] [DEBUG] IP pública obtenida: 131.72.168.71
[2026-02-03 11:11:07] [DEBUG] MAC address obtenida: af:18:fd:b4:b8:4c
[2026-02-03 11:11:07] [DEBUG] System log registrado: action=products - UPDATE, key=CRAYONES, ip=131.72.168.71
[2026-02-03 11:11:07] [DEBUG] IP pública obtenida: 131.72.168.71
[2026-02-03 11:11:07] [DEBUG] MAC address obtenida: af:18:fd:b4:b8:4c
[2026-02-03 11:11:07] [DEBUG] System log registrado: action=products - UPDATE, key=CX-40, ip=131.72.168.71
[2026-02-03 11:11:07] [DEBUG] IP pública obtenida: 131.72.168.71
[2026-02-03 11:11:07] [DEBUG] MAC address obtenida: af:18:fd:b4:b8:4c
[2026-02-03 11:11:08] [DEBUG] System log registrado: action=products - UPDATE, key=D-01, ip=131.72.168.71
[2026-02-03 11:11:08] [DEBUG] IP pública obtenida: 131.72.168.71
[2026-02-03 11:11:08] [DEBUG] MAC address obtenida: af:18:fd:b4:b8:4c
[2026-02-03 11:11:08] [DEBUG] System log registrado: action=products - UPDATE, key=D-16, ip=131.72.168.71
[2026-02-03 11:11:08] [DEBUG] IP pública obtenida: 131.72.168.71
[2026-02-03 11:11:08] [DEBUG] MAC address obtenida: af:18:fd:b4:b8:4c
[2026-02-03 11:11:09] [DEBUG] System log registrado: action=products - UPDATE, key=DELINEADOR, ip=131.72.168.71
[2026-02-03 11:11:09] [DEBUG] IP pública obtenida: 131.72.168.71
[2026-02-03 11:11:09] [DEBUG] MAC address obtenida: af:18:fd:b4:b8:4c
[2026-02-03 11:11:09] [DEBUG] System log registrado: action=products - UPDATE, key=DISP-016, ip=131.72.168.71
[2026-02-03 11:11:09] [DEBUG] IP pública obtenida: 131.72.168.71
[2026-02-03 11:11:09] [DEBUG] MAC address obtenida: af:18:fd:b4:b8:4c
[2026-02-03 11:11:09] [DEBUG] System log registrado: action=products - UPDATE, key=FORM. CONT. S/P, ip=131.72.168.71
[2026-02-03 11:11:10] [DEBUG] IP pública obtenida: 131.72.168.71
[2026-02-03 11:11:10] [DEBUG] MAC address obtenida: af:18:fd:b4:b8:4c
[2026-02-03 11:11:10] [DEBUG] System log registrado: action=products - UPDATE, key=FT-PODER600W, ip=131.72.168.71
[2026-02-03 11:11:10] [DEBUG] IP pública obtenida: 131.72.168.71
[2026-02-03 11:11:10] [DEBUG] MAC address obtenida: af:18:fd:b4:b8:4c
[2026-02-03 11:11:10] [DEBUG] System log registrado: action=products - UPDATE, key=H-CARTAS, ip=131.72.168.71
[2026-02-03 11:11:11] [DEBUG] IP pública obtenida: 131.72.168.71
[2026-02-03 11:11:11] [DEBUG] MAC address obtenida: af:18:fd:b4:b8:4c
[2026-02-03 11:11:11] [DEBUG] System log registrado: action=products - UPDATE, key=HN-A16, ip=131.72.168.71
[2026-02-03 11:11:11] [DEBUG] IP pública obtenida: 131.72.168.71
[2026-02-03 11:11:11] [DEBUG] MAC address obtenida: af:18:fd:b4:b8:4c
[2026-02-03 11:11:11] [DEBUG] System log registrado: action=products - UPDATE, key=H-OFICIO, ip=131.72.168.71
[2026-02-03 11:11:11] [DEBUG] IP pública obtenida: 131.72.168.71
[2026-02-03 11:11:11] [DEBUG] MAC address obtenida: af:18:fd:b4:b8:4c
[2026-02-03 11:11:12] [DEBUG] System log registrado: action=products - UPDATE, key=HOJA-EXAMEN, ip=131.72.168.71
[2026-02-03 11:11:12] [DEBUG] IP pública obtenida: 131.72.168.71
[2026-02-03 11:11:12] [DEBUG] MAC address obtenida: af:18:fd:b4:b8:4c
[2026-02-03 11:11:12] [DEBUG] System log registrado: action=products - UPDATE, key=HOJAEXAMEN, ip=131.72.168.71
[2026-02-03 11:11:12] [DEBUG] IP pública obtenida: 131.72.168.71
[2026-02-03 11:11:12] [DEBUG] MAC address obtenida: af:18:fd:b4:b8:4c
[2026-02-03 11:11:12] [DEBUG] System log registrado: action=products - UPDATE, key=HT-556LED, ip=131.72.168.71
[2026-02-03 11:11:13] [DEBUG] IP pública obtenida: 131.72.168.71
[2026-02-03 11:11:13] [DEBUG] MAC address obtenida: af:18:fd:b4:b8:4c
[2026-02-03 11:11:13] [DEBUG] System log registrado: action=products - UPDATE, key=INT1, ip=131.72.168.71
[2026-02-03 11:11:13] [DEBUG] IP pública obtenida: 131.72.168.71
[2026-02-03 11:11:13] [DEBUG] MAC address obtenida: af:18:fd:b4:b8:4c
[2026-02-03 11:11:13] [DEBUG] System log registrado: action=products - UPDATE, key=INT15, ip=131.72.168.71
[2026-02-03 11:11:14] [DEBUG] IP pública obtenida: 131.72.168.71
[2026-02-03 11:11:14] [DEBUG] MAC address obtenida: af:18:fd:b4:b8:4c
[2026-02-03 11:11:14] [DEBUG] System log registrado: action=products - UPDATE, key=INT30, ip=131.72.168.71
[2026-02-03 11:11:14] [DEBUG] IP pública obtenida: 131.72.168.71
[2026-02-03 11:11:14] [DEBUG] MAC address obtenida: af:18:fd:b4:b8:4c
[2026-02-03 11:11:14] [DEBUG] System log registrado: action=products - UPDATE, key=JBL WS-L13, ip=131.72.168.71
[2026-02-03 11:11:14] [DEBUG] IP pública obtenida: 131.72.168.71
[2026-02-03 11:11:14] [DEBUG] MAC address obtenida: af:18:fd:b4:b8:4c
[2026-02-03 11:11:15] [DEBUG] System log registrado: action=products - UPDATE, key=JBL-J01, ip=131.72.168.71
[2026-02-03 11:11:15] [DEBUG] IP pública obtenida: 131.72.168.71
[2026-02-03 11:11:15] [DEBUG] MAC address obtenida: af:18:fd:b4:b8:4c
[2026-02-03 11:11:15] [DEBUG] System log registrado: action=products - UPDATE, key=JBL-W1, ip=131.72.168.71
[2026-02-03 11:11:15] [DEBUG] IP pública obtenida: 131.72.168.71
[2026-02-03 11:11:15] [DEBUG] MAC address obtenida: af:18:fd:b4:b8:4c
[2026-02-03 11:11:16] [DEBUG] System log registrado: action=products - UPDATE, key=JBL-W3, ip=131.72.168.71
[2026-02-03 11:11:16] [DEBUG] IP pública obtenida: 131.72.168.71
[2026-02-03 11:11:16] [DEBUG] MAC address obtenida: af:18:fd:b4:b8:4c
[2026-02-03 11:11:16] [DEBUG] System log registrado: action=products - UPDATE, key=JBL-W6, ip=131.72.168.71
[2026-02-03 11:11:16] [DEBUG] IP pública obtenida: 131.72.168.71
[2026-02-03 11:11:16] [DEBUG] MAC address obtenida: af:18:fd:b4:b8:4c
[2026-02-03 11:11:16] [DEBUG] System log registrado: action=products - UPDATE, key=K1-M, ip=131.72.168.71
[2026-02-03 11:11:17] [DEBUG] IP pública obtenida: 131.72.168.71
[2026-02-03 11:11:17] [DEBUG] MAC address obtenida: af:18:fd:b4:b8:4c
[2026-02-03 11:11:17] [DEBUG] System log registrado: action=products - UPDATE, key=K5-F, ip=131.72.168.71
[2026-02-03 11:11:17] [DEBUG] IP pública obtenida: 131.72.168.71
[2026-02-03 11:11:17] [DEBUG] MAC address obtenida: af:18:fd:b4:b8:4c
[2026-02-03 11:11:17] [DEBUG] System log registrado: action=products - UPDATE, key=LAPTOP, ip=131.72.168.71
[2026-02-03 11:11:17] [DEBUG] IP pública obtenida: 131.72.168.71
[2026-02-03 11:11:17] [DEBUG] MAC address obtenida: af:18:fd:b4:b8:4c
[2026-02-03 11:11:18] [DEBUG] System log registrado: action=products - UPDATE, key=LAPTOPS-I5, ip=131.72.168.71
[2026-02-03 11:11:18] [DEBUG] IP pública obtenida: 131.72.168.71
[2026-02-03 11:11:18] [DEBUG] MAC address obtenida: af:18:fd:b4:b8:4c
[2026-02-03 11:11:18] [DEBUG] System log registrado: action=products - UPDATE, key=LDO-B08 TIPO C, ip=131.72.168.71
[2026-02-03 11:11:18] [DEBUG] IP pública obtenida: 131.72.168.71
[2026-02-03 11:11:18] [DEBUG] MAC address obtenida: af:18:fd:b4:b8:4c
[2026-02-03 11:11:19] [DEBUG] System log registrado: action=products - UPDATE, key=LDO-C600, ip=131.72.168.71
[2026-02-03 11:11:19] [DEBUG] IP pública obtenida: 131.72.168.71
[2026-02-03 11:11:19] [DEBUG] MAC address obtenida: af:18:fd:b4:b8:4c
[2026-02-03 11:11:19] [DEBUG] System log registrado: action=products - UPDATE, key=LDO-CX150 TIPO C, ip=131.72.168.71
[2026-02-03 11:11:19] [DEBUG] IP pública obtenida: 131.72.168.71
[2026-02-03 11:11:19] [DEBUG] MAC address obtenida: af:18:fd:b4:b8:4c
[2026-02-03 11:11:20] [DEBUG] System log registrado: action=products - UPDATE, key=LDO-G30 TIPO C, ip=131.72.168.71
[2026-02-03 11:11:20] [DEBUG] IP pública obtenida: 131.72.168.71
[2026-02-03 11:11:20] [DEBUG] MAC address obtenida: af:18:fd:b4:b8:4c
[2026-02-03 11:11:20] [DEBUG] System log registrado: action=products - UPDATE, key=LDO-S600 TIPO C, ip=131.72.168.71
[2026-02-03 11:11:20] [DEBUG] IP pública obtenida: 131.72.168.71
[2026-02-03 11:11:20] [DEBUG] MAC address obtenida: af:18:fd:b4:b8:4c
[2026-02-03 11:11:21] [DEBUG] System log registrado: action=products - UPDATE, key=LED MINI PARTY, ip=131.72.168.71
[2026-02-03 11:11:21] [DEBUG] IP pública obtenida: 131.72.168.71
[2026-02-03 11:11:21] [DEBUG] MAC address obtenida: af:18:fd:b4:b8:4c
[2026-02-03 11:11:21] [DEBUG] System log registrado: action=products - UPDATE, key=LED-UFO-LAMP, ip=131.72.168.71
[2026-02-03 11:11:21] [DEBUG] IP pública obtenida: 131.72.168.71
[2026-02-03 11:11:21] [DEBUG] MAC address obtenida: af:18:fd:b4:b8:4c
[2026-02-03 11:11:21] [DEBUG] System log registrado: action=products - UPDATE, key=LICUADORA, ip=131.72.168.71
[2026-02-03 11:11:22] [DEBUG] IP pública obtenida: 131.72.168.71
[2026-02-03 11:11:22] [DEBUG] MAC address obtenida: af:18:fd:b4:b8:4c
[2026-02-03 11:11:22] [DEBUG] System log registrado: action=products - UPDATE, key=L-PLASTIFICADO, ip=131.72.168.71
[2026-02-03 11:11:22] [DEBUG] IP pública obtenida: 131.72.168.71
[2026-02-03 11:11:22] [DEBUG] MAC address obtenida: af:18:fd:b4:b8:4c
[2026-02-03 11:11:22] [DEBUG] System log registrado: action=products - UPDATE, key=LPZ-MONGOL, ip=131.72.168.71
[2026-02-03 11:11:22] [DEBUG] IP pública obtenida: 131.72.168.71
[2026-02-03 11:11:22] [DEBUG] MAC address obtenida: af:18:fd:b4:b8:4c
[2026-02-03 11:11:23] [DEBUG] System log registrado: action=products - UPDATE, key=LT-TZ-22, ip=131.72.168.71
[2026-02-03 11:11:23] [DEBUG] IP pública obtenida: 131.72.168.71
[2026-02-03 11:11:23] [DEBUG] MAC address obtenida: af:18:fd:b4:b8:4c
[2026-02-03 11:11:23] [DEBUG] System log registrado: action=products - UPDATE, key=MARC-OK91, ip=131.72.168.71
[2026-02-03 11:11:23] [DEBUG] IP pública obtenida: 131.72.168.71
[2026-02-03 11:11:23] [DEBUG] MAC address obtenida: af:18:fd:b4:b8:4c
[2026-02-03 11:11:24] [DEBUG] System log registrado: action=products - UPDATE, key=MARC-OK92, ip=131.72.168.71
[2026-02-03 11:11:24] [DEBUG] IP pública obtenida: 131.72.168.71
[2026-02-03 11:11:24] [DEBUG] MAC address obtenida: af:18:fd:b4:b8:4c
[2026-02-03 11:11:24] [DEBUG] System log registrado: action=products - UPDATE, key=MARC-OK93L, ip=131.72.168.71
[2026-02-03 11:11:24] [DEBUG] IP pública obtenida: 131.72.168.71
[2026-02-03 11:11:24] [DEBUG] MAC address obtenida: af:18:fd:b4:b8:4c
[2026-02-03 11:11:24] [DEBUG] System log registrado: action=products - UPDATE, key=MDR-AQ68, ip=131.72.168.71
[2026-02-03 11:11:25] [DEBUG] IP pública obtenida: 131.72.168.71
[2026-02-03 11:11:25] [DEBUG] MAC address obtenida: af:18:fd:b4:b8:4c
[2026-02-03 11:11:25] [DEBUG] System log registrado: action=products - UPDATE, key=MERREL USA, ip=131.72.168.71
[2026-02-03 11:11:25] [DEBUG] IP pública obtenida: 131.72.168.71
[2026-02-03 11:11:25] [DEBUG] MAC address obtenida: af:18:fd:b4:b8:4c
[2026-02-03 11:11:25] [DEBUG] System log registrado: action=products - UPDATE, key=MONITOR, ip=131.72.168.71
[2026-02-03 11:11:26] [DEBUG] IP pública obtenida: 131.72.168.71
[2026-02-03 11:11:26] [DEBUG] MAC address obtenida: af:18:fd:b4:b8:4c
[2026-02-03 11:11:26] [DEBUG] System log registrado: action=products - UPDATE, key=NANFU AA, ip=131.72.168.71
[2026-02-03 11:11:26] [DEBUG] IP pública obtenida: 131.72.168.71
[2026-02-03 11:11:26] [DEBUG] MAC address obtenida: af:18:fd:b4:b8:4c
[2026-02-03 11:11:26] [DEBUG] System log registrado: action=products - UPDATE, key=NIMH-AAA-HR03, ip=131.72.168.71
[2026-02-03 11:11:26] [DEBUG] IP pública obtenida: 131.72.168.71
[2026-02-03 11:11:26] [DEBUG] MAC address obtenida: af:18:fd:b4:b8:4c
[2026-02-03 11:11:27] [DEBUG] System log registrado: action=products - UPDATE, key=NIMH-AA-HR6, ip=131.72.168.71
[2026-02-03 11:11:27] [DEBUG] IP pública obtenida: 131.72.168.71
[2026-02-03 11:11:27] [DEBUG] MAC address obtenida: af:18:fd:b4:b8:4c
[2026-02-03 11:11:27] [DEBUG] System log registrado: action=products - UPDATE, key=NOT-AUTOOK149B, ip=131.72.168.71
[2026-02-03 11:11:27] [DEBUG] IP pública obtenida: 131.72.168.71
[2026-02-03 11:11:27] [DEBUG] MAC address obtenida: af:18:fd:b4:b8:4c
[2026-02-03 11:11:27] [DEBUG] System log registrado: action=products - UPDATE, key=OF-024, ip=131.72.168.71
[2026-02-03 11:11:28] [DEBUG] IP pública obtenida: 131.72.168.71
[2026-02-03 11:11:28] [DEBUG] MAC address obtenida: af:18:fd:b4:b8:4c
[2026-02-03 11:11:28] [DEBUG] System log registrado: action=products - UPDATE, key=OK86, ip=131.72.168.71
[2026-02-03 11:11:28] [DEBUG] IP pública obtenida: 131.72.168.71
[2026-02-03 11:11:28] [DEBUG] MAC address obtenida: af:18:fd:b4:b8:4c
[2026-02-03 11:11:28] [DEBUG] System log registrado: action=products - UPDATE, key=OK88, ip=131.72.168.71
[2026-02-03 11:11:28] [DEBUG] IP pública obtenida: 131.72.168.71
[2026-02-03 11:11:28] [DEBUG] MAC address obtenida: af:18:fd:b4:b8:4c
[2026-02-03 11:11:29] [DEBUG] System log registrado: action=products - UPDATE, key=OK89, ip=131.72.168.71
[2026-02-03 11:11:29] [DEBUG] IP pública obtenida: 131.72.168.71
[2026-02-03 11:11:29] [DEBUG] MAC address obtenida: af:18:fd:b4:b8:4c
[2026-02-03 11:11:29] [DEBUG] System log registrado: action=products - UPDATE, key=OPALINA BLANCA TAMAÑO CARTA, ip=131.72.168.71
[2026-02-03 11:11:29] [DEBUG] IP pública obtenida: 131.72.168.71
[2026-02-03 11:11:29] [DEBUG] MAC address obtenida: af:18:fd:b4:b8:4c
[2026-02-03 11:11:30] [DEBUG] System log registrado: action=products - UPDATE, key=OPRINTA, ip=131.72.168.71
[2026-02-03 11:11:30] [DEBUG] IP pública obtenida: 131.72.168.71
[2026-02-03 11:11:30] [DEBUG] MAC address obtenida: af:18:fd:b4:b8:4c
[2026-02-03 11:11:30] [DEBUG] System log registrado: action=products - UPDATE, key=P-001, ip=131.72.168.71
[2026-02-03 11:11:30] [DEBUG] IP pública obtenida: 131.72.168.71
[2026-02-03 11:11:30] [DEBUG] MAC address obtenida: af:18:fd:b4:b8:4c
[2026-02-03 11:11:31] [DEBUG] System log registrado: action=products - UPDATE, key=PANEL-00, ip=131.72.168.71
[2026-02-03 11:11:31] [DEBUG] IP pública obtenida: 131.72.168.71
[2026-02-03 11:11:31] [DEBUG] MAC address obtenida: af:18:fd:b4:b8:4c
[2026-02-03 11:11:31] [DEBUG] System log registrado: action=products - UPDATE, key=PAPEL-BOND, ip=131.72.168.71
[2026-02-03 11:11:31] [DEBUG] IP pública obtenida: 131.72.168.71
[2026-02-03 11:11:31] [DEBUG] MAC address obtenida: af:18:fd:b4:b8:4c
[2026-02-03 11:11:31] [DEBUG] System log registrado: action=products - UPDATE, key=PAPER MATE, ip=131.72.168.71
[2026-02-03 11:11:32] [DEBUG] IP pública obtenida: 131.72.168.71
[2026-02-03 11:11:32] [DEBUG] MAC address obtenida: af:18:fd:b4:b8:4c
[2026-02-03 11:11:32] [DEBUG] System log registrado: action=products - UPDATE, key=PAPERMATE, ip=131.72.168.71
[2026-02-03 11:11:32] [DEBUG] IP pública obtenida: 131.72.168.71
[2026-02-03 11:11:32] [DEBUG] MAC address obtenida: af:18:fd:b4:b8:4c
[2026-02-03 11:11:32] [DEBUG] System log registrado: action=products - UPDATE, key=PASTILLAS-AUTOS, ip=131.72.168.71
[2026-02-03 11:11:32] [DEBUG] IP pública obtenida: 131.72.168.71
[2026-02-03 11:11:32] [DEBUG] MAC address obtenida: af:18:fd:b4:b8:4c
[2026-02-03 11:11:33] [DEBUG] System log registrado: action=products - UPDATE, key=PEGA EN BARRAS, ip=131.72.168.71
[2026-02-03 11:11:33] [DEBUG] IP pública obtenida: 131.72.168.71
[2026-02-03 11:11:33] [DEBUG] MAC address obtenida: af:18:fd:b4:b8:4c
[2026-02-03 11:11:33] [DEBUG] System log registrado: action=products - UPDATE, key=PH, ip=131.72.168.71
[2026-02-03 11:11:33] [DEBUG] IP pública obtenida: 131.72.168.71
[2026-02-03 11:11:33] [DEBUG] MAC address obtenida: af:18:fd:b4:b8:4c
[2026-02-03 11:11:33] [DEBUG] System log registrado: action=products - UPDATE, key=PH1, ip=131.72.168.71
[2026-02-03 11:11:34] [DEBUG] IP pública obtenida: 131.72.168.71
[2026-02-03 11:11:34] [DEBUG] MAC address obtenida: af:18:fd:b4:b8:4c
[2026-02-03 11:11:34] [DEBUG] System log registrado: action=products - UPDATE, key=PHO, ip=131.72.168.71
[2026-02-03 11:11:34] [DEBUG] IP pública obtenida: 131.72.168.71
[2026-02-03 11:11:34] [DEBUG] MAC address obtenida: af:18:fd:b4:b8:4c
[2026-02-03 11:11:34] [DEBUG] System log registrado: action=products - UPDATE, key=PINTURAS, ip=131.72.168.71
[2026-02-03 11:11:35] [DEBUG] IP pública obtenida: 131.72.168.71
[2026-02-03 11:11:35] [DEBUG] MAC address obtenida: af:18:fd:b4:b8:4c
[2026-02-03 11:11:35] [DEBUG] System log registrado: action=products - UPDATE, key=PLASTICO CARTA, ip=131.72.168.71
[2026-02-03 11:11:35] [DEBUG] IP pública obtenida: 131.72.168.71
[2026-02-03 11:11:35] [DEBUG] MAC address obtenida: af:18:fd:b4:b8:4c
[2026-02-03 11:11:35] [DEBUG] System log registrado: action=products - UPDATE, key=REF-LED-30W, ip=131.72.168.71
[2026-02-03 11:11:35] [DEBUG] IP pública obtenida: 131.72.168.71
[2026-02-03 11:11:35] [DEBUG] MAC address obtenida: af:18:fd:b4:b8:4c
[2026-02-03 11:11:36] [DEBUG] System log registrado: action=products - UPDATE, key=REG-UPPOMI-2064U BLANCA, ip=131.72.168.71
[2026-02-03 11:11:36] [DEBUG] IP pública obtenida: 131.72.168.71
[2026-02-03 11:11:36] [DEBUG] MAC address obtenida: af:18:fd:b4:b8:4c
[2026-02-03 11:11:36] [DEBUG] System log registrado: action=products - UPDATE, key=RESALT-, ip=131.72.168.71
[2026-02-03 11:11:36] [DEBUG] IP pública obtenida: 131.72.168.71
[2026-02-03 11:11:36] [DEBUG] MAC address obtenida: af:18:fd:b4:b8:4c
[2026-02-03 11:11:37] [DEBUG] System log registrado: action=products - UPDATE, key=RESALTADOR, ip=131.72.168.71
[2026-02-03 11:11:37] [DEBUG] IP pública obtenida: 131.72.168.71
[2026-02-03 11:11:37] [DEBUG] MAC address obtenida: af:18:fd:b4:b8:4c
[2026-02-03 11:11:37] [DEBUG] System log registrado: action=products - UPDATE, key=RESALTADOR VERDE OPRINTA, ip=131.72.168.71
[2026-02-03 11:11:37] [DEBUG] IP pública obtenida: 131.72.168.71
[2026-02-03 11:11:37] [DEBUG] MAC address obtenida: af:18:fd:b4:b8:4c
[2026-02-03 11:11:37] [DEBUG] System log registrado: action=products - UPDATE, key=RESALTADOR-3D, ip=131.72.168.71
[2026-02-03 11:11:38] [DEBUG] IP pública obtenida: 131.72.168.71
[2026-02-03 11:11:38] [DEBUG] MAC address obtenida: af:18:fd:b4:b8:4c
[2026-02-03 11:11:38] [DEBUG] System log registrado: action=products - UPDATE, key=RESALTADORES ICONO, ip=131.72.168.71
[2026-02-03 11:11:38] [DEBUG] IP pública obtenida: 131.72.168.71
[2026-02-03 11:11:38] [DEBUG] MAC address obtenida: af:18:fd:b4:b8:4c
[2026-02-03 11:11:38] [DEBUG] System log registrado: action=products - UPDATE, key=RES-PAPEL-EXTRA-OFICIO, ip=131.72.168.71
[2026-02-03 11:11:38] [DEBUG] IP pública obtenida: 131.72.168.71
[2026-02-03 11:11:38] [DEBUG] MAC address obtenida: af:18:fd:b4:b8:4c
[2026-02-03 11:11:39] [DEBUG] System log registrado: action=products - UPDATE, key=ROLLO-TERM-IMP-FISCAL, ip=131.72.168.71
[2026-02-03 11:11:39] [DEBUG] IP pública obtenida: 131.72.168.71
[2026-02-03 11:11:39] [DEBUG] MAC address obtenida: af:18:fd:b4:b8:4c
[2026-02-03 11:11:39] [DEBUG] System log registrado: action=products - UPDATE, key=ROLLO-TERM-PT-8065, ip=131.72.168.71
[2026-02-03 11:11:39] [DEBUG] IP pública obtenida: 131.72.168.71
[2026-02-03 11:11:39] [DEBUG] MAC address obtenida: af:18:fd:b4:b8:4c
[2026-02-03 11:11:40] [DEBUG] System log registrado: action=products - UPDATE, key=SACAP-METAL, ip=131.72.168.71
[2026-02-03 11:11:40] [DEBUG] IP pública obtenida: 131.72.168.71
[2026-02-03 11:11:40] [DEBUG] MAC address obtenida: af:18:fd:b4:b8:4c
[2026-02-03 11:11:40] [DEBUG] System log registrado: action=products - UPDATE, key=SH-3103, ip=131.72.168.71
[2026-02-03 11:11:40] [DEBUG] IP pública obtenida: 131.72.168.71
[2026-02-03 11:11:40] [DEBUG] MAC address obtenida: af:18:fd:b4:b8:4c
[2026-02-03 11:11:40] [DEBUG] System log registrado: action=products - UPDATE, key=SHOOT-MICRO, ip=131.72.168.71
[2026-02-03 11:11:41] [DEBUG] IP pública obtenida: 131.72.168.71
[2026-02-03 11:11:41] [DEBUG] MAC address obtenida: af:18:fd:b4:b8:4c
[2026-02-03 11:11:41] [DEBUG] System log registrado: action=products - UPDATE, key=SOB-MANILA CARTA, ip=131.72.168.71
[2026-02-03 11:11:41] [DEBUG] IP pública obtenida: 131.72.168.71
[2026-02-03 11:11:41] [DEBUG] MAC address obtenida: af:18:fd:b4:b8:4c
[2026-02-03 11:11:41] [DEBUG] System log registrado: action=products - UPDATE, key=SOB-MANILA-OFIC, ip=131.72.168.71
[2026-02-03 11:11:41] [DEBUG] IP pública obtenida: 131.72.168.71
[2026-02-03 11:11:41] [DEBUG] MAC address obtenida: af:18:fd:b4:b8:4c
[2026-02-03 11:11:42] [DEBUG] System log registrado: action=products - UPDATE, key=ST-00370, ip=131.72.168.71
[2026-02-03 11:11:42] [DEBUG] IP pública obtenida: 131.72.168.71
[2026-02-03 11:11:42] [DEBUG] MAC address obtenida: af:18:fd:b4:b8:4c
[2026-02-03 11:11:42] [DEBUG] System log registrado: action=products - UPDATE, key=ST-03509B-A, ip=131.72.168.71
[2026-02-03 11:11:42] [DEBUG] IP pública obtenida: 131.72.168.71
[2026-02-03 11:11:42] [DEBUG] MAC address obtenida: af:18:fd:b4:b8:4c
[2026-02-03 11:11:43] [DEBUG] System log registrado: action=products - UPDATE, key=ST-P01, ip=131.72.168.71
[2026-02-03 11:11:43] [DEBUG] IP pública obtenida: 131.72.168.71
[2026-02-03 11:11:43] [DEBUG] MAC address obtenida: af:18:fd:b4:b8:4c
[2026-02-03 11:11:43] [DEBUG] System log registrado: action=products - UPDATE, key=T5219252200, ip=131.72.168.71
[2026-02-03 11:11:43] [DEBUG] IP pública obtenida: 131.72.168.71
[2026-02-03 11:11:43] [DEBUG] MAC address obtenida: af:18:fd:b4:b8:4c
[2026-02-03 11:11:43] [DEBUG] System log registrado: action=products - UPDATE, key=TEMP-COLORES, ip=131.72.168.71
[2026-02-03 11:11:44] [DEBUG] IP pública obtenida: 131.72.168.71
[2026-02-03 11:11:44] [DEBUG] MAC address obtenida: af:18:fd:b4:b8:4c
[2026-02-03 11:11:44] [DEBUG] System log registrado: action=products - UPDATE, key=TIJ-8"-NEG, ip=131.72.168.71
[2026-02-03 11:11:44] [DEBUG] IP pública obtenida: 131.72.168.71
[2026-02-03 11:11:44] [DEBUG] MAC address obtenida: af:18:fd:b4:b8:4c
[2026-02-03 11:11:44] [DEBUG] System log registrado: action=products - UPDATE, key=UNS-K107, ip=131.72.168.71
[2026-02-03 11:11:44] [DEBUG] IP pública obtenida: 131.72.168.71
[2026-02-03 11:11:44] [DEBUG] MAC address obtenida: af:18:fd:b4:b8:4c
[2026-02-03 11:11:45] [DEBUG] System log registrado: action=products - UPDATE, key=USB-CABLE-MICRO, ip=131.72.168.71
[2026-02-03 11:11:45] [DEBUG] IP pública obtenida: 131.72.168.71
[2026-02-03 11:11:45] [DEBUG] MAC address obtenida: af:18:fd:b4:b8:4c
[2026-02-03 11:11:45] [DEBUG] System log registrado: action=products - UPDATE, key=USB-LDO-W10-MICRO, ip=131.72.168.71
[2026-02-03 11:11:45] [DEBUG] IP pública obtenida: 131.72.168.71
[2026-02-03 11:11:45] [DEBUG] MAC address obtenida: af:18:fd:b4:b8:4c
[2026-02-03 11:11:46] [DEBUG] System log registrado: action=products - UPDATE, key=USB-TC, ip=131.72.168.71
[2026-02-03 11:11:46] [DEBUG] IP pública obtenida: 131.72.168.71
[2026-02-03 11:11:46] [DEBUG] MAC address obtenida: af:18:fd:b4:b8:4c
[2026-02-03 11:11:46] [DEBUG] System log registrado: action=products - UPDATE, key=X003FDNBWJ, ip=131.72.168.71
[2026-02-03 11:11:46] [DEBUG] IP pública obtenida: 131.72.168.71
[2026-02-03 11:11:46] [DEBUG] MAC address obtenida: af:18:fd:b4:b8:4c
[2026-02-03 11:11:46] [DEBUG] System log registrado: action=products - UPDATE, key=XS025, ip=131.72.168.71
[2026-02-03 11:11:47] [INFO]   📦 Insertando 0 productos NUEVOS...
[2026-02-03 11:11:47] [INFO]   📦 Actualizando 181 productos MODIFICADOS...
[2026-02-03 12:37:59] [INFO] Conectado a PostgreSQL
[2026-02-03 12:38:00] [INFO] Conectado a MySQL
[2026-02-03 12:38:08] [INFO] Conectado a PostgreSQL
[2026-02-03 12:38:09] [INFO] Conectado a MySQL
[2026-02-03 12:38:09] [INFO] === INICIANDO SINCRONIZACIÓN ===
[2026-02-03 12:38:09] [WARNING] Sistema de notificaciones no disponible (pip install win10toast)
[2026-02-03 12:38:09] [INFO] Verificando/creando tabla sync_hashes...
[2026-02-03 12:38:09] [WARNING]   ⚠️ Error creando índice 'idx_sync_hashes_lookup': la relación «idx_sync_hashes_lookup» ya existe

[2026-02-03 12:38:09] [WARNING]   ⚠️ Error creando índice 'idx_sync_hashes_table': la relación «idx_sync_hashes_table» ya existe

[2026-02-03 12:38:09] [SUCCESS] ✅ Tabla sync_hashes lista
[2026-02-03 12:38:09] [INFO] 
[2026-02-03 12:38:09] [INFO] ╔════════════════════════════════════════════════════════════════╗
[2026-02-03 12:38:09] [INFO] ║          SINCRONIZACIÓN INTELIGENTE CON TABLA DE HASHES          ║
[2026-02-03 12:38:09] [INFO] ╚════════════════════════════════════════════════════════════════╝
[2026-02-03 12:38:09] [INFO] 
[2026-02-03 12:38:09] [SUCCESS] ✅ Conectado a PostgreSQL
[2026-02-03 12:38:09] [SUCCESS] ✅ Conectado a MySQL (pymysql)
[2026-02-03 12:38:09] [DEBUG]    Host: 91.238.160.176
[2026-02-03 12:38:09] [DEBUG]    Port: 3306
[2026-02-03 12:38:09] [DEBUG]    Database: chrystal_movil
[2026-02-03 12:38:09] [INFO] 🔍 Buscando empresa: RIF=J316277860, Email=multiserviciosleblanc@gmail.com
[2026-02-03 12:38:09] [DEBUG]   🔍 Verificando tabla 'acceso'...
[2026-02-03 12:38:09] [SUCCESS]   ✅ Empresa encontrada en tabla 'acceso'
[2026-02-03 12:38:09] [DEBUG]   🔍 Buscando en tabla 'companies'...
[2026-02-03 12:38:10] [SUCCESS] ✅ Empresa encontrada: Empresa Test (ID: 44)
[2026-02-03 12:38:10] [INFO] Detectando cambios en products...
[2026-02-03 12:38:10] [INFO] Products: 0 nuevos, 0 modificados, 0 eliminados
[2026-02-03 12:38:10] [INFO] Detectando cambios en customers...
[2026-02-03 12:38:11] [INFO] Customers: 0 nuevos, 0 modificados, 0 eliminados
[2026-02-03 12:38:11] [INFO] Detectando cambios en categories...
[2026-02-03 12:38:11] [INFO] Categories: 0 nuevos, 0 modificados, 0 eliminados
[2026-02-03 12:38:11] [INFO] Detectando cambios en products (MySQL → PostgreSQL)...
[2026-02-03 12:38:12] [INFO]    📋 Products encontrados en MySQL: 778
[2026-02-03 12:38:12] [DEBUG]    🔍 Códigos: ['TEST-PROD-001', 'PROD-AUTO-20260202174752', '009', '011', '012', '01009', '062', '063', '0638126959492', '112']...
[2026-02-03 12:38:12] [DEBUG]    🔍 Product #129204 (TEST-PROD-001): hash_guardado=None
[2026-02-03 12:38:12] [INFO]   ✨ NUEVO: Product #129204 (TEST-PROD-001)
[2026-02-03 12:38:12] [DEBUG]    🔍 Product #129205 (PROD-AUTO-20260202174752): hash_guardado=None
[2026-02-03 12:38:12] [INFO]   ✨ NUEVO: Product #129205 (PROD-AUTO-20260202174752)
[2026-02-03 12:38:12] [DEBUG]    🔍 Product #137359 (009): hash_guardado=None
[2026-02-03 12:38:12] [INFO]   ✨ NUEVO: Product #137359 (009)
[2026-02-03 12:38:12] [DEBUG]    🔍 Product #137360 (011): hash_guardado=None
[2026-02-03 12:38:12] [INFO]   ✨ NUEVO: Product #137360 (011)
[2026-02-03 12:38:12] [DEBUG]    🔍 Product #137361 (012): hash_guardado=None
[2026-02-03 12:38:12] [INFO]   ✨ NUEVO: Product #137361 (012)
[2026-02-03 12:38:12] [DEBUG]    🔍 Product #137363 (01009): hash_guardado=None
[2026-02-03 12:38:12] [INFO]   ✨ NUEVO: Product #137363 (01009)
[2026-02-03 12:38:12] [DEBUG]    🔍 Product #137364 (062): hash_guardado=None
[2026-02-03 12:38:12] [INFO]   ✨ NUEVO: Product #137364 (062)
[2026-02-03 12:38:12] [DEBUG]    🔍 Product #137365 (063): hash_guardado=None
[2026-02-03 12:38:12] [INFO]   ✨ NUEVO: Product #137365 (063)
[2026-02-03 12:38:12] [DEBUG]    🔍 Product #137366 (0638126959492): hash_guardado=None
[2026-02-03 12:38:12] [INFO]   ✨ NUEVO: Product #137366 (0638126959492)
[2026-02-03 12:38:12] [DEBUG]    🔍 Product #137367 (112): hash_guardado=None
[2026-02-03 12:38:12] [INFO]   ✨ NUEVO: Product #137367 (112)
[2026-02-03 12:38:12] [DEBUG]    🔍 Product #137368 (116): hash_guardado=None
[2026-02-03 12:38:12] [INFO]   ✨ NUEVO: Product #137368 (116)
[2026-02-03 12:38:12] [DEBUG]    🔍 Product #137369 (117): hash_guardado=None
[2026-02-03 12:38:12] [INFO]   ✨ NUEVO: Product #137369 (117)
[2026-02-03 12:38:12] [DEBUG]    🔍 Product #137370 (118): hash_guardado=None
[2026-02-03 12:38:12] [INFO]   ✨ NUEVO: Product #137370 (118)
[2026-02-03 12:38:12] [DEBUG]    🔍 Product #137371 (123): hash_guardado=None
[2026-02-03 12:38:12] [INFO]   ✨ NUEVO: Product #137371 (123)
[2026-02-03 12:38:12] [DEBUG]    🔍 Product #137372 (16326002): hash_guardado=None
[2026-02-03 12:38:12] [INFO]   ✨ NUEVO: Product #137372 (16326002)
[2026-02-03 12:38:12] [DEBUG]    🔍 Product #137373 (37192.61): hash_guardado=None
[2026-02-03 12:38:12] [INFO]   ✨ NUEVO: Product #137373 (37192.61)
[2026-02-03 12:38:12] [DEBUG]    🔍 Product #137374 (4891199089183): hash_guardado=None
[2026-02-03 12:38:12] [INFO]   ✨ NUEVO: Product #137374 (4891199089183)
[2026-02-03 12:38:12] [DEBUG]    🔍 Product #137375 (5204296823823): hash_guardado=None
[2026-02-03 12:38:12] [INFO]   ✨ NUEVO: Product #137375 (5204296823823)
[2026-02-03 12:38:12] [DEBUG]    🔍 Product #137376 (5565148310152): hash_guardado=None
[2026-02-03 12:38:12] [INFO]   ✨ NUEVO: Product #137376 (5565148310152)
[2026-02-03 12:38:12] [DEBUG]    🔍 Product #137377 (6820200931010): hash_guardado=None
[2026-02-03 12:38:12] [INFO]   ✨ NUEVO: Product #137377 (6820200931010)
[2026-02-03 12:38:12] [DEBUG]    🔍 Product #137378 (6856475436325): hash_guardado=None
[2026-02-03 12:38:12] [INFO]   ✨ NUEVO: Product #137378 (6856475436325)
[2026-02-03 12:38:12] [DEBUG]    🔍 Product #137379 (69101P): hash_guardado=None
[2026-02-03 12:38:12] [INFO]   ✨ NUEVO: Product #137379 (69101P)
[2026-02-03 12:38:12] [DEBUG]    🔍 Product #137380 (6941059606628): hash_guardado=None
[2026-02-03 12:38:12] [INFO]   ✨ NUEVO: Product #137380 (6941059606628)
[2026-02-03 12:38:12] [DEBUG]    🔍 Product #137381 (6968498495910): hash_guardado=None
[2026-02-03 12:38:12] [INFO]   ✨ NUEVO: Product #137381 (6968498495910)
[2026-02-03 12:38:12] [DEBUG]    🔍 Product #137382 (6971083491051): hash_guardado=None
[2026-02-03 12:38:12] [INFO]   ✨ NUEVO: Product #137382 (6971083491051)
[2026-02-03 12:38:12] [DEBUG]    🔍 Product #137383 (723813LA): hash_guardado=None
[2026-02-03 12:38:12] [INFO]   ✨ NUEVO: Product #137383 (723813LA)
[2026-02-03 12:38:12] [DEBUG]    🔍 Product #137384 (728662221792): hash_guardado=None
[2026-02-03 12:38:12] [INFO]   ✨ NUEVO: Product #137384 (728662221792)
[2026-02-03 12:38:12] [DEBUG]    🔍 Product #137385 (736211543981): hash_guardado=None
[2026-02-03 12:38:12] [INFO]   ✨ NUEVO: Product #137385 (736211543981)
[2026-02-03 12:38:12] [DEBUG]    🔍 Product #137386 (7453015120998): hash_guardado=None
[2026-02-03 12:38:12] [INFO]   ✨ NUEVO: Product #137386 (7453015120998)
[2026-02-03 12:38:12] [DEBUG]    🔍 Product #137387 (7453038413404): hash_guardado=None
[2026-02-03 12:38:12] [INFO]   ✨ NUEVO: Product #137387 (7453038413404)
[2026-02-03 12:38:12] [DEBUG]    🔍 Product #137388 (7508718000204): hash_guardado=None
[2026-02-03 12:38:12] [INFO]   ✨ NUEVO: Product #137388 (7508718000204)
[2026-02-03 12:38:12] [DEBUG]    🔍 Product #137389 (7590033008102): hash_guardado=None
[2026-02-03 12:38:12] [INFO]   ✨ NUEVO: Product #137389 (7590033008102)
[2026-02-03 12:38:12] [DEBUG]    🔍 Product #137390 (7703486037975): hash_guardado=None
[2026-02-03 12:38:12] [INFO]   ✨ NUEVO: Product #137390 (7703486037975)
[2026-02-03 12:38:12] [DEBUG]    🔍 Product #137391 (7750082002654): hash_guardado=None
[2026-02-03 12:38:12] [INFO]   ✨ NUEVO: Product #137391 (7750082002654)
[2026-02-03 12:38:12] [DEBUG]    🔍 Product #137392 (7750082055537): hash_guardado=None
[2026-02-03 12:38:12] [INFO]   ✨ NUEVO: Product #137392 (7750082055537)
[2026-02-03 12:38:12] [DEBUG]    🔍 Product #137393 (7862111456212): hash_guardado=None
[2026-02-03 12:38:12] [INFO]   ✨ NUEVO: Product #137393 (7862111456212)
[2026-02-03 12:38:12] [DEBUG]    🔍 Product #137394 (802.IIN): hash_guardado=None
[2026-02-03 12:38:12] [INFO]   ✨ NUEVO: Product #137394 (802.IIN)
[2026-02-03 12:38:12] [DEBUG]    🔍 Product #137395 (8559871269815): hash_guardado=None
[2026-02-03 12:38:12] [INFO]   ✨ NUEVO: Product #137395 (8559871269815)
[2026-02-03 12:38:12] [DEBUG]    🔍 Product #137396 (9023800385208): hash_guardado=None
[2026-02-03 12:38:12] [INFO]   ✨ NUEVO: Product #137396 (9023800385208)
[2026-02-03 12:38:12] [DEBUG]    🔍 Product #137397 (9023800395313): hash_guardado=None
[2026-02-03 12:38:12] [INFO]   ✨ NUEVO: Product #137397 (9023800395313)
[2026-02-03 12:38:12] [DEBUG]    🔍 Product #137398 (9023800396211): hash_guardado=None
[2026-02-03 12:38:12] [INFO]   ✨ NUEVO: Product #137398 (9023800396211)
[2026-02-03 12:38:12] [DEBUG]    🔍 Product #137399 (9023800691019): hash_guardado=None
[2026-02-03 12:38:12] [INFO]   ✨ NUEVO: Product #137399 (9023800691019)
[2026-02-03 12:38:12] [DEBUG]    🔍 Product #137400 (9023800933249): hash_guardado=None
[2026-02-03 12:38:12] [INFO]   ✨ NUEVO: Product #137400 (9023800933249)
[2026-02-03 12:38:12] [DEBUG]    🔍 Product #137401 (9322452): hash_guardado=None
[2026-02-03 12:38:12] [INFO]   ✨ NUEVO: Product #137401 (9322452)
[2026-02-03 12:38:12] [DEBUG]    🔍 Product #137402 (9332001): hash_guardado=None
[2026-02-03 12:38:12] [INFO]   ✨ NUEVO: Product #137402 (9332001)
[2026-02-03 12:38:12] [DEBUG]    🔍 Product #137403 (9556089243520): hash_guardado=None
[2026-02-03 12:38:12] [INFO]   ✨ NUEVO: Product #137403 (9556089243520)
[2026-02-03 12:38:12] [DEBUG]    🔍 Product #137404 (989898858026): hash_guardado=None
[2026-02-03 12:38:12] [INFO]   ✨ NUEVO: Product #137404 (989898858026)
[2026-02-03 12:38:12] [DEBUG]    🔍 Product #137405 (A-10): hash_guardado=None
[2026-02-03 12:38:12] [INFO]   ✨ NUEVO: Product #137405 (A-10)
[2026-02-03 12:38:12] [DEBUG]    🔍 Product #137406 (AG-ARTSC): hash_guardado=None
[2026-02-03 12:38:12] [INFO]   ✨ NUEVO: Product #137406 (AG-ARTSC)
[2026-02-03 12:38:12] [DEBUG]    🔍 Product #137407 (ALMO-DACT-RED): hash_guardado=None
[2026-02-03 12:38:12] [INFO]   ✨ NUEVO: Product #137407 (ALMO-DACT-RED)
[2026-02-03 12:38:12] [DEBUG]    🔍 Product #137408 (ALMO-SELLOS-AZUL): hash_guardado=None
[2026-02-03 12:38:12] [INFO]   ✨ NUEVO: Product #137408 (ALMO-SELLOS-AZUL)
[2026-02-03 12:38:12] [DEBUG]    🔍 Product #137409 (ARC-CART-AKTA): hash_guardado=None
[2026-02-03 12:38:12] [INFO]   ✨ NUEVO: Product #137409 (ARC-CART-AKTA)
[2026-02-03 12:38:12] [DEBUG]    🔍 Product #137410 (ARCH-): hash_guardado=None
[2026-02-03 12:38:12] [INFO]   ✨ NUEVO: Product #137410 (ARCH-)
[2026-02-03 12:38:12] [DEBUG]    🔍 Product #137411 (AR-CLP-AYS): hash_guardado=None
[2026-02-03 12:38:12] [INFO]   ✨ NUEVO: Product #137411 (AR-CLP-AYS)
[2026-02-03 12:38:12] [DEBUG]    🔍 Product #137412 (AR-CLP-SA): hash_guardado=None
[2026-02-03 12:38:12] [INFO]   ✨ NUEVO: Product #137412 (AR-CLP-SA)
[2026-02-03 12:38:12] [DEBUG]    🔍 Product #137413 (ARC-OFIC-AKTA): hash_guardado=None
[2026-02-03 12:38:12] [INFO]   ✨ NUEVO: Product #137413 (ARC-OFIC-AKTA)
[2026-02-03 12:38:12] [DEBUG]    🔍 Product #137414 (ARCOIRIS MICRO): hash_guardado=None
[2026-02-03 12:38:12] [INFO]   ✨ NUEVO: Product #137414 (ARCOIRIS MICRO)
[2026-02-03 12:38:12] [DEBUG]    🔍 Product #137415 (AUDIFONOS-PS4): hash_guardado=None
[2026-02-03 12:38:12] [INFO]   ✨ NUEVO: Product #137415 (AUDIFONOS-PS4)
[2026-02-03 12:38:12] [DEBUG]    🔍 Product #137416 (AU-JB60): hash_guardado=None
[2026-02-03 12:38:12] [INFO]   ✨ NUEVO: Product #137416 (AU-JB60)
[2026-02-03 12:38:12] [DEBUG]    🔍 Product #137417 (AU-PTP): hash_guardado=None
[2026-02-03 12:38:12] [INFO]   ✨ NUEVO: Product #137417 (AU-PTP)
[2026-02-03 12:38:12] [DEBUG]    🔍 Product #137418 (BARRA DE SILICON GRUESA): hash_guardado=None
[2026-02-03 12:38:12] [INFO]   ✨ NUEVO: Product #137418 (BARRA DE SILICON GRUESA)
[2026-02-03 12:38:12] [DEBUG]    🔍 Product #137419 (BASE BODY): hash_guardado=None
[2026-02-03 12:38:12] [INFO]   ✨ NUEVO: Product #137419 (BASE BODY)
[2026-02-03 12:38:12] [DEBUG]    🔍 Product #137420 (BLOCK): hash_guardado=None
[2026-02-03 12:38:12] [INFO]   ✨ NUEVO: Product #137420 (BLOCK)
[2026-02-03 12:38:12] [DEBUG]    🔍 Product #137421 (BOLIGR-): hash_guardado=None
[2026-02-03 12:38:12] [INFO]   ✨ NUEVO: Product #137421 (BOLIGR-)
[2026-02-03 12:38:12] [DEBUG]    🔍 Product #137422 (BOLIGRAFO TAPA NEGRA): hash_guardado=None
[2026-02-03 12:38:12] [INFO]   ✨ NUEVO: Product #137422 (BOLIGRAFO TAPA NEGRA)
[2026-02-03 12:38:12] [DEBUG]    🔍 Product #137423 (BOLIGRAFO-AZUL): hash_guardado=None
[2026-02-03 12:38:12] [INFO]   ✨ NUEVO: Product #137423 (BOLIGRAFO-AZUL)
[2026-02-03 12:38:12] [DEBUG]    🔍 Product #137424 (BOLIGR-K1NEGRO): hash_guardado=None
[2026-02-03 12:38:12] [INFO]   ✨ NUEVO: Product #137424 (BOLIGR-K1NEGRO)
[2026-02-03 12:38:12] [DEBUG]    🔍 Product #137425 (BOLKORTRAN): hash_guardado=None
[2026-02-03 12:38:12] [INFO]   ✨ NUEVO: Product #137425 (BOLKORTRAN)
[2026-02-03 12:38:12] [DEBUG]    🔍 Product #137426 (BORRA BLANCO GRANDE): hash_guardado=None
[2026-02-03 12:38:12] [INFO]   ✨ NUEVO: Product #137426 (BORRA BLANCO GRANDE)
[2026-02-03 12:38:12] [DEBUG]    🔍 Product #137427 (BRILLO): hash_guardado=None
[2026-02-03 12:38:12] [INFO]   ✨ NUEVO: Product #137427 (BRILLO)
[2026-02-03 12:38:12] [DEBUG]    🔍 Product #137428 (BT450): hash_guardado=None
[2026-02-03 12:38:12] [INFO]   ✨ NUEVO: Product #137428 (BT450)
[2026-02-03 12:38:12] [DEBUG]    🔍 Product #137429 (CABLE ESPIRAL MICRO 3A): hash_guardado=None
[2026-02-03 12:38:12] [INFO]   ✨ NUEVO: Product #137429 (CABLE ESPIRAL MICRO 3A)
[2026-02-03 12:38:12] [DEBUG]    🔍 Product #137430 (CABLE- SAMSUNG): hash_guardado=None
[2026-02-03 12:38:12] [INFO]   ✨ NUEVO: Product #137430 (CABLE- SAMSUNG)
[2026-02-03 12:38:12] [DEBUG]    🔍 Product #137431 (CAR F4): hash_guardado=None
[2026-02-03 12:38:12] [INFO]   ✨ NUEVO: Product #137431 (CAR F4)
[2026-02-03 12:38:12] [DEBUG]    🔍 Product #137432 (CAR F6): hash_guardado=None
[2026-02-03 12:38:12] [INFO]   ✨ NUEVO: Product #137432 (CAR F6)
[2026-02-03 12:38:12] [DEBUG]    🔍 Product #137433 (CARG-CARRO7A): hash_guardado=None
[2026-02-03 12:38:12] [INFO]   ✨ NUEVO: Product #137433 (CARG-CARRO7A)
[2026-02-03 12:38:12] [DEBUG]    🔍 Product #137434 (CARPETA MANILA CARTA 18 1/2 X11): hash_guardado=None
[2026-02-03 12:38:12] [INFO]   ✨ NUEVO: Product #137434 (CARPETA MANILA CARTA 18 1/2 X11)
[2026-02-03 12:38:12] [DEBUG]    🔍 Product #137435 (CARPETA PRESENTACION CARTA): hash_guardado=None
[2026-02-03 12:38:12] [INFO]   ✨ NUEVO: Product #137435 (CARPETA PRESENTACION CARTA)
[2026-02-03 12:38:12] [DEBUG]    🔍 Product #137436 (CARP-MANILA-OFICIO): hash_guardado=None
[2026-02-03 12:38:12] [INFO]   ✨ NUEVO: Product #137436 (CARP-MANILA-OFICIO)
[2026-02-03 12:38:12] [DEBUG]    🔍 Product #137437 (CARTULINA): hash_guardado=None
[2026-02-03 12:38:12] [INFO]   ✨ NUEVO: Product #137437 (CARTULINA)
[2026-02-03 12:38:12] [DEBUG]    🔍 Product #137438 (CARTULINA ESCARCHADA ROJO): hash_guardado=None
[2026-02-03 12:38:12] [INFO]   ✨ NUEVO: Product #137438 (CARTULINA ESCARCHADA ROJO)
[2026-02-03 12:38:12] [DEBUG]    🔍 Product #137439 (CARTULINA ESCARCHADO AZUL REY): hash_guardado=None
[2026-02-03 12:38:12] [INFO]   ✨ NUEVO: Product #137439 (CARTULINA ESCARCHADO AZUL REY)
[2026-02-03 12:38:12] [DEBUG]    🔍 Product #137440 (CHIP-SAMSUNG 205I): hash_guardado=None
[2026-02-03 12:38:12] [INFO]   ✨ NUEVO: Product #137440 (CHIP-SAMSUNG 205I)
[2026-02-03 12:38:12] [DEBUG]    🔍 Product #137441 (CINTA): hash_guardado=None
[2026-02-03 12:38:12] [INFO]   ✨ NUEVO: Product #137441 (CINTA)
[2026-02-03 12:38:12] [DEBUG]    🔍 Product #137442 (CINTA ADHESIVA CELOVEN 24MM X 50M): hash_guardado=None
[2026-02-03 12:38:12] [INFO]   ✨ NUEVO: Product #137442 (CINTA ADHESIVA CELOVEN 24MM X 50M)
[2026-02-03 12:38:12] [DEBUG]    🔍 Product #137443 (CINTA2): hash_guardado=None
[2026-02-03 12:38:12] [INFO]   ✨ NUEVO: Product #137443 (CINTA2)
[2026-02-03 12:38:12] [DEBUG]    🔍 Product #137444 (CINTA3): hash_guardado=None
[2026-02-03 12:38:12] [INFO]   ✨ NUEVO: Product #137444 (CINTA3)
[2026-02-03 12:38:12] [DEBUG]    🔍 Product #137445 (CINTA-ADHESIVA): hash_guardado=None
[2026-02-03 12:38:12] [INFO]   ✨ NUEVO: Product #137445 (CINTA-ADHESIVA)
[2026-02-03 12:38:12] [DEBUG]    🔍 Product #137446 (CLIPS-MARIPOSA): hash_guardado=None
[2026-02-03 12:38:12] [INFO]   ✨ NUEVO: Product #137446 (CLIPS-MARIPOSA)
[2026-02-03 12:38:12] [DEBUG]    🔍 Product #137447 (COLA-BLANCA): hash_guardado=None
[2026-02-03 12:38:12] [INFO]   ✨ NUEVO: Product #137447 (COLA-BLANCA)
[2026-02-03 12:38:12] [DEBUG]    🔍 Product #137448 (CORNETA-01): hash_guardado=None
[2026-02-03 12:38:12] [INFO]   ✨ NUEVO: Product #137448 (CORNETA-01)
[2026-02-03 12:38:12] [DEBUG]    🔍 Product #137449 (CORREC-): hash_guardado=None
[2026-02-03 12:38:12] [INFO]   ✨ NUEVO: Product #137449 (CORREC-)
[2026-02-03 12:38:12] [DEBUG]    🔍 Product #137450 (CORRECT-): hash_guardado=None
[2026-02-03 12:38:12] [INFO]   ✨ NUEVO: Product #137450 (CORRECT-)
[2026-02-03 12:38:12] [DEBUG]    🔍 Product #137451 (CORRECTOR-00): hash_guardado=None
[2026-02-03 12:38:12] [INFO]   ✨ NUEVO: Product #137451 (CORRECTOR-00)
[2026-02-03 12:38:12] [DEBUG]    🔍 Product #137452 (CRAYONES): hash_guardado=None
[2026-02-03 12:38:12] [INFO]   ✨ NUEVO: Product #137452 (CRAYONES)
[2026-02-03 12:38:12] [DEBUG]    🔍 Product #137453 (CX-40): hash_guardado=None
[2026-02-03 12:38:12] [INFO]   ✨ NUEVO: Product #137453 (CX-40)
[2026-02-03 12:38:12] [DEBUG]    🔍 Product #137454 (D-01): hash_guardado=None
[2026-02-03 12:38:12] [INFO]   ✨ NUEVO: Product #137454 (D-01)
[2026-02-03 12:38:12] [DEBUG]    🔍 Product #137455 (D-16): hash_guardado=None
[2026-02-03 12:38:12] [INFO]   ✨ NUEVO: Product #137455 (D-16)
[2026-02-03 12:38:12] [DEBUG]    🔍 Product #137456 (DELINEADOR): hash_guardado=None
[2026-02-03 12:38:12] [INFO]   ✨ NUEVO: Product #137456 (DELINEADOR)
[2026-02-03 12:38:12] [DEBUG]    🔍 Product #137457 (DISP-016): hash_guardado=None
[2026-02-03 12:38:12] [INFO]   ✨ NUEVO: Product #137457 (DISP-016)
[2026-02-03 12:38:12] [DEBUG]    🔍 Product #137458 (FORM. CONT. S/P): hash_guardado=None
[2026-02-03 12:38:12] [INFO]   ✨ NUEVO: Product #137458 (FORM. CONT. S/P)
[2026-02-03 12:38:12] [DEBUG]    🔍 Product #137459 (FT-PODER600W): hash_guardado=None
[2026-02-03 12:38:12] [INFO]   ✨ NUEVO: Product #137459 (FT-PODER600W)
[2026-02-03 12:38:12] [DEBUG]    🔍 Product #137460 (H-CARTAS): hash_guardado=None
[2026-02-03 12:38:12] [INFO]   ✨ NUEVO: Product #137460 (H-CARTAS)
[2026-02-03 12:38:12] [DEBUG]    🔍 Product #137461 (HN-A16): hash_guardado=None
[2026-02-03 12:38:12] [INFO]   ✨ NUEVO: Product #137461 (HN-A16)
[2026-02-03 12:38:12] [DEBUG]    🔍 Product #137462 (H-OFICIO): hash_guardado=None
[2026-02-03 12:38:12] [INFO]   ✨ NUEVO: Product #137462 (H-OFICIO)
[2026-02-03 12:38:12] [DEBUG]    🔍 Product #137463 (HOJA-EXAMEN): hash_guardado=None
[2026-02-03 12:38:12] [INFO]   ✨ NUEVO: Product #137463 (HOJA-EXAMEN)
[2026-02-03 12:38:12] [DEBUG]    🔍 Product #137464 (HOJAEXAMEN): hash_guardado=None
[2026-02-03 12:38:12] [INFO]   ✨ NUEVO: Product #137464 (HOJAEXAMEN)
[2026-02-03 12:38:12] [DEBUG]    🔍 Product #137465 (HT-556LED): hash_guardado=None
[2026-02-03 12:38:12] [INFO]   ✨ NUEVO: Product #137465 (HT-556LED)
[2026-02-03 12:38:12] [DEBUG]    🔍 Product #137466 (INT1): hash_guardado=None
[2026-02-03 12:38:12] [INFO]   ✨ NUEVO: Product #137466 (INT1)
[2026-02-03 12:38:12] [DEBUG]    🔍 Product #137467 (INT15): hash_guardado=None
[2026-02-03 12:38:12] [INFO]   ✨ NUEVO: Product #137467 (INT15)
[2026-02-03 12:38:12] [DEBUG]    🔍 Product #137468 (INT30): hash_guardado=None
[2026-02-03 12:38:12] [INFO]   ✨ NUEVO: Product #137468 (INT30)
[2026-02-03 12:38:12] [DEBUG]    🔍 Product #137469 (JBL WS-L13): hash_guardado=None
[2026-02-03 12:38:12] [INFO]   ✨ NUEVO: Product #137469 (JBL WS-L13)
[2026-02-03 12:38:12] [DEBUG]    🔍 Product #137470 (JBL-J01): hash_guardado=None
[2026-02-03 12:38:12] [INFO]   ✨ NUEVO: Product #137470 (JBL-J01)
[2026-02-03 12:38:12] [DEBUG]    🔍 Product #137471 (JBL-W1): hash_guardado=None
[2026-02-03 12:38:12] [INFO]   ✨ NUEVO: Product #137471 (JBL-W1)
[2026-02-03 12:38:12] [DEBUG]    🔍 Product #137472 (JBL-W3): hash_guardado=None
[2026-02-03 12:38:12] [INFO]   ✨ NUEVO: Product #137472 (JBL-W3)
[2026-02-03 12:38:12] [DEBUG]    🔍 Product #137473 (JBL-W6): hash_guardado=None
[2026-02-03 12:38:12] [INFO]   ✨ NUEVO: Product #137473 (JBL-W6)
[2026-02-03 12:38:12] [DEBUG]    🔍 Product #137474 (K1-M): hash_guardado=None
[2026-02-03 12:38:12] [INFO]   ✨ NUEVO: Product #137474 (K1-M)
[2026-02-03 12:38:12] [DEBUG]    🔍 Product #137475 (K5-F): hash_guardado=None
[2026-02-03 12:38:12] [INFO]   ✨ NUEVO: Product #137475 (K5-F)
[2026-02-03 12:38:12] [DEBUG]    🔍 Product #137476 (LAPTOP): hash_guardado=None
[2026-02-03 12:38:12] [INFO]   ✨ NUEVO: Product #137476 (LAPTOP)
[2026-02-03 12:38:12] [DEBUG]    🔍 Product #137477 (LAPTOPS-I5): hash_guardado=None
[2026-02-03 12:38:12] [INFO]   ✨ NUEVO: Product #137477 (LAPTOPS-I5)
[2026-02-03 12:38:12] [DEBUG]    🔍 Product #137478 (LDO-B08 TIPO C): hash_guardado=None
[2026-02-03 12:38:12] [INFO]   ✨ NUEVO: Product #137478 (LDO-B08 TIPO C)
[2026-02-03 12:38:12] [DEBUG]    🔍 Product #137479 (LDO-C600): hash_guardado=None
[2026-02-03 12:38:12] [INFO]   ✨ NUEVO: Product #137479 (LDO-C600)
[2026-02-03 12:38:12] [DEBUG]    🔍 Product #137480 (LDO-CX150 TIPO C): hash_guardado=None
[2026-02-03 12:38:12] [INFO]   ✨ NUEVO: Product #137480 (LDO-CX150 TIPO C)
[2026-02-03 12:38:12] [DEBUG]    🔍 Product #137481 (LDO-G30 TIPO C): hash_guardado=None
[2026-02-03 12:38:12] [INFO]   ✨ NUEVO: Product #137481 (LDO-G30 TIPO C)
[2026-02-03 12:38:12] [DEBUG]    🔍 Product #137482 (LDO-S600 TIPO C): hash_guardado=None
[2026-02-03 12:38:12] [INFO]   ✨ NUEVO: Product #137482 (LDO-S600 TIPO C)
[2026-02-03 12:38:12] [DEBUG]    🔍 Product #137483 (LED MINI PARTY): hash_guardado=None
[2026-02-03 12:38:12] [INFO]   ✨ NUEVO: Product #137483 (LED MINI PARTY)
[2026-02-03 12:38:12] [DEBUG]    🔍 Product #137484 (LED-UFO-LAMP): hash_guardado=None
[2026-02-03 12:38:12] [INFO]   ✨ NUEVO: Product #137484 (LED-UFO-LAMP)
[2026-02-03 12:38:12] [DEBUG]    🔍 Product #137485 (LICUADORA): hash_guardado=None
[2026-02-03 12:38:12] [INFO]   ✨ NUEVO: Product #137485 (LICUADORA)
[2026-02-03 12:38:12] [DEBUG]    🔍 Product #137486 (L-PLASTIFICADO): hash_guardado=None
[2026-02-03 12:38:12] [INFO]   ✨ NUEVO: Product #137486 (L-PLASTIFICADO)
[2026-02-03 12:38:12] [DEBUG]    🔍 Product #137487 (LPZ-MONGOL): hash_guardado=None
[2026-02-03 12:38:12] [INFO]   ✨ NUEVO: Product #137487 (LPZ-MONGOL)
[2026-02-03 12:38:12] [DEBUG]    🔍 Product #137488 (LT-TZ-22): hash_guardado=None
[2026-02-03 12:38:12] [INFO]   ✨ NUEVO: Product #137488 (LT-TZ-22)
[2026-02-03 12:38:12] [DEBUG]    🔍 Product #137489 (MARC-OK91): hash_guardado=None
[2026-02-03 12:38:12] [INFO]   ✨ NUEVO: Product #137489 (MARC-OK91)
[2026-02-03 12:38:12] [DEBUG]    🔍 Product #137490 (MARC-OK92): hash_guardado=None
[2026-02-03 12:38:12] [INFO]   ✨ NUEVO: Product #137490 (MARC-OK92)
[2026-02-03 12:38:12] [DEBUG]    🔍 Product #137491 (MARC-OK93L): hash_guardado=None
[2026-02-03 12:38:12] [INFO]   ✨ NUEVO: Product #137491 (MARC-OK93L)
[2026-02-03 12:38:12] [DEBUG]    🔍 Product #137492 (MDR-AQ68): hash_guardado=None
[2026-02-03 12:38:12] [INFO]   ✨ NUEVO: Product #137492 (MDR-AQ68)
[2026-02-03 12:38:12] [DEBUG]    🔍 Product #137493 (MERREL USA): hash_guardado=None
[2026-02-03 12:38:12] [INFO]   ✨ NUEVO: Product #137493 (MERREL USA)
[2026-02-03 12:38:12] [DEBUG]    🔍 Product #137494 (MONITOR): hash_guardado=None
[2026-02-03 12:38:12] [INFO]   ✨ NUEVO: Product #137494 (MONITOR)
[2026-02-03 12:38:12] [DEBUG]    🔍 Product #137495 (NANFU AA): hash_guardado=None
[2026-02-03 12:38:12] [INFO]   ✨ NUEVO: Product #137495 (NANFU AA)
[2026-02-03 12:38:12] [DEBUG]    🔍 Product #137496 (NIMH-AAA-HR03): hash_guardado=None
[2026-02-03 12:38:12] [INFO]   ✨ NUEVO: Product #137496 (NIMH-AAA-HR03)
[2026-02-03 12:38:12] [DEBUG]    🔍 Product #137497 (NIMH-AA-HR6): hash_guardado=None
[2026-02-03 12:38:12] [INFO]   ✨ NUEVO: Product #137497 (NIMH-AA-HR6)
[2026-02-03 12:38:12] [DEBUG]    🔍 Product #137498 (NOT-AUTOOK149B): hash_guardado=None
[2026-02-03 12:38:12] [INFO]   ✨ NUEVO: Product #137498 (NOT-AUTOOK149B)
[2026-02-03 12:38:12] [DEBUG]    🔍 Product #137499 (OF-024): hash_guardado=None
[2026-02-03 12:38:12] [INFO]   ✨ NUEVO: Product #137499 (OF-024)
[2026-02-03 12:38:12] [DEBUG]    🔍 Product #137500 (OK86): hash_guardado=None
[2026-02-03 12:38:12] [INFO]   ✨ NUEVO: Product #137500 (OK86)
[2026-02-03 12:38:12] [DEBUG]    🔍 Product #137501 (OK88): hash_guardado=None
[2026-02-03 12:38:12] [INFO]   ✨ NUEVO: Product #137501 (OK88)
[2026-02-03 12:38:12] [DEBUG]    🔍 Product #137502 (OK89): hash_guardado=None
[2026-02-03 12:38:12] [INFO]   ✨ NUEVO: Product #137502 (OK89)
[2026-02-03 12:38:12] [DEBUG]    🔍 Product #137503 (OPALINA BLANCA TAMAÑO CARTA): hash_guardado=None
[2026-02-03 12:38:12] [INFO]   ✨ NUEVO: Product #137503 (OPALINA BLANCA TAMAÑO CARTA)
[2026-02-03 12:38:12] [DEBUG]    🔍 Product #137504 (OPRINTA): hash_guardado=None
[2026-02-03 12:38:12] [INFO]   ✨ NUEVO: Product #137504 (OPRINTA)
[2026-02-03 12:38:12] [DEBUG]    🔍 Product #137505 (P-001): hash_guardado=None
[2026-02-03 12:38:12] [INFO]   ✨ NUEVO: Product #137505 (P-001)
[2026-02-03 12:38:12] [DEBUG]    🔍 Product #137506 (PANEL-00): hash_guardado=None
[2026-02-03 12:38:12] [INFO]   ✨ NUEVO: Product #137506 (PANEL-00)
[2026-02-03 12:38:12] [DEBUG]    🔍 Product #137507 (PAPEL-BOND): hash_guardado=None
[2026-02-03 12:38:12] [INFO]   ✨ NUEVO: Product #137507 (PAPEL-BOND)
[2026-02-03 12:38:12] [DEBUG]    🔍 Product #137508 (PAPER MATE): hash_guardado=None
[2026-02-03 12:38:12] [INFO]   ✨ NUEVO: Product #137508 (PAPER MATE)
[2026-02-03 12:38:12] [DEBUG]    🔍 Product #137509 (PAPERMATE): hash_guardado=None
[2026-02-03 12:38:12] [INFO]   ✨ NUEVO: Product #137509 (PAPERMATE)
[2026-02-03 12:38:12] [DEBUG]    🔍 Product #137510 (PASTILLAS-AUTOS): hash_guardado=None
[2026-02-03 12:38:12] [INFO]   ✨ NUEVO: Product #137510 (PASTILLAS-AUTOS)
[2026-02-03 12:38:12] [DEBUG]    🔍 Product #137511 (PEGA EN BARRAS): hash_guardado=None
[2026-02-03 12:38:12] [INFO]   ✨ NUEVO: Product #137511 (PEGA EN BARRAS)
[2026-02-03 12:38:12] [DEBUG]    🔍 Product #137512 (PH): hash_guardado=None
[2026-02-03 12:38:12] [INFO]   ✨ NUEVO: Product #137512 (PH)
[2026-02-03 12:38:12] [DEBUG]    🔍 Product #137513 (PH1): hash_guardado=None
[2026-02-03 12:38:12] [INFO]   ✨ NUEVO: Product #137513 (PH1)
[2026-02-03 12:38:12] [DEBUG]    🔍 Product #137514 (PHO): hash_guardado=None
[2026-02-03 12:38:12] [INFO]   ✨ NUEVO: Product #137514 (PHO)
[2026-02-03 12:38:12] [DEBUG]    🔍 Product #137515 (PINTURAS): hash_guardado=None
[2026-02-03 12:38:12] [INFO]   ✨ NUEVO: Product #137515 (PINTURAS)
[2026-02-03 12:38:12] [DEBUG]    🔍 Product #137516 (PLASTICO CARTA): hash_guardado=None
[2026-02-03 12:38:12] [INFO]   ✨ NUEVO: Product #137516 (PLASTICO CARTA)
[2026-02-03 12:38:12] [DEBUG]    🔍 Product #137517 (REF-LED-30W): hash_guardado=None
[2026-02-03 12:38:12] [INFO]   ✨ NUEVO: Product #137517 (REF-LED-30W)
[2026-02-03 12:38:12] [DEBUG]    🔍 Product #137518 (REG-UPPOMI-2064U BLANCA): hash_guardado=None
[2026-02-03 12:38:12] [INFO]   ✨ NUEVO: Product #137518 (REG-UPPOMI-2064U BLANCA)
[2026-02-03 12:38:12] [DEBUG]    🔍 Product #137519 (RESALT-): hash_guardado=None
[2026-02-03 12:38:12] [INFO]   ✨ NUEVO: Product #137519 (RESALT-)
[2026-02-03 12:38:12] [DEBUG]    🔍 Product #137520 (RESALTADOR): hash_guardado=None
[2026-02-03 12:38:12] [INFO]   ✨ NUEVO: Product #137520 (RESALTADOR)
[2026-02-03 12:38:12] [DEBUG]    🔍 Product #137521 (RESALTADOR VERDE OPRINTA): hash_guardado=None
[2026-02-03 12:38:12] [INFO]   ✨ NUEVO: Product #137521 (RESALTADOR VERDE OPRINTA)
[2026-02-03 12:38:12] [DEBUG]    🔍 Product #137522 (RESALTADOR-3D): hash_guardado=None
[2026-02-03 12:38:12] [INFO]   ✨ NUEVO: Product #137522 (RESALTADOR-3D)
[2026-02-03 12:38:12] [DEBUG]    🔍 Product #137523 (RESALTADORES ICONO): hash_guardado=None
[2026-02-03 12:38:12] [INFO]   ✨ NUEVO: Product #137523 (RESALTADORES ICONO)
[2026-02-03 12:38:12] [DEBUG]    🔍 Product #137524 (RES-PAPEL-EXTRA-OFICIO): hash_guardado=None
[2026-02-03 12:38:12] [INFO]   ✨ NUEVO: Product #137524 (RES-PAPEL-EXTRA-OFICIO)
[2026-02-03 12:38:12] [DEBUG]    🔍 Product #137525 (ROLLO-TERM-IMP-FISCAL): hash_guardado=None
[2026-02-03 12:38:12] [INFO]   ✨ NUEVO: Product #137525 (ROLLO-TERM-IMP-FISCAL)
[2026-02-03 12:38:12] [DEBUG]    🔍 Product #137526 (ROLLO-TERM-PT-8065): hash_guardado=None
[2026-02-03 12:38:12] [INFO]   ✨ NUEVO: Product #137526 (ROLLO-TERM-PT-8065)
[2026-02-03 12:38:12] [DEBUG]    🔍 Product #137527 (SACAP-METAL): hash_guardado=None
[2026-02-03 12:38:12] [INFO]   ✨ NUEVO: Product #137527 (SACAP-METAL)
[2026-02-03 12:38:12] [DEBUG]    🔍 Product #137528 (SH-3103): hash_guardado=None
[2026-02-03 12:38:12] [INFO]   ✨ NUEVO: Product #137528 (SH-3103)
[2026-02-03 12:38:12] [DEBUG]    🔍 Product #137529 (SHOOT-MICRO): hash_guardado=None
[2026-02-03 12:38:12] [INFO]   ✨ NUEVO: Product #137529 (SHOOT-MICRO)
[2026-02-03 12:38:12] [DEBUG]    🔍 Product #137530 (SOB-MANILA CARTA): hash_guardado=None
[2026-02-03 12:38:12] [INFO]   ✨ NUEVO: Product #137530 (SOB-MANILA CARTA)
[2026-02-03 12:38:12] [DEBUG]    🔍 Product #137531 (SOB-MANILA-OFIC): hash_guardado=None
[2026-02-03 12:38:12] [INFO]   ✨ NUEVO: Product #137531 (SOB-MANILA-OFIC)
[2026-02-03 12:38:12] [DEBUG]    🔍 Product #137532 (ST-00370): hash_guardado=None
[2026-02-03 12:38:12] [INFO]   ✨ NUEVO: Product #137532 (ST-00370)
[2026-02-03 12:38:12] [DEBUG]    🔍 Product #137533 (ST-03509B-A): hash_guardado=None
[2026-02-03 12:38:12] [INFO]   ✨ NUEVO: Product #137533 (ST-03509B-A)
[2026-02-03 12:38:12] [DEBUG]    🔍 Product #137534 (ST-P01): hash_guardado=None
[2026-02-03 12:38:12] [INFO]   ✨ NUEVO: Product #137534 (ST-P01)
[2026-02-03 12:38:12] [DEBUG]    🔍 Product #137535 (T5219252200): hash_guardado=None
[2026-02-03 12:38:12] [INFO]   ✨ NUEVO: Product #137535 (T5219252200)
[2026-02-03 12:38:12] [DEBUG]    🔍 Product #137536 (TEMP-COLORES): hash_guardado=None
[2026-02-03 12:38:12] [INFO]   ✨ NUEVO: Product #137536 (TEMP-COLORES)
[2026-02-03 12:38:12] [DEBUG]    🔍 Product #137537 (TIJ-8"-NEG): hash_guardado=None
[2026-02-03 12:38:12] [INFO]   ✨ NUEVO: Product #137537 (TIJ-8"-NEG)
[2026-02-03 12:38:12] [DEBUG]    🔍 Product #137538 (UNS-K107): hash_guardado=None
[2026-02-03 12:38:12] [INFO]   ✨ NUEVO: Product #137538 (UNS-K107)
[2026-02-03 12:38:12] [DEBUG]    🔍 Product #137539 (USB-CABLE-MICRO): hash_guardado=None
[2026-02-03 12:38:12] [INFO]   ✨ NUEVO: Product #137539 (USB-CABLE-MICRO)
[2026-02-03 12:38:12] [DEBUG]    🔍 Product #137540 (USB-LDO-W10-MICRO): hash_guardado=None
[2026-02-03 12:38:12] [INFO]   ✨ NUEVO: Product #137540 (USB-LDO-W10-MICRO)
[2026-02-03 12:38:12] [DEBUG]    🔍 Product #137541 (USB-TC): hash_guardado=None
[2026-02-03 12:38:12] [INFO]   ✨ NUEVO: Product #137541 (USB-TC)
[2026-02-03 12:38:12] [DEBUG]    🔍 Product #137542 (X003FDNBWJ): hash_guardado=None
[2026-02-03 12:38:12] [INFO]   ✨ NUEVO: Product #137542 (X003FDNBWJ)
[2026-02-03 12:38:12] [DEBUG]    🔍 Product #137543 (XS025): hash_guardado=None
[2026-02-03 12:38:12] [INFO]   ✨ NUEVO: Product #137543 (XS025)
[2026-02-03 12:38:12] [DEBUG]    🔍 Product #137546 (001): hash_guardado=None
[2026-02-03 12:38:12] [INFO]   ✨ NUEVO: Product #137546 (001)
[2026-02-03 12:38:12] [DEBUG]    🔍 Product #137547 (002): hash_guardado=None
[2026-02-03 12:38:12] [INFO]   ✨ NUEVO: Product #137547 (002)
[2026-02-03 12:38:12] [DEBUG]    🔍 Product #137548 (003): hash_guardado=None
[2026-02-03 12:38:12] [INFO]   ✨ NUEVO: Product #137548 (003)
[2026-02-03 12:38:12] [DEBUG]    🔍 Product #137549 (004): hash_guardado=None
[2026-02-03 12:38:12] [INFO]   ✨ NUEVO: Product #137549 (004)
[2026-02-03 12:38:12] [DEBUG]    🔍 Product #137550 (0040962166604): hash_guardado=None
[2026-02-03 12:38:12] [INFO]   ✨ NUEVO: Product #137550 (0040962166604)
[2026-02-03 12:38:12] [DEBUG]    🔍 Product #137551 (005): hash_guardado=None
[2026-02-03 12:38:12] [INFO]   ✨ NUEVO: Product #137551 (005)
[2026-02-03 12:38:12] [DEBUG]    🔍 Product #137552 (006): hash_guardado=None
[2026-02-03 12:38:12] [INFO]   ✨ NUEVO: Product #137552 (006)
[2026-02-03 12:38:12] [DEBUG]    🔍 Product #137553 (007): hash_guardado=None
[2026-02-03 12:38:12] [INFO]   ✨ NUEVO: Product #137553 (007)
[2026-02-03 12:38:12] [DEBUG]    🔍 Product #137554 (008): hash_guardado=None
[2026-02-03 12:38:12] [INFO]   ✨ NUEVO: Product #137554 (008)
[2026-02-03 12:38:12] [DEBUG]    🔍 Product #137555 (01): hash_guardado=None
[2026-02-03 12:38:12] [INFO]   ✨ NUEVO: Product #137555 (01)
[2026-02-03 12:38:12] [DEBUG]    🔍 Product #137556 (010): hash_guardado=None
[2026-02-03 12:38:12] [INFO]   ✨ NUEVO: Product #137556 (010)
[2026-02-03 12:38:12] [DEBUG]    🔍 Product #137560 (013): hash_guardado=None
[2026-02-03 12:38:12] [INFO]   ✨ NUEVO: Product #137560 (013)
[2026-02-03 12:38:12] [DEBUG]    🔍 Product #137561 (0137137400038): hash_guardado=None
[2026-02-03 12:38:12] [INFO]   ✨ NUEVO: Product #137561 (0137137400038)
[2026-02-03 12:38:12] [DEBUG]    🔍 Product #137562 (0137137400068): hash_guardado=None
[2026-02-03 12:38:12] [INFO]   ✨ NUEVO: Product #137562 (0137137400068)
[2026-02-03 12:38:12] [DEBUG]    🔍 Product #137563 (014): hash_guardado=None
[2026-02-03 12:38:12] [INFO]   ✨ NUEVO: Product #137563 (014)
[2026-02-03 12:38:12] [DEBUG]    🔍 Product #137564 (015): hash_guardado=None
[2026-02-03 12:38:12] [INFO]   ✨ NUEVO: Product #137564 (015)
[2026-02-03 12:38:12] [DEBUG]    🔍 Product #137565 (016): hash_guardado=None
[2026-02-03 12:38:12] [INFO]   ✨ NUEVO: Product #137565 (016)
[2026-02-03 12:38:12] [DEBUG]    🔍 Product #137566 (017): hash_guardado=None
[2026-02-03 12:38:12] [INFO]   ✨ NUEVO: Product #137566 (017)
[2026-02-03 12:38:12] [DEBUG]    🔍 Product #137567 (018): hash_guardado=None
[2026-02-03 12:38:12] [INFO]   ✨ NUEVO: Product #137567 (018)
[2026-02-03 12:38:12] [DEBUG]    🔍 Product #137568 (019): hash_guardado=None
[2026-02-03 12:38:12] [INFO]   ✨ NUEVO: Product #137568 (019)
[2026-02-03 12:38:12] [DEBUG]    🔍 Product #137569 (02): hash_guardado=None
[2026-02-03 12:38:12] [INFO]   ✨ NUEVO: Product #137569 (02)
[2026-02-03 12:38:12] [DEBUG]    🔍 Product #137570 (020): hash_guardado=None
[2026-02-03 12:38:12] [INFO]   ✨ NUEVO: Product #137570 (020)
[2026-02-03 12:38:12] [DEBUG]    🔍 Product #137571 (02004): hash_guardado=None
[2026-02-03 12:38:12] [INFO]   ✨ NUEVO: Product #137571 (02004)
[2026-02-03 12:38:12] [DEBUG]    🔍 Product #137572 (021): hash_guardado=None
[2026-02-03 12:38:12] [INFO]   ✨ NUEVO: Product #137572 (021)
[2026-02-03 12:38:12] [DEBUG]    🔍 Product #137573 (022): hash_guardado=None
[2026-02-03 12:38:12] [INFO]   ✨ NUEVO: Product #137573 (022)
[2026-02-03 12:38:12] [DEBUG]    🔍 Product #137574 (023): hash_guardado=None
[2026-02-03 12:38:12] [INFO]   ✨ NUEVO: Product #137574 (023)
[2026-02-03 12:38:12] [DEBUG]    🔍 Product #137575 (024): hash_guardado=None
[2026-02-03 12:38:12] [INFO]   ✨ NUEVO: Product #137575 (024)
[2026-02-03 12:38:12] [DEBUG]    🔍 Product #137576 (025): hash_guardado=None
[2026-02-03 12:38:12] [INFO]   ✨ NUEVO: Product #137576 (025)
[2026-02-03 12:38:12] [DEBUG]    🔍 Product #137577 (026): hash_guardado=None
[2026-02-03 12:38:12] [INFO]   ✨ NUEVO: Product #137577 (026)
[2026-02-03 12:38:12] [DEBUG]    🔍 Product #137578 (027): hash_guardado=None
[2026-02-03 12:38:12] [INFO]   ✨ NUEVO: Product #137578 (027)
[2026-02-03 12:38:12] [DEBUG]    🔍 Product #137579 (028): hash_guardado=None
[2026-02-03 12:38:12] [INFO]   ✨ NUEVO: Product #137579 (028)
[2026-02-03 12:38:12] [DEBUG]    🔍 Product #137580 (029): hash_guardado=None
[2026-02-03 12:38:12] [INFO]   ✨ NUEVO: Product #137580 (029)
[2026-02-03 12:38:12] [DEBUG]    🔍 Product #137581 (030): hash_guardado=None
[2026-02-03 12:38:12] [INFO]   ✨ NUEVO: Product #137581 (030)
[2026-02-03 12:38:12] [DEBUG]    🔍 Product #137582 (031): hash_guardado=None
[2026-02-03 12:38:12] [INFO]   ✨ NUEVO: Product #137582 (031)
[2026-02-03 12:38:12] [DEBUG]    🔍 Product #137583 (031655531908): hash_guardado=None
[2026-02-03 12:38:12] [INFO]   ✨ NUEVO: Product #137583 (031655531908)
[2026-02-03 12:38:12] [DEBUG]    🔍 Product #137584 (032): hash_guardado=None
[2026-02-03 12:38:12] [INFO]   ✨ NUEVO: Product #137584 (032)
[2026-02-03 12:38:12] [DEBUG]    🔍 Product #137585 (033): hash_guardado=None
[2026-02-03 12:38:12] [INFO]   ✨ NUEVO: Product #137585 (033)
[2026-02-03 12:38:12] [DEBUG]    🔍 Product #137586 (034): hash_guardado=None
[2026-02-03 12:38:12] [INFO]   ✨ NUEVO: Product #137586 (034)
[2026-02-03 12:38:12] [DEBUG]    🔍 Product #137587 (035): hash_guardado=None
[2026-02-03 12:38:12] [INFO]   ✨ NUEVO: Product #137587 (035)
[2026-02-03 12:38:12] [DEBUG]    🔍 Product #137588 (036): hash_guardado=None
[2026-02-03 12:38:12] [INFO]   ✨ NUEVO: Product #137588 (036)
[2026-02-03 12:38:12] [DEBUG]    🔍 Product #137589 (037): hash_guardado=None
[2026-02-03 12:38:12] [INFO]   ✨ NUEVO: Product #137589 (037)
[2026-02-03 12:38:12] [DEBUG]    🔍 Product #137590 (038): hash_guardado=None
[2026-02-03 12:38:12] [INFO]   ✨ NUEVO: Product #137590 (038)
[2026-02-03 12:38:12] [DEBUG]    🔍 Product #137591 (039): hash_guardado=None
[2026-02-03 12:38:12] [INFO]   ✨ NUEVO: Product #137591 (039)
[2026-02-03 12:38:12] [DEBUG]    🔍 Product #137592 (040): hash_guardado=None
[2026-02-03 12:38:12] [INFO]   ✨ NUEVO: Product #137592 (040)
[2026-02-03 12:38:12] [DEBUG]    🔍 Product #137593 (041): hash_guardado=None
[2026-02-03 12:38:12] [INFO]   ✨ NUEVO: Product #137593 (041)
[2026-02-03 12:38:12] [DEBUG]    🔍 Product #137594 (042): hash_guardado=None
[2026-02-03 12:38:12] [INFO]   ✨ NUEVO: Product #137594 (042)
[2026-02-03 12:38:12] [DEBUG]    🔍 Product #137595 (043): hash_guardado=None
[2026-02-03 12:38:12] [INFO]   ✨ NUEVO: Product #137595 (043)
[2026-02-03 12:38:12] [DEBUG]    🔍 Product #137596 (044): hash_guardado=None
[2026-02-03 12:38:12] [INFO]   ✨ NUEVO: Product #137596 (044)
[2026-02-03 12:38:12] [DEBUG]    🔍 Product #137597 (045): hash_guardado=None
[2026-02-03 12:38:12] [INFO]   ✨ NUEVO: Product #137597 (045)
[2026-02-03 12:38:12] [DEBUG]    🔍 Product #137598 (046): hash_guardado=None
[2026-02-03 12:38:12] [INFO]   ✨ NUEVO: Product #137598 (046)
[2026-02-03 12:38:12] [DEBUG]    🔍 Product #137599 (046500017919): hash_guardado=None
[2026-02-03 12:38:12] [INFO]   ✨ NUEVO: Product #137599 (046500017919)
[2026-02-03 12:38:12] [DEBUG]    🔍 Product #137600 (046500761911): hash_guardado=None
[2026-02-03 12:38:12] [INFO]   ✨ NUEVO: Product #137600 (046500761911)
[2026-02-03 12:38:12] [DEBUG]    🔍 Product #137601 (047): hash_guardado=None
[2026-02-03 12:38:12] [INFO]   ✨ NUEVO: Product #137601 (047)
[2026-02-03 12:38:12] [DEBUG]    🔍 Product #137602 (048): hash_guardado=None
[2026-02-03 12:38:12] [INFO]   ✨ NUEVO: Product #137602 (048)
[2026-02-03 12:38:12] [DEBUG]    🔍 Product #137603 (049): hash_guardado=None
[2026-02-03 12:38:12] [INFO]   ✨ NUEVO: Product #137603 (049)
[2026-02-03 12:38:12] [DEBUG]    🔍 Product #137604 (050): hash_guardado=None
[2026-02-03 12:38:12] [INFO]   ✨ NUEVO: Product #137604 (050)
[2026-02-03 12:38:12] [DEBUG]    🔍 Product #137605 (051): hash_guardado=None
[2026-02-03 12:38:12] [INFO]   ✨ NUEVO: Product #137605 (051)
[2026-02-03 12:38:12] [DEBUG]    🔍 Product #137606 (052): hash_guardado=None
[2026-02-03 12:38:12] [INFO]   ✨ NUEVO: Product #137606 (052)
[2026-02-03 12:38:12] [DEBUG]    🔍 Product #137607 (053): hash_guardado=None
[2026-02-03 12:38:12] [INFO]   ✨ NUEVO: Product #137607 (053)
[2026-02-03 12:38:12] [DEBUG]    🔍 Product #137608 (054): hash_guardado=None
[2026-02-03 12:38:12] [INFO]   ✨ NUEVO: Product #137608 (054)
[2026-02-03 12:38:12] [DEBUG]    🔍 Product #137609 (055): hash_guardado=None
[2026-02-03 12:38:12] [INFO]   ✨ NUEVO: Product #137609 (055)
[2026-02-03 12:38:12] [DEBUG]    🔍 Product #137610 (056): hash_guardado=None
[2026-02-03 12:38:12] [INFO]   ✨ NUEVO: Product #137610 (056)
[2026-02-03 12:38:12] [DEBUG]    🔍 Product #137611 (057): hash_guardado=None
[2026-02-03 12:38:12] [INFO]   ✨ NUEVO: Product #137611 (057)
[2026-02-03 12:38:12] [DEBUG]    🔍 Product #137612 (058): hash_guardado=None
[2026-02-03 12:38:12] [INFO]   ✨ NUEVO: Product #137612 (058)
[2026-02-03 12:38:12] [DEBUG]    🔍 Product #137613 (059): hash_guardado=None
[2026-02-03 12:38:12] [INFO]   ✨ NUEVO: Product #137613 (059)
[2026-02-03 12:38:12] [DEBUG]    🔍 Product #137614 (060): hash_guardado=None
[2026-02-03 12:38:12] [INFO]   ✨ NUEVO: Product #137614 (060)
[2026-02-03 12:38:12] [DEBUG]    🔍 Product #137615 (061): hash_guardado=None
[2026-02-03 12:38:12] [INFO]   ✨ NUEVO: Product #137615 (061)
[2026-02-03 12:38:12] [DEBUG]    🔍 Product #137619 (064): hash_guardado=None
[2026-02-03 12:38:12] [INFO]   ✨ NUEVO: Product #137619 (064)
[2026-02-03 12:38:12] [DEBUG]    🔍 Product #137620 (065): hash_guardado=None
[2026-02-03 12:38:12] [INFO]   ✨ NUEVO: Product #137620 (065)
[2026-02-03 12:38:12] [DEBUG]    🔍 Product #137621 (0651536393441): hash_guardado=None
[2026-02-03 12:38:12] [INFO]   ✨ NUEVO: Product #137621 (0651536393441)
[2026-02-03 12:38:12] [DEBUG]    🔍 Product #137622 (066): hash_guardado=None
[2026-02-03 12:38:12] [INFO]   ✨ NUEVO: Product #137622 (066)
[2026-02-03 12:38:12] [DEBUG]    🔍 Product #137623 (067): hash_guardado=None
[2026-02-03 12:38:12] [INFO]   ✨ NUEVO: Product #137623 (067)
[2026-02-03 12:38:12] [DEBUG]    🔍 Product #137624 (068): hash_guardado=None
[2026-02-03 12:38:12] [INFO]   ✨ NUEVO: Product #137624 (068)
[2026-02-03 12:38:12] [DEBUG]    🔍 Product #137625 (069): hash_guardado=None
[2026-02-03 12:38:12] [INFO]   ✨ NUEVO: Product #137625 (069)
[2026-02-03 12:38:12] [DEBUG]    🔍 Product #137626 (070): hash_guardado=None
[2026-02-03 12:38:12] [INFO]   ✨ NUEVO: Product #137626 (070)
[2026-02-03 12:38:12] [DEBUG]    🔍 Product #137627 (071): hash_guardado=None
[2026-02-03 12:38:12] [INFO]   ✨ NUEVO: Product #137627 (071)
[2026-02-03 12:38:12] [DEBUG]    🔍 Product #137628 (071641300019): hash_guardado=None
[2026-02-03 12:38:12] [INFO]   ✨ NUEVO: Product #137628 (071641300019)
[2026-02-03 12:38:12] [DEBUG]    🔍 Product #137629 (072): hash_guardado=None
[2026-02-03 12:38:12] [INFO]   ✨ NUEVO: Product #137629 (072)
[2026-02-03 12:38:12] [DEBUG]    🔍 Product #137630 (073): hash_guardado=None
[2026-02-03 12:38:12] [INFO]   ✨ NUEVO: Product #137630 (073)
[2026-02-03 12:38:12] [DEBUG]    🔍 Product #137631 (074): hash_guardado=None
[2026-02-03 12:38:12] [INFO]   ✨ NUEVO: Product #137631 (074)
[2026-02-03 12:38:12] [DEBUG]    🔍 Product #137632 (075): hash_guardado=None
[2026-02-03 12:38:12] [INFO]   ✨ NUEVO: Product #137632 (075)
[2026-02-03 12:38:12] [DEBUG]    🔍 Product #137633 (076): hash_guardado=None
[2026-02-03 12:38:12] [INFO]   ✨ NUEVO: Product #137633 (076)
[2026-02-03 12:38:12] [DEBUG]    🔍 Product #137634 (077): hash_guardado=None
[2026-02-03 12:38:12] [INFO]   ✨ NUEVO: Product #137634 (077)
[2026-02-03 12:38:12] [DEBUG]    🔍 Product #137635 (078): hash_guardado=None
[2026-02-03 12:38:12] [INFO]   ✨ NUEVO: Product #137635 (078)
[2026-02-03 12:38:12] [DEBUG]    🔍 Product #137636 (079): hash_guardado=None
[2026-02-03 12:38:12] [INFO]   ✨ NUEVO: Product #137636 (079)
[2026-02-03 12:38:12] [DEBUG]    🔍 Product #137637 (080): hash_guardado=None
[2026-02-03 12:38:12] [INFO]   ✨ NUEVO: Product #137637 (080)
[2026-02-03 12:38:12] [DEBUG]    🔍 Product #137638 (081): hash_guardado=None
[2026-02-03 12:38:12] [INFO]   ✨ NUEVO: Product #137638 (081)
[2026-02-03 12:38:12] [DEBUG]    🔍 Product #137639 (083): hash_guardado=None
[2026-02-03 12:38:12] [INFO]   ✨ NUEVO: Product #137639 (083)
[2026-02-03 12:38:12] [DEBUG]    🔍 Product #137640 (084): hash_guardado=None
[2026-02-03 12:38:12] [INFO]   ✨ NUEVO: Product #137640 (084)
[2026-02-03 12:38:12] [DEBUG]    🔍 Product #137641 (085): hash_guardado=None
[2026-02-03 12:38:12] [INFO]   ✨ NUEVO: Product #137641 (085)
[2026-02-03 12:38:12] [DEBUG]    🔍 Product #137642 (086): hash_guardado=None
[2026-02-03 12:38:12] [INFO]   ✨ NUEVO: Product #137642 (086)
[2026-02-03 12:38:12] [DEBUG]    🔍 Product #137643 (087): hash_guardado=None
[2026-02-03 12:38:12] [INFO]   ✨ NUEVO: Product #137643 (087)
[2026-02-03 12:38:12] [DEBUG]    🔍 Product #137644 (088): hash_guardado=None
[2026-02-03 12:38:12] [INFO]   ✨ NUEVO: Product #137644 (088)
[2026-02-03 12:38:12] [DEBUG]    🔍 Product #137645 (089): hash_guardado=None
[2026-02-03 12:38:12] [INFO]   ✨ NUEVO: Product #137645 (089)
[2026-02-03 12:38:12] [DEBUG]    🔍 Product #137646 (090): hash_guardado=None
[2026-02-03 12:38:12] [INFO]   ✨ NUEVO: Product #137646 (090)
[2026-02-03 12:38:12] [DEBUG]    🔍 Product #137647 (091): hash_guardado=None
[2026-02-03 12:38:12] [INFO]   ✨ NUEVO: Product #137647 (091)
[2026-02-03 12:38:12] [DEBUG]    🔍 Product #137648 (092): hash_guardado=None
[2026-02-03 12:38:12] [INFO]   ✨ NUEVO: Product #137648 (092)
[2026-02-03 12:38:12] [DEBUG]    🔍 Product #137649 (093): hash_guardado=None
[2026-02-03 12:38:12] [INFO]   ✨ NUEVO: Product #137649 (093)
[2026-02-03 12:38:12] [DEBUG]    🔍 Product #137650 (094): hash_guardado=None
[2026-02-03 12:38:12] [INFO]   ✨ NUEVO: Product #137650 (094)
[2026-02-03 12:38:12] [DEBUG]    🔍 Product #137651 (095): hash_guardado=None
[2026-02-03 12:38:12] [INFO]   ✨ NUEVO: Product #137651 (095)
[2026-02-03 12:38:12] [DEBUG]    🔍 Product #137652 (096): hash_guardado=None
[2026-02-03 12:38:12] [INFO]   ✨ NUEVO: Product #137652 (096)
[2026-02-03 12:38:12] [DEBUG]    🔍 Product #137653 (097): hash_guardado=None
[2026-02-03 12:38:12] [INFO]   ✨ NUEVO: Product #137653 (097)
[2026-02-03 12:38:12] [DEBUG]    🔍 Product #137654 (098): hash_guardado=None
[2026-02-03 12:38:12] [INFO]   ✨ NUEVO: Product #137654 (098)
[2026-02-03 12:38:12] [DEBUG]    🔍 Product #137655 (099): hash_guardado=None
[2026-02-03 12:38:12] [INFO]   ✨ NUEVO: Product #137655 (099)
[2026-02-03 12:38:12] [DEBUG]    🔍 Product #137656 (100): hash_guardado=None
[2026-02-03 12:38:12] [INFO]   ✨ NUEVO: Product #137656 (100)
[2026-02-03 12:38:12] [DEBUG]    🔍 Product #137657 (101): hash_guardado=None
[2026-02-03 12:38:12] [INFO]   ✨ NUEVO: Product #137657 (101)
[2026-02-03 12:38:12] [DEBUG]    🔍 Product #137658 (10100000106): hash_guardado=None
[2026-02-03 12:38:12] [INFO]   ✨ NUEVO: Product #137658 (10100000106)
[2026-02-03 12:38:12] [DEBUG]    🔍 Product #137659 (10100000203): hash_guardado=None
[2026-02-03 12:38:12] [INFO]   ✨ NUEVO: Product #137659 (10100000203)
[2026-02-03 12:38:12] [DEBUG]    🔍 Product #137660 (102): hash_guardado=None
[2026-02-03 12:38:12] [INFO]   ✨ NUEVO: Product #137660 (102)
[2026-02-03 12:38:12] [DEBUG]    🔍 Product #137661 (103): hash_guardado=None
[2026-02-03 12:38:12] [INFO]   ✨ NUEVO: Product #137661 (103)
[2026-02-03 12:38:12] [DEBUG]    🔍 Product #137662 (104): hash_guardado=None
[2026-02-03 12:38:12] [INFO]   ✨ NUEVO: Product #137662 (104)
[2026-02-03 12:38:12] [DEBUG]    🔍 Product #137663 (105): hash_guardado=None
[2026-02-03 12:38:12] [INFO]   ✨ NUEVO: Product #137663 (105)
[2026-02-03 12:38:12] [DEBUG]    🔍 Product #137664 (106): hash_guardado=None
[2026-02-03 12:38:12] [INFO]   ✨ NUEVO: Product #137664 (106)
[2026-02-03 12:38:12] [DEBUG]    🔍 Product #137665 (107): hash_guardado=None
[2026-02-03 12:38:12] [INFO]   ✨ NUEVO: Product #137665 (107)
[2026-02-03 12:38:12] [DEBUG]    🔍 Product #137666 (108): hash_guardado=None
[2026-02-03 12:38:12] [INFO]   ✨ NUEVO: Product #137666 (108)
[2026-02-03 12:38:12] [DEBUG]    🔍 Product #137667 (109): hash_guardado=None
[2026-02-03 12:38:12] [INFO]   ✨ NUEVO: Product #137667 (109)
[2026-02-03 12:38:12] [DEBUG]    🔍 Product #137668 (110): hash_guardado=None
[2026-02-03 12:38:12] [INFO]   ✨ NUEVO: Product #137668 (110)
[2026-02-03 12:38:12] [DEBUG]    🔍 Product #137669 (111): hash_guardado=None
[2026-02-03 12:38:12] [INFO]   ✨ NUEVO: Product #137669 (111)
[2026-02-03 12:38:12] [DEBUG]    🔍 Product #137671 (113): hash_guardado=None
[2026-02-03 12:38:12] [INFO]   ✨ NUEVO: Product #137671 (113)
[2026-02-03 12:38:12] [DEBUG]    🔍 Product #137672 (114): hash_guardado=None
[2026-02-03 12:38:12] [INFO]   ✨ NUEVO: Product #137672 (114)
[2026-02-03 12:38:12] [DEBUG]    🔍 Product #137673 (115): hash_guardado=None
[2026-02-03 12:38:12] [INFO]   ✨ NUEVO: Product #137673 (115)
[2026-02-03 12:38:12] [DEBUG]    🔍 Product #137677 (119): hash_guardado=None
[2026-02-03 12:38:12] [INFO]   ✨ NUEVO: Product #137677 (119)
[2026-02-03 12:38:12] [DEBUG]    🔍 Product #137679 (16042002): hash_guardado=None
[2026-02-03 12:38:12] [INFO]   ✨ NUEVO: Product #137679 (16042002)
[2026-02-03 12:38:12] [DEBUG]    🔍 Product #137681 (1666141661112): hash_guardado=None
[2026-02-03 12:38:12] [INFO]   ✨ NUEVO: Product #137681 (1666141661112)
[2026-02-03 12:38:12] [DEBUG]    🔍 Product #137682 (194252151037): hash_guardado=None
[2026-02-03 12:38:12] [INFO]   ✨ NUEVO: Product #137682 (194252151037)
[2026-02-03 12:38:12] [DEBUG]    🔍 Product #137683 (194850587290): hash_guardado=None
[2026-02-03 12:38:12] [INFO]   ✨ NUEVO: Product #137683 (194850587290)
[2026-02-03 12:38:12] [DEBUG]    🔍 Product #137684 (2001800043000): hash_guardado=None
[2026-02-03 12:38:12] [INFO]   ✨ NUEVO: Product #137684 (2001800043000)
[2026-02-03 12:38:12] [DEBUG]    🔍 Product #137685 (2064U): hash_guardado=None
[2026-02-03 12:38:12] [INFO]   ✨ NUEVO: Product #137685 (2064U)
[2026-02-03 12:38:12] [DEBUG]    🔍 Product #137686 (2190PAM1): hash_guardado=None
[2026-02-03 12:38:12] [INFO]   ✨ NUEVO: Product #137686 (2190PAM1)
[2026-02-03 12:38:12] [DEBUG]    🔍 Product #137687 (2467574075480): hash_guardado=None
[2026-02-03 12:38:12] [INFO]   ✨ NUEVO: Product #137687 (2467574075480)
[2026-02-03 12:38:12] [DEBUG]    🔍 Product #137688 (3303201707318): hash_guardado=None
[2026-02-03 12:38:12] [INFO]   ✨ NUEVO: Product #137688 (3303201707318)
[2026-02-03 12:38:12] [DEBUG]    🔍 Product #137690 (41250.51): hash_guardado=None
[2026-02-03 12:38:12] [INFO]   ✨ NUEVO: Product #137690 (41250.51)
[2026-02-03 12:38:12] [DEBUG]    🔍 Product #137691 (4443436520173): hash_guardado=None
[2026-02-03 12:38:12] [INFO]   ✨ NUEVO: Product #137691 (4443436520173)
[2026-02-03 12:38:12] [DEBUG]    🔍 Product #137692 (4650125480155): hash_guardado=None
[2026-02-03 12:38:12] [INFO]   ✨ NUEVO: Product #137692 (4650125480155)
[2026-02-03 12:38:12] [DEBUG]    🔍 Product #137693 (4712927861874): hash_guardado=None
[2026-02-03 12:38:12] [INFO]   ✨ NUEVO: Product #137693 (4712927861874)
[2026-02-03 12:38:12] [DEBUG]    🔍 Product #137694 (47661800763561): hash_guardado=None
[2026-02-03 12:38:12] [INFO]   ✨ NUEVO: Product #137694 (47661800763561)
[2026-02-03 12:38:12] [DEBUG]    🔍 Product #137695 (4786234500641): hash_guardado=None
[2026-02-03 12:38:12] [INFO]   ✨ NUEVO: Product #137695 (4786234500641)
[2026-02-03 12:38:12] [DEBUG]    🔍 Product #137696 (4786234500658): hash_guardado=None
[2026-02-03 12:38:12] [INFO]   ✨ NUEVO: Product #137696 (4786234500658)
[2026-02-03 12:38:12] [DEBUG]    🔍 Product #137698 (4891199136313): hash_guardado=None
[2026-02-03 12:38:12] [INFO]   ✨ NUEVO: Product #137698 (4891199136313)
[2026-02-03 12:38:12] [DEBUG]    🔍 Product #137699 (4891199145773): hash_guardado=None
[2026-02-03 12:38:12] [INFO]   ✨ NUEVO: Product #137699 (4891199145773)
[2026-02-03 12:38:12] [DEBUG]    🔍 Product #137701 (5469840256681): hash_guardado=None
[2026-02-03 12:38:12] [INFO]   ✨ NUEVO: Product #137701 (5469840256681)
[2026-02-03 12:38:12] [DEBUG]    🔍 Product #137703 (569): hash_guardado=None
[2026-02-03 12:38:12] [INFO]   ✨ NUEVO: Product #137703 (569)
[2026-02-03 12:38:12] [DEBUG]    🔍 Product #137704 (57X38 MM): hash_guardado=None
[2026-02-03 12:38:12] [INFO]   ✨ NUEVO: Product #137704 (57X38 MM)
[2026-02-03 12:38:12] [DEBUG]    🔍 Product #137705 (5-A): hash_guardado=None
[2026-02-03 12:38:12] [INFO]   ✨ NUEVO: Product #137705 (5-A)
[2026-02-03 12:38:12] [DEBUG]    🔍 Product #137706 (6085010044712): hash_guardado=None
[2026-02-03 12:38:12] [INFO]   ✨ NUEVO: Product #137706 (6085010044712)
[2026-02-03 12:38:12] [DEBUG]    🔍 Product #137707 (6085010094182): hash_guardado=None
[2026-02-03 12:38:12] [INFO]   ✨ NUEVO: Product #137707 (6085010094182)
[2026-02-03 12:38:12] [DEBUG]    🔍 Product #137708 (6290171002338): hash_guardado=None
[2026-02-03 12:38:12] [INFO]   ✨ NUEVO: Product #137708 (6290171002338)
[2026-02-03 12:38:12] [DEBUG]    🔍 Product #137709 (6290171072591): hash_guardado=None
[2026-02-03 12:38:12] [INFO]   ✨ NUEVO: Product #137709 (6290171072591)
[2026-02-03 12:38:12] [DEBUG]    🔍 Product #137710 (6290171072836): hash_guardado=None
[2026-02-03 12:38:12] [INFO]   ✨ NUEVO: Product #137710 (6290171072836)
[2026-02-03 12:38:12] [DEBUG]    🔍 Product #137711 (6291100137565): hash_guardado=None
[2026-02-03 12:38:12] [INFO]   ✨ NUEVO: Product #137711 (6291100137565)
[2026-02-03 12:38:12] [DEBUG]    🔍 Product #137712 (6291108730317): hash_guardado=None
[2026-02-03 12:38:12] [INFO]   ✨ NUEVO: Product #137712 (6291108730317)
[2026-02-03 12:38:12] [DEBUG]    🔍 Product #137713 (6291108730515): hash_guardado=None
[2026-02-03 12:38:12] [INFO]   ✨ NUEVO: Product #137713 (6291108730515)
[2026-02-03 12:38:12] [DEBUG]    🔍 Product #137714 (6291108733486): hash_guardado=None
[2026-02-03 12:38:12] [INFO]   ✨ NUEVO: Product #137714 (6291108733486)
[2026-02-03 12:38:12] [DEBUG]    🔍 Product #137715 (6291108735879): hash_guardado=None
[2026-02-03 12:38:12] [INFO]   ✨ NUEVO: Product #137715 (6291108735879)
[2026-02-03 12:38:12] [DEBUG]    🔍 Product #137716 (6294015102260): hash_guardado=None
[2026-02-03 12:38:12] [INFO]   ✨ NUEVO: Product #137716 (6294015102260)
[2026-02-03 12:38:12] [DEBUG]    🔍 Product #137717 (6294015136470): hash_guardado=None
[2026-02-03 12:38:12] [INFO]   ✨ NUEVO: Product #137717 (6294015136470)
[2026-02-03 12:38:12] [DEBUG]    🔍 Product #137718 (6294015149371): hash_guardado=None
[2026-02-03 12:38:12] [INFO]   ✨ NUEVO: Product #137718 (6294015149371)
[2026-02-03 12:38:12] [DEBUG]    🔍 Product #137719 (6294015160734): hash_guardado=None
[2026-02-03 12:38:12] [INFO]   ✨ NUEVO: Product #137719 (6294015160734)
[2026-02-03 12:38:12] [DEBUG]    🔍 Product #137720 (6294015164176): hash_guardado=None
[2026-02-03 12:38:12] [INFO]   ✨ NUEVO: Product #137720 (6294015164176)
[2026-02-03 12:38:12] [DEBUG]    🔍 Product #137722 (6833158749552): hash_guardado=None
[2026-02-03 12:38:12] [INFO]   ✨ NUEVO: Product #137722 (6833158749552)
[2026-02-03 12:38:12] [DEBUG]    🔍 Product #137724 (6901826888138): hash_guardado=None
[2026-02-03 12:38:12] [INFO]   ✨ NUEVO: Product #137724 (6901826888138)
[2026-02-03 12:38:12] [DEBUG]    🔍 Product #137725 (6902130638242): hash_guardado=None
[2026-02-03 12:38:12] [INFO]   ✨ NUEVO: Product #137725 (6902130638242)
[2026-02-03 12:38:12] [DEBUG]    🔍 Product #137727 (6931905006139): hash_guardado=None
[2026-02-03 12:38:12] [INFO]   ✨ NUEVO: Product #137727 (6931905006139)
[2026-02-03 12:38:12] [DEBUG]    🔍 Product #137728 (6932746800030): hash_guardado=None
[2026-02-03 12:38:12] [INFO]   ✨ NUEVO: Product #137728 (6932746800030)
[2026-02-03 12:38:12] [DEBUG]    🔍 Product #137729 (6935364089634): hash_guardado=None
[2026-02-03 12:38:12] [INFO]   ✨ NUEVO: Product #137729 (6935364089634)
[2026-02-03 12:38:12] [DEBUG]    🔍 Product #137730 (6935364095635): hash_guardado=None
[2026-02-03 12:38:12] [INFO]   ✨ NUEVO: Product #137730 (6935364095635)
[2026-02-03 12:38:12] [DEBUG]    🔍 Product #137731 (6935482287691): hash_guardado=None
[2026-02-03 12:38:12] [INFO]   ✨ NUEVO: Product #137731 (6935482287691)
[2026-02-03 12:38:12] [DEBUG]    🔍 Product #137732 (6936648520454): hash_guardado=None
[2026-02-03 12:38:12] [INFO]   ✨ NUEVO: Product #137732 (6936648520454)
[2026-02-03 12:38:12] [DEBUG]    🔍 Product #137733 (6937544301406): hash_guardado=None
[2026-02-03 12:38:12] [INFO]   ✨ NUEVO: Product #137733 (6937544301406)
[2026-02-03 12:38:12] [DEBUG]    🔍 Product #137734 (6937544370297): hash_guardado=None
[2026-02-03 12:38:12] [INFO]   ✨ NUEVO: Product #137734 (6937544370297)
[2026-02-03 12:38:12] [DEBUG]    🔍 Product #137735 (6938408021270): hash_guardado=None
[2026-02-03 12:38:12] [INFO]   ✨ NUEVO: Product #137735 (6938408021270)
[2026-02-03 12:38:12] [DEBUG]    🔍 Product #137736 (6940975926506): hash_guardado=None
[2026-02-03 12:38:12] [INFO]   ✨ NUEVO: Product #137736 (6940975926506)
[2026-02-03 12:38:12] [DEBUG]    🔍 Product #137738 (6942063600022): hash_guardado=None
[2026-02-03 12:38:12] [INFO]   ✨ NUEVO: Product #137738 (6942063600022)
[2026-02-03 12:38:12] [DEBUG]    🔍 Product #137739 (6948391225111): hash_guardado=None
[2026-02-03 12:38:12] [INFO]   ✨ NUEVO: Product #137739 (6948391225111)
[2026-02-03 12:38:12] [DEBUG]    🔍 Product #137740 (6948447510406): hash_guardado=None
[2026-02-03 12:38:12] [INFO]   ✨ NUEVO: Product #137740 (6948447510406)
[2026-02-03 12:38:12] [DEBUG]    🔍 Product #137741 (6952879101033): hash_guardado=None
[2026-02-03 12:38:12] [INFO]   ✨ NUEVO: Product #137741 (6952879101033)
[2026-02-03 12:38:12] [DEBUG]    🔍 Product #137742 (6954300622285): hash_guardado=None
[2026-02-03 12:38:12] [INFO]   ✨ NUEVO: Product #137742 (6954300622285)
[2026-02-03 12:38:12] [DEBUG]    🔍 Product #137743 (6954300625989): hash_guardado=None
[2026-02-03 12:38:12] [INFO]   ✨ NUEVO: Product #137743 (6954300625989)
[2026-02-03 12:38:12] [DEBUG]    🔍 Product #137744 (6954300626245): hash_guardado=None
[2026-02-03 12:38:12] [INFO]   ✨ NUEVO: Product #137744 (6954300626245)
[2026-02-03 12:38:12] [DEBUG]    🔍 Product #137745 (6954300636572): hash_guardado=None
[2026-02-03 12:38:12] [INFO]   ✨ NUEVO: Product #137745 (6954300636572)
[2026-02-03 12:38:12] [DEBUG]    🔍 Product #137746 (6954300685921): hash_guardado=None
[2026-02-03 12:38:12] [INFO]   ✨ NUEVO: Product #137746 (6954300685921)
[2026-02-03 12:38:12] [DEBUG]    🔍 Product #137747 (6954300698860): hash_guardado=None
[2026-02-03 12:38:12] [INFO]   ✨ NUEVO: Product #137747 (6954300698860)
[2026-02-03 12:38:12] [DEBUG]    🔍 Product #137748 (6955331816124): hash_guardado=None
[2026-02-03 12:38:12] [INFO]   ✨ NUEVO: Product #137748 (6955331816124)
[2026-02-03 12:38:12] [DEBUG]    🔍 Product #137749 (6959984401041): hash_guardado=None
[2026-02-03 12:38:12] [INFO]   ✨ NUEVO: Product #137749 (6959984401041)
[2026-02-03 12:38:12] [DEBUG]    🔍 Product #137750 (6960770170287): hash_guardado=None
[2026-02-03 12:38:12] [INFO]   ✨ NUEVO: Product #137750 (6960770170287)
[2026-02-03 12:38:12] [DEBUG]    🔍 Product #137752 (6970466900395): hash_guardado=None
[2026-02-03 12:38:12] [INFO]   ✨ NUEVO: Product #137752 (6970466900395)
[2026-02-03 12:38:12] [DEBUG]    🔍 Product #137754 (6971192051948): hash_guardado=None
[2026-02-03 12:38:12] [INFO]   ✨ NUEVO: Product #137754 (6971192051948)
[2026-02-03 12:38:12] [DEBUG]    🔍 Product #137755 (6971192051993): hash_guardado=None
[2026-02-03 12:38:12] [INFO]   ✨ NUEVO: Product #137755 (6971192051993)
[2026-02-03 12:38:12] [DEBUG]    🔍 Product #137756 (6971399289939): hash_guardado=None
[2026-02-03 12:38:12] [INFO]   ✨ NUEVO: Product #137756 (6971399289939)
[2026-02-03 12:38:12] [DEBUG]    🔍 Product #137757 (6971542158273): hash_guardado=None
[2026-02-03 12:38:12] [INFO]   ✨ NUEVO: Product #137757 (6971542158273)
[2026-02-03 12:38:12] [DEBUG]    🔍 Product #137758 (6975391430207): hash_guardado=None
[2026-02-03 12:38:12] [INFO]   ✨ NUEVO: Product #137758 (6975391430207)
[2026-02-03 12:38:12] [DEBUG]    🔍 Product #137759 (6976367601676): hash_guardado=None
[2026-02-03 12:38:12] [INFO]   ✨ NUEVO: Product #137759 (6976367601676)
[2026-02-03 12:38:12] [DEBUG]    🔍 Product #137760 (6986283615695): hash_guardado=None
[2026-02-03 12:38:12] [INFO]   ✨ NUEVO: Product #137760 (6986283615695)
[2026-02-03 12:38:12] [DEBUG]    🔍 Product #137761 (6988822375350): hash_guardado=None
[2026-02-03 12:38:12] [INFO]   ✨ NUEVO: Product #137761 (6988822375350)
[2026-02-03 12:38:12] [DEBUG]    🔍 Product #137762 (6989652360011): hash_guardado=None
[2026-02-03 12:38:12] [INFO]   ✨ NUEVO: Product #137762 (6989652360011)
[2026-02-03 12:38:12] [DEBUG]    🔍 Product #137763 (6992019802208): hash_guardado=None
[2026-02-03 12:38:12] [INFO]   ✨ NUEVO: Product #137763 (6992019802208)
[2026-02-03 12:38:12] [DEBUG]    🔍 Product #137764 (6999881512181): hash_guardado=None
[2026-02-03 12:38:12] [INFO]   ✨ NUEVO: Product #137764 (6999881512181)
[2026-02-03 12:38:12] [DEBUG]    🔍 Product #137765 (710497705592): hash_guardado=None
[2026-02-03 12:38:12] [INFO]   ✨ NUEVO: Product #137765 (710497705592)
[2026-02-03 12:38:12] [DEBUG]    🔍 Product #137766 (710497705608): hash_guardado=None
[2026-02-03 12:38:12] [INFO]   ✨ NUEVO: Product #137766 (710497705608)
[2026-02-03 12:38:12] [DEBUG]    🔍 Product #137767 (710497971362): hash_guardado=None
[2026-02-03 12:38:12] [INFO]   ✨ NUEVO: Product #137767 (710497971362)
[2026-02-03 12:38:12] [DEBUG]    🔍 Product #137768 (713757145015): hash_guardado=None
[2026-02-03 12:38:12] [INFO]   ✨ NUEVO: Product #137768 (713757145015)
[2026-02-03 12:38:12] [DEBUG]    🔍 Product #137769 (713757150118): hash_guardado=None
[2026-02-03 12:38:12] [INFO]   ✨ NUEVO: Product #137769 (713757150118)
[2026-02-03 12:38:12] [DEBUG]    🔍 Product #137770 (719346065405): hash_guardado=None
[2026-02-03 12:38:12] [INFO]   ✨ NUEVO: Product #137770 (719346065405)
[2026-02-03 12:38:12] [DEBUG]    🔍 Product #137771 (720171614218): hash_guardado=None
[2026-02-03 12:38:12] [INFO]   ✨ NUEVO: Product #137771 (720171614218)
[2026-02-03 12:38:12] [DEBUG]    🔍 Product #137772 (720171614577): hash_guardado=None
[2026-02-03 12:38:12] [INFO]   ✨ NUEVO: Product #137772 (720171614577)
[2026-02-03 12:38:12] [DEBUG]    🔍 Product #137773 (720171615529): hash_guardado=None
[2026-02-03 12:38:12] [INFO]   ✨ NUEVO: Product #137773 (720171615529)
[2026-02-03 12:38:12] [DEBUG]    🔍 Product #137774 (720171616373): hash_guardado=None
[2026-02-03 12:38:12] [INFO]   ✨ NUEVO: Product #137774 (720171616373)
[2026-02-03 12:38:12] [DEBUG]    🔍 Product #137776 (723868935856): hash_guardado=None
[2026-02-03 12:38:12] [INFO]   ✨ NUEVO: Product #137776 (723868935856)
[2026-02-03 12:38:12] [DEBUG]    🔍 Product #137779 (740617263442): hash_guardado=None
[2026-02-03 12:38:12] [INFO]   ✨ NUEVO: Product #137779 (740617263442)
[2026-02-03 12:38:12] [DEBUG]    🔍 Product #137780 (740617309720): hash_guardado=None
[2026-02-03 12:38:12] [INFO]   ✨ NUEVO: Product #137780 (740617309720)
[2026-02-03 12:38:12] [DEBUG]    🔍 Product #137781 (740617309829): hash_guardado=None
[2026-02-03 12:38:12] [INFO]   ✨ NUEVO: Product #137781 (740617309829)
[2026-02-03 12:38:12] [DEBUG]    🔍 Product #137782 (740617309928): hash_guardado=None
[2026-02-03 12:38:12] [INFO]   ✨ NUEVO: Product #137782 (740617309928)
[2026-02-03 12:38:12] [DEBUG]    🔍 Product #137783 (7453010000950): hash_guardado=None
[2026-02-03 12:38:12] [INFO]   ✨ NUEVO: Product #137783 (7453010000950)
[2026-02-03 12:38:12] [DEBUG]    🔍 Product #137784 (7453010005757): hash_guardado=None
[2026-02-03 12:38:12] [INFO]   ✨ NUEVO: Product #137784 (7453010005757)
[2026-02-03 12:38:12] [DEBUG]    🔍 Product #137785 (7453010010089): hash_guardado=None
[2026-02-03 12:38:12] [INFO]   ✨ NUEVO: Product #137785 (7453010010089)
[2026-02-03 12:38:12] [DEBUG]    🔍 Product #137786 (7453010047818): hash_guardado=None
[2026-02-03 12:38:12] [INFO]   ✨ NUEVO: Product #137786 (7453010047818)
[2026-02-03 12:38:12] [DEBUG]    🔍 Product #137787 (7453010064600): hash_guardado=None
[2026-02-03 12:38:12] [INFO]   ✨ NUEVO: Product #137787 (7453010064600)
[2026-02-03 12:38:12] [DEBUG]    🔍 Product #137788 (7453010082727): hash_guardado=None
[2026-02-03 12:38:12] [INFO]   ✨ NUEVO: Product #137788 (7453010082727)
[2026-02-03 12:38:12] [DEBUG]    🔍 Product #137789 (7453010083656): hash_guardado=None
[2026-02-03 12:38:12] [INFO]   ✨ NUEVO: Product #137789 (7453010083656)
[2026-02-03 12:38:12] [DEBUG]    🔍 Product #137790 (7453015107371): hash_guardado=None
[2026-02-03 12:38:12] [INFO]   ✨ NUEVO: Product #137790 (7453015107371)
[2026-02-03 12:38:12] [DEBUG]    🔍 Product #137791 (7453015108293): hash_guardado=None
[2026-02-03 12:38:12] [INFO]   ✨ NUEVO: Product #137791 (7453015108293)
[2026-02-03 12:38:12] [DEBUG]    🔍 Product #137792 (7453015110562): hash_guardado=None
[2026-02-03 12:38:12] [INFO]   ✨ NUEVO: Product #137792 (7453015110562)
[2026-02-03 12:38:12] [DEBUG]    🔍 Product #137793 (7453015111996): hash_guardado=None
[2026-02-03 12:38:12] [INFO]   ✨ NUEVO: Product #137793 (7453015111996)
[2026-02-03 12:38:12] [DEBUG]    🔍 Product #137794 (7453015117103): hash_guardado=None
[2026-02-03 12:38:12] [INFO]   ✨ NUEVO: Product #137794 (7453015117103)
[2026-02-03 12:38:12] [DEBUG]    🔍 Product #137795 (7453015117110): hash_guardado=None
[2026-02-03 12:38:12] [INFO]   ✨ NUEVO: Product #137795 (7453015117110)
[2026-02-03 12:38:12] [DEBUG]    🔍 Product #137796 (7453015117127): hash_guardado=None
[2026-02-03 12:38:12] [INFO]   ✨ NUEVO: Product #137796 (7453015117127)
[2026-02-03 12:38:12] [DEBUG]    🔍 Product #137798 (7453015129489): hash_guardado=None
[2026-02-03 12:38:12] [INFO]   ✨ NUEVO: Product #137798 (7453015129489)
[2026-02-03 12:38:12] [DEBUG]    🔍 Product #137799 (7453015145809): hash_guardado=None
[2026-02-03 12:38:12] [INFO]   ✨ NUEVO: Product #137799 (7453015145809)
[2026-02-03 12:38:12] [DEBUG]    🔍 Product #137800 (7453038406413): hash_guardado=None
[2026-02-03 12:38:12] [INFO]   ✨ NUEVO: Product #137800 (7453038406413)
[2026-02-03 12:38:12] [DEBUG]    🔍 Product #137802 (7453038417976): hash_guardado=None
[2026-02-03 12:38:12] [INFO]   ✨ NUEVO: Product #137802 (7453038417976)
[2026-02-03 12:38:12] [DEBUG]    🔍 Product #137803 (7453038433075): hash_guardado=None
[2026-02-03 12:38:12] [INFO]   ✨ NUEVO: Product #137803 (7453038433075)
[2026-02-03 12:38:12] [DEBUG]    🔍 Product #137804 (7453038433181): hash_guardado=None
[2026-02-03 12:38:12] [INFO]   ✨ NUEVO: Product #137804 (7453038433181)
[2026-02-03 12:38:12] [DEBUG]    🔍 Product #137805 (7453038436915): hash_guardado=None
[2026-02-03 12:38:12] [INFO]   ✨ NUEVO: Product #137805 (7453038436915)
[2026-02-03 12:38:12] [DEBUG]    🔍 Product #137806 (7453038443937): hash_guardado=None
[2026-02-03 12:38:12] [INFO]   ✨ NUEVO: Product #137806 (7453038443937)
[2026-02-03 12:38:12] [DEBUG]    🔍 Product #137807 (7453038448291): hash_guardado=None
[2026-02-03 12:38:12] [INFO]   ✨ NUEVO: Product #137807 (7453038448291)
[2026-02-03 12:38:12] [DEBUG]    🔍 Product #137808 (7453038455961): hash_guardado=None
[2026-02-03 12:38:12] [INFO]   ✨ NUEVO: Product #137808 (7453038455961)
[2026-02-03 12:38:12] [DEBUG]    🔍 Product #137809 (7453038470971): hash_guardado=None
[2026-02-03 12:38:12] [INFO]   ✨ NUEVO: Product #137809 (7453038470971)
[2026-02-03 12:38:12] [DEBUG]    🔍 Product #137810 (7453038486026): hash_guardado=None
[2026-02-03 12:38:12] [INFO]   ✨ NUEVO: Product #137810 (7453038486026)
[2026-02-03 12:38:12] [DEBUG]    🔍 Product #137811 (7453078501925): hash_guardado=None
[2026-02-03 12:38:12] [INFO]   ✨ NUEVO: Product #137811 (7453078501925)
[2026-02-03 12:38:12] [DEBUG]    🔍 Product #137812 (7453078528021): hash_guardado=None
[2026-02-03 12:38:12] [INFO]   ✨ NUEVO: Product #137812 (7453078528021)
[2026-02-03 12:38:12] [DEBUG]    🔍 Product #137813 (7453078547626): hash_guardado=None
[2026-02-03 12:38:12] [INFO]   ✨ NUEVO: Product #137813 (7453078547626)
[2026-02-03 12:38:12] [DEBUG]    🔍 Product #137814 (7453078547732): hash_guardado=None
[2026-02-03 12:38:12] [INFO]   ✨ NUEVO: Product #137814 (7453078547732)
[2026-02-03 12:38:12] [DEBUG]    🔍 Product #137815 (7453091307061): hash_guardado=None
[2026-02-03 12:38:12] [INFO]   ✨ NUEVO: Product #137815 (7453091307061)
[2026-02-03 12:38:12] [DEBUG]    🔍 Product #137816 (7501037022476): hash_guardado=None
[2026-02-03 12:38:12] [INFO]   ✨ NUEVO: Product #137816 (7501037022476)
[2026-02-03 12:38:12] [DEBUG]    🔍 Product #137819 (7591147022589): hash_guardado=None
[2026-02-03 12:38:12] [INFO]   ✨ NUEVO: Product #137819 (7591147022589)
[2026-02-03 12:38:12] [DEBUG]    🔍 Product #137820 (7591147360025): hash_guardado=None
[2026-02-03 12:38:12] [INFO]   ✨ NUEVO: Product #137820 (7591147360025)
[2026-02-03 12:38:12] [DEBUG]    🔍 Product #137821 (7591163327163): hash_guardado=None
[2026-02-03 12:38:12] [INFO]   ✨ NUEVO: Product #137821 (7591163327163)
[2026-02-03 12:38:12] [DEBUG]    🔍 Product #137822 (7591163327187): hash_guardado=None
[2026-02-03 12:38:12] [INFO]   ✨ NUEVO: Product #137822 (7591163327187)
[2026-02-03 12:38:12] [DEBUG]    🔍 Product #137823 (7592474240028): hash_guardado=None
[2026-02-03 12:38:12] [INFO]   ✨ NUEVO: Product #137823 (7592474240028)
[2026-02-03 12:38:12] [DEBUG]    🔍 Product #137824 (7594003390013): hash_guardado=None
[2026-02-03 12:38:12] [INFO]   ✨ NUEVO: Product #137824 (7594003390013)
[2026-02-03 12:38:12] [DEBUG]    🔍 Product #137825 (7595218000384): hash_guardado=None
[2026-02-03 12:38:12] [INFO]   ✨ NUEVO: Product #137825 (7595218000384)
[2026-02-03 12:38:12] [DEBUG]    🔍 Product #137826 (7597024102207): hash_guardado=None
[2026-02-03 12:38:12] [INFO]   ✨ NUEVO: Product #137826 (7597024102207)
[2026-02-03 12:38:12] [DEBUG]    🔍 Product #137827 (7598874011633): hash_guardado=None
[2026-02-03 12:38:12] [INFO]   ✨ NUEVO: Product #137827 (7598874011633)
[2026-02-03 12:38:12] [DEBUG]    🔍 Product #137828 (7611160127570): hash_guardado=None
[2026-02-03 12:38:12] [INFO]   ✨ NUEVO: Product #137828 (7611160127570)
[2026-02-03 12:38:12] [DEBUG]    🔍 Product #137829 (7640496670160): hash_guardado=None
[2026-02-03 12:38:12] [INFO]   ✨ NUEVO: Product #137829 (7640496670160)
[2026-02-03 12:38:12] [DEBUG]    🔍 Product #137832 (7750082006140): hash_guardado=None
[2026-02-03 12:38:12] [INFO]   ✨ NUEVO: Product #137832 (7750082006140)
[2026-02-03 12:38:12] [DEBUG]    🔍 Product #137834 (779778980608): hash_guardado=None
[2026-02-03 12:38:12] [INFO]   ✨ NUEVO: Product #137834 (779778980608)
[2026-02-03 12:38:12] [DEBUG]    🔍 Product #137835 (7822295316467): hash_guardado=None
[2026-02-03 12:38:12] [INFO]   ✨ NUEVO: Product #137835 (7822295316467)
[2026-02-03 12:38:12] [DEBUG]    🔍 Product #137836 (7851488574360): hash_guardado=None
[2026-02-03 12:38:12] [INFO]   ✨ NUEVO: Product #137836 (7851488574360)
[2026-02-03 12:38:12] [DEBUG]    🔍 Product #137838 (7891173019448): hash_guardado=None
[2026-02-03 12:38:12] [INFO]   ✨ NUEVO: Product #137838 (7891173019448)
[2026-02-03 12:38:12] [DEBUG]    🔍 Product #137839 (7891173024480): hash_guardado=None
[2026-02-03 12:38:12] [INFO]   ✨ NUEVO: Product #137839 (7891173024480)
[2026-02-03 12:38:12] [DEBUG]    🔍 Product #137841 (80X63 MM): hash_guardado=None
[2026-02-03 12:38:12] [INFO]   ✨ NUEVO: Product #137841 (80X63 MM)
[2026-02-03 12:38:12] [DEBUG]    🔍 Product #137842 (80X80MM): hash_guardado=None
[2026-02-03 12:38:12] [INFO]   ✨ NUEVO: Product #137842 (80X80MM)
[2026-02-03 12:38:12] [DEBUG]    🔍 Product #137843 (8411061701034): hash_guardado=None
[2026-02-03 12:38:12] [INFO]   ✨ NUEVO: Product #137843 (8411061701034)
[2026-02-03 12:38:12] [DEBUG]    🔍 Product #137844 (8435450003714): hash_guardado=None
[2026-02-03 12:38:12] [INFO]   ✨ NUEVO: Product #137844 (8435450003714)
[2026-02-03 12:38:12] [DEBUG]    🔍 Product #137845 (8435450003721): hash_guardado=None
[2026-02-03 12:38:12] [INFO]   ✨ NUEVO: Product #137845 (8435450003721)
[2026-02-03 12:38:12] [DEBUG]    🔍 Product #137846 (8554144454776): hash_guardado=None
[2026-02-03 12:38:12] [INFO]   ✨ NUEVO: Product #137846 (8554144454776)
[2026-02-03 12:38:12] [DEBUG]    🔍 Product #137848 (8806086511162): hash_guardado=None
[2026-02-03 12:38:12] [INFO]   ✨ NUEVO: Product #137848 (8806086511162)
[2026-02-03 12:38:12] [DEBUG]    🔍 Product #137849 (8965347986528): hash_guardado=None
[2026-02-03 12:38:12] [INFO]   ✨ NUEVO: Product #137849 (8965347986528)
[2026-02-03 12:38:12] [DEBUG]    🔍 Product #137850 (9023800122025): hash_guardado=None
[2026-02-03 12:38:12] [INFO]   ✨ NUEVO: Product #137850 (9023800122025)
[2026-02-03 12:38:12] [DEBUG]    🔍 Product #137855 (9023800933126): hash_guardado=None
[2026-02-03 12:38:12] [INFO]   ✨ NUEVO: Product #137855 (9023800933126)
[2026-02-03 12:38:12] [DEBUG]    🔍 Product #137857 (909101811302): hash_guardado=None
[2026-02-03 12:38:12] [INFO]   ✨ NUEVO: Product #137857 (909101811302)
[2026-02-03 12:38:12] [DEBUG]    🔍 Product #137861 (9593340882067): hash_guardado=None
[2026-02-03 12:38:12] [INFO]   ✨ NUEVO: Product #137861 (9593340882067)
[2026-02-03 12:38:12] [DEBUG]    🔍 Product #137862 (9593340892059): hash_guardado=None
[2026-02-03 12:38:12] [INFO]   ✨ NUEVO: Product #137862 (9593340892059)
[2026-02-03 12:38:12] [DEBUG]    🔍 Product #137863 (9789806587106): hash_guardado=None
[2026-02-03 12:38:12] [INFO]   ✨ NUEVO: Product #137863 (9789806587106)
[2026-02-03 12:38:12] [DEBUG]    🔍 Product #137866 (AA): hash_guardado=None
[2026-02-03 12:38:12] [INFO]   ✨ NUEVO: Product #137866 (AA)
[2026-02-03 12:38:12] [DEBUG]    🔍 Product #137867 (AAA): hash_guardado=None
[2026-02-03 12:38:12] [INFO]   ✨ NUEVO: Product #137867 (AAA)
[2026-02-03 12:38:12] [DEBUG]    🔍 Product #137868 (ADAP HDMI VGA): hash_guardado=None
[2026-02-03 12:38:12] [INFO]   ✨ NUEVO: Product #137868 (ADAP HDMI VGA)
[2026-02-03 12:38:12] [DEBUG]    🔍 Product #137869 (ADAP HDMI VGA CON AUDIO): hash_guardado=None
[2026-02-03 12:38:12] [INFO]   ✨ NUEVO: Product #137869 (ADAP HDMI VGA CON AUDIO)
[2026-02-03 12:38:12] [DEBUG]    🔍 Product #137870 (ADAP-AUDIO-D08): hash_guardado=None
[2026-02-03 12:38:12] [INFO]   ✨ NUEVO: Product #137870 (ADAP-AUDIO-D08)
[2026-02-03 12:38:12] [DEBUG]    🔍 Product #137871 (ADAP-EUR2P): hash_guardado=None
[2026-02-03 12:38:12] [INFO]   ✨ NUEVO: Product #137871 (ADAP-EUR2P)
[2026-02-03 12:38:12] [DEBUG]    🔍 Product #137872 (ADAP-REDMI-8V): hash_guardado=None
[2026-02-03 12:38:12] [INFO]   ✨ NUEVO: Product #137872 (ADAP-REDMI-8V)
[2026-02-03 12:38:12] [DEBUG]    🔍 Product #137873 (ADAPTADOR EUROPA): hash_guardado=None
[2026-02-03 12:38:12] [INFO]   ✨ NUEVO: Product #137873 (ADAPTADOR EUROPA)
[2026-02-03 12:38:12] [DEBUG]    🔍 Product #137874 (ADAP-USB-SATA): hash_guardado=None
[2026-02-03 12:38:12] [INFO]   ✨ NUEVO: Product #137874 (ADAP-USB-SATA)
[2026-02-03 12:38:12] [DEBUG]    🔍 Product #137875 (AD-HDMI/VGA): hash_guardado=None
[2026-02-03 12:38:12] [INFO]   ✨ NUEVO: Product #137875 (AD-HDMI/VGA)
[2026-02-03 12:38:12] [DEBUG]    🔍 Product #137876 (AD-UH): hash_guardado=None
[2026-02-03 12:38:12] [INFO]   ✨ NUEVO: Product #137876 (AD-UH)
[2026-02-03 12:38:12] [DEBUG]    🔍 Product #137877 (AFILADOR): hash_guardado=None
[2026-02-03 12:38:12] [INFO]   ✨ NUEVO: Product #137877 (AFILADOR)
[2026-02-03 12:38:12] [DEBUG]    🔍 Product #137879 (AIRTAG): hash_guardado=None
[2026-02-03 12:38:12] [INFO]   ✨ NUEVO: Product #137879 (AIRTAG)
[2026-02-03 12:38:12] [DEBUG]    🔍 Product #137880 (AIRTAGFORRO): hash_guardado=None
[2026-02-03 12:38:12] [INFO]   ✨ NUEVO: Product #137880 (AIRTAGFORRO)
[2026-02-03 12:38:12] [DEBUG]    🔍 Product #137881 (AIRTAGLLAVERO): hash_guardado=None
[2026-02-03 12:38:12] [INFO]   ✨ NUEVO: Product #137881 (AIRTAGLLAVERO)
[2026-02-03 12:38:12] [DEBUG]    🔍 Product #137882 (ALCALDIA): hash_guardado=None
[2026-02-03 12:38:12] [INFO]   ✨ NUEVO: Product #137882 (ALCALDIA)
[2026-02-03 12:38:12] [DEBUG]    🔍 Product #137885 (ALQ-01): hash_guardado=None
[2026-02-03 12:38:12] [INFO]   ✨ NUEVO: Product #137885 (ALQ-01)
[2026-02-03 12:38:12] [DEBUG]    🔍 Product #137892 (ARO LUZ CELULAR D66): hash_guardado=None
[2026-02-03 12:38:12] [INFO]   ✨ NUEVO: Product #137892 (ARO LUZ CELULAR D66)
[2026-02-03 12:38:12] [DEBUG]    🔍 Product #137893 (ARO LUZ LED 8 PULGADAS): hash_guardado=None
[2026-02-03 12:38:12] [INFO]   ✨ NUEVO: Product #137893 (ARO LUZ LED 8 PULGADAS)
[2026-02-03 12:38:12] [DEBUG]    🔍 Product #137894 (AUDIFONO AIRPODS IPHONE): hash_guardado=None
[2026-02-03 12:38:12] [INFO]   ✨ NUEVO: Product #137894 (AUDIFONO AIRPODS IPHONE)
[2026-02-03 12:38:12] [DEBUG]    🔍 Product #137895 (AUDIFONO CAT): hash_guardado=None
[2026-02-03 12:38:12] [INFO]   ✨ NUEVO: Product #137895 (AUDIFONO CAT)
[2026-02-03 12:38:12] [DEBUG]    🔍 Product #137896 (AUDIFONO STN-13): hash_guardado=None
[2026-02-03 12:38:12] [INFO]   ✨ NUEVO: Product #137896 (AUDIFONO STN-13)
[2026-02-03 12:38:12] [DEBUG]    🔍 Product #137898 (AUDIO-PLUG): hash_guardado=None
[2026-02-03 12:38:12] [INFO]   ✨ NUEVO: Product #137898 (AUDIO-PLUG)
[2026-02-03 12:38:12] [DEBUG]    🔍 Product #137901 (B091GR8KM6): hash_guardado=None
[2026-02-03 12:38:12] [INFO]   ✨ NUEVO: Product #137901 (B091GR8KM6)
[2026-02-03 12:38:12] [DEBUG]    🔍 Product #137902 (B27-S-BTV): hash_guardado=None
[2026-02-03 12:38:12] [INFO]   ✨ NUEVO: Product #137902 (B27-S-BTV)
[2026-02-03 12:38:12] [DEBUG]    🔍 Product #137903 (BAL-DIGITALB2090): hash_guardado=None
[2026-02-03 12:38:12] [INFO]   ✨ NUEVO: Product #137903 (BAL-DIGITALB2090)
[2026-02-03 12:38:12] [DEBUG]    🔍 Product #137906 (BASE PARA TABLET STENTS): hash_guardado=None
[2026-02-03 12:38:12] [INFO]   ✨ NUEVO: Product #137906 (BASE PARA TABLET STENTS)
[2026-02-03 12:38:12] [DEBUG]    🔍 Product #137907 (BASE SOPORTE DE TELEFONO CELULAR 360°): hash_guardado=None
[2026-02-03 12:38:12] [INFO]   ✨ NUEVO: Product #137907 (BASE SOPORTE DE TELEFONO CELULAR 360°)
[2026-02-03 12:38:12] [DEBUG]    🔍 Product #137908 (BASE SOPORTE ESCRITORIO): hash_guardado=None
[2026-02-03 12:38:12] [INFO]   ✨ NUEVO: Product #137908 (BASE SOPORTE ESCRITORIO)
[2026-02-03 12:38:12] [DEBUG]    🔍 Product #137909 (BASE TV FIJA): hash_guardado=None
[2026-02-03 12:38:12] [INFO]   ✨ NUEVO: Product #137909 (BASE TV FIJA)
[2026-02-03 12:38:12] [DEBUG]    🔍 Product #137910 (BDPTCMR): hash_guardado=None
[2026-02-03 12:38:12] [INFO]   ✨ NUEVO: Product #137910 (BDPTCMR)
[2026-02-03 12:38:12] [DEBUG]    🔍 Product #137911 (BIKE HOLDER): hash_guardado=None
[2026-02-03 12:38:12] [INFO]   ✨ NUEVO: Product #137911 (BIKE HOLDER)
[2026-02-03 12:38:12] [DEBUG]    🔍 Product #137914 (BOLIGR-01): hash_guardado=None
[2026-02-03 12:38:12] [INFO]   ✨ NUEVO: Product #137914 (BOLIGR-01)
[2026-02-03 12:38:12] [DEBUG]    🔍 Product #137919 (BOLSO DE TELA HAMACA): hash_guardado=None
[2026-02-03 12:38:12] [INFO]   ✨ NUEVO: Product #137919 (BOLSO DE TELA HAMACA)
[2026-02-03 12:38:12] [DEBUG]    🔍 Product #137921 (BORRABLANCA): hash_guardado=None
[2026-02-03 12:38:12] [INFO]   ✨ NUEVO: Product #137921 (BORRABLANCA)
[2026-02-03 12:38:12] [DEBUG]    🔍 Product #137923 (BSXTDD): hash_guardado=None
[2026-02-03 12:38:12] [INFO]   ✨ NUEVO: Product #137923 (BSXTDD)
[2026-02-03 12:38:12] [DEBUG]    🔍 Product #137925 (C1): hash_guardado=None
[2026-02-03 12:38:12] [INFO]   ✨ NUEVO: Product #137925 (C1)
[2026-02-03 12:38:12] [DEBUG]    🔍 Product #137927 (CABLE HDMI BOLSA 3 METROS): hash_guardado=None
[2026-02-03 12:38:12] [INFO]   ✨ NUEVO: Product #137927 (CABLE HDMI BOLSA 3 METROS)
[2026-02-03 12:38:12] [DEBUG]    🔍 Product #137928 (CABLE HDMI BOLSA 5 METROS): hash_guardado=None
[2026-02-03 12:38:12] [INFO]   ✨ NUEVO: Product #137928 (CABLE HDMI BOLSA 5 METROS)
[2026-02-03 12:38:12] [DEBUG]    🔍 Product #137929 (CABLE IMPRESORA AZUL 1.5 M): hash_guardado=None
[2026-02-03 12:38:12] [INFO]   ✨ NUEVO: Product #137929 (CABLE IMPRESORA AZUL 1.5 M)
[2026-02-03 12:38:12] [DEBUG]    🔍 Product #137930 (CABLE IMPRESORA AZUL 3 M): hash_guardado=None
[2026-02-03 12:38:12] [INFO]   ✨ NUEVO: Product #137930 (CABLE IMPRESORA AZUL 3 M)
[2026-02-03 12:38:12] [DEBUG]    🔍 Product #137931 (CABLE IMPRESORA AZUL 5M): hash_guardado=None
[2026-02-03 12:38:12] [INFO]   ✨ NUEVO: Product #137931 (CABLE IMPRESORA AZUL 5M)
[2026-02-03 12:38:12] [DEBUG]    🔍 Product #137932 (CABLE PLUG A PLUG): hash_guardado=None
[2026-02-03 12:38:12] [INFO]   ✨ NUEVO: Product #137932 (CABLE PLUG A PLUG)
[2026-02-03 12:38:12] [DEBUG]    🔍 Product #137934 (CABLE TELA TIPO C): hash_guardado=None
[2026-02-03 12:38:12] [INFO]   ✨ NUEVO: Product #137934 (CABLE TELA TIPO C)
[2026-02-03 12:38:12] [DEBUG]    🔍 Product #137935 (CABLE USB SAMSUNG): hash_guardado=None
[2026-02-03 12:38:12] [INFO]   ✨ NUEVO: Product #137935 (CABLE USB SAMSUNG)
[2026-02-03 12:38:12] [DEBUG]    🔍 Product #137936 (CABLE-EXT-USB): hash_guardado=None
[2026-02-03 12:38:12] [INFO]   ✨ NUEVO: Product #137936 (CABLE-EXT-USB)
[2026-02-03 12:38:12] [DEBUG]    🔍 Product #137937 (CABLE-VGA): hash_guardado=None
[2026-02-03 12:38:12] [INFO]   ✨ NUEVO: Product #137937 (CABLE-VGA)
[2026-02-03 12:38:12] [DEBUG]    🔍 Product #137938 (CA-MARRON-CARTA): hash_guardado=None
[2026-02-03 12:38:12] [INFO]   ✨ NUEVO: Product #137938 (CA-MARRON-CARTA)
[2026-02-03 12:38:12] [DEBUG]    🔍 Product #137939 (CANTV): hash_guardado=None
[2026-02-03 12:38:12] [INFO]   ✨ NUEVO: Product #137939 (CANTV)
[2026-02-03 12:38:12] [DEBUG]    🔍 Product #137942 (CAR HOLDER): hash_guardado=None
[2026-02-03 12:38:12] [INFO]   ✨ NUEVO: Product #137942 (CAR HOLDER)
[2026-02-03 12:38:12] [DEBUG]    🔍 Product #137943 (CAR MP3 PLAYER): hash_guardado=None
[2026-02-03 12:38:12] [INFO]   ✨ NUEVO: Product #137943 (CAR MP3 PLAYER)
[2026-02-03 12:38:12] [DEBUG]    🔍 Product #137944 (CAR MP3 PLAYER MULTIFUNCION): hash_guardado=None
[2026-02-03 12:38:12] [INFO]   ✨ NUEVO: Product #137944 (CAR MP3 PLAYER MULTIFUNCION)
[2026-02-03 12:38:12] [DEBUG]    🔍 Product #137945 (CARGADOR 67W XIAOMI): hash_guardado=None
[2026-02-03 12:38:12] [INFO]   ✨ NUEVO: Product #137945 (CARGADOR 67W XIAOMI)
[2026-02-03 12:38:12] [DEBUG]    🔍 Product #137946 (CARGADOR BELKIN): hash_guardado=None
[2026-02-03 12:38:12] [INFO]   ✨ NUEVO: Product #137946 (CARGADOR BELKIN)
[2026-02-03 12:38:12] [DEBUG]    🔍 Product #137947 (CARGADOR CERTIFICADO): hash_guardado=None
[2026-02-03 12:38:12] [INFO]   ✨ NUEVO: Product #137947 (CARGADOR CERTIFICADO)
[2026-02-03 12:38:12] [DEBUG]    🔍 Product #137948 (CARGADOR COMPLETO SAMSUNG 2 IN 1): hash_guardado=None
[2026-02-03 12:38:12] [INFO]   ✨ NUEVO: Product #137948 (CARGADOR COMPLETO SAMSUNG 2 IN 1)
[2026-02-03 12:38:12] [DEBUG]    🔍 Product #137949 (CARGADOR LAPTOP UNIVERSAL): hash_guardado=None
[2026-02-03 12:38:12] [INFO]   ✨ NUEVO: Product #137949 (CARGADOR LAPTOP UNIVERSAL)
[2026-02-03 12:38:12] [DEBUG]    🔍 Product #137950 (CARGADOR MICRO POWER ADAPTER): hash_guardado=None
[2026-02-03 12:38:12] [INFO]   ✨ NUEVO: Product #137950 (CARGADOR MICRO POWER ADAPTER)
[2026-02-03 12:38:12] [DEBUG]    🔍 Product #137951 (CARGADOR-00): hash_guardado=None
[2026-02-03 12:38:12] [INFO]   ✨ NUEVO: Product #137951 (CARGADOR-00)
[2026-02-03 12:38:12] [DEBUG]    🔍 Product #137953 (CARG-SAFETY-CARRO): hash_guardado=None
[2026-02-03 12:38:12] [INFO]   ✨ NUEVO: Product #137953 (CARG-SAFETY-CARRO)
[2026-02-03 12:38:12] [DEBUG]    🔍 Product #137954 (CARPETA DE AROS BLANCA): hash_guardado=None
[2026-02-03 12:38:12] [INFO]   ✨ NUEVO: Product #137954 (CARPETA DE AROS BLANCA)
[2026-02-03 12:38:12] [DEBUG]    🔍 Product #137955 (CARPETA MANILA CARTA): hash_guardado=None
[2026-02-03 12:38:12] [INFO]   ✨ NUEVO: Product #137955 (CARPETA MANILA CARTA)
[2026-02-03 12:38:12] [DEBUG]    🔍 Product #137958 (CARPETA PRESENTACION OFICIO): hash_guardado=None
[2026-02-03 12:38:12] [INFO]   ✨ NUEVO: Product #137958 (CARPETA PRESENTACION OFICIO)
[2026-02-03 12:38:12] [DEBUG]    🔍 Product #137960 (CARP-MARRON-OFICIO): hash_guardado=None
[2026-02-03 12:38:12] [INFO]   ✨ NUEVO: Product #137960 (CARP-MARRON-OFICIO)
[2026-02-03 12:38:12] [DEBUG]    🔍 Product #137961 (CARTULIN ESCARCHADA FUCSIA): hash_guardado=None
[2026-02-03 12:38:12] [INFO]   ✨ NUEVO: Product #137961 (CARTULIN ESCARCHADA FUCSIA)
[2026-02-03 12:38:12] [DEBUG]    🔍 Product #137963 (CARTULINA DISEÑO): hash_guardado=None
[2026-02-03 12:38:12] [INFO]   ✨ NUEVO: Product #137963 (CARTULINA DISEÑO)
[2026-02-03 12:38:12] [DEBUG]    🔍 Product #137964 (CARTULINA ESCARCHADA DE PLATA): hash_guardado=None
[2026-02-03 12:38:12] [INFO]   ✨ NUEVO: Product #137964 (CARTULINA ESCARCHADA DE PLATA)
[2026-02-03 12:38:12] [DEBUG]    🔍 Product #137966 (CARTULINA ESCARCHADA ROSADA): hash_guardado=None
[2026-02-03 12:38:12] [INFO]   ✨ NUEVO: Product #137966 (CARTULINA ESCARCHADA ROSADA)
[2026-02-03 12:38:12] [DEBUG]    🔍 Product #137967 (CARTULINA ESCARCHADA VERDE NAVIDAD): hash_guardado=None
[2026-02-03 12:38:12] [INFO]   ✨ NUEVO: Product #137967 (CARTULINA ESCARCHADA VERDE NAVIDAD)
[2026-02-03 12:38:12] [DEBUG]    🔍 Product #137969 (CARTULINA METALDORADA): hash_guardado=None
[2026-02-03 12:38:12] [INFO]   ✨ NUEVO: Product #137969 (CARTULINA METALDORADA)
[2026-02-03 12:38:12] [DEBUG]    🔍 Product #137970 (CARTULINA METALIZADA NEGRA): hash_guardado=None
[2026-02-03 12:38:12] [INFO]   ✨ NUEVO: Product #137970 (CARTULINA METALIZADA NEGRA)
[2026-02-03 12:38:12] [DEBUG]    🔍 Product #137971 (CARTULINA METALPLATEADA): hash_guardado=None
[2026-02-03 12:38:12] [INFO]   ✨ NUEVO: Product #137971 (CARTULINA METALPLATEADA)
[2026-02-03 12:38:12] [DEBUG]    🔍 Product #137972 (CELOVEN18X25): hash_guardado=None
[2026-02-03 12:38:12] [INFO]   ✨ NUEVO: Product #137972 (CELOVEN18X25)
[2026-02-03 12:38:12] [DEBUG]    🔍 Product #137973 (CELOVEN24X50): hash_guardado=None
[2026-02-03 12:38:12] [INFO]   ✨ NUEVO: Product #137973 (CELOVEN24X50)
[2026-02-03 12:38:12] [DEBUG]    🔍 Product #137975 (CIDEA): hash_guardado=None
[2026-02-03 12:38:12] [INFO]   ✨ NUEVO: Product #137975 (CIDEA)
[2026-02-03 12:38:12] [DEBUG]    🔍 Product #137976 (CIL-CANON049): hash_guardado=None
[2026-02-03 12:38:12] [INFO]   ✨ NUEVO: Product #137976 (CIL-CANON049)
[2026-02-03 12:38:12] [DEBUG]    🔍 Product #137979 (CINTA TRANSPARENTE 25 MTS): hash_guardado=None
[2026-02-03 12:38:12] [INFO]   ✨ NUEVO: Product #137979 (CINTA TRANSPARENTE 25 MTS)
[2026-02-03 12:38:12] [DEBUG]    🔍 Product #137983 (CINT-TALLY): hash_guardado=None
[2026-02-03 12:38:12] [INFO]   ✨ NUEVO: Product #137983 (CINT-TALLY)
[2026-02-03 12:38:12] [DEBUG]    🔍 Product #137985 (CLIPS-STANDARD): hash_guardado=None
[2026-02-03 12:38:12] [INFO]   ✨ NUEVO: Product #137985 (CLIPS-STANDARD)
[2026-02-03 12:38:12] [DEBUG]    🔍 Product #137987 (COLORES-MAD): hash_guardado=None
[2026-02-03 12:38:12] [INFO]   ✨ NUEVO: Product #137987 (COLORES-MAD)
[2026-02-03 12:38:12] [DEBUG]    🔍 Product #137988 (COMB-MC-H-B): hash_guardado=None
[2026-02-03 12:38:12] [INFO]   ✨ NUEVO: Product #137988 (COMB-MC-H-B)
[2026-02-03 12:38:12] [DEBUG]    🔍 Product #137989 (COMB-MOF-H-B): hash_guardado=None
[2026-02-03 12:38:12] [INFO]   ✨ NUEVO: Product #137989 (COMB-MOF-H-B)
[2026-02-03 12:38:12] [DEBUG]    🔍 Product #137990 (COMPAS-ESCOLAR): hash_guardado=None
[2026-02-03 12:38:12] [INFO]   ✨ NUEVO: Product #137990 (COMPAS-ESCOLAR)
[2026-02-03 12:38:12] [DEBUG]    🔍 Product #137991 (CONTABILIDAD): hash_guardado=None
[2026-02-03 12:38:12] [INFO]   ✨ NUEVO: Product #137991 (CONTABILIDAD)
[2026-02-03 12:38:12] [DEBUG]    🔍 Product #137992 (CONTROL-INAL-X3): hash_guardado=None
[2026-02-03 12:38:12] [INFO]   ✨ NUEVO: Product #137992 (CONTROL-INAL-X3)
[2026-02-03 12:38:12] [DEBUG]    🔍 Product #137993 (CORNETA J): hash_guardado=None
[2026-02-03 12:38:12] [INFO]   ✨ NUEVO: Product #137993 (CORNETA J)
[2026-02-03 12:38:12] [DEBUG]    🔍 Product #137994 (CORNETA KIMISO): hash_guardado=None
[2026-02-03 12:38:12] [INFO]   ✨ NUEVO: Product #137994 (CORNETA KIMISO)
[2026-02-03 12:38:12] [DEBUG]    🔍 Product #137995 (CORNETA-00): hash_guardado=None
[2026-02-03 12:38:12] [INFO]   ✨ NUEVO: Product #137995 (CORNETA-00)
[2026-02-03 12:38:12] [DEBUG]    🔍 Product #138000 (CP306): hash_guardado=None
[2026-02-03 12:38:12] [INFO]   ✨ NUEVO: Product #138000 (CP306)
[2026-02-03 12:38:12] [DEBUG]    🔍 Product #138002 (CREDITO-01): hash_guardado=None
[2026-02-03 12:38:12] [INFO]   ✨ NUEVO: Product #138002 (CREDITO-01)
[2026-02-03 12:38:12] [DEBUG]    🔍 Product #138003 (CREDITO-02): hash_guardado=None
[2026-02-03 12:38:12] [INFO]   ✨ NUEVO: Product #138003 (CREDITO-02)
[2026-02-03 12:38:12] [DEBUG]    🔍 Product #138004 (CREDITO-03): hash_guardado=None
[2026-02-03 12:38:12] [INFO]   ✨ NUEVO: Product #138004 (CREDITO-03)
[2026-02-03 12:38:12] [DEBUG]    🔍 Product #138005 (CREDITO-04): hash_guardado=None
[2026-02-03 12:38:12] [INFO]   ✨ NUEVO: Product #138005 (CREDITO-04)
[2026-02-03 12:38:12] [DEBUG]    🔍 Product #138006 (CREDITO-05): hash_guardado=None
[2026-02-03 12:38:12] [INFO]   ✨ NUEVO: Product #138006 (CREDITO-05)
[2026-02-03 12:38:12] [DEBUG]    🔍 Product #138007 (CREDITO-06): hash_guardado=None
[2026-02-03 12:38:12] [INFO]   ✨ NUEVO: Product #138007 (CREDITO-06)
[2026-02-03 12:38:12] [DEBUG]    🔍 Product #138009 (CYRUZ X-2): hash_guardado=None
[2026-02-03 12:38:12] [INFO]   ✨ NUEVO: Product #138009 (CYRUZ X-2)
[2026-02-03 12:38:12] [DEBUG]    🔍 Product #138011 (D-02): hash_guardado=None
[2026-02-03 12:38:12] [INFO]   ✨ NUEVO: Product #138011 (D-02)
[2026-02-03 12:38:12] [DEBUG]    🔍 Product #138013 (D18W): hash_guardado=None
[2026-02-03 12:38:12] [INFO]   ✨ NUEVO: Product #138013 (D18W)
[2026-02-03 12:38:12] [DEBUG]    🔍 Product #138014 (D24W): hash_guardado=None
[2026-02-03 12:38:12] [INFO]   ✨ NUEVO: Product #138014 (D24W)
[2026-02-03 12:38:12] [DEBUG]    🔍 Product #138016 (DELIVERY): hash_guardado=None
[2026-02-03 12:38:12] [INFO]   ✨ NUEVO: Product #138016 (DELIVERY)
[2026-02-03 12:38:12] [DEBUG]    🔍 Product #138017 (DISCO DURO 320GB): hash_guardado=None
[2026-02-03 12:38:12] [INFO]   ✨ NUEVO: Product #138017 (DISCO DURO 320GB)
[2026-02-03 12:38:12] [DEBUG]    🔍 Product #138019 (DISP-017): hash_guardado=None
[2026-02-03 12:38:12] [INFO]   ✨ NUEVO: Product #138019 (DISP-017)
[2026-02-03 12:38:12] [DEBUG]    🔍 Product #138020 (DTX/32GB): hash_guardado=None
[2026-02-03 12:38:12] [INFO]   ✨ NUEVO: Product #138020 (DTX/32GB)
[2026-02-03 12:38:12] [DEBUG]    🔍 Product #138021 (E-1046): hash_guardado=None
[2026-02-03 12:38:12] [INFO]   ✨ NUEVO: Product #138021 (E-1046)
[2026-02-03 12:38:12] [DEBUG]    🔍 Product #138022 (ENGRAPADORA MEDIANA AMAZON): hash_guardado=None
[2026-02-03 12:38:12] [INFO]   ✨ NUEVO: Product #138022 (ENGRAPADORA MEDIANA AMAZON)
[2026-02-03 12:38:12] [DEBUG]    🔍 Product #138023 (ESENCIA HUMIFICADOR KP2130): hash_guardado=None
[2026-02-03 12:38:12] [INFO]   ✨ NUEVO: Product #138023 (ESENCIA HUMIFICADOR KP2130)
[2026-02-03 12:38:12] [DEBUG]    🔍 Product #138024 (ESENCIA REPELENTE): hash_guardado=None
[2026-02-03 12:38:12] [INFO]   ✨ NUEVO: Product #138024 (ESENCIA REPELENTE)
[2026-02-03 12:38:12] [DEBUG]    🔍 Product #138025 (FAST CHARGER): hash_guardado=None
[2026-02-03 12:38:12] [INFO]   ✨ NUEVO: Product #138025 (FAST CHARGER)
[2026-02-03 12:38:12] [DEBUG]    🔍 Product #138028 (FUNDAS-PROCT): hash_guardado=None
[2026-02-03 12:38:12] [INFO]   ✨ NUEVO: Product #138028 (FUNDAS-PROCT)
[2026-02-03 12:38:12] [DEBUG]    🔍 Product #138029 (FUNDAS-PROT): hash_guardado=None
[2026-02-03 12:38:12] [INFO]   ✨ NUEVO: Product #138029 (FUNDAS-PROT)
[2026-02-03 12:38:12] [DEBUG]    🔍 Product #138030 (GANCHOS): hash_guardado=None
[2026-02-03 12:38:12] [INFO]   ✨ NUEVO: Product #138030 (GANCHOS)
[2026-02-03 12:38:12] [DEBUG]    🔍 Product #138031 (GANCHOS MARIPOSAS): hash_guardado=None
[2026-02-03 12:38:12] [INFO]   ✨ NUEVO: Product #138031 (GANCHOS MARIPOSAS)
[2026-02-03 12:38:12] [DEBUG]    🔍 Product #138032 (GASTOS-CONDOMINIO): hash_guardado=None
[2026-02-03 12:38:12] [INFO]   ✨ NUEVO: Product #138032 (GASTOS-CONDOMINIO)
[2026-02-03 12:38:12] [DEBUG]    🔍 Product #138033 (GASTOS-VARIOS): hash_guardado=None
[2026-02-03 12:38:12] [INFO]   ✨ NUEVO: Product #138033 (GASTOS-VARIOS)
[2026-02-03 12:38:12] [DEBUG]    🔍 Product #138034 (GASTOS-VARIOS-IV): hash_guardado=None
[2026-02-03 12:38:12] [INFO]   ✨ NUEVO: Product #138034 (GASTOS-VARIOS-IV)
[2026-02-03 12:38:12] [DEBUG]    🔍 Product #138035 (GLADE VAINILLA): hash_guardado=None
[2026-02-03 12:38:12] [INFO]   ✨ NUEVO: Product #138035 (GLADE VAINILLA)
[2026-02-03 12:38:12] [DEBUG]    🔍 Product #138036 (GLASS SUCTION TRAY): hash_guardado=None
[2026-02-03 12:38:12] [INFO]   ✨ NUEVO: Product #138036 (GLASS SUCTION TRAY)
[2026-02-03 12:38:12] [DEBUG]    🔍 Product #138037 (GRAPAS LISAS AMIKO X 5000 PIEZAS): hash_guardado=None
[2026-02-03 12:38:12] [INFO]   ✨ NUEVO: Product #138037 (GRAPAS LISAS AMIKO X 5000 PIEZAS)
[2026-02-03 12:38:12] [DEBUG]    🔍 Product #138038 (GRAP-OK04): hash_guardado=None
[2026-02-03 12:38:12] [INFO]   ✨ NUEVO: Product #138038 (GRAP-OK04)
[2026-02-03 12:38:12] [DEBUG]    🔍 Product #138039 (GRAP-RAPID): hash_guardado=None
[2026-02-03 12:38:12] [INFO]   ✨ NUEVO: Product #138039 (GRAP-RAPID)
[2026-02-03 12:38:12] [DEBUG]    🔍 Product #138040 (GTX300): hash_guardado=None
[2026-02-03 12:38:12] [INFO]   ✨ NUEVO: Product #138040 (GTX300)
[2026-02-03 12:38:12] [DEBUG]    🔍 Product #138041 (HAMACA): hash_guardado=None
[2026-02-03 12:38:12] [INFO]   ✨ NUEVO: Product #138041 (HAMACA)
[2026-02-03 12:38:12] [DEBUG]    🔍 Product #138043 (HDMI-RJ45): hash_guardado=None
[2026-02-03 12:38:12] [INFO]   ✨ NUEVO: Product #138043 (HDMI-RJ45)
[2026-02-03 12:38:12] [DEBUG]    🔍 Product #138048 (HOLOGRAFICA): hash_guardado=None
[2026-02-03 12:38:12] [INFO]   ✨ NUEVO: Product #138048 (HOLOGRAFICA)
[2026-02-03 12:38:12] [DEBUG]    🔍 Product #138049 (HOLOGRAFICA PLATEADA): hash_guardado=None
[2026-02-03 12:38:12] [INFO]   ✨ NUEVO: Product #138049 (HOLOGRAFICA PLATEADA)
[2026-02-03 12:38:12] [DEBUG]    🔍 Product #138051 (HUMIFICADOR H2O DQ-107): hash_guardado=None
[2026-02-03 12:38:12] [INFO]   ✨ NUEVO: Product #138051 (HUMIFICADOR H2O DQ-107)
[2026-02-03 12:38:12] [DEBUG]    🔍 Product #138052 (ID90): hash_guardado=None
[2026-02-03 12:38:12] [INFO]   ✨ NUEVO: Product #138052 (ID90)
[2026-02-03 12:38:12] [DEBUG]    🔍 Product #138053 (IMP-ASEO): hash_guardado=None
[2026-02-03 12:38:12] [INFO]   ✨ NUEVO: Product #138053 (IMP-ASEO)
[2026-02-03 12:38:12] [DEBUG]    🔍 Product #138054 (INPODS INALAMBRICOS): hash_guardado=None
[2026-02-03 12:38:12] [INFO]   ✨ NUEVO: Product #138054 (INPODS INALAMBRICOS)
[2026-02-03 12:38:12] [DEBUG]    🔍 Product #138058 (JBL J-04): hash_guardado=None
[2026-02-03 12:38:12] [INFO]   ✨ NUEVO: Product #138058 (JBL J-04)
[2026-02-03 12:38:12] [DEBUG]    🔍 Product #138064 (JUEGO-GEOMETRICO): hash_guardado=None
[2026-02-03 12:38:12] [INFO]   ✨ NUEVO: Product #138064 (JUEGO-GEOMETRICO)
[2026-02-03 12:38:12] [DEBUG]    🔍 Product #138066 (K1MCOLORES): hash_guardado=None
[2026-02-03 12:38:12] [INFO]   ✨ NUEVO: Product #138066 (K1MCOLORES)
[2026-02-03 12:38:12] [DEBUG]    🔍 Product #138068 (K8): hash_guardado=None
[2026-02-03 12:38:12] [INFO]   ✨ NUEVO: Product #138068 (K8)
[2026-02-03 12:38:12] [DEBUG]    🔍 Product #138069 (KBS-1301): hash_guardado=None
[2026-02-03 12:38:12] [INFO]   ✨ NUEVO: Product #138069 (KBS-1301)
[2026-02-03 12:38:12] [DEBUG]    🔍 Product #138070 (KIN-OTG): hash_guardado=None
[2026-02-03 12:38:12] [INFO]   ✨ NUEVO: Product #138070 (KIN-OTG)
[2026-02-03 12:38:12] [DEBUG]    🔍 Product #138071 (KVR133D3N9/4G): hash_guardado=None
[2026-02-03 12:38:12] [INFO]   ✨ NUEVO: Product #138071 (KVR133D3N9/4G)
[2026-02-03 12:38:12] [DEBUG]    🔍 Product #138072 (KY-192): hash_guardado=None
[2026-02-03 12:38:12] [INFO]   ✨ NUEVO: Product #138072 (KY-192)
[2026-02-03 12:38:12] [DEBUG]    🔍 Product #138073 (LAMINA PARA PLASTIFICAR): hash_guardado=None
[2026-02-03 12:38:12] [INFO]   ✨ NUEVO: Product #138073 (LAMINA PARA PLASTIFICAR)
[2026-02-03 12:38:12] [DEBUG]    🔍 Product #138074 (LAMPARA): hash_guardado=None
[2026-02-03 12:38:12] [INFO]   ✨ NUEVO: Product #138074 (LAMPARA)
[2026-02-03 12:38:12] [DEBUG]    🔍 Product #138075 (LAMPARA 3 LUCES): hash_guardado=None
[2026-02-03 12:38:12] [INFO]   ✨ NUEVO: Product #138075 (LAMPARA 3 LUCES)
[2026-02-03 12:38:12] [DEBUG]    🔍 Product #138076 (LAMPARA DE MESA): hash_guardado=None
[2026-02-03 12:38:12] [INFO]   ✨ NUEVO: Product #138076 (LAMPARA DE MESA)
[2026-02-03 12:38:12] [DEBUG]    🔍 Product #138077 (LAMPARA MESA TIPO BARRA): hash_guardado=None
[2026-02-03 12:38:12] [INFO]   ✨ NUEVO: Product #138077 (LAMPARA MESA TIPO BARRA)
[2026-02-03 12:38:12] [DEBUG]    🔍 Product #138078 (LAPICERO BIC NEGRO Y AZUL): hash_guardado=None
[2026-02-03 12:38:12] [INFO]   ✨ NUEVO: Product #138078 (LAPICERO BIC NEGRO Y AZUL)
[2026-02-03 12:38:12] [DEBUG]    🔍 Product #138079 (LAPIZ): hash_guardado=None
[2026-02-03 12:38:12] [INFO]   ✨ NUEVO: Product #138079 (LAPIZ)
[2026-02-03 12:38:12] [DEBUG]    🔍 Product #138080 (LAPIZ AMAZON BASICS): hash_guardado=None
[2026-02-03 12:38:12] [INFO]   ✨ NUEVO: Product #138080 (LAPIZ AMAZON BASICS)
[2026-02-03 12:38:12] [DEBUG]    🔍 Product #138081 (LAPIZ DOBLE PUNTA AZUL/ROJO): hash_guardado=None
[2026-02-03 12:38:12] [INFO]   ✨ NUEVO: Product #138081 (LAPIZ DOBLE PUNTA AZUL/ROJO)
[2026-02-03 12:38:12] [DEBUG]    🔍 Product #138086 (LDO-C600-MICRO): hash_guardado=None
[2026-02-03 12:38:12] [INFO]   ✨ NUEVO: Product #138086 (LDO-C600-MICRO)
[2026-02-03 12:38:12] [DEBUG]    🔍 Product #138087 (LDO-CX150 MICRO): hash_guardado=None
[2026-02-03 12:38:12] [INFO]   ✨ NUEVO: Product #138087 (LDO-CX150 MICRO)
[2026-02-03 12:38:12] [DEBUG]    🔍 Product #138092 (LED024): hash_guardado=None
[2026-02-03 12:38:12] [INFO]   ✨ NUEVO: Product #138092 (LED024)
[2026-02-03 12:38:12] [DEBUG]    🔍 Product #138093 (LED113): hash_guardado=None
[2026-02-03 12:38:12] [INFO]   ✨ NUEVO: Product #138093 (LED113)
[2026-02-03 12:38:12] [DEBUG]    🔍 Product #138095 (LIBRE01): hash_guardado=None
[2026-02-03 12:38:12] [INFO]   ✨ NUEVO: Product #138095 (LIBRE01)
[2026-02-03 12:38:12] [DEBUG]    🔍 Product #138096 (LIBTA-EMP-100H): hash_guardado=None
[2026-02-03 12:38:12] [INFO]   ✨ NUEVO: Product #138096 (LIBTA-EMP-100H)
[2026-02-03 12:38:12] [DEBUG]    🔍 Product #138097 (LICENCIAMULTI): hash_guardado=None
[2026-02-03 12:38:12] [INFO]   ✨ NUEVO: Product #138097 (LICENCIAMULTI)
[2026-02-03 12:38:12] [DEBUG]    🔍 Product #138099 (LINTERNA LED LY 825): hash_guardado=None
[2026-02-03 12:38:12] [INFO]   ✨ NUEVO: Product #138099 (LINTERNA LED LY 825)
[2026-02-03 12:38:12] [DEBUG]    🔍 Product #138100 (LK87): hash_guardado=None
[2026-02-03 12:38:12] [INFO]   ✨ NUEVO: Product #138100 (LK87)
[2026-02-03 12:38:12] [DEBUG]    🔍 Product #138101 (LLAVERO UPPOMI): hash_guardado=None
[2026-02-03 12:38:12] [INFO]   ✨ NUEVO: Product #138101 (LLAVERO UPPOMI)
[2026-02-03 12:38:12] [DEBUG]    🔍 Product #138105 (LUCES LED SENSORIALES AMAZON): hash_guardado=None
[2026-02-03 12:38:12] [INFO]   ✨ NUEVO: Product #138105 (LUCES LED SENSORIALES AMAZON)
[2026-02-03 12:38:12] [DEBUG]    🔍 Product #138106 (LUZ LAMPARA MESA BRAZO): hash_guardado=None
[2026-02-03 12:38:12] [INFO]   ✨ NUEVO: Product #138106 (LUZ LAMPARA MESA BRAZO)
[2026-02-03 12:38:12] [DEBUG]    🔍 Product #138107 (MACADOR-NEGRO): hash_guardado=None
[2026-02-03 12:38:12] [INFO]   ✨ NUEVO: Product #138107 (MACADOR-NEGRO)
[2026-02-03 12:38:12] [DEBUG]    🔍 Product #138108 (MARCADOR-00): hash_guardado=None
[2026-02-03 12:38:12] [INFO]   ✨ NUEVO: Product #138108 (MARCADOR-00)
[2026-02-03 12:38:12] [DEBUG]    🔍 Product #138109 (MARC-DELGADOS MAX45): hash_guardado=None
[2026-02-03 12:38:12] [INFO]   ✨ NUEVO: Product #138109 (MARC-DELGADOS MAX45)
[2026-02-03 12:38:12] [DEBUG]    🔍 Product #138110 (MARC-GRUESO): hash_guardado=None
[2026-02-03 12:38:12] [INFO]   ✨ NUEVO: Product #138110 (MARC-GRUESO)
[2026-02-03 12:38:12] [DEBUG]    🔍 Product #138113 (MARC-OK92L): hash_guardado=None
[2026-02-03 12:38:12] [INFO]   ✨ NUEVO: Product #138113 (MARC-OK92L)
[2026-02-03 12:38:12] [DEBUG]    🔍 Product #138114 (MARC-OK93): hash_guardado=None
[2026-02-03 12:38:12] [INFO]   ✨ NUEVO: Product #138114 (MARC-OK93)
[2026-02-03 12:38:12] [DEBUG]    🔍 Product #138116 (MAR-OK91): hash_guardado=None
[2026-02-03 12:38:12] [INFO]   ✨ NUEVO: Product #138116 (MAR-OK91)
[2026-02-03 12:38:12] [DEBUG]    🔍 Product #138117 (MB-MA64E): hash_guardado=None
[2026-02-03 12:38:12] [INFO]   ✨ NUEVO: Product #138117 (MB-MA64E)
[2026-02-03 12:38:12] [DEBUG]    🔍 Product #138119 (ME-MA32E): hash_guardado=None
[2026-02-03 12:38:12] [INFO]   ✨ NUEVO: Product #138119 (ME-MA32E)
[2026-02-03 12:38:12] [DEBUG]    🔍 Product #138121 (MI HEADSET NARANJA): hash_guardado=None
[2026-02-03 12:38:12] [INFO]   ✨ NUEVO: Product #138121 (MI HEADSET NARANJA)
[2026-02-03 12:38:12] [DEBUG]    🔍 Product #138122 (MINI EXACTOS): hash_guardado=None
[2026-02-03 12:38:12] [INFO]   ✨ NUEVO: Product #138122 (MINI EXACTOS)
[2026-02-03 12:38:12] [DEBUG]    🔍 Product #138123 (MINI HUMIFICADOR): hash_guardado=None
[2026-02-03 12:38:12] [INFO]   ✨ NUEVO: Product #138123 (MINI HUMIFICADOR)
[2026-02-03 12:38:12] [DEBUG]    🔍 Product #138124 (MINI VENTILADOR): hash_guardado=None
[2026-02-03 12:38:12] [INFO]   ✨ NUEVO: Product #138124 (MINI VENTILADOR)
[2026-02-03 12:38:12] [DEBUG]    🔍 Product #138125 (M-L-L): hash_guardado=None
[2026-02-03 12:38:12] [INFO]   ✨ NUEVO: Product #138125 (M-L-L)
[2026-02-03 12:38:12] [DEBUG]    🔍 Product #138126 (M-L-L-2): hash_guardado=None
[2026-02-03 12:38:12] [INFO]   ✨ NUEVO: Product #138126 (M-L-L-2)
[2026-02-03 12:38:12] [DEBUG]    🔍 Product #138127 (MLTD 111S): hash_guardado=None
[2026-02-03 12:38:12] [INFO]   ✨ NUEVO: Product #138127 (MLTD 111S)
[2026-02-03 12:38:12] [DEBUG]    🔍 Product #138129 (MOSQUITERO): hash_guardado=None
[2026-02-03 12:38:12] [INFO]   ✨ NUEVO: Product #138129 (MOSQUITERO)
[2026-02-03 12:38:12] [DEBUG]    🔍 Product #138130 (MOUSE GAMING HP S600): hash_guardado=None
[2026-02-03 12:38:12] [INFO]   ✨ NUEVO: Product #138130 (MOUSE GAMING HP S600)
[2026-02-03 12:38:12] [DEBUG]    🔍 Product #138131 (MOUSE HP RECARGABLE): hash_guardado=None
[2026-02-03 12:38:12] [INFO]   ✨ NUEVO: Product #138131 (MOUSE HP RECARGABLE)
[2026-02-03 12:38:12] [DEBUG]    🔍 Product #138132 (MOUSE TJ-1 GAMING TINJI): hash_guardado=None
[2026-02-03 12:38:12] [INFO]   ✨ NUEVO: Product #138132 (MOUSE TJ-1 GAMING TINJI)
[2026-02-03 12:38:12] [DEBUG]    🔍 Product #138133 (MOUSE TJ-3 GAMING TINJI): hash_guardado=None
[2026-02-03 12:38:12] [INFO]   ✨ NUEVO: Product #138133 (MOUSE TJ-3 GAMING TINJI)
[2026-02-03 12:38:12] [DEBUG]    🔍 Product #138134 (MOUSE TJ-7): hash_guardado=None
[2026-02-03 12:38:12] [INFO]   ✨ NUEVO: Product #138134 (MOUSE TJ-7)
[2026-02-03 12:38:12] [DEBUG]    🔍 Product #138135 (MOUSE-MIXIE): hash_guardado=None
[2026-02-03 12:38:12] [INFO]   ✨ NUEVO: Product #138135 (MOUSE-MIXIE)
[2026-02-03 12:38:12] [DEBUG]    🔍 Product #138136 (MOUSE-TJ-10): hash_guardado=None
[2026-02-03 12:38:12] [INFO]   ✨ NUEVO: Product #138136 (MOUSE-TJ-10)
[2026-02-03 12:38:12] [DEBUG]    🔍 Product #138137 (MR1909): hash_guardado=None
[2026-02-03 12:38:12] [INFO]   ✨ NUEVO: Product #138137 (MR1909)
[2026-02-03 12:38:12] [DEBUG]    🔍 Product #138138 (MSATA SSD): hash_guardado=None
[2026-02-03 12:38:12] [INFO]   ✨ NUEVO: Product #138138 (MSATA SSD)
[2026-02-03 12:38:12] [DEBUG]    🔍 Product #138139 (MS-HP510A): hash_guardado=None
[2026-02-03 12:38:12] [INFO]   ✨ NUEVO: Product #138139 (MS-HP510A)
[2026-02-03 12:38:12] [DEBUG]    🔍 Product #138140 (MU-CU3X3): hash_guardado=None
[2026-02-03 12:38:12] [INFO]   ✨ NUEVO: Product #138140 (MU-CU3X3)
[2026-02-03 12:38:12] [DEBUG]    🔍 Product #138141 (MUF-16BE): hash_guardado=None
[2026-02-03 12:38:12] [INFO]   ✨ NUEVO: Product #138141 (MUF-16BE)
[2026-02-03 12:38:12] [DEBUG]    🔍 Product #138142 (MUF-64BE): hash_guardado=None
[2026-02-03 12:38:12] [INFO]   ✨ NUEVO: Product #138142 (MUF-64BE)
[2026-02-03 12:38:12] [DEBUG]    🔍 Product #138143 (MU-RM-5U): hash_guardado=None
[2026-02-03 12:38:12] [INFO]   ✨ NUEVO: Product #138143 (MU-RM-5U)
[2026-02-03 12:38:12] [DEBUG]    🔍 Product #138145 (NANFU AAA): hash_guardado=None
[2026-02-03 12:38:12] [INFO]   ✨ NUEVO: Product #138145 (NANFU AAA)
[2026-02-03 12:38:12] [DEBUG]    🔍 Product #138146 (NANO): hash_guardado=None
[2026-02-03 12:38:12] [INFO]   ✨ NUEVO: Product #138146 (NANO)
[2026-02-03 12:38:12] [DEBUG]    🔍 Product #138149 (NOMINA): hash_guardado=None
[2026-02-03 12:38:12] [INFO]   ✨ NUEVO: Product #138149 (NOMINA)
[2026-02-03 12:38:12] [DEBUG]    🔍 Product #138150 (NOT-ADH-3X3): hash_guardado=None
[2026-02-03 12:38:12] [INFO]   ✨ NUEVO: Product #138150 (NOT-ADH-3X3)
[2026-02-03 12:38:12] [DEBUG]    🔍 Product #138153 (OK-05): hash_guardado=None
[2026-02-03 12:38:12] [INFO]   ✨ NUEVO: Product #138153 (OK-05)
[2026-02-03 12:38:12] [DEBUG]    🔍 Product #138157 (OPALINA): hash_guardado=None
[2026-02-03 12:38:12] [INFO]   ✨ NUEVO: Product #138157 (OPALINA)
[2026-02-03 12:38:12] [DEBUG]    🔍 Product #138160 (ORIN CERTIFICADO): hash_guardado=None
[2026-02-03 12:38:12] [INFO]   ✨ NUEVO: Product #138160 (ORIN CERTIFICADO)
[2026-02-03 12:38:12] [DEBUG]    🔍 Product #138161 (OTG MICRO BLISTER): hash_guardado=None
[2026-02-03 12:38:12] [INFO]   ✨ NUEVO: Product #138161 (OTG MICRO BLISTER)
[2026-02-03 12:38:12] [DEBUG]    🔍 Product #138162 (OTG-TC-06): hash_guardado=None
[2026-02-03 12:38:12] [INFO]   ✨ NUEVO: Product #138162 (OTG-TC-06)
[2026-02-03 12:38:12] [DEBUG]    🔍 Product #138164 (PAGO DE COMISION ML): hash_guardado=None
[2026-02-03 12:38:12] [INFO]   ✨ NUEVO: Product #138164 (PAGO DE COMISION ML)
[2026-02-03 12:38:12] [DEBUG]    🔍 Product #138165 (PAGO RECARGAS): hash_guardado=None
[2026-02-03 12:38:12] [INFO]   ✨ NUEVO: Product #138165 (PAGO RECARGAS)
[2026-02-03 12:38:12] [DEBUG]    🔍 Product #138166 (PANEL SOLAR): hash_guardado=None
[2026-02-03 12:38:12] [INFO]   ✨ NUEVO: Product #138166 (PANEL SOLAR)
[2026-02-03 12:38:12] [DEBUG]    🔍 Product #138168 (PAPEL BOND): hash_guardado=None
[2026-02-03 12:38:12] [INFO]   ✨ NUEVO: Product #138168 (PAPEL BOND)
[2026-02-03 12:38:12] [DEBUG]    🔍 Product #138169 (PAPEL FOTOGRAFICO 180G): hash_guardado=None
[2026-02-03 12:38:12] [INFO]   ✨ NUEVO: Product #138169 (PAPEL FOTOGRAFICO 180G)
[2026-02-03 12:38:12] [DEBUG]    🔍 Product #138173 (PASAJE): hash_guardado=None
[2026-02-03 12:38:12] [INFO]   ✨ NUEVO: Product #138173 (PASAJE)
[2026-02-03 12:38:12] [DEBUG]    🔍 Product #138175 (PBPCS): hash_guardado=None
[2026-02-03 12:38:12] [INFO]   ✨ NUEVO: Product #138175 (PBPCS)
[2026-02-03 12:38:12] [DEBUG]    🔍 Product #138176 (PEG-3): hash_guardado=None
[2026-02-03 12:38:12] [INFO]   ✨ NUEVO: Product #138176 (PEG-3)
[2026-02-03 12:38:12] [DEBUG]    🔍 Product #138178 (PERFORADOR): hash_guardado=None
[2026-02-03 12:38:12] [INFO]   ✨ NUEVO: Product #138178 (PERFORADOR)
[2026-02-03 12:38:12] [DEBUG]    🔍 Product #138179 (PERF-PH-15A): hash_guardado=None
[2026-02-03 12:38:12] [INFO]   ✨ NUEVO: Product #138179 (PERF-PH-15A)
[2026-02-03 12:38:12] [DEBUG]    🔍 Product #138180 (PERFUME-01): hash_guardado=None
[2026-02-03 12:38:12] [INFO]   ✨ NUEVO: Product #138180 (PERFUME-01)
[2026-02-03 12:38:12] [DEBUG]    🔍 Product #138181 (PERFUME-02): hash_guardado=None
[2026-02-03 12:38:12] [INFO]   ✨ NUEVO: Product #138181 (PERFUME-02)
[2026-02-03 12:38:12] [DEBUG]    🔍 Product #138182 (PERFUME-03): hash_guardado=None
[2026-02-03 12:38:12] [INFO]   ✨ NUEVO: Product #138182 (PERFUME-03)
[2026-02-03 12:38:12] [DEBUG]    🔍 Product #138183 (PESO): hash_guardado=None
[2026-02-03 12:38:12] [INFO]   ✨ NUEVO: Product #138183 (PESO)
[2026-02-03 12:38:12] [DEBUG]    🔍 Product #138184 (PESO-00): hash_guardado=None
[2026-02-03 12:38:12] [INFO]   ✨ NUEVO: Product #138184 (PESO-00)
[2026-02-03 12:38:12] [DEBUG]    🔍 Product #138188 (PHONE HOLDER): hash_guardado=None
[2026-02-03 12:38:12] [INFO]   ✨ NUEVO: Product #138188 (PHONE HOLDER)
[2026-02-03 12:38:12] [DEBUG]    🔍 Product #138189 (PINTURA-00): hash_guardado=None
[2026-02-03 12:38:12] [INFO]   ✨ NUEVO: Product #138189 (PINTURA-00)
[2026-02-03 12:38:12] [DEBUG]    🔍 Product #138191 (PINZA): hash_guardado=None
[2026-02-03 12:38:12] [INFO]   ✨ NUEVO: Product #138191 (PINZA)
[2026-02-03 12:38:12] [DEBUG]    🔍 Product #138192 (PIZARRA-00): hash_guardado=None
[2026-02-03 12:38:12] [INFO]   ✨ NUEVO: Product #138192 (PIZARRA-00)
[2026-02-03 12:38:12] [DEBUG]    🔍 Product #138194 (PLASTIFICACION-): hash_guardado=None
[2026-02-03 12:38:12] [INFO]   ✨ NUEVO: Product #138194 (PLASTIFICACION-)
[2026-02-03 12:38:12] [DEBUG]    🔍 Product #138195 (POLVO CACAO 250 GR): hash_guardado=None
[2026-02-03 12:38:12] [INFO]   ✨ NUEVO: Product #138195 (POLVO CACAO 250 GR)
[2026-02-03 12:38:12] [DEBUG]    🔍 Product #138196 (POLVO CACAO 500 GR): hash_guardado=None
[2026-02-03 12:38:12] [INFO]   ✨ NUEVO: Product #138196 (POLVO CACAO 500 GR)
[2026-02-03 12:38:12] [DEBUG]    🔍 Product #138197 (PORTA CARNET): hash_guardado=None
[2026-02-03 12:38:12] [INFO]   ✨ NUEVO: Product #138197 (PORTA CARNET)
[2026-02-03 12:38:12] [DEBUG]    🔍 Product #138198 (PORTARETRARO): hash_guardado=None
[2026-02-03 12:38:12] [INFO]   ✨ NUEVO: Product #138198 (PORTARETRARO)
[2026-02-03 12:38:12] [DEBUG]    🔍 Product #138199 (POWER BANK MAGSAFE): hash_guardado=None
[2026-02-03 12:38:12] [INFO]   ✨ NUEVO: Product #138199 (POWER BANK MAGSAFE)
[2026-02-03 12:38:12] [DEBUG]    🔍 Product #138200 (POWER BANK MAGSAFE 5 MIL MAH): hash_guardado=None
[2026-02-03 12:38:12] [INFO]   ✨ NUEVO: Product #138200 (POWER BANK MAGSAFE 5 MIL MAH)
[2026-02-03 12:38:12] [DEBUG]    🔍 Product #138201 (POWER BANK SOLAR YELOMIN 42800): hash_guardado=None
[2026-02-03 12:38:12] [INFO]   ✨ NUEVO: Product #138201 (POWER BANK SOLAR YELOMIN 42800)
[2026-02-03 12:38:12] [DEBUG]    🔍 Product #138202 (PR-0-0143): hash_guardado=None
[2026-02-03 12:38:12] [INFO]   ✨ NUEVO: Product #138202 (PR-0-0143)
[2026-02-03 12:38:12] [DEBUG]    🔍 Product #138203 (PRESTAMO): hash_guardado=None
[2026-02-03 12:38:12] [INFO]   ✨ NUEVO: Product #138203 (PRESTAMO)
[2026-02-03 12:38:12] [DEBUG]    🔍 Product #138204 (PRESTAMO-01): hash_guardado=None
[2026-02-03 12:38:12] [INFO]   ✨ NUEVO: Product #138204 (PRESTAMO-01)
[2026-02-03 12:38:12] [DEBUG]    🔍 Product #138205 (PROTECTOR DE VOLTAJE): hash_guardado=None
[2026-02-03 12:38:12] [INFO]   ✨ NUEVO: Product #138205 (PROTECTOR DE VOLTAJE)
[2026-02-03 12:38:12] [DEBUG]    🔍 Product #138206 (PTO278-285): hash_guardado=None
[2026-02-03 12:38:12] [INFO]   ✨ NUEVO: Product #138206 (PTO278-285)
[2026-02-03 12:38:12] [DEBUG]    🔍 Product #138207 (PULSERA NIÑOS AIRTAG): hash_guardado=None
[2026-02-03 12:38:12] [INFO]   ✨ NUEVO: Product #138207 (PULSERA NIÑOS AIRTAG)
[2026-02-03 12:38:12] [DEBUG]    🔍 Product #138208 (PULSERA-00): hash_guardado=None
[2026-02-03 12:38:12] [INFO]   ✨ NUEVO: Product #138208 (PULSERA-00)
[2026-02-03 12:38:12] [DEBUG]    🔍 Product #138209 (RAD-T6 MINI): hash_guardado=None
[2026-02-03 12:38:12] [INFO]   ✨ NUEVO: Product #138209 (RAD-T6 MINI)
[2026-02-03 12:38:12] [DEBUG]    🔍 Product #138210 (RCA-JK): hash_guardado=None
[2026-02-03 12:38:12] [INFO]   ✨ NUEVO: Product #138210 (RCA-JK)
[2026-02-03 12:38:12] [DEBUG]    🔍 Product #138211 (RECEPTOR WIFI DOBLE BANDA): hash_guardado=None
[2026-02-03 12:38:12] [INFO]   ✨ NUEVO: Product #138211 (RECEPTOR WIFI DOBLE BANDA)
[2026-02-03 12:38:12] [DEBUG]    🔍 Product #138213 (REG-PLAST-30CM): hash_guardado=None
[2026-02-03 12:38:12] [INFO]   ✨ NUEVO: Product #138213 (REG-PLAST-30CM)
[2026-02-03 12:38:12] [DEBUG]    🔍 Product #138214 (REG-UPPOMI-2064U AZUL): hash_guardado=None
[2026-02-03 12:38:12] [INFO]   ✨ NUEVO: Product #138214 (REG-UPPOMI-2064U AZUL)
[2026-02-03 12:38:12] [DEBUG]    🔍 Product #138216 (REG-UPPOMI-2064U VERDE): hash_guardado=None
[2026-02-03 12:38:12] [INFO]   ✨ NUEVO: Product #138216 (REG-UPPOMI-2064U VERDE)
[2026-02-03 12:38:12] [DEBUG]    🔍 Product #138217 (REG-UPPOMI-LH-K2500W): hash_guardado=None
[2026-02-03 12:38:12] [INFO]   ✨ NUEVO: Product #138217 (REG-UPPOMI-LH-K2500W)
[2026-02-03 12:38:12] [DEBUG]    🔍 Product #138218 (RELOJ-00): hash_guardado=None
[2026-02-03 12:38:12] [INFO]   ✨ NUEVO: Product #138218 (RELOJ-00)
[2026-02-03 12:38:12] [DEBUG]    🔍 Product #138219 (REPELENTE): hash_guardado=None
[2026-02-03 12:38:12] [INFO]   ✨ NUEVO: Product #138219 (REPELENTE)
[2026-02-03 12:38:12] [DEBUG]    🔍 Product #138220 (REPUESTO FLORES): hash_guardado=None
[2026-02-03 12:38:12] [INFO]   ✨ NUEVO: Product #138220 (REPUESTO FLORES)
[2026-02-03 12:38:12] [DEBUG]    🔍 Product #138226 (RESALT-VERDE): hash_guardado=None
[2026-02-03 12:38:12] [INFO]   ✨ NUEVO: Product #138226 (RESALT-VERDE)
[2026-02-03 12:38:12] [DEBUG]    🔍 Product #138227 (RESMA- EXECUTIVE): hash_guardado=None
[2026-02-03 12:38:12] [INFO]   ✨ NUEVO: Product #138227 (RESMA- EXECUTIVE)
[2026-02-03 12:38:12] [DEBUG]    🔍 Product #138228 (RESMAHPOFICIO): hash_guardado=None
[2026-02-03 12:38:12] [INFO]   ✨ NUEVO: Product #138228 (RESMAHPOFICIO)
[2026-02-03 12:38:12] [DEBUG]    🔍 Product #138229 (RES-OFIC-CHAMEX): hash_guardado=None
[2026-02-03 12:38:12] [INFO]   ✨ NUEVO: Product #138229 (RES-OFIC-CHAMEX)
[2026-02-03 12:38:12] [DEBUG]    🔍 Product #138231 (RES-PAP-OFIC HAMMERMILL): hash_guardado=None
[2026-02-03 12:38:12] [INFO]   ✨ NUEVO: Product #138231 (RES-PAP-OFIC HAMMERMILL)
[2026-02-03 12:38:12] [DEBUG]    🔍 Product #138232 (RES-PRINTON): hash_guardado=None
[2026-02-03 12:38:12] [INFO]   ✨ NUEVO: Product #138232 (RES-PRINTON)
[2026-02-03 12:38:12] [DEBUG]    🔍 Product #138233 (RETRACTIL NEGRO/AZUL AMAZON): hash_guardado=None
[2026-02-03 12:38:12] [INFO]   ✨ NUEVO: Product #138233 (RETRACTIL NEGRO/AZUL AMAZON)
[2026-02-03 12:38:12] [DEBUG]    🔍 Product #138234 (REVISION): hash_guardado=None
[2026-02-03 12:38:12] [INFO]   ✨ NUEVO: Product #138234 (REVISION)
[2026-02-03 12:38:12] [DEBUG]    🔍 Product #138235 (RIMER): hash_guardado=None
[2026-02-03 12:38:12] [INFO]   ✨ NUEVO: Product #138235 (RIMER)
[2026-02-03 12:38:12] [DEBUG]    🔍 Product #138236 (ROLLO-PUNTO): hash_guardado=None
[2026-02-03 12:38:12] [INFO]   ✨ NUEVO: Product #138236 (ROLLO-PUNTO)
[2026-02-03 12:38:12] [DEBUG]    🔍 Product #138239 (ROU-025): hash_guardado=None
[2026-02-03 12:38:12] [INFO]   ✨ NUEVO: Product #138239 (ROU-025)
[2026-02-03 12:38:12] [DEBUG]    🔍 Product #138240 (RP): hash_guardado=None
[2026-02-03 12:38:12] [INFO]   ✨ NUEVO: Product #138240 (RP)
[2026-02-03 12:38:12] [DEBUG]    🔍 Product #138241 (RQ-CH-09): hash_guardado=None
[2026-02-03 12:38:12] [INFO]   ✨ NUEVO: Product #138241 (RQ-CH-09)
[2026-02-03 12:38:12] [DEBUG]    🔍 Product #138242 (S8TRAVEL ADAPTER): hash_guardado=None
[2026-02-03 12:38:12] [INFO]   ✨ NUEVO: Product #138242 (S8TRAVEL ADAPTER)
[2026-02-03 12:38:12] [DEBUG]    🔍 Product #138244 (SD-CF-8GB): hash_guardado=None
[2026-02-03 12:38:12] [INFO]   ✨ NUEVO: Product #138244 (SD-CF-8GB)
[2026-02-03 12:38:12] [DEBUG]    🔍 Product #138245 (SER-VARIOS): hash_guardado=None
[2026-02-03 12:38:12] [INFO]   ✨ NUEVO: Product #138245 (SER-VARIOS)
[2026-02-03 12:38:12] [DEBUG]    🔍 Product #138246 (S-G): hash_guardado=None
[2026-02-03 12:38:12] [INFO]   ✨ NUEVO: Product #138246 (S-G)
[2026-02-03 12:38:12] [DEBUG]    🔍 Product #138251 (SOBRE DE BROCHE CARTA): hash_guardado=None
[2026-02-03 12:38:12] [INFO]   ✨ NUEVO: Product #138251 (SOBRE DE BROCHE CARTA)
[2026-02-03 12:38:12] [DEBUG]    🔍 Product #138252 (SOBRE MANILA CARTA): hash_guardado=None
[2026-02-03 12:38:12] [INFO]   ✨ NUEVO: Product #138252 (SOBRE MANILA CARTA)
[2026-02-03 12:38:12] [DEBUG]    🔍 Product #138253 (SOBRE MANILA OFICIO): hash_guardado=None
[2026-02-03 12:38:12] [INFO]   ✨ NUEVO: Product #138253 (SOBRE MANILA OFICIO)
[2026-02-03 12:38:12] [DEBUG]    🔍 Product #138254 (SOBRES BLANCO #11 MEDIA CARTA): hash_guardado=None
[2026-02-03 12:38:12] [INFO]   ✨ NUEVO: Product #138254 (SOBRES BLANCO #11 MEDIA CARTA)
[2026-02-03 12:38:12] [DEBUG]    🔍 Product #138255 (SOCATE ON-OFF): hash_guardado=None
[2026-02-03 12:38:12] [INFO]   ✨ NUEVO: Product #138255 (SOCATE ON-OFF)
[2026-02-03 12:38:12] [DEBUG]    🔍 Product #138256 (SOLID-STATE DRIVE): hash_guardado=None
[2026-02-03 12:38:12] [INFO]   ✨ NUEVO: Product #138256 (SOLID-STATE DRIVE)
[2026-02-03 12:38:12] [DEBUG]    🔍 Product #138257 (SOMBRAS): hash_guardado=None
[2026-02-03 12:38:12] [INFO]   ✨ NUEVO: Product #138257 (SOMBRAS)
[2026-02-03 12:38:12] [DEBUG]    🔍 Product #138258 (SREV-MOVILNET): hash_guardado=None
[2026-02-03 12:38:12] [INFO]   ✨ NUEVO: Product #138258 (SREV-MOVILNET)
[2026-02-03 12:38:12] [DEBUG]    🔍 Product #138259 (SS-065): hash_guardado=None
[2026-02-03 12:38:12] [INFO]   ✨ NUEVO: Product #138259 (SS-065)
[2026-02-03 12:38:12] [DEBUG]    🔍 Product #138261 (ST-01701): hash_guardado=None
[2026-02-03 12:38:12] [INFO]   ✨ NUEVO: Product #138261 (ST-01701)
[2026-02-03 12:38:12] [DEBUG]    🔍 Product #138263 (ST-03556-B): hash_guardado=None
[2026-02-03 12:38:12] [INFO]   ✨ NUEVO: Product #138263 (ST-03556-B)
[2026-02-03 12:38:12] [DEBUG]    🔍 Product #138264 (ST-03905): hash_guardado=None
[2026-02-03 12:38:12] [INFO]   ✨ NUEVO: Product #138264 (ST-03905)
[2026-02-03 12:38:12] [DEBUG]    🔍 Product #138265 (ST-MS-951B): hash_guardado=None
[2026-02-03 12:38:12] [INFO]   ✨ NUEVO: Product #138265 (ST-MS-951B)
[2026-02-03 12:38:12] [DEBUG]    🔍 Product #138268 (TABLAS-00): hash_guardado=None
[2026-02-03 12:38:12] [INFO]   ✨ NUEVO: Product #138268 (TABLAS-00)
[2026-02-03 12:38:12] [DEBUG]    🔍 Product #138269 (TABLET 10 PULGADAS AMAZON): hash_guardado=None
[2026-02-03 12:38:12] [INFO]   ✨ NUEVO: Product #138269 (TABLET 10 PULGADAS AMAZON)
[2026-02-03 12:38:12] [DEBUG]    🔍 Product #138270 (TABLET 4 RAM VERDE): hash_guardado=None
[2026-02-03 12:38:12] [INFO]   ✨ NUEVO: Product #138270 (TABLET 4 RAM VERDE)
[2026-02-03 12:38:12] [DEBUG]    🔍 Product #138271 (TABLET 7 PULAGADAS AMAZON): hash_guardado=None
[2026-02-03 12:38:12] [INFO]   ✨ NUEVO: Product #138271 (TABLET 7 PULAGADAS AMAZON)
[2026-02-03 12:38:12] [DEBUG]    🔍 Product #138272 (TABLET NEGRA 7 INCH 3 RAM): hash_guardado=None
[2026-02-03 12:38:12] [INFO]   ✨ NUEVO: Product #138272 (TABLET NEGRA 7 INCH 3 RAM)
[2026-02-03 12:38:12] [DEBUG]    🔍 Product #138273 (TABLET PARA NIÑOS 7 INCH): hash_guardado=None
[2026-02-03 12:38:12] [INFO]   ✨ NUEVO: Product #138273 (TABLET PARA NIÑOS 7 INCH)
[2026-02-03 12:38:12] [DEBUG]    🔍 Product #138274 (TAC-CL01): hash_guardado=None
[2026-02-03 12:38:12] [INFO]   ✨ NUEVO: Product #138274 (TAC-CL01)
[2026-02-03 12:38:12] [DEBUG]    🔍 Product #138275 (TAC-SAMSUG5G): hash_guardado=None
[2026-02-03 12:38:12] [INFO]   ✨ NUEVO: Product #138275 (TAC-SAMSUG5G)
[2026-02-03 12:38:12] [DEBUG]    🔍 Product #138276 (TAP-001): hash_guardado=None
[2026-02-03 12:38:12] [INFO]   ✨ NUEVO: Product #138276 (TAP-001)
[2026-02-03 12:38:12] [DEBUG]    🔍 Product #138277 (TD-T35): hash_guardado=None
[2026-02-03 12:38:12] [INFO]   ✨ NUEVO: Product #138277 (TD-T35)
[2026-02-03 12:38:12] [DEBUG]    🔍 Product #138278 (TE-1): hash_guardado=None
[2026-02-03 12:38:12] [INFO]   ✨ NUEVO: Product #138278 (TE-1)
[2026-02-03 12:38:12] [DEBUG]    🔍 Product #138280 (TERCER BRAZO): hash_guardado=None
[2026-02-03 12:38:12] [INFO]   ✨ NUEVO: Product #138280 (TERCER BRAZO)
[2026-02-03 12:38:12] [DEBUG]    🔍 Product #138282 (TIJERA): hash_guardado=None
[2026-02-03 12:38:12] [INFO]   ✨ NUEVO: Product #138282 (TIJERA)
[2026-02-03 12:38:12] [DEBUG]    🔍 Product #138283 (TINTA T544): hash_guardado=None
[2026-02-03 12:38:12] [INFO]   ✨ NUEVO: Product #138283 (TINTA T544)
[2026-02-03 12:38:12] [DEBUG]    🔍 Product #138284 (TINTA T544 COLORES): hash_guardado=None
[2026-02-03 12:38:12] [INFO]   ✨ NUEVO: Product #138284 (TINTA T544 COLORES)
[2026-02-03 12:38:12] [DEBUG]    🔍 Product #138285 (TINTA T664): hash_guardado=None
[2026-02-03 12:38:12] [INFO]   ✨ NUEVO: Product #138285 (TINTA T664)
[2026-02-03 12:38:12] [DEBUG]    🔍 Product #138286 (TINTA T664 AMARILLA): hash_guardado=None
[2026-02-03 12:38:12] [INFO]   ✨ NUEVO: Product #138286 (TINTA T664 AMARILLA)
[2026-02-03 12:38:12] [DEBUG]    🔍 Product #138287 (TINTA T664 CELESTE): hash_guardado=None
[2026-02-03 12:38:12] [INFO]   ✨ NUEVO: Product #138287 (TINTA T664 CELESTE)
[2026-02-03 12:38:12] [DEBUG]    🔍 Product #138288 (TINTA T664 NEGRA): hash_guardado=None
[2026-02-03 12:38:12] [INFO]   ✨ NUEVO: Product #138288 (TINTA T664 NEGRA)
[2026-02-03 12:38:12] [DEBUG]    🔍 Product #138289 (TIRRO): hash_guardado=None
[2026-02-03 12:38:12] [INFO]   ✨ NUEVO: Product #138289 (TIRRO)
[2026-02-03 12:38:12] [DEBUG]    🔍 Product #138290 (TJ-11 MOUSE GAMER): hash_guardado=None
[2026-02-03 12:38:12] [INFO]   ✨ NUEVO: Product #138290 (TJ-11 MOUSE GAMER)
[2026-02-03 12:38:12] [DEBUG]    🔍 Product #138291 (TONER-104): hash_guardado=None
[2026-02-03 12:38:12] [INFO]   ✨ NUEVO: Product #138291 (TONER-104)
[2026-02-03 12:38:12] [DEBUG]    🔍 Product #138292 (TONER-137/83A): hash_guardado=None
[2026-02-03 12:38:12] [INFO]   ✨ NUEVO: Product #138292 (TONER-137/83A)
[2026-02-03 12:38:12] [DEBUG]    🔍 Product #138293 (TONER-COMP-CANON): hash_guardado=None
[2026-02-03 12:38:12] [INFO]   ✨ NUEVO: Product #138293 (TONER-COMP-CANON)
[2026-02-03 12:38:12] [DEBUG]    🔍 Product #138294 (TONER-COMP-HP): hash_guardado=None
[2026-02-03 12:38:12] [INFO]   ✨ NUEVO: Product #138294 (TONER-COMP-HP)
[2026-02-03 12:38:12] [DEBUG]    🔍 Product #138295 (TONER-HP): hash_guardado=None
[2026-02-03 12:38:12] [INFO]   ✨ NUEVO: Product #138295 (TONER-HP)
[2026-02-03 12:38:12] [DEBUG]    🔍 Product #138296 (TONER-MXP-MLTD101S): hash_guardado=None
[2026-02-03 12:38:12] [INFO]   ✨ NUEVO: Product #138296 (TONER-MXP-MLTD101S)
[2026-02-03 12:38:12] [DEBUG]    🔍 Product #138297 (TONER-STAMPRINT): hash_guardado=None
[2026-02-03 12:38:12] [INFO]   ✨ NUEVO: Product #138297 (TONER-STAMPRINT)
[2026-02-03 12:38:12] [DEBUG]    🔍 Product #138298 (TP101): hash_guardado=None
[2026-02-03 12:38:12] [INFO]   ✨ NUEVO: Product #138298 (TP101)
[2026-02-03 12:38:12] [DEBUG]    🔍 Product #138299 (TRIPOIDE PARA SELFIE): hash_guardado=None
[2026-02-03 12:38:12] [INFO]   ✨ NUEVO: Product #138299 (TRIPOIDE PARA SELFIE)
[2026-02-03 12:38:12] [DEBUG]    🔍 Product #138300 (TWS I18): hash_guardado=None
[2026-02-03 12:38:12] [INFO]   ✨ NUEVO: Product #138300 (TWS I18)
[2026-02-03 12:38:12] [DEBUG]    🔍 Product #138302 (USB FLASH DRIVE): hash_guardado=None
[2026-02-03 12:38:12] [INFO]   ✨ NUEVO: Product #138302 (USB FLASH DRIVE)
[2026-02-03 12:38:12] [DEBUG]    🔍 Product #138303 (USB-4PTO-HUB): hash_guardado=None
[2026-02-03 12:38:12] [INFO]   ✨ NUEVO: Product #138303 (USB-4PTO-HUB)
[2026-02-03 12:38:12] [DEBUG]    🔍 Product #138304 (USB-7PTO-HUB): hash_guardado=None
[2026-02-03 12:38:12] [INFO]   ✨ NUEVO: Product #138304 (USB-7PTO-HUB)
[2026-02-03 12:38:12] [DEBUG]    🔍 Product #138308 (VARIOS SERVICIOS): hash_guardado=None
[2026-02-03 12:38:12] [INFO]   ✨ NUEVO: Product #138308 (VARIOS SERVICIOS)
[2026-02-03 12:38:12] [DEBUG]    🔍 Product #138309 (WD2500AAKX): hash_guardado=None
[2026-02-03 12:38:12] [INFO]   ✨ NUEVO: Product #138309 (WD2500AAKX)
[2026-02-03 12:38:12] [DEBUG]    🔍 Product #138310 (X002UZCVP1): hash_guardado=None
[2026-02-03 12:38:12] [INFO]   ✨ NUEVO: Product #138310 (X002UZCVP1)
[2026-02-03 12:38:12] [DEBUG]    🔍 Product #138311 (X0033B2V51): hash_guardado=None
[2026-02-03 12:38:12] [INFO]   ✨ NUEVO: Product #138311 (X0033B2V51)
[2026-02-03 12:38:12] [DEBUG]    🔍 Product #138312 (X003CGDNHH): hash_guardado=None
[2026-02-03 12:38:12] [INFO]   ✨ NUEVO: Product #138312 (X003CGDNHH)
[2026-02-03 12:38:12] [DEBUG]    🔍 Product #138313 (X003D43FOJ): hash_guardado=None
[2026-02-03 12:38:12] [INFO]   ✨ NUEVO: Product #138313 (X003D43FOJ)
[2026-02-03 12:38:12] [DEBUG]    🔍 Product #138315 (X003Z1RAMD): hash_guardado=None
[2026-02-03 12:38:12] [INFO]   ✨ NUEVO: Product #138315 (X003Z1RAMD)
[2026-02-03 12:38:12] [DEBUG]    🔍 Product #138316 (X004AT548L): hash_guardado=None
[2026-02-03 12:38:12] [INFO]   ✨ NUEVO: Product #138316 (X004AT548L)
[2026-02-03 12:38:12] [DEBUG]    🔍 Product #138317 (X6 USB STANDARD): hash_guardado=None
[2026-02-03 12:38:12] [INFO]   ✨ NUEVO: Product #138317 (X6 USB STANDARD)
[2026-02-03 12:38:12] [DEBUG]    🔍 Product #138318 (X-CABLE): hash_guardado=None
[2026-02-03 12:38:12] [INFO]   ✨ NUEVO: Product #138318 (X-CABLE)
[2026-02-03 12:38:12] [DEBUG]    🔍 Product #138319 (X-IZ): hash_guardado=None
[2026-02-03 12:38:12] [INFO]   ✨ NUEVO: Product #138319 (X-IZ)
[2026-02-03 12:38:12] [INFO] ✅ Products detectados: 778 nuevos, 0 modificados
[2026-02-03 12:38:12] [INFO] 
[2026-02-03 12:38:12] [INFO] 💰 DETECTANDO CAMBIOS EN QUOTES (MySQL → PostgreSQL)...
[2026-02-03 12:38:12] [INFO]    📋 Quotes encontrados en MySQL: 6
[2026-02-03 12:38:12] [INFO]    🔍 IDs encontrados: [147, 148, 149, 150, 151, 153]
[2026-02-03 12:38:12] [DEBUG]    🔍 Quote #147 (TEST-2026-001): hash_guardado=1244bc27
[2026-02-03 12:38:12] [DEBUG]    🔍 Quote #148 (TEST-2026-002): hash_guardado=c40e175d
[2026-02-03 12:38:12] [DEBUG]    🔍 Quote #149 (TEST-2026-003): hash_guardado=109da51c
[2026-02-03 12:38:12] [DEBUG]    🔍 Quote #150 (AUTO-20260202174752): hash_guardado=857aa22a
[2026-02-03 12:38:12] [DEBUG]    🔍 Quote #151 (TEST-SUM-20260203012607): hash_guardado=bee0508c
[2026-02-03 12:38:12] [DEBUG]    🔍 Quote #153 (TEST-20260203012608): hash_guardado=None
[2026-02-03 12:38:12] [INFO]   ✨ NUEVO: Quote #153 (TEST-20260203012608)
[2026-02-03 12:38:12] [INFO] ✅ Quotes detectados: 1 nuevos, 0 modificados
[2026-02-03 12:38:12] [INFO] 
[2026-02-03 12:38:12] [INFO] 👤 SINCRONIZANDO SELLERS...
[2026-02-03 12:38:13] [DEBUG] IP pública obtenida: 131.72.168.71
[2026-02-03 12:38:13] [DEBUG] MAC address obtenida: af:18:fd:b4:b8:4c
[2026-02-03 12:38:14] [DEBUG] Geolocalización obtenida: 10.4873, -66.8738
[2026-02-03 12:38:14] [DEBUG] System log registrado: action=sellers - SYNC, key=, ip=131.72.168.71
[2026-02-03 12:38:15] [WARNING] ⚠️  Sincronización de sellers completada con errores
[2026-02-03 12:38:15] [INFO] 
[2026-02-03 12:38:15] [INFO] 📦 SINCRONIZANDO CATEGORIES...
[2026-02-03 12:38:15] [INFO] 
[2026-02-03 12:38:15] [INFO] 📦 SINCRONIZANDO PRODUCTS...
[2026-02-03 12:38:15] [INFO] 
[2026-02-03 12:38:15] [INFO] 👥 SINCRONIZANDO CUSTOMERS...
[2026-02-03 12:38:15] [INFO] 
[2026-02-03 12:38:15] [INFO] 📦 SINCRONIZANDO PRODUCTS (MySQL → PostgreSQL)...
[2026-02-03 12:38:15] [INFO]    📋 Nuevos: 778 | Modificados: 0
[2026-02-03 12:38:15] [DEBUG]   🔄 Actualizando product TEST-PROD-001...
[2026-02-03 12:38:15] [DEBUG]   🔄 Actualizando product PROD-AUTO-20260202174752...
[2026-02-03 12:38:15] [DEBUG]   🔄 Actualizando product 009...
[2026-02-03 12:38:15] [DEBUG]   🔄 Actualizando product 011...
[2026-02-03 12:38:15] [DEBUG]   🔄 Actualizando product 012...
[2026-02-03 12:38:15] [DEBUG]   🔄 Actualizando product 01009...
[2026-02-03 12:38:15] [DEBUG]   🔄 Actualizando product 062...
[2026-02-03 12:38:15] [DEBUG]   🔄 Actualizando product 063...
[2026-02-03 12:38:15] [DEBUG]   🔄 Actualizando product 0638126959492...
[2026-02-03 12:38:15] [DEBUG]   🔄 Actualizando product 112...
[2026-02-03 12:38:15] [DEBUG]   🔄 Actualizando product 116...
[2026-02-03 12:38:15] [DEBUG]   🔄 Actualizando product 117...
[2026-02-03 12:38:15] [DEBUG]   🔄 Actualizando product 118...
[2026-02-03 12:38:15] [DEBUG]   🔄 Actualizando product 123...
[2026-02-03 12:38:15] [DEBUG]   🔄 Actualizando product 16326002...
[2026-02-03 12:38:15] [DEBUG]   🔄 Actualizando product 37192.61...
[2026-02-03 12:38:15] [DEBUG]   🔄 Actualizando product 4891199089183...
[2026-02-03 12:38:15] [DEBUG]   🔄 Actualizando product 5204296823823...
[2026-02-03 12:38:15] [DEBUG]   🔄 Actualizando product 5565148310152...
[2026-02-03 12:38:15] [DEBUG]   🔄 Actualizando product 6820200931010...
[2026-02-03 12:38:15] [DEBUG]   🔄 Actualizando product 6856475436325...
[2026-02-03 12:38:15] [DEBUG]   🔄 Actualizando product 69101P...
[2026-02-03 12:38:15] [DEBUG]   🔄 Actualizando product 6941059606628...
[2026-02-03 12:38:15] [DEBUG]   🔄 Actualizando product 6968498495910...
[2026-02-03 12:38:15] [DEBUG]   🔄 Actualizando product 6971083491051...
[2026-02-03 12:38:15] [DEBUG]   🔄 Actualizando product 723813LA...
[2026-02-03 12:38:15] [DEBUG]   🔄 Actualizando product 728662221792...
[2026-02-03 12:38:15] [DEBUG]   🔄 Actualizando product 736211543981...
[2026-02-03 12:38:15] [DEBUG]   🔄 Actualizando product 7453015120998...
[2026-02-03 12:38:15] [DEBUG]   🔄 Actualizando product 7453038413404...
[2026-02-03 12:38:15] [DEBUG]   🔄 Actualizando product 7508718000204...
[2026-02-03 12:38:15] [DEBUG]   🔄 Actualizando product 7590033008102...
[2026-02-03 12:38:15] [DEBUG]   🔄 Actualizando product 7703486037975...
[2026-02-03 12:38:15] [DEBUG]   🔄 Actualizando product 7750082002654...
[2026-02-03 12:38:15] [DEBUG]   🔄 Actualizando product 7750082055537...
[2026-02-03 12:38:15] [DEBUG]   🔄 Actualizando product 7862111456212...
[2026-02-03 12:38:15] [DEBUG]   🔄 Actualizando product 802.IIN...
[2026-02-03 12:38:15] [DEBUG]   🔄 Actualizando product 8559871269815...
[2026-02-03 12:38:15] [DEBUG]   🔄 Actualizando product 9023800385208...
[2026-02-03 12:38:15] [DEBUG]   🔄 Actualizando product 9023800395313...
[2026-02-03 12:38:15] [DEBUG]   🔄 Actualizando product 9023800396211...
[2026-02-03 12:38:15] [DEBUG]   🔄 Actualizando product 9023800691019...
[2026-02-03 12:38:15] [DEBUG]   🔄 Actualizando product 9023800933249...
[2026-02-03 12:38:15] [DEBUG]   🔄 Actualizando product 9322452...
[2026-02-03 12:38:15] [DEBUG]   🔄 Actualizando product 9332001...
[2026-02-03 12:38:15] [DEBUG]   🔄 Actualizando product 9556089243520...
[2026-02-03 12:38:15] [DEBUG]   🔄 Actualizando product 989898858026...
[2026-02-03 12:38:15] [DEBUG]   🔄 Actualizando product A-10...
[2026-02-03 12:38:15] [DEBUG]   🔄 Actualizando product AG-ARTSC...
[2026-02-03 12:38:15] [DEBUG]   🔄 Actualizando product ALMO-DACT-RED...
[2026-02-03 12:38:15] [DEBUG]   🔄 Actualizando product ALMO-SELLOS-AZUL...
[2026-02-03 12:38:15] [DEBUG]   🔄 Actualizando product ARC-CART-AKTA...
[2026-02-03 12:38:15] [DEBUG]   🔄 Actualizando product ARCH-...
[2026-02-03 12:38:15] [DEBUG]   🔄 Actualizando product AR-CLP-AYS...
[2026-02-03 12:38:15] [DEBUG]   🔄 Actualizando product AR-CLP-SA...
[2026-02-03 12:38:15] [DEBUG]   🔄 Actualizando product ARC-OFIC-AKTA...
[2026-02-03 12:38:15] [DEBUG]   🔄 Actualizando product ARCOIRIS MICRO...
[2026-02-03 12:38:15] [DEBUG]   🔄 Actualizando product AUDIFONOS-PS4...
[2026-02-03 12:38:15] [DEBUG]   🔄 Actualizando product AU-JB60...
[2026-02-03 12:38:15] [DEBUG]   🔄 Actualizando product AU-PTP...
[2026-02-03 12:38:15] [DEBUG]   🔄 Actualizando product BARRA DE SILICON GRUESA...
[2026-02-03 12:38:15] [DEBUG]   🔄 Actualizando product BASE BODY...
[2026-02-03 12:38:15] [DEBUG]   🔄 Actualizando product BLOCK...
[2026-02-03 12:38:15] [DEBUG]   🔄 Actualizando product BOLIGR-...
[2026-02-03 12:38:15] [DEBUG]   🔄 Actualizando product BOLIGRAFO TAPA NEGRA...
[2026-02-03 12:38:15] [DEBUG]   🔄 Actualizando product BOLIGRAFO-AZUL...
[2026-02-03 12:38:15] [DEBUG]   🔄 Actualizando product BOLIGR-K1NEGRO...
[2026-02-03 12:38:15] [DEBUG]   🔄 Actualizando product BOLKORTRAN...
[2026-02-03 12:38:15] [DEBUG]   🔄 Actualizando product BORRA BLANCO GRANDE...
[2026-02-03 12:38:15] [DEBUG]   🔄 Actualizando product BRILLO...
[2026-02-03 12:38:15] [DEBUG]   🔄 Actualizando product BT450...
[2026-02-03 12:38:15] [DEBUG]   🔄 Actualizando product CABLE ESPIRAL MICRO 3A...
[2026-02-03 12:38:15] [DEBUG]   🔄 Actualizando product CABLE- SAMSUNG...
[2026-02-03 12:38:15] [DEBUG]   🔄 Actualizando product CAR F4...
[2026-02-03 12:38:15] [DEBUG]   🔄 Actualizando product CAR F6...
[2026-02-03 12:38:15] [DEBUG]   🔄 Actualizando product CARG-CARRO7A...
[2026-02-03 12:38:15] [DEBUG]   🔄 Actualizando product CARPETA MANILA CARTA 18 1/2 X11...
[2026-02-03 12:38:15] [DEBUG]   🔄 Actualizando product CARPETA PRESENTACION CARTA...
[2026-02-03 12:38:15] [DEBUG]   🔄 Actualizando product CARP-MANILA-OFICIO...
[2026-02-03 12:38:15] [DEBUG]   🔄 Actualizando product CARTULINA...
[2026-02-03 12:38:15] [DEBUG]   🔄 Actualizando product CARTULINA ESCARCHADA ROJO...
[2026-02-03 12:38:15] [DEBUG]   🔄 Actualizando product CARTULINA ESCARCHADO AZUL REY...
[2026-02-03 12:38:15] [DEBUG]   🔄 Actualizando product CHIP-SAMSUNG 205I...
[2026-02-03 12:38:15] [DEBUG]   🔄 Actualizando product CINTA...
[2026-02-03 12:38:15] [DEBUG]   🔄 Actualizando product CINTA ADHESIVA CELOVEN 24MM X 50M...
[2026-02-03 12:38:15] [DEBUG]   🔄 Actualizando product CINTA2...
[2026-02-03 12:38:15] [DEBUG]   🔄 Actualizando product CINTA3...
[2026-02-03 12:38:15] [DEBUG]   🔄 Actualizando product CINTA-ADHESIVA...
[2026-02-03 12:38:15] [DEBUG]   🔄 Actualizando product CLIPS-MARIPOSA...
[2026-02-03 12:38:15] [DEBUG]   🔄 Actualizando product COLA-BLANCA...
[2026-02-03 12:38:15] [DEBUG]   🔄 Actualizando product CORNETA-01...
[2026-02-03 12:38:15] [DEBUG]   🔄 Actualizando product CORREC-...
[2026-02-03 12:38:15] [DEBUG]   🔄 Actualizando product CORRECT-...
[2026-02-03 12:38:15] [DEBUG]   🔄 Actualizando product CORRECTOR-00...
[2026-02-03 12:38:16] [DEBUG]   🔄 Actualizando product CRAYONES...
[2026-02-03 12:38:16] [DEBUG]   🔄 Actualizando product CX-40...
[2026-02-03 12:38:16] [DEBUG]   🔄 Actualizando product D-01...
[2026-02-03 12:38:16] [DEBUG]   🔄 Actualizando product D-16...
[2026-02-03 12:38:16] [DEBUG]   🔄 Actualizando product DELINEADOR...
[2026-02-03 12:38:16] [DEBUG]   🔄 Actualizando product DISP-016...
[2026-02-03 12:38:16] [DEBUG]   🔄 Actualizando product FORM. CONT. S/P...
[2026-02-03 12:38:16] [DEBUG]   🔄 Actualizando product FT-PODER600W...
[2026-02-03 12:38:16] [DEBUG]   🔄 Actualizando product H-CARTAS...
[2026-02-03 12:38:16] [DEBUG]   🔄 Actualizando product HN-A16...
[2026-02-03 12:38:16] [DEBUG]   🔄 Actualizando product H-OFICIO...
[2026-02-03 12:38:16] [DEBUG]   🔄 Actualizando product HOJA-EXAMEN...
[2026-02-03 12:38:16] [DEBUG]   🔄 Actualizando product HOJAEXAMEN...
[2026-02-03 12:38:16] [DEBUG]   🔄 Actualizando product HT-556LED...
[2026-02-03 12:38:16] [DEBUG]   🔄 Actualizando product INT1...
[2026-02-03 12:38:16] [DEBUG]   🔄 Actualizando product INT15...
[2026-02-03 12:38:16] [DEBUG]   🔄 Actualizando product INT30...
[2026-02-03 12:38:16] [DEBUG]   🔄 Actualizando product JBL WS-L13...
[2026-02-03 12:38:16] [DEBUG]   🔄 Actualizando product JBL-J01...
[2026-02-03 12:38:16] [DEBUG]   🔄 Actualizando product JBL-W1...
[2026-02-03 12:38:16] [DEBUG]   🔄 Actualizando product JBL-W3...
[2026-02-03 12:38:16] [DEBUG]   🔄 Actualizando product JBL-W6...
[2026-02-03 12:38:16] [DEBUG]   🔄 Actualizando product K1-M...
[2026-02-03 12:38:16] [DEBUG]   🔄 Actualizando product K5-F...
[2026-02-03 12:38:16] [DEBUG]   🔄 Actualizando product LAPTOP...
[2026-02-03 12:38:16] [DEBUG]   🔄 Actualizando product LAPTOPS-I5...
[2026-02-03 12:38:16] [DEBUG]   🔄 Actualizando product LDO-B08 TIPO C...
[2026-02-03 12:38:16] [DEBUG]   🔄 Actualizando product LDO-C600...
[2026-02-03 12:38:16] [DEBUG]   🔄 Actualizando product LDO-CX150 TIPO C...
[2026-02-03 12:38:16] [DEBUG]   🔄 Actualizando product LDO-G30 TIPO C...
[2026-02-03 12:38:16] [DEBUG]   🔄 Actualizando product LDO-S600 TIPO C...
[2026-02-03 12:38:16] [DEBUG]   🔄 Actualizando product LED MINI PARTY...
[2026-02-03 12:38:16] [DEBUG]   🔄 Actualizando product LED-UFO-LAMP...
[2026-02-03 12:38:16] [DEBUG]   🔄 Actualizando product LICUADORA...
[2026-02-03 12:38:16] [DEBUG]   🔄 Actualizando product L-PLASTIFICADO...
[2026-02-03 12:38:16] [DEBUG]   🔄 Actualizando product LPZ-MONGOL...
[2026-02-03 12:38:16] [DEBUG]   🔄 Actualizando product LT-TZ-22...
[2026-02-03 12:38:16] [DEBUG]   🔄 Actualizando product MARC-OK91...
[2026-02-03 12:38:16] [DEBUG]   🔄 Actualizando product MARC-OK92...
[2026-02-03 12:38:16] [DEBUG]   🔄 Actualizando product MARC-OK93L...
[2026-02-03 12:38:16] [DEBUG]   🔄 Actualizando product MDR-AQ68...
[2026-02-03 12:38:16] [DEBUG]   🔄 Actualizando product MERREL USA...
[2026-02-03 12:38:16] [DEBUG]   🔄 Actualizando product MONITOR...
[2026-02-03 12:38:16] [DEBUG]   🔄 Actualizando product NANFU AA...
[2026-02-03 12:38:16] [DEBUG]   🔄 Actualizando product NIMH-AAA-HR03...
[2026-02-03 12:38:16] [DEBUG]   🔄 Actualizando product NIMH-AA-HR6...
[2026-02-03 12:38:16] [DEBUG]   🔄 Actualizando product NOT-AUTOOK149B...
[2026-02-03 12:38:16] [DEBUG]   🔄 Actualizando product OF-024...
[2026-02-03 12:38:16] [DEBUG]   🔄 Actualizando product OK86...
[2026-02-03 12:38:16] [DEBUG]   🔄 Actualizando product OK88...
[2026-02-03 12:38:16] [DEBUG]   🔄 Actualizando product OK89...
[2026-02-03 12:38:16] [DEBUG]   🔄 Actualizando product OPALINA BLANCA TAMAÑO CARTA...
[2026-02-03 12:38:16] [DEBUG]   🔄 Actualizando product OPRINTA...
[2026-02-03 12:38:16] [DEBUG]   🔄 Actualizando product P-001...
[2026-02-03 12:38:16] [DEBUG]   🔄 Actualizando product PANEL-00...
[2026-02-03 12:38:16] [DEBUG]   🔄 Actualizando product PAPEL-BOND...
[2026-02-03 12:38:16] [DEBUG]   🔄 Actualizando product PAPER MATE...
[2026-02-03 12:38:16] [DEBUG]   🔄 Actualizando product PAPERMATE...
[2026-02-03 12:38:16] [DEBUG]   🔄 Actualizando product PASTILLAS-AUTOS...
[2026-02-03 12:38:16] [DEBUG]   🔄 Actualizando product PEGA EN BARRAS...
[2026-02-03 12:38:16] [DEBUG]   🔄 Actualizando product PH...
[2026-02-03 12:38:16] [DEBUG]   🔄 Actualizando product PH1...
[2026-02-03 12:38:16] [DEBUG]   🔄 Actualizando product PHO...
[2026-02-03 12:38:16] [DEBUG]   🔄 Actualizando product PINTURAS...
[2026-02-03 12:38:16] [DEBUG]   🔄 Actualizando product PLASTICO CARTA...
[2026-02-03 12:38:16] [DEBUG]   🔄 Actualizando product REF-LED-30W...
[2026-02-03 12:38:16] [DEBUG]   🔄 Actualizando product REG-UPPOMI-2064U BLANCA...
[2026-02-03 12:38:16] [DEBUG]   🔄 Actualizando product RESALT-...
[2026-02-03 12:38:16] [DEBUG]   🔄 Actualizando product RESALTADOR...
[2026-02-03 12:38:16] [DEBUG]   🔄 Actualizando product RESALTADOR VERDE OPRINTA...
[2026-02-03 12:38:16] [DEBUG]   🔄 Actualizando product RESALTADOR-3D...
[2026-02-03 12:38:16] [DEBUG]   🔄 Actualizando product RESALTADORES ICONO...
[2026-02-03 12:38:16] [DEBUG]   🔄 Actualizando product RES-PAPEL-EXTRA-OFICIO...
[2026-02-03 12:38:16] [DEBUG]   🔄 Actualizando product ROLLO-TERM-IMP-FISCAL...
[2026-02-03 12:38:16] [DEBUG]   🔄 Actualizando product ROLLO-TERM-PT-8065...
[2026-02-03 12:38:16] [DEBUG]   🔄 Actualizando product SACAP-METAL...
[2026-02-03 12:38:16] [DEBUG]   🔄 Actualizando product SH-3103...
[2026-02-03 12:38:16] [DEBUG]   🔄 Actualizando product SHOOT-MICRO...
[2026-02-03 12:38:16] [DEBUG]   🔄 Actualizando product SOB-MANILA CARTA...
[2026-02-03 12:38:16] [DEBUG]   🔄 Actualizando product SOB-MANILA-OFIC...
[2026-02-03 12:38:16] [DEBUG]   🔄 Actualizando product ST-00370...
[2026-02-03 12:38:16] [DEBUG]   🔄 Actualizando product ST-03509B-A...
[2026-02-03 12:38:16] [DEBUG]   🔄 Actualizando product ST-P01...
[2026-02-03 12:38:16] [DEBUG]   🔄 Actualizando product T5219252200...
[2026-02-03 12:38:16] [DEBUG]   🔄 Actualizando product TEMP-COLORES...
[2026-02-03 12:38:16] [DEBUG]   🔄 Actualizando product TIJ-8"-NEG...
[2026-02-03 12:38:16] [DEBUG]   🔄 Actualizando product UNS-K107...
[2026-02-03 12:38:16] [DEBUG]   🔄 Actualizando product USB-CABLE-MICRO...
[2026-02-03 12:38:16] [DEBUG]   🔄 Actualizando product USB-LDO-W10-MICRO...
[2026-02-03 12:38:16] [DEBUG]   🔄 Actualizando product USB-TC...
[2026-02-03 12:38:16] [DEBUG]   🔄 Actualizando product X003FDNBWJ...
[2026-02-03 12:38:16] [DEBUG]   🔄 Actualizando product XS025...
[2026-02-03 12:38:16] [DEBUG]   🔄 Actualizando product 001...
[2026-02-03 12:38:16] [DEBUG]   🔄 Actualizando product 002...
[2026-02-03 12:38:16] [DEBUG]   🔄 Actualizando product 003...
[2026-02-03 12:38:16] [DEBUG]   🔄 Actualizando product 004...
[2026-02-03 12:38:16] [DEBUG]   🔄 Actualizando product 0040962166604...
[2026-02-03 12:38:16] [DEBUG]   🔄 Actualizando product 005...
[2026-02-03 12:38:16] [DEBUG]   🔄 Actualizando product 006...
[2026-02-03 12:38:16] [DEBUG]   🔄 Actualizando product 007...
[2026-02-03 12:38:16] [DEBUG]   🔄 Actualizando product 008...
[2026-02-03 12:38:16] [DEBUG]   🔄 Actualizando product 01...
[2026-02-03 12:38:16] [DEBUG]   🔄 Actualizando product 010...
[2026-02-03 12:38:16] [DEBUG]   🔄 Actualizando product 013...
[2026-02-03 12:38:16] [DEBUG]   🔄 Actualizando product 0137137400038...
[2026-02-03 12:38:16] [DEBUG]   🔄 Actualizando product 0137137400068...
[2026-02-03 12:38:16] [DEBUG]   🔄 Actualizando product 014...
[2026-02-03 12:38:16] [DEBUG]   🔄 Actualizando product 015...
[2026-02-03 12:38:16] [DEBUG]   🔄 Actualizando product 016...
[2026-02-03 12:38:16] [DEBUG]   🔄 Actualizando product 017...
[2026-02-03 12:38:16] [DEBUG]   🔄 Actualizando product 018...
[2026-02-03 12:38:16] [DEBUG]   🔄 Actualizando product 019...
[2026-02-03 12:38:16] [DEBUG]   🔄 Actualizando product 02...
[2026-02-03 12:38:16] [DEBUG]   🔄 Actualizando product 020...
[2026-02-03 12:38:16] [DEBUG]   🔄 Actualizando product 02004...
[2026-02-03 12:38:16] [DEBUG]   🔄 Actualizando product 021...
[2026-02-03 12:38:16] [DEBUG]   🔄 Actualizando product 022...
[2026-02-03 12:38:16] [DEBUG]   🔄 Actualizando product 023...
[2026-02-03 12:38:16] [DEBUG]   🔄 Actualizando product 024...
[2026-02-03 12:38:16] [DEBUG]   🔄 Actualizando product 025...
[2026-02-03 12:38:16] [DEBUG]   🔄 Actualizando product 026...
[2026-02-03 12:38:16] [DEBUG]   🔄 Actualizando product 027...
[2026-02-03 12:38:16] [DEBUG]   🔄 Actualizando product 028...
[2026-02-03 12:38:16] [DEBUG]   🔄 Actualizando product 029...
[2026-02-03 12:38:16] [DEBUG]   🔄 Actualizando product 030...
[2026-02-03 12:38:16] [DEBUG]   🔄 Actualizando product 031...
[2026-02-03 12:38:16] [DEBUG]   🔄 Actualizando product 031655531908...
[2026-02-03 12:38:16] [DEBUG]   🔄 Actualizando product 032...
[2026-02-03 12:38:16] [DEBUG]   🔄 Actualizando product 033...
[2026-02-03 12:38:16] [DEBUG]   🔄 Actualizando product 034...
[2026-02-03 12:38:16] [DEBUG]   🔄 Actualizando product 035...
[2026-02-03 12:38:16] [DEBUG]   🔄 Actualizando product 036...
[2026-02-03 12:38:16] [DEBUG]   🔄 Actualizando product 037...
[2026-02-03 12:38:16] [DEBUG]   🔄 Actualizando product 038...
[2026-02-03 12:38:16] [DEBUG]   🔄 Actualizando product 039...
[2026-02-03 12:38:16] [DEBUG]   🔄 Actualizando product 040...
[2026-02-03 12:38:16] [DEBUG]   🔄 Actualizando product 041...
[2026-02-03 12:38:16] [DEBUG]   🔄 Actualizando product 042...
[2026-02-03 12:38:16] [DEBUG]   🔄 Actualizando product 043...
[2026-02-03 12:38:16] [DEBUG]   🔄 Actualizando product 044...
[2026-02-03 12:38:16] [DEBUG]   🔄 Actualizando product 045...
[2026-02-03 12:38:16] [DEBUG]   🔄 Actualizando product 046...
[2026-02-03 12:38:16] [DEBUG]   🔄 Actualizando product 046500017919...
[2026-02-03 12:38:16] [DEBUG]   🔄 Actualizando product 046500761911...
[2026-02-03 12:38:16] [DEBUG]   🔄 Actualizando product 047...
[2026-02-03 12:38:16] [DEBUG]   🔄 Actualizando product 048...
[2026-02-03 12:38:16] [DEBUG]   🔄 Actualizando product 049...
[2026-02-03 12:38:16] [DEBUG]   🔄 Actualizando product 050...
[2026-02-03 12:38:16] [DEBUG]   🔄 Actualizando product 051...
[2026-02-03 12:38:16] [DEBUG]   🔄 Actualizando product 052...
[2026-02-03 12:38:16] [DEBUG]   🔄 Actualizando product 053...
[2026-02-03 12:38:16] [DEBUG]   🔄 Actualizando product 054...
[2026-02-03 12:38:16] [DEBUG]   🔄 Actualizando product 055...
[2026-02-03 12:38:16] [DEBUG]   🔄 Actualizando product 056...
[2026-02-03 12:38:16] [DEBUG]   🔄 Actualizando product 057...
[2026-02-03 12:38:16] [DEBUG]   🔄 Actualizando product 058...
[2026-02-03 12:38:16] [DEBUG]   🔄 Actualizando product 059...
[2026-02-03 12:38:16] [DEBUG]   🔄 Actualizando product 060...
[2026-02-03 12:38:16] [DEBUG]   🔄 Actualizando product 061...
[2026-02-03 12:38:16] [DEBUG]   🔄 Actualizando product 064...
[2026-02-03 12:38:16] [DEBUG]   🔄 Actualizando product 065...
[2026-02-03 12:38:16] [DEBUG]   🔄 Actualizando product 0651536393441...
[2026-02-03 12:38:16] [DEBUG]   🔄 Actualizando product 066...
[2026-02-03 12:38:16] [DEBUG]   🔄 Actualizando product 067...
[2026-02-03 12:38:16] [DEBUG]   🔄 Actualizando product 068...
[2026-02-03 12:38:16] [DEBUG]   🔄 Actualizando product 069...
[2026-02-03 12:38:16] [DEBUG]   🔄 Actualizando product 070...
[2026-02-03 12:38:16] [DEBUG]   🔄 Actualizando product 071...
[2026-02-03 12:38:16] [DEBUG]   🔄 Actualizando product 071641300019...
[2026-02-03 12:38:16] [DEBUG]   🔄 Actualizando product 072...
[2026-02-03 12:38:16] [DEBUG]   🔄 Actualizando product 073...
[2026-02-03 12:38:16] [DEBUG]   🔄 Actualizando product 074...
[2026-02-03 12:38:16] [DEBUG]   🔄 Actualizando product 075...
[2026-02-03 12:38:16] [DEBUG]   🔄 Actualizando product 076...
[2026-02-03 12:38:16] [DEBUG]   🔄 Actualizando product 077...
[2026-02-03 12:38:16] [DEBUG]   🔄 Actualizando product 078...
[2026-02-03 12:38:16] [DEBUG]   🔄 Actualizando product 079...
[2026-02-03 12:38:16] [DEBUG]   🔄 Actualizando product 080...
[2026-02-03 12:38:16] [DEBUG]   🔄 Actualizando product 081...
[2026-02-03 12:38:16] [DEBUG]   🔄 Actualizando product 083...
[2026-02-03 12:38:16] [DEBUG]   🔄 Actualizando product 084...
[2026-02-03 12:38:16] [DEBUG]   🔄 Actualizando product 085...
[2026-02-03 12:38:16] [DEBUG]   🔄 Actualizando product 086...
[2026-02-03 12:38:16] [DEBUG]   🔄 Actualizando product 087...
[2026-02-03 12:38:16] [DEBUG]   🔄 Actualizando product 088...
[2026-02-03 12:38:16] [DEBUG]   🔄 Actualizando product 089...
[2026-02-03 12:38:16] [DEBUG]   🔄 Actualizando product 090...
[2026-02-03 12:38:16] [DEBUG]   🔄 Actualizando product 091...
[2026-02-03 12:38:16] [DEBUG]   🔄 Actualizando product 092...
[2026-02-03 12:38:16] [DEBUG]   🔄 Actualizando product 093...
[2026-02-03 12:38:16] [DEBUG]   🔄 Actualizando product 094...
[2026-02-03 12:38:16] [DEBUG]   🔄 Actualizando product 095...
[2026-02-03 12:38:16] [DEBUG]   🔄 Actualizando product 096...
[2026-02-03 12:38:16] [DEBUG]   🔄 Actualizando product 097...
[2026-02-03 12:38:16] [DEBUG]   🔄 Actualizando product 098...
[2026-02-03 12:38:16] [DEBUG]   🔄 Actualizando product 099...
[2026-02-03 12:38:16] [DEBUG]   🔄 Actualizando product 100...
[2026-02-03 12:38:16] [DEBUG]   🔄 Actualizando product 101...
[2026-02-03 12:38:16] [DEBUG]   🔄 Actualizando product 10100000106...
[2026-02-03 12:38:16] [DEBUG]   🔄 Actualizando product 10100000203...
[2026-02-03 12:38:16] [DEBUG]   🔄 Actualizando product 102...
[2026-02-03 12:38:16] [DEBUG]   🔄 Actualizando product 103...
[2026-02-03 12:38:16] [DEBUG]   🔄 Actualizando product 104...
[2026-02-03 12:38:16] [DEBUG]   🔄 Actualizando product 105...
[2026-02-03 12:38:16] [DEBUG]   🔄 Actualizando product 106...
[2026-02-03 12:38:16] [DEBUG]   🔄 Actualizando product 107...
[2026-02-03 12:38:16] [DEBUG]   🔄 Actualizando product 108...
[2026-02-03 12:38:16] [DEBUG]   🔄 Actualizando product 109...
[2026-02-03 12:38:16] [DEBUG]   🔄 Actualizando product 110...
[2026-02-03 12:38:16] [DEBUG]   🔄 Actualizando product 111...
[2026-02-03 12:38:16] [DEBUG]   🔄 Actualizando product 113...
[2026-02-03 12:38:16] [DEBUG]   🔄 Actualizando product 114...
[2026-02-03 12:38:16] [DEBUG]   🔄 Actualizando product 115...
[2026-02-03 12:38:16] [DEBUG]   🔄 Actualizando product 119...
[2026-02-03 12:38:16] [DEBUG]   🔄 Actualizando product 16042002...
[2026-02-03 12:38:16] [DEBUG]   🔄 Actualizando product 1666141661112...
[2026-02-03 12:38:16] [DEBUG]   🔄 Actualizando product 194252151037...
[2026-02-03 12:38:16] [DEBUG]   🔄 Actualizando product 194850587290...
[2026-02-03 12:38:16] [DEBUG]   🔄 Actualizando product 2001800043000...
[2026-02-03 12:38:16] [DEBUG]   🔄 Actualizando product 2064U...
[2026-02-03 12:38:16] [DEBUG]   🔄 Actualizando product 2190PAM1...
[2026-02-03 12:38:16] [DEBUG]   🔄 Actualizando product 2467574075480...
[2026-02-03 12:38:16] [DEBUG]   🔄 Actualizando product 3303201707318...
[2026-02-03 12:38:16] [DEBUG]   🔄 Actualizando product 41250.51...
[2026-02-03 12:38:16] [DEBUG]   🔄 Actualizando product 4443436520173...
[2026-02-03 12:38:16] [DEBUG]   🔄 Actualizando product 4650125480155...
[2026-02-03 12:38:16] [DEBUG]   🔄 Actualizando product 4712927861874...
[2026-02-03 12:38:16] [DEBUG]   🔄 Actualizando product 47661800763561...
[2026-02-03 12:38:16] [DEBUG]   🔄 Actualizando product 4786234500641...
[2026-02-03 12:38:16] [DEBUG]   🔄 Actualizando product 4786234500658...
[2026-02-03 12:38:16] [DEBUG]   🔄 Actualizando product 4891199136313...
[2026-02-03 12:38:16] [DEBUG]   🔄 Actualizando product 4891199145773...
[2026-02-03 12:38:16] [DEBUG]   🔄 Actualizando product 5469840256681...
[2026-02-03 12:38:16] [DEBUG]   🔄 Actualizando product 569...
[2026-02-03 12:38:16] [DEBUG]   🔄 Actualizando product 57X38 MM...
[2026-02-03 12:38:16] [DEBUG]   🔄 Actualizando product 5-A...
[2026-02-03 12:38:16] [DEBUG]   🔄 Actualizando product 6085010044712...
[2026-02-03 12:38:16] [DEBUG]   🔄 Actualizando product 6085010094182...
[2026-02-03 12:38:16] [DEBUG]   🔄 Actualizando product 6290171002338...
[2026-02-03 12:38:16] [DEBUG]   🔄 Actualizando product 6290171072591...
[2026-02-03 12:38:16] [DEBUG]   🔄 Actualizando product 6290171072836...
[2026-02-03 12:38:16] [DEBUG]   🔄 Actualizando product 6291100137565...
[2026-02-03 12:38:16] [DEBUG]   🔄 Actualizando product 6291108730317...
[2026-02-03 12:38:16] [DEBUG]   🔄 Actualizando product 6291108730515...
[2026-02-03 12:38:16] [DEBUG]   🔄 Actualizando product 6291108733486...
[2026-02-03 12:38:16] [DEBUG]   🔄 Actualizando product 6291108735879...
[2026-02-03 12:38:16] [DEBUG]   🔄 Actualizando product 6294015102260...
[2026-02-03 12:38:16] [DEBUG]   🔄 Actualizando product 6294015136470...
[2026-02-03 12:38:16] [DEBUG]   🔄 Actualizando product 6294015149371...
[2026-02-03 12:38:16] [DEBUG]   🔄 Actualizando product 6294015160734...
[2026-02-03 12:38:16] [DEBUG]   🔄 Actualizando product 6294015164176...
[2026-02-03 12:38:16] [DEBUG]   🔄 Actualizando product 6833158749552...
[2026-02-03 12:38:16] [DEBUG]   🔄 Actualizando product 6901826888138...
[2026-02-03 12:38:16] [DEBUG]   🔄 Actualizando product 6902130638242...
[2026-02-03 12:38:16] [DEBUG]   🔄 Actualizando product 6931905006139...
[2026-02-03 12:38:16] [DEBUG]   🔄 Actualizando product 6932746800030...
[2026-02-03 12:38:16] [DEBUG]   🔄 Actualizando product 6935364089634...
[2026-02-03 12:38:16] [DEBUG]   🔄 Actualizando product 6935364095635...
[2026-02-03 12:38:16] [DEBUG]   🔄 Actualizando product 6935482287691...
[2026-02-03 12:38:16] [DEBUG]   🔄 Actualizando product 6936648520454...
[2026-02-03 12:38:16] [DEBUG]   🔄 Actualizando product 6937544301406...
[2026-02-03 12:38:16] [DEBUG]   🔄 Actualizando product 6937544370297...
[2026-02-03 12:38:16] [DEBUG]   🔄 Actualizando product 6938408021270...
[2026-02-03 12:38:16] [DEBUG]   🔄 Actualizando product 6940975926506...
[2026-02-03 12:38:16] [DEBUG]   🔄 Actualizando product 6942063600022...
[2026-02-03 12:38:16] [DEBUG]   🔄 Actualizando product 6948391225111...
[2026-02-03 12:38:16] [DEBUG]   🔄 Actualizando product 6948447510406...
[2026-02-03 12:38:16] [DEBUG]   🔄 Actualizando product 6952879101033...
[2026-02-03 12:38:16] [DEBUG]   🔄 Actualizando product 6954300622285...
[2026-02-03 12:38:16] [DEBUG]   🔄 Actualizando product 6954300625989...
[2026-02-03 12:38:16] [DEBUG]   🔄 Actualizando product 6954300626245...
[2026-02-03 12:38:16] [DEBUG]   🔄 Actualizando product 6954300636572...
[2026-02-03 12:38:16] [DEBUG]   🔄 Actualizando product 6954300685921...
[2026-02-03 12:38:16] [DEBUG]   🔄 Actualizando product 6954300698860...
[2026-02-03 12:38:16] [DEBUG]   🔄 Actualizando product 6955331816124...
[2026-02-03 12:38:16] [DEBUG]   🔄 Actualizando product 6959984401041...
[2026-02-03 12:38:16] [DEBUG]   🔄 Actualizando product 6960770170287...
[2026-02-03 12:38:16] [DEBUG]   🔄 Actualizando product 6970466900395...
[2026-02-03 12:38:16] [DEBUG]   🔄 Actualizando product 6971192051948...
[2026-02-03 12:38:16] [DEBUG]   🔄 Actualizando product 6971192051993...
[2026-02-03 12:38:16] [DEBUG]   🔄 Actualizando product 6971399289939...
[2026-02-03 12:38:16] [DEBUG]   🔄 Actualizando product 6971542158273...
[2026-02-03 12:38:16] [DEBUG]   🔄 Actualizando product 6975391430207...
[2026-02-03 12:38:16] [DEBUG]   🔄 Actualizando product 6976367601676...
[2026-02-03 12:38:16] [DEBUG]   🔄 Actualizando product 6986283615695...
[2026-02-03 12:38:16] [DEBUG]   🔄 Actualizando product 6988822375350...
[2026-02-03 12:38:16] [DEBUG]   🔄 Actualizando product 6989652360011...
[2026-02-03 12:38:16] [DEBUG]   🔄 Actualizando product 6992019802208...
[2026-02-03 12:38:16] [DEBUG]   🔄 Actualizando product 6999881512181...
[2026-02-03 12:38:16] [DEBUG]   🔄 Actualizando product 710497705592...
[2026-02-03 12:38:16] [DEBUG]   🔄 Actualizando product 710497705608...
[2026-02-03 12:38:16] [DEBUG]   🔄 Actualizando product 710497971362...
[2026-02-03 12:38:16] [DEBUG]   🔄 Actualizando product 713757145015...
[2026-02-03 12:38:16] [DEBUG]   🔄 Actualizando product 713757150118...
[2026-02-03 12:38:16] [DEBUG]   🔄 Actualizando product 719346065405...
[2026-02-03 12:38:16] [DEBUG]   🔄 Actualizando product 720171614218...
[2026-02-03 12:38:16] [DEBUG]   🔄 Actualizando product 720171614577...
[2026-02-03 12:38:16] [DEBUG]   🔄 Actualizando product 720171615529...
[2026-02-03 12:38:16] [DEBUG]   🔄 Actualizando product 720171616373...
[2026-02-03 12:38:16] [DEBUG]   🔄 Actualizando product 723868935856...
[2026-02-03 12:38:16] [DEBUG]   🔄 Actualizando product 740617263442...
[2026-02-03 12:38:16] [DEBUG]   🔄 Actualizando product 740617309720...
[2026-02-03 12:38:16] [DEBUG]   🔄 Actualizando product 740617309829...
[2026-02-03 12:38:16] [DEBUG]   🔄 Actualizando product 740617309928...
[2026-02-03 12:38:16] [DEBUG]   🔄 Actualizando product 7453010000950...
[2026-02-03 12:38:16] [DEBUG]   🔄 Actualizando product 7453010005757...
[2026-02-03 12:38:16] [DEBUG]   🔄 Actualizando product 7453010010089...
[2026-02-03 12:38:16] [DEBUG]   🔄 Actualizando product 7453010047818...
[2026-02-03 12:38:16] [DEBUG]   🔄 Actualizando product 7453010064600...
[2026-02-03 12:38:16] [DEBUG]   🔄 Actualizando product 7453010082727...
[2026-02-03 12:38:16] [DEBUG]   🔄 Actualizando product 7453010083656...
[2026-02-03 12:38:16] [DEBUG]   🔄 Actualizando product 7453015107371...
[2026-02-03 12:38:16] [DEBUG]   🔄 Actualizando product 7453015108293...
[2026-02-03 12:38:16] [DEBUG]   🔄 Actualizando product 7453015110562...
[2026-02-03 12:38:16] [DEBUG]   🔄 Actualizando product 7453015111996...
[2026-02-03 12:38:16] [DEBUG]   🔄 Actualizando product 7453015117103...
[2026-02-03 12:38:16] [DEBUG]   🔄 Actualizando product 7453015117110...
[2026-02-03 12:38:16] [DEBUG]   🔄 Actualizando product 7453015117127...
[2026-02-03 12:38:16] [DEBUG]   🔄 Actualizando product 7453015129489...
[2026-02-03 12:38:16] [DEBUG]   🔄 Actualizando product 7453015145809...
[2026-02-03 12:38:16] [DEBUG]   🔄 Actualizando product 7453038406413...
[2026-02-03 12:38:16] [DEBUG]   🔄 Actualizando product 7453038417976...
[2026-02-03 12:38:16] [DEBUG]   🔄 Actualizando product 7453038433075...
[2026-02-03 12:38:16] [DEBUG]   🔄 Actualizando product 7453038433181...
[2026-02-03 12:38:16] [DEBUG]   🔄 Actualizando product 7453038436915...
[2026-02-03 12:38:16] [DEBUG]   🔄 Actualizando product 7453038443937...
[2026-02-03 12:38:16] [DEBUG]   🔄 Actualizando product 7453038448291...
[2026-02-03 12:38:16] [DEBUG]   🔄 Actualizando product 7453038455961...
[2026-02-03 12:38:16] [DEBUG]   🔄 Actualizando product 7453038470971...
[2026-02-03 12:38:16] [DEBUG]   🔄 Actualizando product 7453038486026...
[2026-02-03 12:38:16] [DEBUG]   🔄 Actualizando product 7453078501925...
[2026-02-03 12:38:16] [DEBUG]   🔄 Actualizando product 7453078528021...
[2026-02-03 12:38:16] [DEBUG]   🔄 Actualizando product 7453078547626...
[2026-02-03 12:38:16] [DEBUG]   🔄 Actualizando product 7453078547732...
[2026-02-03 12:38:16] [DEBUG]   🔄 Actualizando product 7453091307061...
[2026-02-03 12:38:16] [DEBUG]   🔄 Actualizando product 7501037022476...
[2026-02-03 12:38:16] [DEBUG]   🔄 Actualizando product 7591147022589...
[2026-02-03 12:38:16] [DEBUG]   🔄 Actualizando product 7591147360025...
[2026-02-03 12:38:16] [DEBUG]   🔄 Actualizando product 7591163327163...
[2026-02-03 12:38:16] [DEBUG]   🔄 Actualizando product 7591163327187...
[2026-02-03 12:38:16] [DEBUG]   🔄 Actualizando product 7592474240028...
[2026-02-03 12:38:16] [DEBUG]   🔄 Actualizando product 7594003390013...
[2026-02-03 12:38:16] [DEBUG]   🔄 Actualizando product 7595218000384...
[2026-02-03 12:38:17] [DEBUG]   🔄 Actualizando product 7597024102207...
[2026-02-03 12:38:17] [DEBUG]   🔄 Actualizando product 7598874011633...
[2026-02-03 12:38:17] [DEBUG]   🔄 Actualizando product 7611160127570...
[2026-02-03 12:38:17] [DEBUG]   🔄 Actualizando product 7640496670160...
[2026-02-03 12:38:17] [DEBUG]   🔄 Actualizando product 7750082006140...
[2026-02-03 12:38:17] [DEBUG]   🔄 Actualizando product 779778980608...
[2026-02-03 12:38:17] [DEBUG]   🔄 Actualizando product 7822295316467...
[2026-02-03 12:38:17] [DEBUG]   🔄 Actualizando product 7851488574360...
[2026-02-03 12:38:17] [DEBUG]   🔄 Actualizando product 7891173019448...
[2026-02-03 12:38:17] [DEBUG]   🔄 Actualizando product 7891173024480...
[2026-02-03 12:38:17] [DEBUG]   🔄 Actualizando product 80X63 MM...
[2026-02-03 12:38:17] [DEBUG]   🔄 Actualizando product 80X80MM...
[2026-02-03 12:38:17] [DEBUG]   🔄 Actualizando product 8411061701034...
[2026-02-03 12:38:17] [DEBUG]   🔄 Actualizando product 8435450003714...
[2026-02-03 12:38:17] [DEBUG]   🔄 Actualizando product 8435450003721...
[2026-02-03 12:38:17] [DEBUG]   🔄 Actualizando product 8554144454776...
[2026-02-03 12:38:17] [DEBUG]   🔄 Actualizando product 8806086511162...
[2026-02-03 12:38:17] [DEBUG]   🔄 Actualizando product 8965347986528...
[2026-02-03 12:38:17] [DEBUG]   🔄 Actualizando product 9023800122025...
[2026-02-03 12:38:17] [DEBUG]   🔄 Actualizando product 9023800933126...
[2026-02-03 12:38:17] [DEBUG]   🔄 Actualizando product 909101811302...
[2026-02-03 12:38:17] [DEBUG]   🔄 Actualizando product 9593340882067...
[2026-02-03 12:38:17] [DEBUG]   🔄 Actualizando product 9593340892059...
[2026-02-03 12:38:17] [DEBUG]   🔄 Actualizando product 9789806587106...
[2026-02-03 12:38:17] [DEBUG]   🔄 Actualizando product AA...
[2026-02-03 12:38:17] [DEBUG]   🔄 Actualizando product AAA...
[2026-02-03 12:38:17] [DEBUG]   🔄 Actualizando product ADAP HDMI VGA...
[2026-02-03 12:38:17] [DEBUG]   🔄 Actualizando product ADAP HDMI VGA CON AUDIO...
[2026-02-03 12:38:17] [DEBUG]   🔄 Actualizando product ADAP-AUDIO-D08...
[2026-02-03 12:38:17] [DEBUG]   🔄 Actualizando product ADAP-EUR2P...
[2026-02-03 12:38:17] [DEBUG]   🔄 Actualizando product ADAP-REDMI-8V...
[2026-02-03 12:38:17] [DEBUG]   🔄 Actualizando product ADAPTADOR EUROPA...
[2026-02-03 12:38:17] [DEBUG]   🔄 Actualizando product ADAP-USB-SATA...
[2026-02-03 12:38:17] [DEBUG]   🔄 Actualizando product AD-HDMI/VGA...
[2026-02-03 12:38:17] [DEBUG]   🔄 Actualizando product AD-UH...
[2026-02-03 12:38:17] [DEBUG]   🔄 Actualizando product AFILADOR...
[2026-02-03 12:38:17] [DEBUG]   🔄 Actualizando product AIRTAG...
[2026-02-03 12:38:17] [DEBUG]   🔄 Actualizando product AIRTAGFORRO...
[2026-02-03 12:38:17] [DEBUG]   🔄 Actualizando product AIRTAGLLAVERO...
[2026-02-03 12:38:17] [DEBUG]   🔄 Actualizando product ALCALDIA...
[2026-02-03 12:38:17] [DEBUG]   🔄 Actualizando product ALQ-01...
[2026-02-03 12:38:17] [DEBUG]   🔄 Actualizando product ARO LUZ CELULAR D66...
[2026-02-03 12:38:17] [DEBUG]   🔄 Actualizando product ARO LUZ LED 8 PULGADAS...
[2026-02-03 12:38:17] [DEBUG]   🔄 Actualizando product AUDIFONO AIRPODS IPHONE...
[2026-02-03 12:38:17] [DEBUG]   🔄 Actualizando product AUDIFONO CAT...
[2026-02-03 12:38:17] [DEBUG]   🔄 Actualizando product AUDIFONO STN-13...
[2026-02-03 12:38:17] [DEBUG]   🔄 Actualizando product AUDIO-PLUG...
[2026-02-03 12:38:17] [DEBUG]   🔄 Actualizando product B091GR8KM6...
[2026-02-03 12:38:17] [DEBUG]   🔄 Actualizando product B27-S-BTV...
[2026-02-03 12:38:17] [DEBUG]   🔄 Actualizando product BAL-DIGITALB2090...
[2026-02-03 12:38:17] [DEBUG]   🔄 Actualizando product BASE PARA TABLET STENTS...
[2026-02-03 12:38:17] [DEBUG]   🔄 Actualizando product BASE SOPORTE DE TELEFONO CELULAR 360°...
[2026-02-03 12:38:17] [DEBUG]   🔄 Actualizando product BASE SOPORTE ESCRITORIO...
[2026-02-03 12:38:17] [DEBUG]   🔄 Actualizando product BASE TV FIJA...
[2026-02-03 12:38:17] [DEBUG]   🔄 Actualizando product BDPTCMR...
[2026-02-03 12:38:17] [DEBUG]   🔄 Actualizando product BIKE HOLDER...
[2026-02-03 12:38:17] [DEBUG]   🔄 Actualizando product BOLIGR-01...
[2026-02-03 12:38:17] [DEBUG]   🔄 Actualizando product BOLSO DE TELA HAMACA...
[2026-02-03 12:38:17] [DEBUG]   🔄 Actualizando product BORRABLANCA...
[2026-02-03 12:38:17] [DEBUG]   🔄 Actualizando product BSXTDD...
[2026-02-03 12:38:17] [DEBUG]   🔄 Actualizando product C1...
[2026-02-03 12:38:17] [DEBUG]   🔄 Actualizando product CABLE HDMI BOLSA 3 METROS...
[2026-02-03 12:38:17] [DEBUG]   🔄 Actualizando product CABLE HDMI BOLSA 5 METROS...
[2026-02-03 12:38:17] [DEBUG]   🔄 Actualizando product CABLE IMPRESORA AZUL 1.5 M...
[2026-02-03 12:38:17] [DEBUG]   🔄 Actualizando product CABLE IMPRESORA AZUL 3 M...
[2026-02-03 12:38:17] [DEBUG]   🔄 Actualizando product CABLE IMPRESORA AZUL 5M...
[2026-02-03 12:38:17] [DEBUG]   🔄 Actualizando product CABLE PLUG A PLUG...
[2026-02-03 12:38:17] [DEBUG]   🔄 Actualizando product CABLE TELA TIPO C...
[2026-02-03 12:38:17] [DEBUG]   🔄 Actualizando product CABLE USB SAMSUNG...
[2026-02-03 12:38:17] [DEBUG]   🔄 Actualizando product CABLE-EXT-USB...
[2026-02-03 12:38:17] [DEBUG]   🔄 Actualizando product CABLE-VGA...
[2026-02-03 12:38:17] [DEBUG]   🔄 Actualizando product CA-MARRON-CARTA...
[2026-02-03 12:38:17] [DEBUG]   🔄 Actualizando product CANTV...
[2026-02-03 12:38:17] [DEBUG]   🔄 Actualizando product CAR HOLDER...
[2026-02-03 12:38:17] [DEBUG]   🔄 Actualizando product CAR MP3 PLAYER...
[2026-02-03 12:38:17] [DEBUG]   🔄 Actualizando product CAR MP3 PLAYER MULTIFUNCION...
[2026-02-03 12:38:17] [DEBUG]   🔄 Actualizando product CARGADOR 67W XIAOMI...
[2026-02-03 12:38:17] [DEBUG]   🔄 Actualizando product CARGADOR BELKIN...
[2026-02-03 12:38:17] [DEBUG]   🔄 Actualizando product CARGADOR CERTIFICADO...
[2026-02-03 12:38:17] [DEBUG]   🔄 Actualizando product CARGADOR COMPLETO SAMSUNG 2 IN 1...
[2026-02-03 12:38:17] [DEBUG]   🔄 Actualizando product CARGADOR LAPTOP UNIVERSAL...
[2026-02-03 12:38:17] [DEBUG]   🔄 Actualizando product CARGADOR MICRO POWER ADAPTER...
[2026-02-03 12:38:17] [DEBUG]   🔄 Actualizando product CARGADOR-00...
[2026-02-03 12:38:17] [DEBUG]   🔄 Actualizando product CARG-SAFETY-CARRO...
[2026-02-03 12:38:17] [DEBUG]   🔄 Actualizando product CARPETA DE AROS BLANCA...
[2026-02-03 12:38:17] [DEBUG]   🔄 Actualizando product CARPETA MANILA CARTA...
[2026-02-03 12:38:17] [DEBUG]   🔄 Actualizando product CARPETA PRESENTACION OFICIO...
[2026-02-03 12:38:17] [DEBUG]   🔄 Actualizando product CARP-MARRON-OFICIO...
[2026-02-03 12:38:17] [DEBUG]   🔄 Actualizando product CARTULIN ESCARCHADA FUCSIA...
[2026-02-03 12:38:17] [DEBUG]   🔄 Actualizando product CARTULINA DISEÑO...
[2026-02-03 12:38:17] [DEBUG]   🔄 Actualizando product CARTULINA ESCARCHADA DE PLATA...
[2026-02-03 12:38:17] [DEBUG]   🔄 Actualizando product CARTULINA ESCARCHADA ROSADA...
[2026-02-03 12:38:17] [DEBUG]   🔄 Actualizando product CARTULINA ESCARCHADA VERDE NAVIDAD...
[2026-02-03 12:38:17] [DEBUG]   🔄 Actualizando product CARTULINA METALDORADA...
[2026-02-03 12:38:17] [DEBUG]   🔄 Actualizando product CARTULINA METALIZADA NEGRA...
[2026-02-03 12:38:17] [DEBUG]   🔄 Actualizando product CARTULINA METALPLATEADA...
[2026-02-03 12:38:17] [DEBUG]   🔄 Actualizando product CELOVEN18X25...
[2026-02-03 12:38:17] [DEBUG]   🔄 Actualizando product CELOVEN24X50...
[2026-02-03 12:38:17] [DEBUG]   🔄 Actualizando product CIDEA...
[2026-02-03 12:38:17] [DEBUG]   🔄 Actualizando product CIL-CANON049...
[2026-02-03 12:38:17] [DEBUG]   🔄 Actualizando product CINTA TRANSPARENTE 25 MTS...
[2026-02-03 12:38:17] [DEBUG]   🔄 Actualizando product CINT-TALLY...
[2026-02-03 12:38:17] [DEBUG]   🔄 Actualizando product CLIPS-STANDARD...
[2026-02-03 12:38:17] [DEBUG]   🔄 Actualizando product COLORES-MAD...
[2026-02-03 12:38:17] [DEBUG]   🔄 Actualizando product COMB-MC-H-B...
[2026-02-03 12:38:17] [DEBUG]   🔄 Actualizando product COMB-MOF-H-B...
[2026-02-03 12:38:17] [DEBUG]   🔄 Actualizando product COMPAS-ESCOLAR...
[2026-02-03 12:38:17] [DEBUG]   🔄 Actualizando product CONTABILIDAD...
[2026-02-03 12:38:17] [DEBUG]   🔄 Actualizando product CONTROL-INAL-X3...
[2026-02-03 12:38:17] [DEBUG]   🔄 Actualizando product CORNETA J...
[2026-02-03 12:38:17] [DEBUG]   🔄 Actualizando product CORNETA KIMISO...
[2026-02-03 12:38:17] [DEBUG]   🔄 Actualizando product CORNETA-00...
[2026-02-03 12:38:17] [DEBUG]   🔄 Actualizando product CP306...
[2026-02-03 12:38:17] [DEBUG]   🔄 Actualizando product CREDITO-01...
[2026-02-03 12:38:17] [DEBUG]   🔄 Actualizando product CREDITO-02...
[2026-02-03 12:38:17] [DEBUG]   🔄 Actualizando product CREDITO-03...
[2026-02-03 12:38:17] [DEBUG]   🔄 Actualizando product CREDITO-04...
[2026-02-03 12:38:17] [DEBUG]   🔄 Actualizando product CREDITO-05...
[2026-02-03 12:38:17] [DEBUG]   🔄 Actualizando product CREDITO-06...
[2026-02-03 12:38:17] [DEBUG]   🔄 Actualizando product CYRUZ X-2...
[2026-02-03 12:38:17] [DEBUG]   🔄 Actualizando product D-02...
[2026-02-03 12:38:17] [DEBUG]   🔄 Actualizando product D18W...
[2026-02-03 12:38:17] [DEBUG]   🔄 Actualizando product D24W...
[2026-02-03 12:38:17] [DEBUG]   🔄 Actualizando product DELIVERY...
[2026-02-03 12:38:17] [DEBUG]   🔄 Actualizando product DISCO DURO 320GB...
[2026-02-03 12:38:17] [DEBUG]   🔄 Actualizando product DISP-017...
[2026-02-03 12:38:17] [DEBUG]   🔄 Actualizando product DTX/32GB...
[2026-02-03 12:38:17] [DEBUG]   🔄 Actualizando product E-1046...
[2026-02-03 12:38:17] [DEBUG]   🔄 Actualizando product ENGRAPADORA MEDIANA AMAZON...
[2026-02-03 12:38:17] [DEBUG]   🔄 Actualizando product ESENCIA HUMIFICADOR KP2130...
[2026-02-03 12:38:17] [DEBUG]   🔄 Actualizando product ESENCIA REPELENTE...
[2026-02-03 12:38:17] [DEBUG]   🔄 Actualizando product FAST CHARGER...
[2026-02-03 12:38:17] [DEBUG]   🔄 Actualizando product FUNDAS-PROCT...
[2026-02-03 12:38:17] [DEBUG]   🔄 Actualizando product FUNDAS-PROT...
[2026-02-03 12:38:17] [DEBUG]   🔄 Actualizando product GANCHOS...
[2026-02-03 12:38:17] [DEBUG]   🔄 Actualizando product GANCHOS MARIPOSAS...
[2026-02-03 12:38:17] [DEBUG]   🔄 Actualizando product GASTOS-CONDOMINIO...
[2026-02-03 12:38:17] [DEBUG]   🔄 Actualizando product GASTOS-VARIOS...
[2026-02-03 12:38:17] [DEBUG]   🔄 Actualizando product GASTOS-VARIOS-IV...
[2026-02-03 12:38:17] [DEBUG]   🔄 Actualizando product GLADE VAINILLA...
[2026-02-03 12:38:17] [DEBUG]   🔄 Actualizando product GLASS SUCTION TRAY...
[2026-02-03 12:38:17] [DEBUG]   🔄 Actualizando product GRAPAS LISAS AMIKO X 5000 PIEZAS...
[2026-02-03 12:38:17] [DEBUG]   🔄 Actualizando product GRAP-OK04...
[2026-02-03 12:38:17] [DEBUG]   🔄 Actualizando product GRAP-RAPID...
[2026-02-03 12:38:17] [DEBUG]   🔄 Actualizando product GTX300...
[2026-02-03 12:38:17] [DEBUG]   🔄 Actualizando product HAMACA...
[2026-02-03 12:38:17] [DEBUG]   🔄 Actualizando product HDMI-RJ45...
[2026-02-03 12:38:17] [DEBUG]   🔄 Actualizando product HOLOGRAFICA...
[2026-02-03 12:38:17] [DEBUG]   🔄 Actualizando product HOLOGRAFICA PLATEADA...
[2026-02-03 12:38:17] [DEBUG]   🔄 Actualizando product HUMIFICADOR H2O DQ-107...
[2026-02-03 12:38:17] [DEBUG]   🔄 Actualizando product ID90...
[2026-02-03 12:38:17] [DEBUG]   🔄 Actualizando product IMP-ASEO...
[2026-02-03 12:38:17] [DEBUG]   🔄 Actualizando product INPODS INALAMBRICOS...
[2026-02-03 12:38:17] [DEBUG]   🔄 Actualizando product JBL J-04...
[2026-02-03 12:38:17] [DEBUG]   🔄 Actualizando product JUEGO-GEOMETRICO...
[2026-02-03 12:38:17] [DEBUG]   🔄 Actualizando product K1MCOLORES...
[2026-02-03 12:38:17] [DEBUG]   🔄 Actualizando product K8...
[2026-02-03 12:38:17] [DEBUG]   🔄 Actualizando product KBS-1301...
[2026-02-03 12:38:17] [DEBUG]   🔄 Actualizando product KIN-OTG...
[2026-02-03 12:38:17] [DEBUG]   🔄 Actualizando product KVR133D3N9/4G...
[2026-02-03 12:38:17] [DEBUG]   🔄 Actualizando product KY-192...
[2026-02-03 12:38:17] [DEBUG]   🔄 Actualizando product LAMINA PARA PLASTIFICAR...
[2026-02-03 12:38:17] [DEBUG]   🔄 Actualizando product LAMPARA...
[2026-02-03 12:38:17] [DEBUG]   🔄 Actualizando product LAMPARA 3 LUCES...
[2026-02-03 12:38:17] [DEBUG]   🔄 Actualizando product LAMPARA DE MESA...
[2026-02-03 12:38:17] [DEBUG]   🔄 Actualizando product LAMPARA MESA TIPO BARRA...
[2026-02-03 12:38:17] [DEBUG]   🔄 Actualizando product LAPICERO BIC NEGRO Y AZUL...
[2026-02-03 12:38:17] [DEBUG]   🔄 Actualizando product LAPIZ...
[2026-02-03 12:38:17] [DEBUG]   🔄 Actualizando product LAPIZ AMAZON BASICS...
[2026-02-03 12:38:17] [DEBUG]   🔄 Actualizando product LAPIZ DOBLE PUNTA AZUL/ROJO...
[2026-02-03 12:38:17] [DEBUG]   🔄 Actualizando product LDO-C600-MICRO...
[2026-02-03 12:38:17] [DEBUG]   🔄 Actualizando product LDO-CX150 MICRO...
[2026-02-03 12:38:17] [DEBUG]   🔄 Actualizando product LED024...
[2026-02-03 12:38:17] [DEBUG]   🔄 Actualizando product LED113...
[2026-02-03 12:38:17] [DEBUG]   🔄 Actualizando product LIBRE01...
[2026-02-03 12:38:17] [DEBUG]   🔄 Actualizando product LIBTA-EMP-100H...
[2026-02-03 12:38:17] [DEBUG]   🔄 Actualizando product LICENCIAMULTI...
[2026-02-03 12:38:17] [DEBUG]   🔄 Actualizando product LINTERNA LED LY 825...
[2026-02-03 12:38:17] [DEBUG]   🔄 Actualizando product LK87...
[2026-02-03 12:38:17] [DEBUG]   🔄 Actualizando product LLAVERO UPPOMI...
[2026-02-03 12:38:17] [DEBUG]   🔄 Actualizando product LUCES LED SENSORIALES AMAZON...
[2026-02-03 12:38:17] [DEBUG]   🔄 Actualizando product LUZ LAMPARA MESA BRAZO...
[2026-02-03 12:38:17] [DEBUG]   🔄 Actualizando product MACADOR-NEGRO...
[2026-02-03 12:38:17] [DEBUG]   🔄 Actualizando product MARCADOR-00...
[2026-02-03 12:38:17] [DEBUG]   🔄 Actualizando product MARC-DELGADOS MAX45...
[2026-02-03 12:38:17] [DEBUG]   🔄 Actualizando product MARC-GRUESO...
[2026-02-03 12:38:17] [DEBUG]   🔄 Actualizando product MARC-OK92L...
[2026-02-03 12:38:17] [DEBUG]   🔄 Actualizando product MARC-OK93...
[2026-02-03 12:38:17] [DEBUG]   🔄 Actualizando product MAR-OK91...
[2026-02-03 12:38:17] [DEBUG]   🔄 Actualizando product MB-MA64E...
[2026-02-03 12:38:17] [DEBUG]   🔄 Actualizando product ME-MA32E...
[2026-02-03 12:38:17] [DEBUG]   🔄 Actualizando product MI HEADSET NARANJA...
[2026-02-03 12:38:17] [DEBUG]   🔄 Actualizando product MINI EXACTOS...
[2026-02-03 12:38:17] [DEBUG]   🔄 Actualizando product MINI HUMIFICADOR...
[2026-02-03 12:38:17] [DEBUG]   🔄 Actualizando product MINI VENTILADOR...
[2026-02-03 12:38:17] [DEBUG]   🔄 Actualizando product M-L-L...
[2026-02-03 12:38:17] [DEBUG]   🔄 Actualizando product M-L-L-2...
[2026-02-03 12:38:17] [DEBUG]   🔄 Actualizando product MLTD 111S...
[2026-02-03 12:38:17] [DEBUG]   🔄 Actualizando product MOSQUITERO...
[2026-02-03 12:38:17] [DEBUG]   🔄 Actualizando product MOUSE GAMING HP S600...
[2026-02-03 12:38:17] [DEBUG]   🔄 Actualizando product MOUSE HP RECARGABLE...
[2026-02-03 12:38:17] [DEBUG]   🔄 Actualizando product MOUSE TJ-1 GAMING TINJI...
[2026-02-03 12:38:17] [DEBUG]   🔄 Actualizando product MOUSE TJ-3 GAMING TINJI...
[2026-02-03 12:38:17] [DEBUG]   🔄 Actualizando product MOUSE TJ-7...
[2026-02-03 12:38:17] [DEBUG]   🔄 Actualizando product MOUSE-MIXIE...
[2026-02-03 12:38:17] [DEBUG]   🔄 Actualizando product MOUSE-TJ-10...
[2026-02-03 12:38:17] [DEBUG]   🔄 Actualizando product MR1909...
[2026-02-03 12:38:18] [DEBUG]   🔄 Actualizando product MSATA SSD...
[2026-02-03 12:38:18] [DEBUG]   🔄 Actualizando product MS-HP510A...
[2026-02-03 12:38:18] [DEBUG]   🔄 Actualizando product MU-CU3X3...
[2026-02-03 12:38:18] [DEBUG]   🔄 Actualizando product MUF-16BE...
[2026-02-03 12:38:18] [DEBUG]   🔄 Actualizando product MUF-64BE...
[2026-02-03 12:38:18] [DEBUG]   🔄 Actualizando product MU-RM-5U...
[2026-02-03 12:38:18] [DEBUG]   🔄 Actualizando product NANFU AAA...
[2026-02-03 12:38:18] [DEBUG]   🔄 Actualizando product NANO...
[2026-02-03 12:38:18] [DEBUG]   🔄 Actualizando product NOMINA...
[2026-02-03 12:38:18] [DEBUG]   🔄 Actualizando product NOT-ADH-3X3...
[2026-02-03 12:38:18] [DEBUG]   🔄 Actualizando product OK-05...
[2026-02-03 12:38:18] [DEBUG]   🔄 Actualizando product OPALINA...
[2026-02-03 12:38:18] [DEBUG]   🔄 Actualizando product ORIN CERTIFICADO...
[2026-02-03 12:38:18] [DEBUG]   🔄 Actualizando product OTG MICRO BLISTER...
[2026-02-03 12:38:18] [DEBUG]   🔄 Actualizando product OTG-TC-06...
[2026-02-03 12:38:18] [DEBUG]   🔄 Actualizando product PAGO DE COMISION ML...
[2026-02-03 12:38:18] [DEBUG]   🔄 Actualizando product PAGO RECARGAS...
[2026-02-03 12:38:18] [DEBUG]   🔄 Actualizando product PANEL SOLAR...
[2026-02-03 12:38:18] [DEBUG]   🔄 Actualizando product PAPEL BOND...
[2026-02-03 12:38:18] [DEBUG]   🔄 Actualizando product PAPEL FOTOGRAFICO 180G...
[2026-02-03 12:38:18] [DEBUG]   🔄 Actualizando product PASAJE...
[2026-02-03 12:38:18] [DEBUG]   🔄 Actualizando product PBPCS...
[2026-02-03 12:38:18] [DEBUG]   🔄 Actualizando product PEG-3...
[2026-02-03 12:38:18] [DEBUG]   🔄 Actualizando product PERFORADOR...
[2026-02-03 12:38:18] [DEBUG]   🔄 Actualizando product PERF-PH-15A...
[2026-02-03 12:38:18] [DEBUG]   🔄 Actualizando product PERFUME-01...
[2026-02-03 12:38:18] [DEBUG]   🔄 Actualizando product PERFUME-02...
[2026-02-03 12:38:18] [DEBUG]   🔄 Actualizando product PERFUME-03...
[2026-02-03 12:38:18] [DEBUG]   🔄 Actualizando product PESO...
[2026-02-03 12:38:18] [DEBUG]   🔄 Actualizando product PESO-00...
[2026-02-03 12:38:18] [DEBUG]   🔄 Actualizando product PHONE HOLDER...
[2026-02-03 12:38:18] [DEBUG]   🔄 Actualizando product PINTURA-00...
[2026-02-03 12:38:18] [DEBUG]   🔄 Actualizando product PINZA...
[2026-02-03 12:38:18] [DEBUG]   🔄 Actualizando product PIZARRA-00...
[2026-02-03 12:38:18] [DEBUG]   🔄 Actualizando product PLASTIFICACION-...
[2026-02-03 12:38:18] [DEBUG]   🔄 Actualizando product POLVO CACAO 250 GR...
[2026-02-03 12:38:18] [DEBUG]   🔄 Actualizando product POLVO CACAO 500 GR...
[2026-02-03 12:38:18] [DEBUG]   🔄 Actualizando product PORTA CARNET...
[2026-02-03 12:38:18] [DEBUG]   🔄 Actualizando product PORTARETRARO...
[2026-02-03 12:38:18] [DEBUG]   🔄 Actualizando product POWER BANK MAGSAFE...
[2026-02-03 12:38:18] [DEBUG]   🔄 Actualizando product POWER BANK MAGSAFE 5 MIL MAH...
[2026-02-03 12:38:18] [DEBUG]   🔄 Actualizando product POWER BANK SOLAR YELOMIN 42800...
[2026-02-03 12:38:18] [DEBUG]   🔄 Actualizando product PR-0-0143...
[2026-02-03 12:38:18] [DEBUG]   🔄 Actualizando product PRESTAMO...
[2026-02-03 12:38:18] [DEBUG]   🔄 Actualizando product PRESTAMO-01...
[2026-02-03 12:38:18] [DEBUG]   🔄 Actualizando product PROTECTOR DE VOLTAJE...
[2026-02-03 12:38:18] [DEBUG]   🔄 Actualizando product PTO278-285...
[2026-02-03 12:38:18] [DEBUG]   🔄 Actualizando product PULSERA NIÑOS AIRTAG...
[2026-02-03 12:38:18] [DEBUG]   🔄 Actualizando product PULSERA-00...
[2026-02-03 12:38:18] [DEBUG]   🔄 Actualizando product RAD-T6 MINI...
[2026-02-03 12:38:18] [DEBUG]   🔄 Actualizando product RCA-JK...
[2026-02-03 12:38:18] [DEBUG]   🔄 Actualizando product RECEPTOR WIFI DOBLE BANDA...
[2026-02-03 12:38:18] [DEBUG]   🔄 Actualizando product REG-PLAST-30CM...
[2026-02-03 12:38:18] [DEBUG]   🔄 Actualizando product REG-UPPOMI-2064U AZUL...
[2026-02-03 12:38:18] [DEBUG]   🔄 Actualizando product REG-UPPOMI-2064U VERDE...
[2026-02-03 12:38:18] [DEBUG]   🔄 Actualizando product REG-UPPOMI-LH-K2500W...
[2026-02-03 12:38:18] [DEBUG]   🔄 Actualizando product RELOJ-00...
[2026-02-03 12:38:18] [DEBUG]   🔄 Actualizando product REPELENTE...
[2026-02-03 12:38:18] [DEBUG]   🔄 Actualizando product REPUESTO FLORES...
[2026-02-03 12:38:18] [DEBUG]   🔄 Actualizando product RESALT-VERDE...
[2026-02-03 12:38:18] [DEBUG]   🔄 Actualizando product RESMA- EXECUTIVE...
[2026-02-03 12:38:18] [DEBUG]   🔄 Actualizando product RESMAHPOFICIO...
[2026-02-03 12:38:18] [DEBUG]   🔄 Actualizando product RES-OFIC-CHAMEX...
[2026-02-03 12:38:18] [DEBUG]   🔄 Actualizando product RES-PAP-OFIC HAMMERMILL...
[2026-02-03 12:38:18] [DEBUG]   🔄 Actualizando product RES-PRINTON...
[2026-02-03 12:38:18] [DEBUG]   🔄 Actualizando product RETRACTIL NEGRO/AZUL AMAZON...
[2026-02-03 12:38:18] [DEBUG]   🔄 Actualizando product REVISION...
[2026-02-03 12:38:18] [DEBUG]   🔄 Actualizando product RIMER...
[2026-02-03 12:38:18] [DEBUG]   🔄 Actualizando product ROLLO-PUNTO...
[2026-02-03 12:38:18] [DEBUG]   🔄 Actualizando product ROU-025...
[2026-02-03 12:38:18] [DEBUG]   🔄 Actualizando product RP...
[2026-02-03 12:38:18] [DEBUG]   🔄 Actualizando product RQ-CH-09...
[2026-02-03 12:38:18] [DEBUG]   🔄 Actualizando product S8TRAVEL ADAPTER...
[2026-02-03 12:38:18] [DEBUG]   🔄 Actualizando product SD-CF-8GB...
[2026-02-03 12:38:18] [DEBUG]   🔄 Actualizando product SER-VARIOS...
[2026-02-03 12:38:18] [DEBUG]   🔄 Actualizando product S-G...
[2026-02-03 12:38:18] [DEBUG]   🔄 Actualizando product SOBRE DE BROCHE CARTA...
[2026-02-03 12:38:18] [DEBUG]   🔄 Actualizando product SOBRE MANILA CARTA...
[2026-02-03 12:38:18] [DEBUG]   🔄 Actualizando product SOBRE MANILA OFICIO...
[2026-02-03 12:38:18] [DEBUG]   🔄 Actualizando product SOBRES BLANCO #11 MEDIA CARTA...
[2026-02-03 12:38:18] [DEBUG]   🔄 Actualizando product SOCATE ON-OFF...
[2026-02-03 12:38:18] [DEBUG]   🔄 Actualizando product SOLID-STATE DRIVE...
[2026-02-03 12:38:18] [DEBUG]   🔄 Actualizando product SOMBRAS...
[2026-02-03 12:38:18] [DEBUG]   🔄 Actualizando product SREV-MOVILNET...
[2026-02-03 12:38:18] [DEBUG]   🔄 Actualizando product SS-065...
[2026-02-03 12:38:18] [DEBUG]   🔄 Actualizando product ST-01701...
[2026-02-03 12:38:18] [DEBUG]   🔄 Actualizando product ST-03556-B...
[2026-02-03 12:38:18] [DEBUG]   🔄 Actualizando product ST-03905...
[2026-02-03 12:38:18] [DEBUG]   🔄 Actualizando product ST-MS-951B...
[2026-02-03 12:38:18] [DEBUG]   🔄 Actualizando product TABLAS-00...
[2026-02-03 12:38:18] [DEBUG]   🔄 Actualizando product TABLET 10 PULGADAS AMAZON...
[2026-02-03 12:38:18] [DEBUG]   🔄 Actualizando product TABLET 4 RAM VERDE...
[2026-02-03 12:38:18] [DEBUG]   🔄 Actualizando product TABLET 7 PULAGADAS AMAZON...
[2026-02-03 12:38:18] [DEBUG]   🔄 Actualizando product TABLET NEGRA 7 INCH 3 RAM...
[2026-02-03 12:38:18] [DEBUG]   🔄 Actualizando product TABLET PARA NIÑOS 7 INCH...
[2026-02-03 12:38:18] [DEBUG]   🔄 Actualizando product TAC-CL01...
[2026-02-03 12:38:18] [DEBUG]   🔄 Actualizando product TAC-SAMSUG5G...
[2026-02-03 12:38:18] [DEBUG]   🔄 Actualizando product TAP-001...
[2026-02-03 12:38:18] [DEBUG]   🔄 Actualizando product TD-T35...
[2026-02-03 12:38:18] [DEBUG]   🔄 Actualizando product TE-1...
[2026-02-03 12:38:18] [DEBUG]   🔄 Actualizando product TERCER BRAZO...
[2026-02-03 12:38:18] [DEBUG]   🔄 Actualizando product TIJERA...
[2026-02-03 12:38:18] [DEBUG]   🔄 Actualizando product TINTA T544...
[2026-02-03 12:38:18] [DEBUG]   🔄 Actualizando product TINTA T544 COLORES...
[2026-02-03 12:38:18] [DEBUG]   🔄 Actualizando product TINTA T664...
[2026-02-03 12:38:18] [DEBUG]   🔄 Actualizando product TINTA T664 AMARILLA...
[2026-02-03 12:38:18] [DEBUG]   🔄 Actualizando product TINTA T664 CELESTE...
[2026-02-03 12:38:18] [DEBUG]   🔄 Actualizando product TINTA T664 NEGRA...
[2026-02-03 12:38:18] [DEBUG]   🔄 Actualizando product TIRRO...
[2026-02-03 12:38:18] [DEBUG]   🔄 Actualizando product TJ-11 MOUSE GAMER...
[2026-02-03 12:38:18] [DEBUG]   🔄 Actualizando product TONER-104...
[2026-02-03 12:38:18] [DEBUG]   🔄 Actualizando product TONER-137/83A...
[2026-02-03 12:38:18] [DEBUG]   🔄 Actualizando product TONER-COMP-CANON...
[2026-02-03 12:38:18] [DEBUG]   🔄 Actualizando product TONER-COMP-HP...
[2026-02-03 12:38:18] [DEBUG]   🔄 Actualizando product TONER-HP...
[2026-02-03 12:38:18] [DEBUG]   🔄 Actualizando product TONER-MXP-MLTD101S...
[2026-02-03 12:38:18] [DEBUG]   🔄 Actualizando product TONER-STAMPRINT...
[2026-02-03 12:38:18] [DEBUG]   🔄 Actualizando product TP101...
[2026-02-03 12:38:18] [DEBUG]   🔄 Actualizando product TRIPOIDE PARA SELFIE...
[2026-02-03 12:38:18] [DEBUG]   🔄 Actualizando product TWS I18...
[2026-02-03 12:38:18] [DEBUG]   🔄 Actualizando product USB FLASH DRIVE...
[2026-02-03 12:38:18] [DEBUG]   🔄 Actualizando product USB-4PTO-HUB...
[2026-02-03 12:38:18] [DEBUG]   🔄 Actualizando product USB-7PTO-HUB...
[2026-02-03 12:38:18] [DEBUG]   🔄 Actualizando product VARIOS SERVICIOS...
[2026-02-03 12:38:18] [DEBUG]   🔄 Actualizando product WD2500AAKX...
[2026-02-03 12:38:18] [DEBUG]   🔄 Actualizando product X002UZCVP1...
[2026-02-03 12:38:18] [DEBUG]   🔄 Actualizando product X0033B2V51...
[2026-02-03 12:38:18] [DEBUG]   🔄 Actualizando product X003CGDNHH...
[2026-02-03 12:38:18] [DEBUG]   🔄 Actualizando product X003D43FOJ...
[2026-02-03 12:38:18] [DEBUG]   🔄 Actualizando product X003Z1RAMD...
[2026-02-03 12:38:18] [DEBUG]   🔄 Actualizando product X004AT548L...
[2026-02-03 12:38:18] [DEBUG]   🔄 Actualizando product X6 USB STANDARD...
[2026-02-03 12:38:18] [DEBUG]   🔄 Actualizando product X-CABLE...
[2026-02-03 12:38:18] [DEBUG]   🔄 Actualizando product X-IZ...
[2026-02-03 12:38:18] [SUCCESS] ✅ Products completados: 0 nuevos, 778 modificados, 0 errores
[2026-02-03 12:38:18] [INFO] 
[2026-02-03 12:38:18] [INFO] 💰 SINCRONIZANDO QUOTES (MySQL → PostgreSQL)...
[2026-02-03 12:38:18] [INFO]    📋 Nuevos: 1 | Modificados: 0
[2026-02-03 12:38:18] [DEBUG] IP pública obtenida: 131.72.168.71
[2026-02-03 12:38:18] [DEBUG] MAC address obtenida: af:18:fd:b4:b8:4c
[2026-02-03 12:38:18] [DEBUG] Geolocalización obtenida: 10.4873, -66.8738
[2026-02-03 12:38:19] [DEBUG] IP pública obtenida: 131.72.168.71
[2026-02-03 12:38:19] [DEBUG] MAC address obtenida: af:18:fd:b4:b8:4c
[2026-02-03 12:38:19] [DEBUG] System log registrado: action=quotes - CREATE, key=153, ip=131.72.168.71
[2026-02-03 12:38:19] [DEBUG]   Procesando quote #153...
[2026-02-03 12:38:19] [DEBUG]   ℹ️ Usando station: 00
[2026-02-03 12:38:19] [DEBUG]   👤 Customer TEST001 ya existe en PostgreSQL
[2026-02-03 12:38:19] [DEBUG]   📦 Verificando 1 products del quote...
[2026-02-03 12:38:20] [DEBUG]   Quote #153 insertado con correlative=30243 (auto-generado)
[2026-02-03 12:38:20] [DEBUG]   ✅ Costos actualizados desde detalles: net_cost=3.00, tax_cost=0.48, cost=3.48
[2026-02-03 12:38:20] [SUCCESS] ✅ Quotes completados: 1 nuevos, 0 modificados, 0 errores
[2026-02-03 12:38:20] [INFO] 
[2026-02-03 12:38:20] [INFO] 🔄 SINCRONIZANDO ESTADOS DE QUOTES...
[2026-02-03 12:38:20] [INFO] Sincronizando estados de quotes (PostgreSQL → MySQL)...
[2026-02-03 12:38:20] [ERROR] Error sincronizando estados de quotes: no existe la relación «mysql.quotes»
LINE 9:                   SELECT 1 FROM mysql.quotes q
                                        ^

[2026-02-03 12:38:20] [INFO] 
[2026-02-03 12:38:20] [INFO] ╔════════════════════════════════════════════════════════════════╗
[2026-02-03 12:38:20] [INFO] ║                    RESUMEN DE SINCRONIZACIÓN                    ║
[2026-02-03 12:38:20] [INFO] ╚════════════════════════════════════════════════════════════════╝
[2026-02-03 12:38:20] [SUCCESS] Products:   0 nuevos, 778 modificados, 0 inactivados
[2026-02-03 12:38:20] [SUCCESS] Customers:  0 nuevos, 0 modificados
[2026-02-03 12:38:20] [SUCCESS] Categories: 0 nuevos, 0 modificados
[2026-02-03 12:38:20] [SUCCESS] Sellers:    0 nuevos, 0 actualizados
[2026-02-03 12:38:20] [SUCCESS] Quotes:     1 nuevos (MySQL→PG), 0 estados actualizados
[2026-02-03 12:38:20] [INFO] Duración:   11.81 segundos
[2026-02-03 12:38:20] [INFO] 
[2026-02-03 12:38:20] [WARNING] ⚠️ SINCRONIZACIÓN COMPLETADA CON ERRORES
[2026-02-03 12:38:20] [INFO] === SINCRONIZACIÓN COMPLETADA ===
[2026-02-03 12:38:20] [SUCCESS] ✅ Sincronización completada exitosamente
[2026-02-11 21:35:21] [INFO] Conectado a PostgreSQL
[2026-02-11 21:35:22] [INFO] Conectado a MySQL
[2026-02-11 21:36:26] [INFO] === INICIANDO SINCRONIZACIÓN ===
[2026-02-11 21:36:26] [WARNING] Sistema de notificaciones no disponible (pip install win10toast)
[2026-02-11 21:36:26] [INFO] Verificando/creando tabla sync_hashes...
[2026-02-11 21:36:26] [WARNING]   ⚠️ Error creando índice 'idx_sync_hashes_lookup': la relación «idx_sync_hashes_lookup» ya existe

[2026-02-11 21:36:26] [WARNING]   ⚠️ Error creando índice 'idx_sync_hashes_table': la relación «idx_sync_hashes_table» ya existe

[2026-02-11 21:36:26] [SUCCESS] ✅ Tabla sync_hashes lista
[2026-02-11 21:36:26] [INFO] 
[2026-02-11 21:36:26] [INFO] ╔════════════════════════════════════════════════════════════════╗
[2026-02-11 21:36:26] [INFO] ║          SINCRONIZACIÓN INTELIGENTE CON TABLA DE HASHES          ║
[2026-02-11 21:36:26] [INFO] ╚════════════════════════════════════════════════════════════════╝
[2026-02-11 21:36:26] [INFO] 
[2026-02-11 21:36:26] [SUCCESS] ✅ Conectado a PostgreSQL
[2026-02-11 21:36:27] [SUCCESS] ✅ Conectado a MySQL (pymysql)
[2026-02-11 21:36:27] [DEBUG]    Host: 91.238.160.176
[2026-02-11 21:36:27] [DEBUG]    Port: 3306
[2026-02-11 21:36:27] [DEBUG]    Database: chrystal_movil
[2026-02-11 21:36:27] [INFO] 🔍 Buscando empresa: RIF=J502741283, Email=multiserviciosleblanc@gmail.com
[2026-02-11 21:36:27] [DEBUG]   🔍 Verificando tabla 'acceso'...
[2026-02-11 21:36:27] [SUCCESS]   ✅ Empresa encontrada en tabla 'acceso'
[2026-02-11 21:36:27] [DEBUG]   🔍 Buscando en tabla 'companies'...
[2026-02-11 21:36:27] [WARNING]   ⚠️ Empresa no encontrada en 'companies', creando registro...
[2026-02-11 21:36:27] [INFO]   💡 Si esto es un error, usa app.py para sincronizar la empresa primero
[2026-02-11 21:36:28] [SUCCESS] ✅ Nueva empresa creada:  (ID: 74)
[2026-02-11 21:36:28] [INFO] Detectando cambios en products...
[2026-02-11 21:36:28] [DEBUG]   ✨ NUEVO: 001
[2026-02-11 21:36:28] [DEBUG]   ✨ NUEVO: 002
[2026-02-11 21:36:28] [DEBUG]   ✨ NUEVO: 003
[2026-02-11 21:36:28] [DEBUG]   ✨ NUEVO: 004
[2026-02-11 21:36:28] [DEBUG]   ✨ NUEVO: 0040962166604
[2026-02-11 21:36:28] [DEBUG]   ✨ NUEVO: 005
[2026-02-11 21:36:28] [DEBUG]   ✨ NUEVO: 006
[2026-02-11 21:36:28] [DEBUG]   ✨ NUEVO: 007
[2026-02-11 21:36:28] [DEBUG]   ✨ NUEVO: 008
[2026-02-11 21:36:28] [DEBUG]   ✨ NUEVO: 009
[2026-02-11 21:36:28] [DEBUG]   ✨ NUEVO: 01
[2026-02-11 21:36:28] [DEBUG]   ✨ NUEVO: 010
[2026-02-11 21:36:28] [DEBUG]   ✨ NUEVO: 01009
[2026-02-11 21:36:28] [DEBUG]   ✨ NUEVO: 011
[2026-02-11 21:36:28] [DEBUG]   ✨ NUEVO: 012
[2026-02-11 21:36:28] [DEBUG]   ✨ NUEVO: 013
[2026-02-11 21:36:28] [DEBUG]   ✨ NUEVO: 0137137400038
[2026-02-11 21:36:28] [DEBUG]   ✨ NUEVO: 0137137400068
[2026-02-11 21:36:28] [DEBUG]   ✨ NUEVO: 014
[2026-02-11 21:36:28] [DEBUG]   ✨ NUEVO: 015
[2026-02-11 21:36:28] [DEBUG]   ✨ NUEVO: 016
[2026-02-11 21:36:28] [DEBUG]   ✨ NUEVO: 017
[2026-02-11 21:36:28] [DEBUG]   ✨ NUEVO: 018
[2026-02-11 21:36:28] [DEBUG]   ✨ NUEVO: 019
[2026-02-11 21:36:28] [DEBUG]   ✨ NUEVO: 02
[2026-02-11 21:36:28] [DEBUG]   ✨ NUEVO: 020
[2026-02-11 21:36:28] [DEBUG]   ✨ NUEVO: 02004
[2026-02-11 21:36:28] [DEBUG]   ✨ NUEVO: 021
[2026-02-11 21:36:28] [DEBUG]   ✨ NUEVO: 022
[2026-02-11 21:36:28] [DEBUG]   ✨ NUEVO: 023
[2026-02-11 21:36:28] [DEBUG]   ✨ NUEVO: 024
[2026-02-11 21:36:28] [DEBUG]   ✨ NUEVO: 025
[2026-02-11 21:36:28] [DEBUG]   ✨ NUEVO: 026
[2026-02-11 21:36:28] [DEBUG]   ✨ NUEVO: 027
[2026-02-11 21:36:28] [DEBUG]   ✨ NUEVO: 028
[2026-02-11 21:36:28] [DEBUG]   ✨ NUEVO: 029
[2026-02-11 21:36:28] [DEBUG]   ✨ NUEVO: 030
[2026-02-11 21:36:28] [DEBUG]   ✨ NUEVO: 031
[2026-02-11 21:36:28] [DEBUG]   ✨ NUEVO: 031655531908
[2026-02-11 21:36:28] [DEBUG]   ✨ NUEVO: 032
[2026-02-11 21:36:28] [DEBUG]   ✨ NUEVO: 033
[2026-02-11 21:36:28] [DEBUG]   ✨ NUEVO: 034
[2026-02-11 21:36:28] [DEBUG]   ✨ NUEVO: 035
[2026-02-11 21:36:28] [DEBUG]   ✨ NUEVO: 036
[2026-02-11 21:36:28] [DEBUG]   ✨ NUEVO: 037
[2026-02-11 21:36:28] [DEBUG]   ✨ NUEVO: 038
[2026-02-11 21:36:28] [DEBUG]   ✨ NUEVO: 039
[2026-02-11 21:36:28] [DEBUG]   ✨ NUEVO: 040
[2026-02-11 21:36:28] [DEBUG]   ✨ NUEVO: 041
[2026-02-11 21:36:28] [DEBUG]   ✨ NUEVO: 042
[2026-02-11 21:36:28] [DEBUG]   ✨ NUEVO: 043
[2026-02-11 21:36:28] [DEBUG]   ✨ NUEVO: 044
[2026-02-11 21:36:28] [DEBUG]   ✨ NUEVO: 045
[2026-02-11 21:36:28] [DEBUG]   ✨ NUEVO: 046
[2026-02-11 21:36:28] [DEBUG]   ✨ NUEVO: 046500017919
[2026-02-11 21:36:28] [DEBUG]   ✨ NUEVO: 046500761911
[2026-02-11 21:36:28] [DEBUG]   ✨ NUEVO: 047
[2026-02-11 21:36:28] [DEBUG]   ✨ NUEVO: 048
[2026-02-11 21:36:28] [DEBUG]   ✨ NUEVO: 049
[2026-02-11 21:36:28] [DEBUG]   ✨ NUEVO: 050
[2026-02-11 21:36:28] [DEBUG]   ✨ NUEVO: 051
[2026-02-11 21:36:28] [DEBUG]   ✨ NUEVO: 052
[2026-02-11 21:36:28] [DEBUG]   ✨ NUEVO: 053
[2026-02-11 21:36:28] [DEBUG]   ✨ NUEVO: 054
[2026-02-11 21:36:28] [DEBUG]   ✨ NUEVO: 055
[2026-02-11 21:36:28] [DEBUG]   ✨ NUEVO: 056
[2026-02-11 21:36:28] [DEBUG]   ✨ NUEVO: 057
[2026-02-11 21:36:28] [DEBUG]   ✨ NUEVO: 058
[2026-02-11 21:36:28] [DEBUG]   ✨ NUEVO: 059
[2026-02-11 21:36:28] [DEBUG]   ✨ NUEVO: 060
[2026-02-11 21:36:28] [DEBUG]   ✨ NUEVO: 061
[2026-02-11 21:36:28] [DEBUG]   ✨ NUEVO: 062
[2026-02-11 21:36:28] [DEBUG]   ✨ NUEVO: 063
[2026-02-11 21:36:28] [DEBUG]   ✨ NUEVO: 0638126959492
[2026-02-11 21:36:28] [DEBUG]   ✨ NUEVO: 064
[2026-02-11 21:36:28] [DEBUG]   ✨ NUEVO: 065
[2026-02-11 21:36:28] [DEBUG]   ✨ NUEVO: 0651536393441
[2026-02-11 21:36:28] [DEBUG]   ✨ NUEVO: 066
[2026-02-11 21:36:28] [DEBUG]   ✨ NUEVO: 067
[2026-02-11 21:36:28] [DEBUG]   ✨ NUEVO: 068
[2026-02-11 21:36:28] [DEBUG]   ✨ NUEVO: 069
[2026-02-11 21:36:28] [DEBUG]   ✨ NUEVO: 070
[2026-02-11 21:36:28] [DEBUG]   ✨ NUEVO: 071
[2026-02-11 21:36:28] [DEBUG]   ✨ NUEVO: 071641300019
[2026-02-11 21:36:28] [DEBUG]   ✨ NUEVO: 072
[2026-02-11 21:36:28] [DEBUG]   ✨ NUEVO: 073
[2026-02-11 21:36:28] [DEBUG]   ✨ NUEVO: 074
[2026-02-11 21:36:28] [DEBUG]   ✨ NUEVO: 075
[2026-02-11 21:36:28] [DEBUG]   ✨ NUEVO: 076
[2026-02-11 21:36:28] [DEBUG]   ✨ NUEVO: 077
[2026-02-11 21:36:28] [DEBUG]   ✨ NUEVO: 078
[2026-02-11 21:36:28] [DEBUG]   ✨ NUEVO: 079
[2026-02-11 21:36:28] [DEBUG]   ✨ NUEVO: 080
[2026-02-11 21:36:28] [DEBUG]   ✨ NUEVO: 081
[2026-02-11 21:36:28] [DEBUG]   ✨ NUEVO: 083
[2026-02-11 21:36:28] [DEBUG]   ✨ NUEVO: 084
[2026-02-11 21:36:28] [DEBUG]   ✨ NUEVO: 085
[2026-02-11 21:36:28] [DEBUG]   ✨ NUEVO: 086
[2026-02-11 21:36:28] [DEBUG]   ✨ NUEVO: 087
[2026-02-11 21:36:28] [DEBUG]   ✨ NUEVO: 088
[2026-02-11 21:36:28] [DEBUG]   ✨ NUEVO: 089
[2026-02-11 21:36:28] [DEBUG]   ✨ NUEVO: 090
[2026-02-11 21:36:28] [DEBUG]   ✨ NUEVO: 091
[2026-02-11 21:36:28] [DEBUG]   ✨ NUEVO: 092
[2026-02-11 21:36:28] [DEBUG]   ✨ NUEVO: 093
[2026-02-11 21:36:28] [DEBUG]   ✨ NUEVO: 094
[2026-02-11 21:36:28] [DEBUG]   ✨ NUEVO: 095
[2026-02-11 21:36:28] [DEBUG]   ✨ NUEVO: 096
[2026-02-11 21:36:28] [DEBUG]   ✨ NUEVO: 097
[2026-02-11 21:36:28] [DEBUG]   ✨ NUEVO: 098
[2026-02-11 21:36:28] [DEBUG]   ✨ NUEVO: 099
[2026-02-11 21:36:28] [DEBUG]   ✨ NUEVO: 100
[2026-02-11 21:36:28] [DEBUG]   ✨ NUEVO: 101
[2026-02-11 21:36:28] [DEBUG]   ✨ NUEVO: 10100000106
[2026-02-11 21:36:28] [DEBUG]   ✨ NUEVO: 10100000203
[2026-02-11 21:36:28] [DEBUG]   ✨ NUEVO: 102
[2026-02-11 21:36:28] [DEBUG]   ✨ NUEVO: 103
[2026-02-11 21:36:28] [DEBUG]   ✨ NUEVO: 104
[2026-02-11 21:36:28] [DEBUG]   ✨ NUEVO: 105
[2026-02-11 21:36:28] [DEBUG]   ✨ NUEVO: 106
[2026-02-11 21:36:28] [DEBUG]   ✨ NUEVO: 107
[2026-02-11 21:36:28] [DEBUG]   ✨ NUEVO: 108
[2026-02-11 21:36:28] [DEBUG]   ✨ NUEVO: 109
[2026-02-11 21:36:28] [DEBUG]   ✨ NUEVO: 110
[2026-02-11 21:36:28] [DEBUG]   ✨ NUEVO: 111
[2026-02-11 21:36:28] [DEBUG]   ✨ NUEVO: 112
[2026-02-11 21:36:28] [DEBUG]   ✨ NUEVO: 113
[2026-02-11 21:36:28] [DEBUG]   ✨ NUEVO: 114
[2026-02-11 21:36:28] [DEBUG]   ✨ NUEVO: 115
[2026-02-11 21:36:28] [DEBUG]   ✨ NUEVO: 116
[2026-02-11 21:36:28] [DEBUG]   ✨ NUEVO: 117
[2026-02-11 21:36:28] [DEBUG]   ✨ NUEVO: 118
[2026-02-11 21:36:28] [DEBUG]   ✨ NUEVO: 119
[2026-02-11 21:36:28] [DEBUG]   ✨ NUEVO: 123
[2026-02-11 21:36:28] [DEBUG]   ✨ NUEVO: 16042002
[2026-02-11 21:36:28] [DEBUG]   ✨ NUEVO: 16326002
[2026-02-11 21:36:28] [DEBUG]   ✨ NUEVO: 1666141661112
[2026-02-11 21:36:28] [DEBUG]   ✨ NUEVO: 194252151037
[2026-02-11 21:36:28] [DEBUG]   ✨ NUEVO: 194850587290
[2026-02-11 21:36:28] [DEBUG]   ✨ NUEVO: 2001800043000
[2026-02-11 21:36:28] [DEBUG]   ✨ NUEVO: 2064U
[2026-02-11 21:36:28] [DEBUG]   ✨ NUEVO: 2190PAM1
[2026-02-11 21:36:28] [DEBUG]   ✨ NUEVO: 2467574075480
[2026-02-11 21:36:28] [DEBUG]   ✨ NUEVO: 3303201707318
[2026-02-11 21:36:28] [DEBUG]   ✨ NUEVO: 37192.61
[2026-02-11 21:36:28] [DEBUG]   ✨ NUEVO: 41250.51
[2026-02-11 21:36:28] [DEBUG]   ✨ NUEVO: 4443436520173
[2026-02-11 21:36:28] [DEBUG]   ✨ NUEVO: 4650125480155
[2026-02-11 21:36:28] [DEBUG]   ✨ NUEVO: 4712927861874
[2026-02-11 21:36:28] [DEBUG]   ✨ NUEVO: 47661800763561
[2026-02-11 21:36:28] [DEBUG]   ✨ NUEVO: 4786234500641
[2026-02-11 21:36:28] [DEBUG]   ✨ NUEVO: 4786234500658
[2026-02-11 21:36:28] [DEBUG]   ✨ NUEVO: 4891199089183
[2026-02-11 21:36:28] [DEBUG]   ✨ NUEVO: 4891199136313
[2026-02-11 21:36:28] [DEBUG]   ✨ NUEVO: 4891199145773
[2026-02-11 21:36:28] [DEBUG]   ✨ NUEVO: 5204296823823
[2026-02-11 21:36:28] [DEBUG]   ✨ NUEVO: 5469840256681
[2026-02-11 21:36:28] [DEBUG]   ✨ NUEVO: 5565148310152
[2026-02-11 21:36:28] [DEBUG]   ✨ NUEVO: 569
[2026-02-11 21:36:28] [DEBUG]   ✨ NUEVO: 57X38 MM
[2026-02-11 21:36:28] [DEBUG]   ✨ NUEVO: 5-A
[2026-02-11 21:36:28] [DEBUG]   ✨ NUEVO: 6085010044712
[2026-02-11 21:36:28] [DEBUG]   ✨ NUEVO: 6085010094182
[2026-02-11 21:36:28] [DEBUG]   ✨ NUEVO: 6290171002338
[2026-02-11 21:36:28] [DEBUG]   ✨ NUEVO: 6290171072591
[2026-02-11 21:36:28] [DEBUG]   ✨ NUEVO: 6290171072836
[2026-02-11 21:36:28] [DEBUG]   ✨ NUEVO: 6291100137565
[2026-02-11 21:36:28] [DEBUG]   ✨ NUEVO: 6291108730317
[2026-02-11 21:36:28] [DEBUG]   ✨ NUEVO: 6291108730515
[2026-02-11 21:36:28] [DEBUG]   ✨ NUEVO: 6291108733486
[2026-02-11 21:36:28] [DEBUG]   ✨ NUEVO: 6291108735879
[2026-02-11 21:36:28] [DEBUG]   ✨ NUEVO: 6294015102260
[2026-02-11 21:36:28] [DEBUG]   ✨ NUEVO: 6294015136470
[2026-02-11 21:36:28] [DEBUG]   ✨ NUEVO: 6294015149371
[2026-02-11 21:36:28] [DEBUG]   ✨ NUEVO: 6294015160734
[2026-02-11 21:36:28] [DEBUG]   ✨ NUEVO: 6294015164176
[2026-02-11 21:36:28] [DEBUG]   ✨ NUEVO: 6820200931010
[2026-02-11 21:36:28] [DEBUG]   ✨ NUEVO: 6833158749552
[2026-02-11 21:36:28] [DEBUG]   ✨ NUEVO: 6856475436325
[2026-02-11 21:36:28] [DEBUG]   ✨ NUEVO: 6901826888138
[2026-02-11 21:36:28] [DEBUG]   ✨ NUEVO: 6902130638242
[2026-02-11 21:36:28] [DEBUG]   ✨ NUEVO: 69101P
[2026-02-11 21:36:28] [DEBUG]   ✨ NUEVO: 6931905006139
[2026-02-11 21:36:28] [DEBUG]   ✨ NUEVO: 6932746800030
[2026-02-11 21:36:28] [DEBUG]   ✨ NUEVO: 6935364089634
[2026-02-11 21:36:28] [DEBUG]   ✨ NUEVO: 6935364095635
[2026-02-11 21:36:28] [DEBUG]   ✨ NUEVO: 6935482287691
[2026-02-11 21:36:28] [DEBUG]   ✨ NUEVO: 6936648520454
[2026-02-11 21:36:28] [DEBUG]   ✨ NUEVO: 6937544301406
[2026-02-11 21:36:28] [DEBUG]   ✨ NUEVO: 6937544370297
[2026-02-11 21:36:28] [DEBUG]   ✨ NUEVO: 6938408021270
[2026-02-11 21:36:28] [DEBUG]   ✨ NUEVO: 6940975926506
[2026-02-11 21:36:28] [DEBUG]   ✨ NUEVO: 6941059606628
[2026-02-11 21:36:28] [DEBUG]   ✨ NUEVO: 6942063600022
[2026-02-11 21:36:28] [DEBUG]   ✨ NUEVO: 6948391225111
[2026-02-11 21:36:28] [DEBUG]   ✨ NUEVO: 6948447510406
[2026-02-11 21:36:28] [DEBUG]   ✨ NUEVO: 6952879101033
[2026-02-11 21:36:28] [DEBUG]   ✨ NUEVO: 6954300622285
[2026-02-11 21:36:28] [DEBUG]   ✨ NUEVO: 6954300625989
[2026-02-11 21:36:28] [DEBUG]   ✨ NUEVO: 6954300626245
[2026-02-11 21:36:28] [DEBUG]   ✨ NUEVO: 6954300636572
[2026-02-11 21:36:28] [DEBUG]   ✨ NUEVO: 6954300685921
[2026-02-11 21:36:28] [DEBUG]   ✨ NUEVO: 6954300698860
[2026-02-11 21:36:28] [DEBUG]   ✨ NUEVO: 6955331816124
[2026-02-11 21:36:28] [DEBUG]   ✨ NUEVO: 6959984401041
[2026-02-11 21:36:28] [DEBUG]   ✨ NUEVO: 6960770170287
[2026-02-11 21:36:28] [DEBUG]   ✨ NUEVO: 6968498495910
[2026-02-11 21:36:28] [DEBUG]   ✨ NUEVO: 6970466900395
[2026-02-11 21:36:28] [DEBUG]   ✨ NUEVO: 6971083491051
[2026-02-11 21:36:28] [DEBUG]   ✨ NUEVO: 6971192051948
[2026-02-11 21:36:28] [DEBUG]   ✨ NUEVO: 6971192051993
[2026-02-11 21:36:28] [DEBUG]   ✨ NUEVO: 6971399289939
[2026-02-11 21:36:28] [DEBUG]   ✨ NUEVO: 6971542158273
[2026-02-11 21:36:28] [DEBUG]   ✨ NUEVO: 6975391430207
[2026-02-11 21:36:28] [DEBUG]   ✨ NUEVO: 6976367601676
[2026-02-11 21:36:28] [DEBUG]   ✨ NUEVO: 6986283615695
[2026-02-11 21:36:28] [DEBUG]   ✨ NUEVO: 6988822375350
[2026-02-11 21:36:28] [DEBUG]   ✨ NUEVO: 6989652360011
[2026-02-11 21:36:28] [DEBUG]   ✨ NUEVO: 6992019802208
[2026-02-11 21:36:28] [DEBUG]   ✨ NUEVO: 6999881512181
[2026-02-11 21:36:28] [DEBUG]   ✨ NUEVO: 710497705592
[2026-02-11 21:36:28] [DEBUG]   ✨ NUEVO: 710497705608
[2026-02-11 21:36:28] [DEBUG]   ✨ NUEVO: 710497971362
[2026-02-11 21:36:28] [DEBUG]   ✨ NUEVO: 713757145015
[2026-02-11 21:36:28] [DEBUG]   ✨ NUEVO: 713757150118
[2026-02-11 21:36:28] [DEBUG]   ✨ NUEVO: 719346065405
[2026-02-11 21:36:28] [DEBUG]   ✨ NUEVO: 720171614218
[2026-02-11 21:36:28] [DEBUG]   ✨ NUEVO: 720171614577
[2026-02-11 21:36:28] [DEBUG]   ✨ NUEVO: 720171615529
[2026-02-11 21:36:28] [DEBUG]   ✨ NUEVO: 720171616373
[2026-02-11 21:36:28] [DEBUG]   ✨ NUEVO: 723813LA
[2026-02-11 21:36:28] [DEBUG]   ✨ NUEVO: 723868935856
[2026-02-11 21:36:28] [DEBUG]   ✨ NUEVO: 728662221792
[2026-02-11 21:36:28] [DEBUG]   ✨ NUEVO: 736211543981
[2026-02-11 21:36:28] [DEBUG]   ✨ NUEVO: 740617263442
[2026-02-11 21:36:28] [DEBUG]   ✨ NUEVO: 740617309720
[2026-02-11 21:36:28] [DEBUG]   ✨ NUEVO: 740617309829
[2026-02-11 21:36:28] [DEBUG]   ✨ NUEVO: 740617309928
[2026-02-11 21:36:28] [DEBUG]   ✨ NUEVO: 7453010000950
[2026-02-11 21:36:28] [DEBUG]   ✨ NUEVO: 7453010005757
[2026-02-11 21:36:28] [DEBUG]   ✨ NUEVO: 7453010010089
[2026-02-11 21:36:28] [DEBUG]   ✨ NUEVO: 7453010047818
[2026-02-11 21:36:28] [DEBUG]   ✨ NUEVO: 7453010064600
[2026-02-11 21:36:28] [DEBUG]   ✨ NUEVO: 7453010082727
[2026-02-11 21:36:28] [DEBUG]   ✨ NUEVO: 7453010083656
[2026-02-11 21:36:28] [DEBUG]   ✨ NUEVO: 7453015107371
[2026-02-11 21:36:28] [DEBUG]   ✨ NUEVO: 7453015108293
[2026-02-11 21:36:28] [DEBUG]   ✨ NUEVO: 7453015110562
[2026-02-11 21:36:28] [DEBUG]   ✨ NUEVO: 7453015111996
[2026-02-11 21:36:28] [DEBUG]   ✨ NUEVO: 7453015117103
[2026-02-11 21:36:28] [DEBUG]   ✨ NUEVO: 7453015117110
[2026-02-11 21:36:28] [DEBUG]   ✨ NUEVO: 7453015117127
[2026-02-11 21:36:28] [DEBUG]   ✨ NUEVO: 7453015120998
[2026-02-11 21:36:28] [DEBUG]   ✨ NUEVO: 7453015129489
[2026-02-11 21:36:28] [DEBUG]   ✨ NUEVO: 7453015145809
[2026-02-11 21:36:28] [DEBUG]   ✨ NUEVO: 7453038406413
[2026-02-11 21:36:28] [DEBUG]   ✨ NUEVO: 7453038413404
[2026-02-11 21:36:28] [DEBUG]   ✨ NUEVO: 7453038417976
[2026-02-11 21:36:28] [DEBUG]   ✨ NUEVO: 7453038433075
[2026-02-11 21:36:28] [DEBUG]   ✨ NUEVO: 7453038433181
[2026-02-11 21:36:28] [DEBUG]   ✨ NUEVO: 7453038436915
[2026-02-11 21:36:28] [DEBUG]   ✨ NUEVO: 7453038443937
[2026-02-11 21:36:28] [DEBUG]   ✨ NUEVO: 7453038448291
[2026-02-11 21:36:28] [DEBUG]   ✨ NUEVO: 7453038455961
[2026-02-11 21:36:28] [DEBUG]   ✨ NUEVO: 7453038470971
[2026-02-11 21:36:28] [DEBUG]   ✨ NUEVO: 7453038486026
[2026-02-11 21:36:28] [DEBUG]   ✨ NUEVO: 7453078501925
[2026-02-11 21:36:28] [DEBUG]   ✨ NUEVO: 7453078528021
[2026-02-11 21:36:28] [DEBUG]   ✨ NUEVO: 7453078547626
[2026-02-11 21:36:28] [DEBUG]   ✨ NUEVO: 7453078547732
[2026-02-11 21:36:28] [DEBUG]   ✨ NUEVO: 7453091307061
[2026-02-11 21:36:28] [DEBUG]   ✨ NUEVO: 7501037022476
[2026-02-11 21:36:28] [DEBUG]   ✨ NUEVO: 7508718000204
[2026-02-11 21:36:28] [DEBUG]   ✨ NUEVO: 7590033008102
[2026-02-11 21:36:28] [DEBUG]   ✨ NUEVO: 7591147022589
[2026-02-11 21:36:28] [DEBUG]   ✨ NUEVO: 7591147360025
[2026-02-11 21:36:28] [DEBUG]   ✨ NUEVO: 7591163327163
[2026-02-11 21:36:28] [DEBUG]   ✨ NUEVO: 7591163327187
[2026-02-11 21:36:28] [DEBUG]   ✨ NUEVO: 7592474240028
[2026-02-11 21:36:28] [DEBUG]   ✨ NUEVO: 7594003390013
[2026-02-11 21:36:28] [DEBUG]   ✨ NUEVO: 7595218000384
[2026-02-11 21:36:28] [DEBUG]   ✨ NUEVO: 7597024102207
[2026-02-11 21:36:28] [DEBUG]   ✨ NUEVO: 7598874011633
[2026-02-11 21:36:28] [DEBUG]   ✨ NUEVO: 7611160127570
[2026-02-11 21:36:28] [DEBUG]   ✨ NUEVO: 7640496670160
[2026-02-11 21:36:28] [DEBUG]   ✨ NUEVO: 7703486037975
[2026-02-11 21:36:28] [DEBUG]   ✨ NUEVO: 7750082002654
[2026-02-11 21:36:28] [DEBUG]   ✨ NUEVO: 7750082006140
[2026-02-11 21:36:28] [DEBUG]   ✨ NUEVO: 7750082055537
[2026-02-11 21:36:28] [DEBUG]   ✨ NUEVO: 779778980608
[2026-02-11 21:36:28] [DEBUG]   ✨ NUEVO: 7822295316467
[2026-02-11 21:36:28] [DEBUG]   ✨ NUEVO: 7851488574360
[2026-02-11 21:36:28] [DEBUG]   ✨ NUEVO: 7862111456212
[2026-02-11 21:36:28] [DEBUG]   ✨ NUEVO: 7891173019448
[2026-02-11 21:36:28] [DEBUG]   ✨ NUEVO: 7891173024480
[2026-02-11 21:36:28] [DEBUG]   ✨ NUEVO: 802.IIN
[2026-02-11 21:36:28] [DEBUG]   ✨ NUEVO: 80X63 MM
[2026-02-11 21:36:28] [DEBUG]   ✨ NUEVO: 80X80MM
[2026-02-11 21:36:28] [DEBUG]   ✨ NUEVO: 8411061701034
[2026-02-11 21:36:28] [DEBUG]   ✨ NUEVO: 8435450003714
[2026-02-11 21:36:28] [DEBUG]   ✨ NUEVO: 8435450003721
[2026-02-11 21:36:28] [DEBUG]   ✨ NUEVO: 8554144454776
[2026-02-11 21:36:28] [DEBUG]   ✨ NUEVO: 8559871269815
[2026-02-11 21:36:28] [DEBUG]   ✨ NUEVO: 8806086511162
[2026-02-11 21:36:28] [DEBUG]   ✨ NUEVO: 8965347986528
[2026-02-11 21:36:28] [DEBUG]   ✨ NUEVO: 9023800122025
[2026-02-11 21:36:28] [DEBUG]   ✨ NUEVO: 9023800385208
[2026-02-11 21:36:28] [DEBUG]   ✨ NUEVO: 9023800395313
[2026-02-11 21:36:28] [DEBUG]   ✨ NUEVO: 9023800396211
[2026-02-11 21:36:28] [DEBUG]   ✨ NUEVO: 9023800691019
[2026-02-11 21:36:28] [DEBUG]   ✨ NUEVO: 9023800933126
[2026-02-11 21:36:28] [DEBUG]   ✨ NUEVO: 9023800933249
[2026-02-11 21:36:28] [DEBUG]   ✨ NUEVO: 909101811302
[2026-02-11 21:36:28] [DEBUG]   ✨ NUEVO: 9322452
[2026-02-11 21:36:28] [DEBUG]   ✨ NUEVO: 9332001
[2026-02-11 21:36:28] [DEBUG]   ✨ NUEVO: 9556089243520
[2026-02-11 21:36:28] [DEBUG]   ✨ NUEVO: 9593340882067
[2026-02-11 21:36:28] [DEBUG]   ✨ NUEVO: 9593340892059
[2026-02-11 21:36:28] [DEBUG]   ✨ NUEVO: 9789806587106
[2026-02-11 21:36:28] [DEBUG]   ✨ NUEVO: 989898858026
[2026-02-11 21:36:28] [DEBUG]   ✨ NUEVO: A-10
[2026-02-11 21:36:28] [DEBUG]   ✨ NUEVO: AA
[2026-02-11 21:36:28] [DEBUG]   ✨ NUEVO: AAA
[2026-02-11 21:36:28] [DEBUG]   ✨ NUEVO: ADAP HDMI VGA
[2026-02-11 21:36:28] [DEBUG]   ✨ NUEVO: ADAP HDMI VGA CON AUDIO
[2026-02-11 21:36:28] [DEBUG]   ✨ NUEVO: ADAP-AUDIO-D08
[2026-02-11 21:36:28] [DEBUG]   ✨ NUEVO: ADAP-EUR2P
[2026-02-11 21:36:28] [DEBUG]   ✨ NUEVO: ADAP-REDMI-8V
[2026-02-11 21:36:28] [DEBUG]   ✨ NUEVO: ADAPTADOR EUROPA
[2026-02-11 21:36:28] [DEBUG]   ✨ NUEVO: ADAP-USB-SATA
[2026-02-11 21:36:28] [DEBUG]   ✨ NUEVO: AD-HDMI/VGA
[2026-02-11 21:36:28] [DEBUG]   ✨ NUEVO: AD-UH
[2026-02-11 21:36:28] [DEBUG]   ✨ NUEVO: AFILADOR
[2026-02-11 21:36:28] [DEBUG]   ✨ NUEVO: AG-ARTSC
[2026-02-11 21:36:28] [DEBUG]   ✨ NUEVO: AIRTAG
[2026-02-11 21:36:28] [DEBUG]   ✨ NUEVO: AIRTAGFORRO
[2026-02-11 21:36:28] [DEBUG]   ✨ NUEVO: AIRTAGLLAVERO
[2026-02-11 21:36:28] [DEBUG]   ✨ NUEVO: ALCALDIA
[2026-02-11 21:36:28] [DEBUG]   ✨ NUEVO: ALMO-DACT-RED
[2026-02-11 21:36:28] [DEBUG]   ✨ NUEVO: ALMO-SELLOS-AZUL
[2026-02-11 21:36:28] [DEBUG]   ✨ NUEVO: ALQ-01
[2026-02-11 21:36:28] [DEBUG]   ✨ NUEVO: ARC-CART-AKTA
[2026-02-11 21:36:28] [DEBUG]   ✨ NUEVO: ARCH-
[2026-02-11 21:36:28] [DEBUG]   ✨ NUEVO: AR-CLP-AYS
[2026-02-11 21:36:28] [DEBUG]   ✨ NUEVO: AR-CLP-SA
[2026-02-11 21:36:28] [DEBUG]   ✨ NUEVO: ARC-OFIC-AKTA
[2026-02-11 21:36:28] [DEBUG]   ✨ NUEVO: ARCOIRIS MICRO
[2026-02-11 21:36:28] [DEBUG]   ✨ NUEVO: ARO LUZ CELULAR D66
[2026-02-11 21:36:28] [DEBUG]   ✨ NUEVO: ARO LUZ LED 8 PULGADAS
[2026-02-11 21:36:28] [DEBUG]   ✨ NUEVO: AUDIFONO AIRPODS IPHONE
[2026-02-11 21:36:28] [DEBUG]   ✨ NUEVO: AUDIFONO CAT
[2026-02-11 21:36:28] [DEBUG]   ✨ NUEVO: AUDIFONO STN-13
[2026-02-11 21:36:28] [DEBUG]   ✨ NUEVO: AUDIFONOS-PS4
[2026-02-11 21:36:28] [DEBUG]   ✨ NUEVO: AUDIO-PLUG
[2026-02-11 21:36:28] [DEBUG]   ✨ NUEVO: AU-JB60
[2026-02-11 21:36:28] [DEBUG]   ✨ NUEVO: AU-PTP
[2026-02-11 21:36:28] [DEBUG]   ✨ NUEVO: B091GR8KM6
[2026-02-11 21:36:28] [DEBUG]   ✨ NUEVO: B27-S-BTV
[2026-02-11 21:36:28] [DEBUG]   ✨ NUEVO: BAL-DIGITALB2090
[2026-02-11 21:36:28] [DEBUG]   ✨ NUEVO: BARRA DE SILICON GRUESA
[2026-02-11 21:36:28] [DEBUG]   ✨ NUEVO: BASE BODY
[2026-02-11 21:36:28] [DEBUG]   ✨ NUEVO: BASE PARA TABLET STENTS
[2026-02-11 21:36:28] [DEBUG]   ✨ NUEVO: BASE SOPORTE DE TELEFONO CELULAR 360°
[2026-02-11 21:36:28] [DEBUG]   ✨ NUEVO: BASE SOPORTE ESCRITORIO
[2026-02-11 21:36:28] [DEBUG]   ✨ NUEVO: BASE TV FIJA
[2026-02-11 21:36:28] [DEBUG]   ✨ NUEVO: BDPTCMR
[2026-02-11 21:36:28] [DEBUG]   ✨ NUEVO: BIKE HOLDER
[2026-02-11 21:36:28] [DEBUG]   ✨ NUEVO: BLOCK
[2026-02-11 21:36:28] [DEBUG]   ✨ NUEVO: BOLIGR-
[2026-02-11 21:36:28] [DEBUG]   ✨ NUEVO: BOLIGR-01
[2026-02-11 21:36:28] [DEBUG]   ✨ NUEVO: BOLIGRAFO TAPA NEGRA
[2026-02-11 21:36:28] [DEBUG]   ✨ NUEVO: BOLIGRAFO-AZUL
[2026-02-11 21:36:28] [DEBUG]   ✨ NUEVO: BOLIGR-K1NEGRO
[2026-02-11 21:36:28] [DEBUG]   ✨ NUEVO: BOLKORTRAN
[2026-02-11 21:36:28] [DEBUG]   ✨ NUEVO: BOLSO DE TELA HAMACA
[2026-02-11 21:36:28] [DEBUG]   ✨ NUEVO: BORRA BLANCO GRANDE
[2026-02-11 21:36:28] [DEBUG]   ✨ NUEVO: BORRABLANCA
[2026-02-11 21:36:28] [DEBUG]   ✨ NUEVO: BRILLO
[2026-02-11 21:36:28] [DEBUG]   ✨ NUEVO: BSXTDD
[2026-02-11 21:36:28] [DEBUG]   ✨ NUEVO: BT450
[2026-02-11 21:36:28] [DEBUG]   ✨ NUEVO: C1
[2026-02-11 21:36:28] [DEBUG]   ✨ NUEVO: CABLE ESPIRAL MICRO 3A
[2026-02-11 21:36:28] [DEBUG]   ✨ NUEVO: CABLE HDMI BOLSA 3 METROS
[2026-02-11 21:36:28] [DEBUG]   ✨ NUEVO: CABLE HDMI BOLSA 5 METROS
[2026-02-11 21:36:28] [DEBUG]   ✨ NUEVO: CABLE IMPRESORA AZUL 1.5 M
[2026-02-11 21:36:28] [DEBUG]   ✨ NUEVO: CABLE IMPRESORA AZUL 3 M
[2026-02-11 21:36:28] [DEBUG]   ✨ NUEVO: CABLE IMPRESORA AZUL 5M
[2026-02-11 21:36:28] [DEBUG]   ✨ NUEVO: CABLE PLUG A PLUG
[2026-02-11 21:36:28] [DEBUG]   ✨ NUEVO: CABLE- SAMSUNG
[2026-02-11 21:36:28] [DEBUG]   ✨ NUEVO: CABLE TELA TIPO C
[2026-02-11 21:36:28] [DEBUG]   ✨ NUEVO: CABLE USB SAMSUNG
[2026-02-11 21:36:28] [DEBUG]   ✨ NUEVO: CABLE-EXT-USB
[2026-02-11 21:36:28] [DEBUG]   ✨ NUEVO: CABLE-VGA
[2026-02-11 21:36:28] [DEBUG]   ✨ NUEVO: CA-MARRON-CARTA
[2026-02-11 21:36:28] [DEBUG]   ✨ NUEVO: CANTV
[2026-02-11 21:36:28] [DEBUG]   ✨ NUEVO: CAR F4
[2026-02-11 21:36:28] [DEBUG]   ✨ NUEVO: CAR F6
[2026-02-11 21:36:28] [DEBUG]   ✨ NUEVO: CAR HOLDER
[2026-02-11 21:36:28] [DEBUG]   ✨ NUEVO: CAR MP3 PLAYER
[2026-02-11 21:36:28] [DEBUG]   ✨ NUEVO: CAR MP3 PLAYER MULTIFUNCION
[2026-02-11 21:36:28] [DEBUG]   ✨ NUEVO: CARGADOR 67W XIAOMI
[2026-02-11 21:36:28] [DEBUG]   ✨ NUEVO: CARGADOR BELKIN
[2026-02-11 21:36:28] [DEBUG]   ✨ NUEVO: CARGADOR CERTIFICADO
[2026-02-11 21:36:28] [DEBUG]   ✨ NUEVO: CARGADOR COMPLETO SAMSUNG 2 IN 1
[2026-02-11 21:36:28] [DEBUG]   ✨ NUEVO: CARGADOR LAPTOP UNIVERSAL
[2026-02-11 21:36:28] [DEBUG]   ✨ NUEVO: CARGADOR MICRO POWER ADAPTER
[2026-02-11 21:36:28] [DEBUG]   ✨ NUEVO: CARGADOR-00
[2026-02-11 21:36:28] [DEBUG]   ✨ NUEVO: CARG-CARRO7A
[2026-02-11 21:36:28] [DEBUG]   ✨ NUEVO: CARG-SAFETY-CARRO
[2026-02-11 21:36:28] [DEBUG]   ✨ NUEVO: CARPETA DE AROS BLANCA
[2026-02-11 21:36:28] [DEBUG]   ✨ NUEVO: CARPETA MANILA CARTA
[2026-02-11 21:36:28] [DEBUG]   ✨ NUEVO: CARPETA MANILA CARTA 18 1/2 X11
[2026-02-11 21:36:28] [DEBUG]   ✨ NUEVO: CARPETA PRESENTACION CARTA
[2026-02-11 21:36:28] [DEBUG]   ✨ NUEVO: CARPETA PRESENTACION OFICIO
[2026-02-11 21:36:28] [DEBUG]   ✨ NUEVO: CARP-MANILA-OFICIO
[2026-02-11 21:36:28] [DEBUG]   ✨ NUEVO: CARP-MARRON-OFICIO
[2026-02-11 21:36:28] [DEBUG]   ✨ NUEVO: CARTULIN ESCARCHADA FUCSIA
[2026-02-11 21:36:28] [DEBUG]   ✨ NUEVO: CARTULINA
[2026-02-11 21:36:28] [DEBUG]   ✨ NUEVO: CARTULINA DISEÑO
[2026-02-11 21:36:28] [DEBUG]   ✨ NUEVO: CARTULINA ESCARCHADA DE PLATA
[2026-02-11 21:36:28] [DEBUG]   ✨ NUEVO: CARTULINA ESCARCHADA ROJO
[2026-02-11 21:36:28] [DEBUG]   ✨ NUEVO: CARTULINA ESCARCHADA ROSADA
[2026-02-11 21:36:28] [DEBUG]   ✨ NUEVO: CARTULINA ESCARCHADA VERDE NAVIDAD
[2026-02-11 21:36:28] [DEBUG]   ✨ NUEVO: CARTULINA ESCARCHADO AZUL REY
[2026-02-11 21:36:28] [DEBUG]   ✨ NUEVO: CARTULINA METALDORADA
[2026-02-11 21:36:28] [DEBUG]   ✨ NUEVO: CARTULINA METALIZADA NEGRA
[2026-02-11 21:36:28] [DEBUG]   ✨ NUEVO: CARTULINA METALPLATEADA
[2026-02-11 21:36:28] [DEBUG]   ✨ NUEVO: CELOVEN18X25
[2026-02-11 21:36:28] [DEBUG]   ✨ NUEVO: CELOVEN24X50
[2026-02-11 21:36:28] [DEBUG]   ✨ NUEVO: CHIP-SAMSUNG 205I
[2026-02-11 21:36:28] [DEBUG]   ✨ NUEVO: CIDEA
[2026-02-11 21:36:28] [DEBUG]   ✨ NUEVO: CIL-CANON049
[2026-02-11 21:36:28] [DEBUG]   ✨ NUEVO: CINTA
[2026-02-11 21:36:28] [DEBUG]   ✨ NUEVO: CINTA ADHESIVA CELOVEN 24MM X 50M
[2026-02-11 21:36:28] [DEBUG]   ✨ NUEVO: CINTA TRANSPARENTE 25 MTS
[2026-02-11 21:36:28] [DEBUG]   ✨ NUEVO: CINTA2
[2026-02-11 21:36:28] [DEBUG]   ✨ NUEVO: CINTA3
[2026-02-11 21:36:28] [DEBUG]   ✨ NUEVO: CINTA-ADHESIVA
[2026-02-11 21:36:28] [DEBUG]   ✨ NUEVO: CINT-TALLY
[2026-02-11 21:36:28] [DEBUG]   ✨ NUEVO: CLIPS-MARIPOSA
[2026-02-11 21:36:28] [DEBUG]   ✨ NUEVO: CLIPS-STANDARD
[2026-02-11 21:36:28] [DEBUG]   ✨ NUEVO: COLA-BLANCA
[2026-02-11 21:36:28] [DEBUG]   ✨ NUEVO: COLORES-MAD
[2026-02-11 21:36:28] [DEBUG]   ✨ NUEVO: COMB-MC-H-B
[2026-02-11 21:36:28] [DEBUG]   ✨ NUEVO: COMB-MOF-H-B
[2026-02-11 21:36:28] [DEBUG]   ✨ NUEVO: COMPAS-ESCOLAR
[2026-02-11 21:36:28] [DEBUG]   ✨ NUEVO: CONTABILIDAD
[2026-02-11 21:36:28] [DEBUG]   ✨ NUEVO: CONTROL-INAL-X3
[2026-02-11 21:36:28] [DEBUG]   ✨ NUEVO: CORNETA J
[2026-02-11 21:36:28] [DEBUG]   ✨ NUEVO: CORNETA KIMISO
[2026-02-11 21:36:28] [DEBUG]   ✨ NUEVO: CORNETA-00
[2026-02-11 21:36:28] [DEBUG]   ✨ NUEVO: CORNETA-01
[2026-02-11 21:36:28] [DEBUG]   ✨ NUEVO: CORREC-
[2026-02-11 21:36:28] [DEBUG]   ✨ NUEVO: CORRECT-
[2026-02-11 21:36:28] [DEBUG]   ✨ NUEVO: CORRECTOR-00
[2026-02-11 21:36:28] [DEBUG]   ✨ NUEVO: CP306
[2026-02-11 21:36:28] [DEBUG]   ✨ NUEVO: CRAYONES
[2026-02-11 21:36:28] [DEBUG]   ✨ NUEVO: CREDITO-01
[2026-02-11 21:36:28] [DEBUG]   ✨ NUEVO: CREDITO-02
[2026-02-11 21:36:28] [DEBUG]   ✨ NUEVO: CREDITO-03
[2026-02-11 21:36:28] [DEBUG]   ✨ NUEVO: CREDITO-04
[2026-02-11 21:36:28] [DEBUG]   ✨ NUEVO: CREDITO-05
[2026-02-11 21:36:28] [DEBUG]   ✨ NUEVO: CREDITO-06
[2026-02-11 21:36:28] [DEBUG]   ✨ NUEVO: CX-40
[2026-02-11 21:36:28] [DEBUG]   ✨ NUEVO: CYRUZ X-2
[2026-02-11 21:36:28] [DEBUG]   ✨ NUEVO: D-01
[2026-02-11 21:36:28] [DEBUG]   ✨ NUEVO: D-02
[2026-02-11 21:36:28] [DEBUG]   ✨ NUEVO: D-16
[2026-02-11 21:36:28] [DEBUG]   ✨ NUEVO: D18W
[2026-02-11 21:36:28] [DEBUG]   ✨ NUEVO: D24W
[2026-02-11 21:36:28] [DEBUG]   ✨ NUEVO: DELINEADOR
[2026-02-11 21:36:28] [DEBUG]   ✨ NUEVO: DELIVERY
[2026-02-11 21:36:28] [DEBUG]   ✨ NUEVO: DISCO DURO 320GB
[2026-02-11 21:36:28] [DEBUG]   ✨ NUEVO: DISP-016
[2026-02-11 21:36:28] [DEBUG]   ✨ NUEVO: DISP-017
[2026-02-11 21:36:28] [DEBUG]   ✨ NUEVO: DTX/32GB
[2026-02-11 21:36:28] [DEBUG]   ✨ NUEVO: E-1046
[2026-02-11 21:36:29] [DEBUG]   ✨ NUEVO: ENGRAPADORA MEDIANA AMAZON
[2026-02-11 21:36:29] [DEBUG]   ✨ NUEVO: ESENCIA HUMIFICADOR KP2130
[2026-02-11 21:36:29] [DEBUG]   ✨ NUEVO: ESENCIA REPELENTE
[2026-02-11 21:36:29] [DEBUG]   ✨ NUEVO: FAST CHARGER
[2026-02-11 21:36:29] [DEBUG]   ✨ NUEVO: FORM. CONT. S/P
[2026-02-11 21:36:29] [DEBUG]   ✨ NUEVO: FT-PODER600W
[2026-02-11 21:36:29] [DEBUG]   ✨ NUEVO: FUNDAS-PROCT
[2026-02-11 21:36:29] [DEBUG]   ✨ NUEVO: FUNDAS-PROT
[2026-02-11 21:36:29] [DEBUG]   ✨ NUEVO: GANCHOS
[2026-02-11 21:36:29] [DEBUG]   ✨ NUEVO: GANCHOS MARIPOSAS
[2026-02-11 21:36:29] [DEBUG]   ✨ NUEVO: GASTOS-CONDOMINIO
[2026-02-11 21:36:29] [DEBUG]   ✨ NUEVO: GASTOS-VARIOS
[2026-02-11 21:36:29] [DEBUG]   ✨ NUEVO: GASTOS-VARIOS-IV
[2026-02-11 21:36:29] [DEBUG]   ✨ NUEVO: GLADE VAINILLA
[2026-02-11 21:36:29] [DEBUG]   ✨ NUEVO: GLASS SUCTION TRAY
[2026-02-11 21:36:29] [DEBUG]   ✨ NUEVO: GRAPAS LISAS AMIKO X 5000 PIEZAS
[2026-02-11 21:36:29] [DEBUG]   ✨ NUEVO: GRAP-OK04
[2026-02-11 21:36:29] [DEBUG]   ✨ NUEVO: GRAP-RAPID
[2026-02-11 21:36:29] [DEBUG]   ✨ NUEVO: GTX300
[2026-02-11 21:36:29] [DEBUG]   ✨ NUEVO: HAMACA
[2026-02-11 21:36:29] [DEBUG]   ✨ NUEVO: H-CARTAS
[2026-02-11 21:36:29] [DEBUG]   ✨ NUEVO: HDMI-RJ45
[2026-02-11 21:36:29] [DEBUG]   ✨ NUEVO: HN-A16
[2026-02-11 21:36:29] [DEBUG]   ✨ NUEVO: H-OFICIO
[2026-02-11 21:36:29] [DEBUG]   ✨ NUEVO: HOJA-EXAMEN
[2026-02-11 21:36:29] [DEBUG]   ✨ NUEVO: HOJAEXAMEN
[2026-02-11 21:36:29] [DEBUG]   ✨ NUEVO: HOLOGRAFICA
[2026-02-11 21:36:29] [DEBUG]   ✨ NUEVO: HOLOGRAFICA PLATEADA
[2026-02-11 21:36:29] [DEBUG]   ✨ NUEVO: HT-556LED
[2026-02-11 21:36:29] [DEBUG]   ✨ NUEVO: HUMIFICADOR H2O DQ-107
[2026-02-11 21:36:29] [DEBUG]   ✨ NUEVO: ID90
[2026-02-11 21:36:29] [DEBUG]   ✨ NUEVO: IMP-ASEO
[2026-02-11 21:36:29] [DEBUG]   ✨ NUEVO: INPODS INALAMBRICOS
[2026-02-11 21:36:29] [DEBUG]   ✨ NUEVO: INT1
[2026-02-11 21:36:29] [DEBUG]   ✨ NUEVO: INT15
[2026-02-11 21:36:29] [DEBUG]   ✨ NUEVO: INT30
[2026-02-11 21:36:29] [DEBUG]   ✨ NUEVO: JBL J-04
[2026-02-11 21:36:29] [DEBUG]   ✨ NUEVO: JBL WS-L13
[2026-02-11 21:36:29] [DEBUG]   ✨ NUEVO: JBL-J01
[2026-02-11 21:36:29] [DEBUG]   ✨ NUEVO: JBL-W1
[2026-02-11 21:36:29] [DEBUG]   ✨ NUEVO: JBL-W3
[2026-02-11 21:36:29] [DEBUG]   ✨ NUEVO: JBL-W6
[2026-02-11 21:36:29] [DEBUG]   ✨ NUEVO: JUEGO-GEOMETRICO
[2026-02-11 21:36:29] [DEBUG]   ✨ NUEVO: K1-M
[2026-02-11 21:36:29] [DEBUG]   ✨ NUEVO: K1MCOLORES
[2026-02-11 21:36:29] [DEBUG]   ✨ NUEVO: K5-F
[2026-02-11 21:36:29] [DEBUG]   ✨ NUEVO: K8
[2026-02-11 21:36:29] [DEBUG]   ✨ NUEVO: KBS-1301
[2026-02-11 21:36:29] [DEBUG]   ✨ NUEVO: KIN-OTG
[2026-02-11 21:36:29] [DEBUG]   ✨ NUEVO: KVR133D3N9/4G
[2026-02-11 21:36:29] [DEBUG]   ✨ NUEVO: KY-192
[2026-02-11 21:36:29] [DEBUG]   ✨ NUEVO: LAMINA PARA PLASTIFICAR
[2026-02-11 21:36:29] [DEBUG]   ✨ NUEVO: LAMPARA
[2026-02-11 21:36:29] [DEBUG]   ✨ NUEVO: LAMPARA 3 LUCES
[2026-02-11 21:36:29] [DEBUG]   ✨ NUEVO: LAMPARA DE MESA
[2026-02-11 21:36:29] [DEBUG]   ✨ NUEVO: LAMPARA MESA TIPO BARRA
[2026-02-11 21:36:29] [DEBUG]   ✨ NUEVO: LAPICERO BIC NEGRO Y AZUL
[2026-02-11 21:36:29] [DEBUG]   ✨ NUEVO: LAPIZ
[2026-02-11 21:36:29] [DEBUG]   ✨ NUEVO: LAPIZ AMAZON BASICS
[2026-02-11 21:36:29] [DEBUG]   ✨ NUEVO: LAPIZ DOBLE PUNTA AZUL/ROJO
[2026-02-11 21:36:29] [DEBUG]   ✨ NUEVO: LAPTOP
[2026-02-11 21:36:29] [DEBUG]   ✨ NUEVO: LAPTOPS-I5
[2026-02-11 21:36:29] [DEBUG]   ✨ NUEVO: LDO-B08 TIPO C
[2026-02-11 21:36:29] [DEBUG]   ✨ NUEVO: LDO-C600
[2026-02-11 21:36:29] [DEBUG]   ✨ NUEVO: LDO-C600-MICRO
[2026-02-11 21:36:29] [DEBUG]   ✨ NUEVO: LDO-CX150 MICRO
[2026-02-11 21:36:29] [DEBUG]   ✨ NUEVO: LDO-CX150 TIPO C
[2026-02-11 21:36:29] [DEBUG]   ✨ NUEVO: LDO-G30 TIPO C
[2026-02-11 21:36:29] [DEBUG]   ✨ NUEVO: LDO-S600 TIPO C
[2026-02-11 21:36:29] [DEBUG]   ✨ NUEVO: LED MINI PARTY
[2026-02-11 21:36:29] [DEBUG]   ✨ NUEVO: LED024
[2026-02-11 21:36:29] [DEBUG]   ✨ NUEVO: LED113
[2026-02-11 21:36:29] [DEBUG]   ✨ NUEVO: LED-UFO-LAMP
[2026-02-11 21:36:29] [DEBUG]   ✨ NUEVO: LIBRE01
[2026-02-11 21:36:29] [DEBUG]   ✨ NUEVO: LIBTA-EMP-100H
[2026-02-11 21:36:29] [DEBUG]   ✨ NUEVO: LICENCIAMULTI
[2026-02-11 21:36:29] [DEBUG]   ✨ NUEVO: LICUADORA
[2026-02-11 21:36:29] [DEBUG]   ✨ NUEVO: LINTERNA LED LY 825
[2026-02-11 21:36:29] [DEBUG]   ✨ NUEVO: LK87
[2026-02-11 21:36:29] [DEBUG]   ✨ NUEVO: LLAVERO UPPOMI
[2026-02-11 21:36:29] [DEBUG]   ✨ NUEVO: L-PLASTIFICADO
[2026-02-11 21:36:29] [DEBUG]   ✨ NUEVO: LPZ-MONGOL
[2026-02-11 21:36:29] [DEBUG]   ✨ NUEVO: LT-TZ-22
[2026-02-11 21:36:29] [DEBUG]   ✨ NUEVO: LUCES LED SENSORIALES AMAZON
[2026-02-11 21:36:29] [DEBUG]   ✨ NUEVO: LUZ LAMPARA MESA BRAZO
[2026-02-11 21:36:29] [DEBUG]   ✨ NUEVO: MACADOR-NEGRO
[2026-02-11 21:36:29] [DEBUG]   ✨ NUEVO: MARCADOR-00
[2026-02-11 21:36:29] [DEBUG]   ✨ NUEVO: MARC-DELGADOS MAX45
[2026-02-11 21:36:29] [DEBUG]   ✨ NUEVO: MARC-GRUESO
[2026-02-11 21:36:29] [DEBUG]   ✨ NUEVO: MARC-OK91
[2026-02-11 21:36:29] [DEBUG]   ✨ NUEVO: MARC-OK92
[2026-02-11 21:36:29] [DEBUG]   ✨ NUEVO: MARC-OK92L
[2026-02-11 21:36:29] [DEBUG]   ✨ NUEVO: MARC-OK93
[2026-02-11 21:36:29] [DEBUG]   ✨ NUEVO: MARC-OK93L
[2026-02-11 21:36:29] [DEBUG]   ✨ NUEVO: MAR-OK91
[2026-02-11 21:36:29] [DEBUG]   ✨ NUEVO: MB-MA64E
[2026-02-11 21:36:29] [DEBUG]   ✨ NUEVO: MDR-AQ68
[2026-02-11 21:36:29] [DEBUG]   ✨ NUEVO: ME-MA32E
[2026-02-11 21:36:29] [DEBUG]   ✨ NUEVO: MERREL USA
[2026-02-11 21:36:29] [DEBUG]   ✨ NUEVO: MI HEADSET NARANJA
[2026-02-11 21:36:29] [DEBUG]   ✨ NUEVO: MINI EXACTOS
[2026-02-11 21:36:29] [DEBUG]   ✨ NUEVO: MINI HUMIFICADOR
[2026-02-11 21:36:29] [DEBUG]   ✨ NUEVO: MINI VENTILADOR
[2026-02-11 21:36:29] [DEBUG]   ✨ NUEVO: M-L-L
[2026-02-11 21:36:29] [DEBUG]   ✨ NUEVO: M-L-L-2
[2026-02-11 21:36:29] [DEBUG]   ✨ NUEVO: MLTD 111S
[2026-02-11 21:36:29] [DEBUG]   ✨ NUEVO: MONITOR
[2026-02-11 21:36:29] [DEBUG]   ✨ NUEVO: MOSQUITERO
[2026-02-11 21:36:29] [DEBUG]   ✨ NUEVO: MOUSE GAMING HP S600
[2026-02-11 21:36:29] [DEBUG]   ✨ NUEVO: MOUSE HP RECARGABLE
[2026-02-11 21:36:29] [DEBUG]   ✨ NUEVO: MOUSE TJ-1 GAMING TINJI
[2026-02-11 21:36:29] [DEBUG]   ✨ NUEVO: MOUSE TJ-3 GAMING TINJI
[2026-02-11 21:36:29] [DEBUG]   ✨ NUEVO: MOUSE TJ-7
[2026-02-11 21:36:29] [DEBUG]   ✨ NUEVO: MOUSE-MIXIE
[2026-02-11 21:36:29] [DEBUG]   ✨ NUEVO: MOUSE-TJ-10
[2026-02-11 21:36:29] [DEBUG]   ✨ NUEVO: MR1909
[2026-02-11 21:36:29] [DEBUG]   ✨ NUEVO: MSATA SSD
[2026-02-11 21:36:29] [DEBUG]   ✨ NUEVO: MS-HP510A
[2026-02-11 21:36:29] [DEBUG]   ✨ NUEVO: MU-CU3X3
[2026-02-11 21:36:29] [DEBUG]   ✨ NUEVO: MUF-16BE
[2026-02-11 21:36:29] [DEBUG]   ✨ NUEVO: MUF-64BE
[2026-02-11 21:36:29] [DEBUG]   ✨ NUEVO: MU-RM-5U
[2026-02-11 21:36:29] [DEBUG]   ✨ NUEVO: NANFU AA
[2026-02-11 21:36:29] [DEBUG]   ✨ NUEVO: NANFU AAA
[2026-02-11 21:36:29] [DEBUG]   ✨ NUEVO: NANO
[2026-02-11 21:36:29] [DEBUG]   ✨ NUEVO: NIMH-AAA-HR03
[2026-02-11 21:36:29] [DEBUG]   ✨ NUEVO: NIMH-AA-HR6
[2026-02-11 21:36:29] [DEBUG]   ✨ NUEVO: NOMINA
[2026-02-11 21:36:29] [DEBUG]   ✨ NUEVO: NOT-ADH-3X3
[2026-02-11 21:36:29] [DEBUG]   ✨ NUEVO: NOT-AUTOOK149B
[2026-02-11 21:36:29] [DEBUG]   ✨ NUEVO: OF-024
[2026-02-11 21:36:29] [DEBUG]   ✨ NUEVO: OK-05
[2026-02-11 21:36:29] [DEBUG]   ✨ NUEVO: OK86
[2026-02-11 21:36:29] [DEBUG]   ✨ NUEVO: OK88
[2026-02-11 21:36:29] [DEBUG]   ✨ NUEVO: OK89
[2026-02-11 21:36:29] [DEBUG]   ✨ NUEVO: OPALINA
[2026-02-11 21:36:29] [DEBUG]   ✨ NUEVO: OPALINA BLANCA TAMAÑO CARTA
[2026-02-11 21:36:29] [DEBUG]   ✨ NUEVO: OPRINTA
[2026-02-11 21:36:29] [DEBUG]   ✨ NUEVO: ORIN CERTIFICADO
[2026-02-11 21:36:29] [DEBUG]   ✨ NUEVO: OTG MICRO BLISTER
[2026-02-11 21:36:29] [DEBUG]   ✨ NUEVO: OTG-TC-06
[2026-02-11 21:36:29] [DEBUG]   ✨ NUEVO: P-001
[2026-02-11 21:36:29] [DEBUG]   ✨ NUEVO: PAGO DE COMISION ML
[2026-02-11 21:36:29] [DEBUG]   ✨ NUEVO: PAGO RECARGAS
[2026-02-11 21:36:29] [DEBUG]   ✨ NUEVO: PANEL SOLAR
[2026-02-11 21:36:29] [DEBUG]   ✨ NUEVO: PANEL-00
[2026-02-11 21:36:29] [DEBUG]   ✨ NUEVO: PAPEL BOND
[2026-02-11 21:36:29] [DEBUG]   ✨ NUEVO: PAPEL FOTOGRAFICO 180G
[2026-02-11 21:36:29] [DEBUG]   ✨ NUEVO: PAPEL-BOND
[2026-02-11 21:36:29] [DEBUG]   ✨ NUEVO: PAPER MATE
[2026-02-11 21:36:29] [DEBUG]   ✨ NUEVO: PAPERMATE
[2026-02-11 21:36:29] [DEBUG]   ✨ NUEVO: PASAJE
[2026-02-11 21:36:29] [DEBUG]   ✨ NUEVO: PASTILLAS-AUTOS
[2026-02-11 21:36:29] [DEBUG]   ✨ NUEVO: PBPCS
[2026-02-11 21:36:29] [DEBUG]   ✨ NUEVO: PEG-3
[2026-02-11 21:36:29] [DEBUG]   ✨ NUEVO: PEGA EN BARRAS
[2026-02-11 21:36:29] [DEBUG]   ✨ NUEVO: PERFORADOR
[2026-02-11 21:36:29] [DEBUG]   ✨ NUEVO: PERF-PH-15A
[2026-02-11 21:36:29] [DEBUG]   ✨ NUEVO: PERFUME-01
[2026-02-11 21:36:29] [DEBUG]   ✨ NUEVO: PERFUME-02
[2026-02-11 21:36:29] [DEBUG]   ✨ NUEVO: PERFUME-03
[2026-02-11 21:36:29] [DEBUG]   ✨ NUEVO: PESO
[2026-02-11 21:36:29] [DEBUG]   ✨ NUEVO: PESO-00
[2026-02-11 21:36:29] [DEBUG]   ✨ NUEVO: PH
[2026-02-11 21:36:29] [DEBUG]   ✨ NUEVO: PH1
[2026-02-11 21:36:29] [DEBUG]   ✨ NUEVO: PHO
[2026-02-11 21:36:29] [DEBUG]   ✨ NUEVO: PHONE HOLDER
[2026-02-11 21:36:29] [DEBUG]   ✨ NUEVO: PINTURA-00
[2026-02-11 21:36:29] [DEBUG]   ✨ NUEVO: PINTURAS
[2026-02-11 21:36:29] [DEBUG]   ✨ NUEVO: PINZA
[2026-02-11 21:36:29] [DEBUG]   ✨ NUEVO: PIZARRA-00
[2026-02-11 21:36:29] [DEBUG]   ✨ NUEVO: PLASTICO CARTA
[2026-02-11 21:36:29] [DEBUG]   ✨ NUEVO: PLASTIFICACION-
[2026-02-11 21:36:29] [DEBUG]   ✨ NUEVO: POLVO CACAO 250 GR
[2026-02-11 21:36:29] [DEBUG]   ✨ NUEVO: POLVO CACAO 500 GR
[2026-02-11 21:36:29] [DEBUG]   ✨ NUEVO: PORTA CARNET
[2026-02-11 21:36:29] [DEBUG]   ✨ NUEVO: PORTARETRARO
[2026-02-11 21:36:29] [DEBUG]   ✨ NUEVO: POWER BANK MAGSAFE
[2026-02-11 21:36:29] [DEBUG]   ✨ NUEVO: POWER BANK MAGSAFE 5 MIL MAH
[2026-02-11 21:36:29] [DEBUG]   ✨ NUEVO: POWER BANK SOLAR YELOMIN 42800
[2026-02-11 21:36:29] [DEBUG]   ✨ NUEVO: PR-0-0143
[2026-02-11 21:36:29] [DEBUG]   ✨ NUEVO: PRESTAMO
[2026-02-11 21:36:29] [DEBUG]   ✨ NUEVO: PRESTAMO-01
[2026-02-11 21:36:29] [DEBUG]   ✨ NUEVO: PROD-AUTO-20260202174752
[2026-02-11 21:36:29] [DEBUG]   ✨ NUEVO: PROTECTOR DE VOLTAJE
[2026-02-11 21:36:29] [DEBUG]   ✨ NUEVO: PTO278-285
[2026-02-11 21:36:29] [DEBUG]   ✨ NUEVO: PULSERA NIÑOS AIRTAG
[2026-02-11 21:36:29] [DEBUG]   ✨ NUEVO: PULSERA-00
[2026-02-11 21:36:29] [DEBUG]   ✨ NUEVO: RAD-T6 MINI
[2026-02-11 21:36:29] [DEBUG]   ✨ NUEVO: RCA-JK
[2026-02-11 21:36:29] [DEBUG]   ✨ NUEVO: RECEPTOR WIFI DOBLE BANDA
[2026-02-11 21:36:29] [DEBUG]   ✨ NUEVO: REF-LED-30W
[2026-02-11 21:36:29] [DEBUG]   ✨ NUEVO: REG-PLAST-30CM
[2026-02-11 21:36:29] [DEBUG]   ✨ NUEVO: REG-UPPOMI-2064U AZUL
[2026-02-11 21:36:29] [DEBUG]   ✨ NUEVO: REG-UPPOMI-2064U BLANCA
[2026-02-11 21:36:29] [DEBUG]   ✨ NUEVO: REG-UPPOMI-2064U VERDE
[2026-02-11 21:36:29] [DEBUG]   ✨ NUEVO: REG-UPPOMI-LH-K2500W
[2026-02-11 21:36:29] [DEBUG]   ✨ NUEVO: RELOJ-00
[2026-02-11 21:36:29] [DEBUG]   ✨ NUEVO: REPELENTE
[2026-02-11 21:36:29] [DEBUG]   ✨ NUEVO: REPUESTO FLORES
[2026-02-11 21:36:29] [DEBUG]   ✨ NUEVO: RESALT-
[2026-02-11 21:36:29] [DEBUG]   ✨ NUEVO: RESALTADOR
[2026-02-11 21:36:29] [DEBUG]   ✨ NUEVO: RESALTADOR VERDE OPRINTA
[2026-02-11 21:36:29] [DEBUG]   ✨ NUEVO: RESALTADOR-3D
[2026-02-11 21:36:29] [DEBUG]   ✨ NUEVO: RESALTADORES ICONO
[2026-02-11 21:36:29] [DEBUG]   ✨ NUEVO: RESALT-VERDE
[2026-02-11 21:36:29] [DEBUG]   ✨ NUEVO: RESMA- EXECUTIVE
[2026-02-11 21:36:29] [DEBUG]   ✨ NUEVO: RESMAHPOFICIO
[2026-02-11 21:36:29] [DEBUG]   ✨ NUEVO: RES-OFIC-CHAMEX
[2026-02-11 21:36:29] [DEBUG]   ✨ NUEVO: RES-PAPEL-EXTRA-OFICIO
[2026-02-11 21:36:29] [DEBUG]   ✨ NUEVO: RES-PAP-OFIC HAMMERMILL
[2026-02-11 21:36:29] [DEBUG]   ✨ NUEVO: RES-PRINTON
[2026-02-11 21:36:29] [DEBUG]   ✨ NUEVO: RETRACTIL NEGRO/AZUL AMAZON
[2026-02-11 21:36:29] [DEBUG]   ✨ NUEVO: REVISION
[2026-02-11 21:36:29] [DEBUG]   ✨ NUEVO: RIMER
[2026-02-11 21:36:29] [DEBUG]   ✨ NUEVO: ROLLO-PUNTO
[2026-02-11 21:36:29] [DEBUG]   ✨ NUEVO: ROLLO-TERM-IMP-FISCAL
[2026-02-11 21:36:29] [DEBUG]   ✨ NUEVO: ROLLO-TERM-PT-8065
[2026-02-11 21:36:29] [DEBUG]   ✨ NUEVO: ROU-025
[2026-02-11 21:36:29] [DEBUG]   ✨ NUEVO: RP
[2026-02-11 21:36:29] [DEBUG]   ✨ NUEVO: RQ-CH-09
[2026-02-11 21:36:29] [DEBUG]   ✨ NUEVO: S8TRAVEL ADAPTER
[2026-02-11 21:36:29] [DEBUG]   ✨ NUEVO: SACAP-METAL
[2026-02-11 21:36:29] [DEBUG]   ✨ NUEVO: SD-CF-8GB
[2026-02-11 21:36:29] [DEBUG]   ✨ NUEVO: SER-VARIOS
[2026-02-11 21:36:29] [DEBUG]   ✨ NUEVO: S-G
[2026-02-11 21:36:29] [DEBUG]   ✨ NUEVO: SH-3103
[2026-02-11 21:36:29] [DEBUG]   ✨ NUEVO: SHOOT-MICRO
[2026-02-11 21:36:29] [DEBUG]   ✨ NUEVO: SOB-MANILA CARTA
[2026-02-11 21:36:29] [DEBUG]   ✨ NUEVO: SOB-MANILA-OFIC
[2026-02-11 21:36:29] [DEBUG]   ✨ NUEVO: SOBRE DE BROCHE CARTA
[2026-02-11 21:36:29] [DEBUG]   ✨ NUEVO: SOBRE MANILA CARTA
[2026-02-11 21:36:29] [DEBUG]   ✨ NUEVO: SOBRE MANILA OFICIO
[2026-02-11 21:36:29] [DEBUG]   ✨ NUEVO: SOBRES BLANCO #11 MEDIA CARTA
[2026-02-11 21:36:29] [DEBUG]   ✨ NUEVO: SOCATE ON-OFF
[2026-02-11 21:36:29] [DEBUG]   ✨ NUEVO: SOLID-STATE DRIVE
[2026-02-11 21:36:29] [DEBUG]   ✨ NUEVO: SOMBRAS
[2026-02-11 21:36:29] [DEBUG]   ✨ NUEVO: SREV-MOVILNET
[2026-02-11 21:36:29] [DEBUG]   ✨ NUEVO: SS-065
[2026-02-11 21:36:29] [DEBUG]   ✨ NUEVO: ST-00370
[2026-02-11 21:36:29] [DEBUG]   ✨ NUEVO: ST-01701
[2026-02-11 21:36:29] [DEBUG]   ✨ NUEVO: ST-03509B-A
[2026-02-11 21:36:29] [DEBUG]   ✨ NUEVO: ST-03556-B
[2026-02-11 21:36:29] [DEBUG]   ✨ NUEVO: ST-03905
[2026-02-11 21:36:29] [DEBUG]   ✨ NUEVO: ST-MS-951B
[2026-02-11 21:36:29] [DEBUG]   ✨ NUEVO: ST-P01
[2026-02-11 21:36:29] [DEBUG]   ✨ NUEVO: T5219252200
[2026-02-11 21:36:29] [DEBUG]   ✨ NUEVO: TABLAS-00
[2026-02-11 21:36:29] [DEBUG]   ✨ NUEVO: TABLET 10 PULGADAS AMAZON
[2026-02-11 21:36:29] [DEBUG]   ✨ NUEVO: TABLET 4 RAM VERDE
[2026-02-11 21:36:29] [DEBUG]   ✨ NUEVO: TABLET 7 PULAGADAS AMAZON
[2026-02-11 21:36:29] [DEBUG]   ✨ NUEVO: TABLET NEGRA 7 INCH 3 RAM
[2026-02-11 21:36:29] [DEBUG]   ✨ NUEVO: TABLET PARA NIÑOS 7 INCH
[2026-02-11 21:36:29] [DEBUG]   ✨ NUEVO: TAC-CL01
[2026-02-11 21:36:29] [DEBUG]   ✨ NUEVO: TAC-SAMSUG5G
[2026-02-11 21:36:29] [DEBUG]   ✨ NUEVO: TAP-001
[2026-02-11 21:36:29] [DEBUG]   ✨ NUEVO: TD-T35
[2026-02-11 21:36:29] [DEBUG]   ✨ NUEVO: TE-1
[2026-02-11 21:36:29] [DEBUG]   ✨ NUEVO: TEMP-COLORES
[2026-02-11 21:36:29] [DEBUG]   ✨ NUEVO: TERCER BRAZO
[2026-02-11 21:36:29] [DEBUG]   ✨ NUEVO: TEST-PROD-001
[2026-02-11 21:36:29] [DEBUG]   ✨ NUEVO: TIJ-8"-NEG
[2026-02-11 21:36:29] [DEBUG]   ✨ NUEVO: TIJERA
[2026-02-11 21:36:29] [DEBUG]   ✨ NUEVO: TINTA T544
[2026-02-11 21:36:29] [DEBUG]   ✨ NUEVO: TINTA T544 COLORES
[2026-02-11 21:36:29] [DEBUG]   ✨ NUEVO: TINTA T664
[2026-02-11 21:36:29] [DEBUG]   ✨ NUEVO: TINTA T664 AMARILLA
[2026-02-11 21:36:29] [DEBUG]   ✨ NUEVO: TINTA T664 CELESTE
[2026-02-11 21:36:29] [DEBUG]   ✨ NUEVO: TINTA T664 NEGRA
[2026-02-11 21:36:29] [DEBUG]   ✨ NUEVO: TIRRO
[2026-02-11 21:36:29] [DEBUG]   ✨ NUEVO: TJ-11 MOUSE GAMER
[2026-02-11 21:36:29] [DEBUG]   ✨ NUEVO: TONER-104
[2026-02-11 21:36:29] [DEBUG]   ✨ NUEVO: TONER-137/83A
[2026-02-11 21:36:29] [DEBUG]   ✨ NUEVO: TONER-COMP-CANON
[2026-02-11 21:36:29] [DEBUG]   ✨ NUEVO: TONER-COMP-HP
[2026-02-11 21:36:29] [DEBUG]   ✨ NUEVO: TONER-HP
[2026-02-11 21:36:29] [DEBUG]   ✨ NUEVO: TONER-MXP-MLTD101S
[2026-02-11 21:36:29] [DEBUG]   ✨ NUEVO: TONER-STAMPRINT
[2026-02-11 21:36:29] [DEBUG]   ✨ NUEVO: TP101
[2026-02-11 21:36:29] [DEBUG]   ✨ NUEVO: TRIPOIDE PARA SELFIE
[2026-02-11 21:36:29] [DEBUG]   ✨ NUEVO: TWS I18
[2026-02-11 21:36:29] [DEBUG]   ✨ NUEVO: UNS-K107
[2026-02-11 21:36:29] [DEBUG]   ✨ NUEVO: USB FLASH DRIVE
[2026-02-11 21:36:29] [DEBUG]   ✨ NUEVO: USB-4PTO-HUB
[2026-02-11 21:36:29] [DEBUG]   ✨ NUEVO: USB-7PTO-HUB
[2026-02-11 21:36:29] [DEBUG]   ✨ NUEVO: USB-CABLE-MICRO
[2026-02-11 21:36:29] [DEBUG]   ✨ NUEVO: USB-LDO-W10-MICRO
[2026-02-11 21:36:29] [DEBUG]   ✨ NUEVO: USB-TC
[2026-02-11 21:36:29] [DEBUG]   ✨ NUEVO: VARIOS SERVICIOS
[2026-02-11 21:36:29] [DEBUG]   ✨ NUEVO: WD2500AAKX
[2026-02-11 21:36:29] [DEBUG]   ✨ NUEVO: X002UZCVP1
[2026-02-11 21:36:29] [DEBUG]   ✨ NUEVO: X0033B2V51
[2026-02-11 21:36:29] [DEBUG]   ✨ NUEVO: X003CGDNHH
[2026-02-11 21:36:29] [DEBUG]   ✨ NUEVO: X003D43FOJ
[2026-02-11 21:36:29] [DEBUG]   ✨ NUEVO: X003FDNBWJ
[2026-02-11 21:36:29] [DEBUG]   ✨ NUEVO: X003Z1RAMD
[2026-02-11 21:36:29] [DEBUG]   ✨ NUEVO: X004AT548L
[2026-02-11 21:36:29] [DEBUG]   ✨ NUEVO: X6 USB STANDARD
[2026-02-11 21:36:29] [DEBUG]   ✨ NUEVO: X-CABLE
[2026-02-11 21:36:29] [DEBUG]   ✨ NUEVO: X-IZ
[2026-02-11 21:36:29] [DEBUG]   ✨ NUEVO: XS025
[2026-02-11 21:36:29] [INFO] Products: 778 nuevos, 0 modificados, 0 eliminados
[2026-02-11 21:36:29] [INFO] Detectando cambios en customers...
[2026-02-11 21:36:29] [DEBUG]   ✨ NUEVO:  V147941338 
[2026-02-11 21:36:29] [DEBUG]   ✨ NUEVO:  V19123572
[2026-02-11 21:36:29] [DEBUG]   ✨ NUEVO:  V19599699
[2026-02-11 21:36:29] [DEBUG]   ✨ NUEVO:  V-21057371
[2026-02-11 21:36:29] [DEBUG]   ✨ NUEVO:  V21281251
[2026-02-11 21:36:29] [DEBUG]   ✨ NUEVO:  V32643984
[2026-02-11 21:36:29] [DEBUG]   ✨ NUEVO: 0.0
[2026-02-11 21:36:29] [DEBUG]   ✨ NUEVO: 00
[2026-02-11 21:36:29] [DEBUG]   ✨ NUEVO: 02
[2026-02-11 21:36:29] [DEBUG]   ✨ NUEVO: 10279810
[2026-02-11 21:36:29] [DEBUG]   ✨ NUEVO: 10485638
[2026-02-11 21:36:29] [DEBUG]   ✨ NUEVO: 10510037
[2026-02-11 21:36:29] [DEBUG]   ✨ NUEVO: 10632924
[2026-02-11 21:36:29] [DEBUG]   ✨ NUEVO: 10691997
[2026-02-11 21:36:29] [DEBUG]   ✨ NUEVO: 10786541
[2026-02-11 21:36:29] [DEBUG]   ✨ NUEVO: 10794802
[2026-02-11 21:36:29] [DEBUG]   ✨ NUEVO: 11118099
[2026-02-11 21:36:29] [DEBUG]   ✨ NUEVO: 11164910
[2026-02-11 21:36:29] [DEBUG]   ✨ NUEVO: 11201520
[2026-02-11 21:36:29] [DEBUG]   ✨ NUEVO: 11563705
[2026-02-11 21:36:29] [DEBUG]   ✨ NUEVO: 12059913
[2026-02-11 21:36:29] [DEBUG]   ✨ NUEVO: 12398596
[2026-02-11 21:36:29] [DEBUG]   ✨ NUEVO: 12533659
[2026-02-11 21:36:29] [DEBUG]   ✨ NUEVO: 12670323
[2026-02-11 21:36:29] [DEBUG]   ✨ NUEVO: 12711366
[2026-02-11 21:36:29] [DEBUG]   ✨ NUEVO: 12866034
[2026-02-11 21:36:29] [DEBUG]   ✨ NUEVO: 12904363
[2026-02-11 21:36:29] [DEBUG]   ✨ NUEVO: 13110331
[2026-02-11 21:36:29] [DEBUG]   ✨ NUEVO: 13218046
[2026-02-11 21:36:29] [DEBUG]   ✨ NUEVO: 13419486
[2026-02-11 21:36:29] [DEBUG]   ✨ NUEVO: 13432891
[2026-02-11 21:36:29] [DEBUG]   ✨ NUEVO: 13466646
[2026-02-11 21:36:29] [DEBUG]   ✨ NUEVO: 13545829
[2026-02-11 21:36:29] [DEBUG]   ✨ NUEVO: 13637637
[2026-02-11 21:36:29] [DEBUG]   ✨ NUEVO: 13979326
[2026-02-11 21:36:29] [DEBUG]   ✨ NUEVO: 14098303
[2026-02-11 21:36:29] [DEBUG]   ✨ NUEVO: 14406441
[2026-02-11 21:36:29] [DEBUG]   ✨ NUEVO: 14453133
[2026-02-11 21:36:29] [DEBUG]   ✨ NUEVO: 14528040
[2026-02-11 21:36:29] [DEBUG]   ✨ NUEVO: 14533866
[2026-02-11 21:36:29] [DEBUG]   ✨ NUEVO: 14830805
[2026-02-11 21:36:29] [DEBUG]   ✨ NUEVO: 15204407
[2026-02-11 21:36:29] [DEBUG]   ✨ NUEVO: 15.240.848
[2026-02-11 21:36:29] [DEBUG]   ✨ NUEVO: 15373399
[2026-02-11 21:36:29] [DEBUG]   ✨ NUEVO: 16029393
[2026-02-11 21:36:29] [DEBUG]   ✨ NUEVO: 16037143
[2026-02-11 21:36:29] [DEBUG]   ✨ NUEVO: 16450339
[2026-02-11 21:36:29] [DEBUG]   ✨ NUEVO: 16450915
[2026-02-11 21:36:29] [DEBUG]   ✨ NUEVO: 16452624
[2026-02-11 21:36:29] [DEBUG]   ✨ NUEVO: 16820476
[2026-02-11 21:36:29] [DEBUG]   ✨ NUEVO: 16910902
[2026-02-11 21:36:29] [DEBUG]   ✨ NUEVO: 16911034
[2026-02-11 21:36:29] [DEBUG]   ✨ NUEVO: 17052034
[2026-02-11 21:36:29] [DEBUG]   ✨ NUEVO: 17059902
[2026-02-11 21:36:29] [DEBUG]   ✨ NUEVO: 17453493
[2026-02-11 21:36:29] [DEBUG]   ✨ NUEVO: 17570151
[2026-02-11 21:36:29] [DEBUG]   ✨ NUEVO: 17632786
[2026-02-11 21:36:29] [DEBUG]   ✨ NUEVO: 17772965
[2026-02-11 21:36:29] [DEBUG]   ✨ NUEVO: 17773320
[2026-02-11 21:36:29] [DEBUG]   ✨ NUEVO: 18093340
[2026-02-11 21:36:29] [DEBUG]   ✨ NUEVO: 18304266
[2026-02-11 21:36:29] [DEBUG]   ✨ NUEVO: 18304801
[2026-02-11 21:36:29] [DEBUG]   ✨ NUEVO: 18367113
[2026-02-11 21:36:29] [DEBUG]   ✨ NUEVO: 18446925
[2026-02-11 21:36:29] [DEBUG]   ✨ NUEVO: 19116622
[2026-02-11 21:36:29] [DEBUG]   ✨ NUEVO: 19305271
[2026-02-11 21:36:29] [DEBUG]   ✨ NUEVO: 19788862
[2026-02-11 21:36:29] [DEBUG]   ✨ NUEVO: 20418024
[2026-02-11 21:36:29] [DEBUG]   ✨ NUEVO: 20418874
[2026-02-11 21:36:29] [DEBUG]   ✨ NUEVO: 20980156
[2026-02-11 21:36:29] [DEBUG]   ✨ NUEVO: 20997625
[2026-02-11 21:36:29] [DEBUG]   ✨ NUEVO: 21132816
[2026-02-11 21:36:29] [DEBUG]   ✨ NUEVO: 21534608
[2026-02-11 21:36:29] [DEBUG]   ✨ NUEVO: 21573868
[2026-02-11 21:36:29] [DEBUG]   ✨ NUEVO: 22043076
[2026-02-11 21:36:29] [DEBUG]   ✨ NUEVO: 22346693
[2026-02-11 21:36:29] [DEBUG]   ✨ NUEVO: 22537737
[2026-02-11 21:36:29] [DEBUG]   ✨ NUEVO: 23651517
[2026-02-11 21:36:29] [DEBUG]   ✨ NUEVO: 23651607
[2026-02-11 21:36:29] [DEBUG]   ✨ NUEVO: 23651745
[2026-02-11 21:36:29] [DEBUG]   ✨ NUEVO: 23651840
[2026-02-11 21:36:29] [DEBUG]   ✨ NUEVO: 24280188
[2026-02-11 21:36:29] [DEBUG]   ✨ NUEVO: 25959068
[2026-02-11 21:36:29] [DEBUG]   ✨ NUEVO: 26100970
[2026-02-11 21:36:29] [DEBUG]   ✨ NUEVO: 26443722
[2026-02-11 21:36:29] [DEBUG]   ✨ NUEVO: 26893863
[2026-02-11 21:36:29] [DEBUG]   ✨ NUEVO: 27039508
[2026-02-11 21:36:29] [DEBUG]   ✨ NUEVO: 27454709
[2026-02-11 21:36:29] [DEBUG]   ✨ NUEVO: 27454941
[2026-02-11 21:36:29] [DEBUG]   ✨ NUEVO: 27807395
[2026-02-11 21:36:29] [DEBUG]   ✨ NUEVO: 28250065
[2026-02-11 21:36:29] [DEBUG]   ✨ NUEVO: 28361701.
[2026-02-11 21:36:29] [DEBUG]   ✨ NUEVO: 30305762
[2026-02-11 21:36:29] [DEBUG]   ✨ NUEVO: 30859147
[2026-02-11 21:36:29] [DEBUG]   ✨ NUEVO: 31005327
[2026-02-11 21:36:29] [DEBUG]   ✨ NUEVO: 310103070
[2026-02-11 21:36:29] [DEBUG]   ✨ NUEVO: 31955614
[2026-02-11 21:36:29] [DEBUG]   ✨ NUEVO: 31956081
[2026-02-11 21:36:29] [DEBUG]   ✨ NUEVO: 32214471
[2026-02-11 21:36:29] [DEBUG]   ✨ NUEVO: 3414872
[2026-02-11 21:36:29] [DEBUG]   ✨ NUEVO: 3635117
[2026-02-11 21:36:29] [DEBUG]   ✨ NUEVO: 3816471
[2026-02-11 21:36:29] [DEBUG]   ✨ NUEVO: 3839562
[2026-02-11 21:36:29] [DEBUG]   ✨ NUEVO: 3972618
[2026-02-11 21:36:29] [DEBUG]   ✨ NUEVO: 4272017
[2026-02-11 21:36:29] [DEBUG]   ✨ NUEVO: 4354571
[2026-02-11 21:36:29] [DEBUG]   ✨ NUEVO: 5416511
[2026-02-11 21:36:29] [DEBUG]   ✨ NUEVO: 5590127
[2026-02-11 21:36:29] [DEBUG]   ✨ NUEVO: 6096099
[2026-02-11 21:36:29] [DEBUG]   ✨ NUEVO: 6216663
[2026-02-11 21:36:29] [DEBUG]   ✨ NUEVO: 6236154
[2026-02-11 21:36:29] [DEBUG]   ✨ NUEVO: 6271808
[2026-02-11 21:36:29] [DEBUG]   ✨ NUEVO: 6513887
[2026-02-11 21:36:29] [DEBUG]   ✨ NUEVO: 6672784
[2026-02-11 21:36:29] [DEBUG]   ✨ NUEVO: 6708224
[2026-02-11 21:36:29] [DEBUG]   ✨ NUEVO: 6732485
[2026-02-11 21:36:29] [DEBUG]   ✨ NUEVO: 6837615
[2026-02-11 21:36:29] [DEBUG]   ✨ NUEVO: 6838042
[2026-02-11 21:36:29] [DEBUG]   ✨ NUEVO: 6838085
[2026-02-11 21:36:29] [DEBUG]   ✨ NUEVO: 6926417
[2026-02-11 21:36:29] [DEBUG]   ✨ NUEVO: 6926568
[2026-02-11 21:36:29] [DEBUG]   ✨ NUEVO: 6934115
[2026-02-11 21:36:29] [DEBUG]   ✨ NUEVO: 8486612
[2026-02-11 21:36:29] [DEBUG]   ✨ NUEVO: 8571695
[2026-02-11 21:36:29] [DEBUG]   ✨ NUEVO: 8758986
[2026-02-11 21:36:29] [DEBUG]   ✨ NUEVO: 9089757
[2026-02-11 21:36:29] [DEBUG]   ✨ NUEVO: 9965410
[2026-02-11 21:36:29] [DEBUG]   ✨ NUEVO: ANA MARIA LURGI
[2026-02-11 21:36:29] [DEBUG]   ✨ NUEVO: ANNE ZANCAN
[2026-02-11 21:36:29] [DEBUG]   ✨ NUEVO: BRIYIT VALDERRAMA
[2026-02-11 21:36:29] [DEBUG]   ✨ NUEVO: C299558184
[2026-02-11 21:36:29] [DEBUG]   ✨ NUEVO: C299703249
[2026-02-11 21:36:29] [DEBUG]   ✨ NUEVO: C310216118
[2026-02-11 21:36:29] [DEBUG]   ✨ NUEVO: COMUNIUDAD LOS SERRANOS
[2026-02-11 21:36:29] [DEBUG]   ✨ NUEVO: E80772778
[2026-02-11 21:36:29] [DEBUG]   ✨ NUEVO: E810826110
[2026-02-11 21:36:29] [DEBUG]   ✨ NUEVO: E81516829
[2026-02-11 21:36:29] [DEBUG]   ✨ NUEVO: E82127388
[2026-02-11 21:36:29] [DEBUG]   ✨ NUEVO: E82151195
[2026-02-11 21:36:29] [DEBUG]   ✨ NUEVO: E82274378
[2026-02-11 21:36:29] [DEBUG]   ✨ NUEVO: E82299456
[2026-02-11 21:36:29] [DEBUG]   ✨ NUEVO: E84317031
[2026-02-11 21:36:29] [DEBUG]   ✨ NUEVO: E84474802
[2026-02-11 21:36:29] [DEBUG]   ✨ NUEVO: E892160
[2026-02-11 21:36:29] [DEBUG]   ✨ NUEVO: EYLIN MORA
[2026-02-11 21:36:29] [DEBUG]   ✨ NUEVO: G100021411
[2026-02-11 21:36:29] [DEBUG]   ✨ NUEVO: G200004517
[2026-02-11 21:36:29] [DEBUG]   ✨ NUEVO: G200095482
[2026-02-11 21:36:29] [DEBUG]   ✨ NUEVO: HECTOR IBARRA
[2026-02-11 21:36:29] [DEBUG]   ✨ NUEVO: HENRY MARIN
[2026-02-11 21:36:29] [DEBUG]   ✨ NUEVO: HENRY PALOMBIZIO
[2026-02-11 21:36:29] [DEBUG]   ✨ NUEVO: HERMEYBE PEDROZA
[2026-02-11 21:36:29] [DEBUG]   ✨ NUEVO: INVERSIONES TECNICOMPTER C.A.
[2026-02-11 21:36:29] [DEBUG]   ✨ NUEVO: IVAN RAMOS
[2026-02-11 21:36:29] [DEBUG]   ✨ NUEVO: J000000000
[2026-02-11 21:36:29] [DEBUG]   ✨ NUEVO: J000944741
[2026-02-11 21:36:29] [DEBUG]   ✨ NUEVO: J001277862
[2026-02-11 21:36:29] [DEBUG]   ✨ NUEVO: J001281487
[2026-02-11 21:36:29] [DEBUG]   ✨ NUEVO: J001460780
[2026-02-11 21:36:29] [DEBUG]   ✨ NUEVO: J001468498
[2026-02-11 21:36:29] [DEBUG]   ✨ NUEVO: J001786538
[2026-02-11 21:36:29] [DEBUG]   ✨ NUEVO: J001788735
[2026-02-11 21:36:29] [DEBUG]   ✨ NUEVO: J002155892
[2026-02-11 21:36:29] [DEBUG]   ✨ NUEVO: J002740981
[2026-02-11 21:36:29] [DEBUG]   ✨ NUEVO: J002793988
[2026-02-11 21:36:29] [DEBUG]   ✨ NUEVO: J003084883
[2026-02-11 21:36:29] [DEBUG]   ✨ NUEVO: J003381705
[2026-02-11 21:36:29] [DEBUG]   ✨ NUEVO: J080041127
[2026-02-11 21:36:29] [DEBUG]   ✨ NUEVO: J293674573
[2026-02-11 21:36:29] [DEBUG]   ✨ NUEVO: J293810876
[2026-02-11 21:36:29] [DEBUG]   ✨ NUEVO: J294161038
[2026-02-11 21:36:29] [DEBUG]   ✨ NUEVO: J294374867
[2026-02-11 21:36:29] [DEBUG]   ✨ NUEVO: J295437951
[2026-02-11 21:36:29] [DEBUG]   ✨ NUEVO: J295671962
[2026-02-11 21:36:29] [DEBUG]   ✨ NUEVO: J295780168
[2026-02-11 21:36:29] [DEBUG]   ✨ NUEVO: J295821727
[2026-02-11 21:36:29] [DEBUG]   ✨ NUEVO: J295846711
[2026-02-11 21:36:29] [DEBUG]   ✨ NUEVO: J295901070
[2026-02-11 21:36:29] [DEBUG]   ✨ NUEVO: J296087288
[2026-02-11 21:36:29] [DEBUG]   ✨ NUEVO: J296635196
[2026-02-11 21:36:29] [DEBUG]   ✨ NUEVO: J296651566
[2026-02-11 21:36:29] [DEBUG]   ✨ NUEVO: J296914516
[2026-02-11 21:36:29] [DEBUG]   ✨ NUEVO: J297472959
[2026-02-11 21:36:29] [DEBUG]   ✨ NUEVO: J297487387
[2026-02-11 21:36:29] [DEBUG]   ✨ NUEVO: J297593179
[2026-02-11 21:36:29] [DEBUG]   ✨ NUEVO: J297980172
[2026-02-11 21:36:29] [DEBUG]   ✨ NUEVO: J297997776
[2026-02-11 21:36:29] [DEBUG]   ✨ NUEVO: J298020075
[2026-02-11 21:36:29] [DEBUG]   ✨ NUEVO: J298042303
[2026-02-11 21:36:29] [DEBUG]   ✨ NUEVO: J298070897
[2026-02-11 21:36:29] [DEBUG]   ✨ NUEVO: J298113065
[2026-02-11 21:36:29] [DEBUG]   ✨ NUEVO: J298132841
[2026-02-11 21:36:29] [DEBUG]   ✨ NUEVO: J298201606
[2026-02-11 21:36:29] [DEBUG]   ✨ NUEVO: J298260939
[2026-02-11 21:36:29] [DEBUG]   ✨ NUEVO: J298262940
[2026-02-11 21:36:29] [DEBUG]   ✨ NUEVO: J298403683
[2026-02-11 21:36:29] [DEBUG]   ✨ NUEVO: J298430192
[2026-02-11 21:36:29] [DEBUG]   ✨ NUEVO: J298822961
[2026-02-11 21:36:29] [DEBUG]   ✨ NUEVO: J298938200
[2026-02-11 21:36:29] [DEBUG]   ✨ NUEVO: J299267546
[2026-02-11 21:36:29] [DEBUG]   ✨ NUEVO: J299344923
[2026-02-11 21:36:29] [DEBUG]   ✨ NUEVO: J299462209
[2026-02-11 21:36:29] [DEBUG]   ✨ NUEVO: J299503509
[2026-02-11 21:36:29] [DEBUG]   ✨ NUEVO: J299566519
[2026-02-11 21:36:29] [DEBUG]   ✨ NUEVO: J299648760
[2026-02-11 21:36:29] [DEBUG]   ✨ NUEVO: J299719803
[2026-02-11 21:36:29] [DEBUG]   ✨ NUEVO: J300303390
[2026-02-11 21:36:29] [DEBUG]   ✨ NUEVO: J300740455
[2026-02-11 21:36:29] [DEBUG]   ✨ NUEVO: J300843394
[2026-02-11 21:36:29] [DEBUG]   ✨ NUEVO: J301016432
[2026-02-11 21:36:29] [DEBUG]   ✨ NUEVO: J302401046
[2026-02-11 21:36:29] [DEBUG]   ✨ NUEVO: J302638321
[2026-02-11 21:36:29] [DEBUG]   ✨ NUEVO: J-303241875
[2026-02-11 21:36:29] [DEBUG]   ✨ NUEVO: J303320660
[2026-02-11 21:36:29] [DEBUG]   ✨ NUEVO: J303861210
[2026-02-11 21:36:29] [DEBUG]   ✨ NUEVO: J304016204
[2026-02-11 21:36:29] [DEBUG]   ✨ NUEVO: J304543352
[2026-02-11 21:36:29] [DEBUG]   ✨ NUEVO: J305001294
[2026-02-11 21:36:29] [DEBUG]   ✨ NUEVO: J305321930
[2026-02-11 21:36:29] [DEBUG]   ✨ NUEVO: J305354898
[2026-02-11 21:36:29] [DEBUG]   ✨ NUEVO: J305416788
[2026-02-11 21:36:29] [DEBUG]   ✨ NUEVO: J305730997
[2026-02-11 21:36:29] [DEBUG]   ✨ NUEVO: J305961506
[2026-02-11 21:36:29] [DEBUG]   ✨ NUEVO: J306217274
[2026-02-11 21:36:29] [DEBUG]   ✨ NUEVO: J306340408
[2026-02-11 21:36:29] [DEBUG]   ✨ NUEVO: J306451234
[2026-02-11 21:36:29] [DEBUG]   ✨ NUEVO: J306481346
[2026-02-11 21:36:29] [DEBUG]   ✨ NUEVO: J306725024
[2026-02-11 21:36:29] [DEBUG]   ✨ NUEVO: J307004738
[2026-02-11 21:36:29] [DEBUG]   ✨ NUEVO: J307147326
[2026-02-11 21:36:29] [DEBUG]   ✨ NUEVO: J307243597
[2026-02-11 21:36:29] [DEBUG]   ✨ NUEVO: J307603089
[2026-02-11 21:36:29] [DEBUG]   ✨ NUEVO: J307831502
[2026-02-11 21:36:29] [DEBUG]   ✨ NUEVO: J307860669
[2026-02-11 21:36:29] [DEBUG]   ✨ NUEVO: J307970103
[2026-02-11 21:36:29] [DEBUG]   ✨ NUEVO: J308103616
[2026-02-11 21:36:29] [DEBUG]   ✨ NUEVO: J308361143
[2026-02-11 21:36:29] [DEBUG]   ✨ NUEVO: J308480142
[2026-02-11 21:36:29] [DEBUG]   ✨ NUEVO: J30856740-0
[2026-02-11 21:36:29] [DEBUG]   ✨ NUEVO: J308567400
[2026-02-11 21:36:29] [DEBUG]   ✨ NUEVO: J308582379
[2026-02-11 21:36:29] [DEBUG]   ✨ NUEVO: J309093894
[2026-02-11 21:36:29] [DEBUG]   ✨ NUEVO: J309134590
[2026-02-11 21:36:29] [DEBUG]   ✨ NUEVO: J309209108
[2026-02-11 21:36:29] [DEBUG]   ✨ NUEVO: J309302272
[2026-02-11 21:36:29] [DEBUG]   ✨ NUEVO: J309317156
[2026-02-11 21:36:29] [DEBUG]   ✨ NUEVO: J309644394
[2026-02-11 21:36:29] [DEBUG]   ✨ NUEVO: J309723650
[2026-02-11 21:36:29] [DEBUG]   ✨ NUEVO: J309724029
[2026-02-11 21:36:29] [DEBUG]   ✨ NUEVO: J310003599
[2026-02-11 21:36:29] [DEBUG]   ✨ NUEVO: J310320497
[2026-02-11 21:36:29] [DEBUG]   ✨ NUEVO: J310475636
[2026-02-11 21:36:29] [DEBUG]   ✨ NUEVO: J311085190
[2026-02-11 21:36:29] [DEBUG]   ✨ NUEVO: J311226338
[2026-02-11 21:36:29] [DEBUG]   ✨ NUEVO: J311322019
[2026-02-11 21:36:29] [DEBUG]   ✨ NUEVO: J311335390
[2026-02-11 21:36:29] [DEBUG]   ✨ NUEVO: J311579532
[2026-02-11 21:36:29] [DEBUG]   ✨ NUEVO: J311622306
[2026-02-11 21:36:29] [DEBUG]   ✨ NUEVO: J311651519
[2026-02-11 21:36:29] [DEBUG]   ✨ NUEVO: J311657878
[2026-02-11 21:36:29] [DEBUG]   ✨ NUEVO: J311666761
[2026-02-11 21:36:29] [DEBUG]   ✨ NUEVO: J312209100
[2026-02-11 21:36:29] [DEBUG]   ✨ NUEVO: J312223081
[2026-02-11 21:36:29] [DEBUG]   ✨ NUEVO: J312315369
[2026-02-11 21:36:29] [DEBUG]   ✨ NUEVO: J312676647
[2026-02-11 21:36:29] [DEBUG]   ✨ NUEVO: J312683929
[2026-02-11 21:36:29] [DEBUG]   ✨ NUEVO: J312730978
[2026-02-11 21:36:29] [DEBUG]   ✨ NUEVO: J312799617
[2026-02-11 21:36:29] [DEBUG]   ✨ NUEVO: J312989335
[2026-02-11 21:36:29] [DEBUG]   ✨ NUEVO: J313437662
[2026-02-11 21:36:29] [DEBUG]   ✨ NUEVO: J313511250
[2026-02-11 21:36:29] [DEBUG]   ✨ NUEVO: J313686611
[2026-02-11 21:36:29] [DEBUG]   ✨ NUEVO: J313720852
[2026-02-11 21:36:29] [DEBUG]   ✨ NUEVO: J314079794
[2026-02-11 21:36:29] [DEBUG]   ✨ NUEVO: J314082981
[2026-02-11 21:36:29] [DEBUG]   ✨ NUEVO: J314224603
[2026-02-11 21:36:29] [DEBUG]   ✨ NUEVO: J314643233
[2026-02-11 21:36:29] [DEBUG]   ✨ NUEVO: J316224970
[2026-02-11 21:36:29] [DEBUG]   ✨ NUEVO: J316268772
[2026-02-11 21:36:29] [DEBUG]   ✨ NUEVO: J316277860
[2026-02-11 21:36:29] [DEBUG]   ✨ NUEVO: J316323005
[2026-02-11 21:36:29] [DEBUG]   ✨ NUEVO: J316333507
[2026-02-11 21:36:29] [DEBUG]   ✨ NUEVO: J316348539
[2026-02-11 21:36:29] [DEBUG]   ✨ NUEVO: J316877264
[2026-02-11 21:36:29] [DEBUG]   ✨ NUEVO: J317189965
[2026-02-11 21:36:29] [DEBUG]   ✨ NUEVO: J317227719
[2026-02-11 21:36:29] [DEBUG]   ✨ NUEVO: J317280539
[2026-02-11 21:36:29] [DEBUG]   ✨ NUEVO: J317415191
[2026-02-11 21:36:29] [DEBUG]   ✨ NUEVO: J317499751
[2026-02-11 21:36:29] [DEBUG]   ✨ NUEVO: J400035910
[2026-02-11 21:36:29] [DEBUG]   ✨ NUEVO: J400236142
[2026-02-11 21:36:29] [DEBUG]   ✨ NUEVO: J400236177
[2026-02-11 21:36:29] [DEBUG]   ✨ NUEVO: J400436486
[2026-02-11 21:36:29] [DEBUG]   ✨ NUEVO: J400674190
[2026-02-11 21:36:29] [DEBUG]   ✨ NUEVO: J400716900
[2026-02-11 21:36:29] [DEBUG]   ✨ NUEVO: J400945887
[2026-02-11 21:36:29] [DEBUG]   ✨ NUEVO: J401123120
[2026-02-11 21:36:29] [DEBUG]   ✨ NUEVO: J401306420
[2026-02-11 21:36:29] [DEBUG]   ✨ NUEVO: J401481906
[2026-02-11 21:36:29] [DEBUG]   ✨ NUEVO: J401534392
[2026-02-11 21:36:29] [DEBUG]   ✨ NUEVO: J402144628
[2026-02-11 21:36:29] [DEBUG]   ✨ NUEVO: J402391927
[2026-02-11 21:36:29] [DEBUG]   ✨ NUEVO: J402440928
[2026-02-11 21:36:29] [DEBUG]   ✨ NUEVO: J402469888
[2026-02-11 21:36:29] [DEBUG]   ✨ NUEVO: J-40258819-4
[2026-02-11 21:36:29] [DEBUG]   ✨ NUEVO: J402611587
[2026-02-11 21:36:29] [DEBUG]   ✨ NUEVO: J403383324
[2026-02-11 21:36:29] [DEBUG]   ✨ NUEVO: J-40364067-0
[2026-02-11 21:36:29] [DEBUG]   ✨ NUEVO: J403640670
[2026-02-11 21:36:29] [DEBUG]   ✨ NUEVO: J404115641
[2026-02-11 21:36:29] [DEBUG]   ✨ NUEVO: J404163433
[2026-02-11 21:36:29] [DEBUG]   ✨ NUEVO: J404231021
[2026-02-11 21:36:29] [DEBUG]   ✨ NUEVO: J404362185
[2026-02-11 21:36:29] [DEBUG]   ✨ NUEVO: J404441530
[2026-02-11 21:36:29] [DEBUG]   ✨ NUEVO: J405451467
[2026-02-11 21:36:29] [DEBUG]   ✨ NUEVO: J405869976
[2026-02-11 21:36:29] [DEBUG]   ✨ NUEVO: J406399132
[2026-02-11 21:36:29] [DEBUG]   ✨ NUEVO: J406614912
[2026-02-11 21:36:29] [DEBUG]   ✨ NUEVO: J406685690
[2026-02-11 21:36:29] [DEBUG]   ✨ NUEVO: J407262467
[2026-02-11 21:36:29] [DEBUG]   ✨ NUEVO: J407796585
[2026-02-11 21:36:29] [DEBUG]   ✨ NUEVO: J408924420
[2026-02-11 21:36:29] [DEBUG]   ✨ NUEVO: J409457516
[2026-02-11 21:36:29] [DEBUG]   ✨ NUEVO: J409528510
[2026-02-11 21:36:29] [DEBUG]   ✨ NUEVO: J409940713
[2026-02-11 21:36:29] [DEBUG]   ✨ NUEVO: J410013435
[2026-02-11 21:36:29] [DEBUG]   ✨ NUEVO: J410723920
[2026-02-11 21:36:29] [DEBUG]   ✨ NUEVO: J4110686216
[2026-02-11 21:36:29] [DEBUG]   ✨ NUEVO: J411218448
[2026-02-11 21:36:29] [DEBUG]   ✨ NUEVO: J411536903
[2026-02-11 21:36:29] [DEBUG]   ✨ NUEVO: J412199870
[2026-02-11 21:36:29] [DEBUG]   ✨ NUEVO: J412235117
[2026-02-11 21:36:29] [DEBUG]   ✨ NUEVO: J500022263
[2026-02-11 21:36:29] [DEBUG]   ✨ NUEVO: J500227612 
[2026-02-11 21:36:29] [DEBUG]   ✨ NUEVO: J500297203
[2026-02-11 21:36:29] [DEBUG]   ✨ NUEVO: J50031403-5
[2026-02-11 21:36:29] [DEBUG]   ✨ NUEVO: J500425481
[2026-02-11 21:36:29] [DEBUG]   ✨ NUEVO: J500474407
[2026-02-11 21:36:29] [DEBUG]   ✨ NUEVO: J500536895
[2026-02-11 21:36:29] [DEBUG]   ✨ NUEVO: J500665610
[2026-02-11 21:36:29] [DEBUG]   ✨ NUEVO: J500686447
[2026-02-11 21:36:29] [DEBUG]   ✨ NUEVO: J500750170
[2026-02-11 21:36:29] [DEBUG]   ✨ NUEVO: J501276382
[2026-02-11 21:36:29] [DEBUG]   ✨ NUEVO: J501395217
[2026-02-11 21:36:29] [DEBUG]   ✨ NUEVO: J501673292
[2026-02-11 21:36:29] [DEBUG]   ✨ NUEVO: J501998507
[2026-02-11 21:36:29] [DEBUG]   ✨ NUEVO: J502464514
[2026-02-11 21:36:29] [DEBUG]   ✨ NUEVO: J502592784
[2026-02-11 21:36:29] [DEBUG]   ✨ NUEVO: J502741283
[2026-02-11 21:36:29] [DEBUG]   ✨ NUEVO: J502886311
[2026-02-11 21:36:29] [DEBUG]   ✨ NUEVO: J503381418
[2026-02-11 21:36:29] [DEBUG]   ✨ NUEVO: J504072044
[2026-02-11 21:36:29] [DEBUG]   ✨ NUEVO: J504367885
[2026-02-11 21:36:29] [DEBUG]   ✨ NUEVO: J504637386
[2026-02-11 21:36:29] [DEBUG]   ✨ NUEVO: J504926590
[2026-02-11 21:36:29] [DEBUG]   ✨ NUEVO: J505751263
[2026-02-11 21:36:29] [DEBUG]   ✨ NUEVO: J95042596
[2026-02-11 21:36:29] [DEBUG]   ✨ NUEVO: JEAN VERONIZ
[2026-02-11 21:36:29] [DEBUG]   ✨ NUEVO: JESUS ENRIQUE MENDOZA BASTIDAS
[2026-02-11 21:36:29] [DEBUG]   ✨ NUEVO: JONATHAN FREITES
[2026-02-11 21:36:29] [DEBUG]   ✨ NUEVO: JOSE FELIX DOMINGUEZ
[2026-02-11 21:36:29] [DEBUG]   ✨ NUEVO: JOSE MEDINA
[2026-02-11 21:36:29] [DEBUG]   ✨ NUEVO: KAISMER GUERRA
[2026-02-11 21:36:29] [DEBUG]   ✨ NUEVO: KELLY ML BASES TABLET
[2026-02-11 21:36:29] [DEBUG]   ✨ NUEVO: KEVIN CARABALLO
[2026-02-11 21:36:29] [DEBUG]   ✨ NUEVO: LUZ LUGO
[2026-02-11 21:36:29] [DEBUG]   ✨ NUEVO: PATRICIA RIVAS
[2026-02-11 21:36:29] [DEBUG]   ✨ NUEVO: ROSMARY CASTAÑEDA
[2026-02-11 21:36:29] [DEBUG]   ✨ NUEVO: RUBEN MATA
[2026-02-11 21:36:29] [DEBUG]   ✨ NUEVO: TEST001
[2026-02-11 21:36:29] [DEBUG]   ✨ NUEVO: TEST-AUTO-20260202174751
[2026-02-11 21:36:29] [DEBUG]   ✨ NUEVO: V 11124408
[2026-02-11 21:36:29] [DEBUG]   ✨ NUEVO: V 11541026
[2026-02-11 21:36:29] [DEBUG]   ✨ NUEVO: V 13959997
[2026-02-11 21:36:29] [DEBUG]   ✨ NUEVO: V 14157610
[2026-02-11 21:36:29] [DEBUG]   ✨ NUEVO: V 14395341
[2026-02-11 21:36:29] [DEBUG]   ✨ NUEVO: V 14476337
[2026-02-11 21:36:29] [DEBUG]   ✨ NUEVO: V 20687960 
[2026-02-11 21:36:29] [DEBUG]   ✨ NUEVO: V 8072922
[2026-02-11 21:36:29] [DEBUG]   ✨ NUEVO: V 9956774
[2026-02-11 21:36:29] [DEBUG]   ✨ NUEVO: V10051125
[2026-02-11 21:36:29] [DEBUG]   ✨ NUEVO: V10072483
[2026-02-11 21:36:29] [DEBUG]   ✨ NUEVO: V10078553
[2026-02-11 21:36:29] [DEBUG]   ✨ NUEVO: V10090239
[2026-02-11 21:36:29] [DEBUG]   ✨ NUEVO: V10091867
[2026-02-11 21:36:29] [DEBUG]   ✨ NUEVO: V10093535
[2026-02-11 21:36:29] [DEBUG]   ✨ NUEVO: V10096125
[2026-02-11 21:36:29] [DEBUG]   ✨ NUEVO: V10096754
[2026-02-11 21:36:29] [DEBUG]   ✨ NUEVO: V10098341
[2026-02-11 21:36:29] [DEBUG]   ✨ NUEVO: V10099923
[2026-02-11 21:36:29] [DEBUG]   ✨ NUEVO: V10117692
[2026-02-11 21:36:29] [DEBUG]   ✨ NUEVO: V10174084
[2026-02-11 21:36:29] [DEBUG]   ✨ NUEVO: V10186391
[2026-02-11 21:36:29] [DEBUG]   ✨ NUEVO: V10203949
[2026-02-11 21:36:29] [DEBUG]   ✨ NUEVO: V10219828
[2026-02-11 21:36:29] [DEBUG]   ✨ NUEVO: V10279810
[2026-02-11 21:36:29] [DEBUG]   ✨ NUEVO: V10318412
[2026-02-11 21:36:29] [DEBUG]   ✨ NUEVO: V10325688
[2026-02-11 21:36:29] [DEBUG]   ✨ NUEVO: V10357510
[2026-02-11 21:36:29] [DEBUG]   ✨ NUEVO: V10380897
[2026-02-11 21:36:29] [DEBUG]   ✨ NUEVO: V10382745
[2026-02-11 21:36:29] [DEBUG]   ✨ NUEVO: V10424674
[2026-02-11 21:36:29] [DEBUG]   ✨ NUEVO: V10484011
[2026-02-11 21:36:29] [DEBUG]   ✨ NUEVO: V10.509.853
[2026-02-11 21:36:29] [DEBUG]   ✨ NUEVO: V10512087
[2026-02-11 21:36:29] [DEBUG]   ✨ NUEVO: V10512683
[2026-02-11 21:36:29] [DEBUG]   ✨ NUEVO: V10523473
[2026-02-11 21:36:29] [DEBUG]   ✨ NUEVO: V10532058
[2026-02-11 21:36:29] [DEBUG]   ✨ NUEVO: V10548442
[2026-02-11 21:36:29] [DEBUG]   ✨ NUEVO: V10548518
[2026-02-11 21:36:29] [DEBUG]   ✨ NUEVO: V10625205
[2026-02-11 21:36:29] [DEBUG]   ✨ NUEVO: V10677925
[2026-02-11 21:36:29] [DEBUG]   ✨ NUEVO: V10690145
[2026-02-11 21:36:29] [DEBUG]   ✨ NUEVO: V10690822
[2026-02-11 21:36:29] [DEBUG]   ✨ NUEVO: V10691251
[2026-02-11 21:36:29] [DEBUG]   ✨ NUEVO: V10692118
[2026-02-11 21:36:29] [DEBUG]   ✨ NUEVO: V10693948
[2026-02-11 21:36:29] [DEBUG]   ✨ NUEVO: V10694633
[2026-02-11 21:36:29] [DEBUG]   ✨ NUEVO: V10697060
[2026-02-11 21:36:29] [DEBUG]   ✨ NUEVO: V10697428
[2026-02-11 21:36:29] [DEBUG]   ✨ NUEVO: V10699062
[2026-02-11 21:36:29] [DEBUG]   ✨ NUEVO: V10780896
[2026-02-11 21:36:29] [DEBUG]   ✨ NUEVO: V10781681
[2026-02-11 21:36:29] [DEBUG]   ✨ NUEVO: V10787551
[2026-02-11 21:36:29] [DEBUG]   ✨ NUEVO: V10793710
[2026-02-11 21:36:29] [DEBUG]   ✨ NUEVO: V10807182
[2026-02-11 21:36:29] [DEBUG]   ✨ NUEVO: V10807678
[2026-02-11 21:36:29] [DEBUG]   ✨ NUEVO: V10812644
[2026-02-11 21:36:29] [DEBUG]   ✨ NUEVO: V10826655
[2026-02-11 21:36:29] [DEBUG]   ✨ NUEVO: V10844084
[2026-02-11 21:36:29] [DEBUG]   ✨ NUEVO: V10924709
[2026-02-11 21:36:29] [DEBUG]   ✨ NUEVO: V11007471
[2026-02-11 21:36:29] [DEBUG]   ✨ NUEVO: V11030297
[2026-02-11 21:36:29] [DEBUG]   ✨ NUEVO: V11036416
[2026-02-11 21:36:29] [DEBUG]   ✨ NUEVO: V11062517
[2026-02-11 21:36:29] [DEBUG]   ✨ NUEVO: V11070616
[2026-02-11 21:36:29] [DEBUG]   ✨ NUEVO: V11072254
[2026-02-11 21:36:29] [DEBUG]   ✨ NUEVO: V11072291
[2026-02-11 21:36:29] [DEBUG]   ✨ NUEVO: V11159219
[2026-02-11 21:36:29] [DEBUG]   ✨ NUEVO: V11160121
[2026-02-11 21:36:29] [DEBUG]   ✨ NUEVO: V11183929
[2026-02-11 21:36:29] [DEBUG]   ✨ NUEVO: V11225754
[2026-02-11 21:36:29] [DEBUG]   ✨ NUEVO: V11247328
[2026-02-11 21:36:29] [DEBUG]   ✨ NUEVO: V11306260
[2026-02-11 21:36:29] [DEBUG]   ✨ NUEVO: V11317879
[2026-02-11 21:36:29] [DEBUG]   ✨ NUEVO: V11343213
[2026-02-11 21:36:29] [DEBUG]   ✨ NUEVO: V11350577
[2026-02-11 21:36:29] [DEBUG]   ✨ NUEVO: V11358726
[2026-02-11 21:36:29] [DEBUG]   ✨ NUEVO: V11412537
[2026-02-11 21:36:29] [DEBUG]   ✨ NUEVO: V11481747
[2026-02-11 21:36:29] [DEBUG]   ✨ NUEVO: V11556718
[2026-02-11 21:36:29] [DEBUG]   ✨ NUEVO: V11564706
[2026-02-11 21:36:29] [DEBUG]   ✨ NUEVO: V11641264
[2026-02-11 21:36:29] [DEBUG]   ✨ NUEVO: V11664596
[2026-02-11 21:36:29] [DEBUG]   ✨ NUEVO: V11681265
[2026-02-11 21:36:29] [DEBUG]   ✨ NUEVO: V11689599
[2026-02-11 21:36:29] [DEBUG]   ✨ NUEVO: V11714482
[2026-02-11 21:36:29] [DEBUG]   ✨ NUEVO: V11734834
[2026-02-11 21:36:29] [DEBUG]   ✨ NUEVO: V11736563
[2026-02-11 21:36:29] [DEBUG]   ✨ NUEVO: V11738967
[2026-02-11 21:36:29] [DEBUG]   ✨ NUEVO: V11795009
[2026-02-11 21:36:29] [DEBUG]   ✨ NUEVO: V11825092
[2026-02-11 21:36:29] [DEBUG]   ✨ NUEVO: V11854046
[2026-02-11 21:36:29] [DEBUG]   ✨ NUEVO: V11917525
[2026-02-11 21:36:29] [DEBUG]   ✨ NUEVO: V11918660
[2026-02-11 21:36:29] [DEBUG]   ✨ NUEVO: V11930020
[2026-02-11 21:36:29] [DEBUG]   ✨ NUEVO: V11933322
[2026-02-11 21:36:29] [DEBUG]   ✨ NUEVO: V11937631
[2026-02-11 21:36:29] [DEBUG]   ✨ NUEVO: V11939081
[2026-02-11 21:36:29] [DEBUG]   ✨ NUEVO: V11953377
[2026-02-11 21:36:29] [DEBUG]   ✨ NUEVO: V11991019
[2026-02-11 21:36:29] [DEBUG]   ✨ NUEVO: V11994899 
[2026-02-11 21:36:29] [DEBUG]   ✨ NUEVO: V12055409
[2026-02-11 21:36:29] [DEBUG]   ✨ NUEVO: V12059786
[2026-02-11 21:36:29] [DEBUG]   ✨ NUEVO: V12065373
[2026-02-11 21:36:29] [DEBUG]   ✨ NUEVO: V12065875
[2026-02-11 21:36:29] [DEBUG]   ✨ NUEVO: V12071154
[2026-02-11 21:36:29] [DEBUG]   ✨ NUEVO: V12089656
[2026-02-11 21:36:29] [DEBUG]   ✨ NUEVO: V12094239
[2026-02-11 21:36:29] [DEBUG]   ✨ NUEVO: V12116795
[2026-02-11 21:36:29] [DEBUG]   ✨ NUEVO: V12118826
[2026-02-11 21:36:29] [DEBUG]   ✨ NUEVO: V12119695
[2026-02-11 21:36:29] [DEBUG]   ✨ NUEVO: V12140743
[2026-02-11 21:36:29] [DEBUG]   ✨ NUEVO: V12241093
[2026-02-11 21:36:29] [DEBUG]   ✨ NUEVO: V12272196
[2026-02-11 21:36:29] [DEBUG]   ✨ NUEVO: V12287855
[2026-02-11 21:36:29] [DEBUG]   ✨ NUEVO: V12292978
[2026-02-11 21:36:29] [DEBUG]   ✨ NUEVO: V12294001
[2026-02-11 21:36:29] [DEBUG]   ✨ NUEVO: V12294316
[2026-02-11 21:36:29] [DEBUG]   ✨ NUEVO: V12298185
[2026-02-11 21:36:29] [DEBUG]   ✨ NUEVO: V12301832
[2026-02-11 21:36:29] [DEBUG]   ✨ NUEVO: V12329701
[2026-02-11 21:36:29] [DEBUG]   ✨ NUEVO: V12374418
[2026-02-11 21:36:29] [DEBUG]   ✨ NUEVO: V12378363
[2026-02-11 21:36:29] [DEBUG]   ✨ NUEVO: V12382808
[2026-02-11 21:36:29] [DEBUG]   ✨ NUEVO: V12384966
[2026-02-11 21:36:29] [DEBUG]   ✨ NUEVO: V12388068
[2026-02-11 21:36:29] [DEBUG]   ✨ NUEVO: V12393971
[2026-02-11 21:36:29] [DEBUG]   ✨ NUEVO: V12395769
[2026-02-11 21:36:29] [DEBUG]   ✨ NUEVO: V12397720
[2026-02-11 21:36:29] [DEBUG]   ✨ NUEVO: V12398473
[2026-02-11 21:36:29] [DEBUG]   ✨ NUEVO: V12.398.596
[2026-02-11 21:36:29] [DEBUG]   ✨ NUEVO: V12398596
[2026-02-11 21:36:29] [DEBUG]   ✨ NUEVO: V12399906
[2026-02-11 21:36:29] [DEBUG]   ✨ NUEVO: V12402374
[2026-02-11 21:36:29] [DEBUG]   ✨ NUEVO: V12410795
[2026-02-11 21:36:29] [DEBUG]   ✨ NUEVO: V12430919
[2026-02-11 21:36:29] [DEBUG]   ✨ NUEVO: V12454516
[2026-02-11 21:36:29] [DEBUG]   ✨ NUEVO: V12477433
[2026-02-11 21:36:29] [DEBUG]   ✨ NUEVO: V12508595
[2026-02-11 21:36:29] [DEBUG]   ✨ NUEVO: V12512441
[2026-02-11 21:36:29] [DEBUG]   ✨ NUEVO: V12532544
[2026-02-11 21:36:29] [DEBUG]   ✨ NUEVO: V12532805
[2026-02-11 21:36:29] [DEBUG]   ✨ NUEVO: V12533659
[2026-02-11 21:36:29] [DEBUG]   ✨ NUEVO: V12541858
[2026-02-11 21:36:29] [DEBUG]   ✨ NUEVO: V12591276
[2026-02-11 21:36:29] [DEBUG]   ✨ NUEVO: V12597607
[2026-02-11 21:36:29] [DEBUG]   ✨ NUEVO: V12607844
[2026-02-11 21:36:29] [DEBUG]   ✨ NUEVO: V12623567
[2026-02-11 21:36:29] [DEBUG]   ✨ NUEVO: V12675336
[2026-02-11 21:36:29] [DEBUG]   ✨ NUEVO: V12682204
[2026-02-11 21:36:29] [DEBUG]   ✨ NUEVO: V12682712
[2026-02-11 21:36:29] [DEBUG]   ✨ NUEVO: V12684178
[2026-02-11 21:36:29] [DEBUG]   ✨ NUEVO: V12756284
[2026-02-11 21:36:29] [DEBUG]   ✨ NUEVO: V12764812
[2026-02-11 21:36:29] [DEBUG]   ✨ NUEVO: V12765344
[2026-02-11 21:36:29] [DEBUG]   ✨ NUEVO: V12776799
[2026-02-11 21:36:29] [DEBUG]   ✨ NUEVO: V12817071
[2026-02-11 21:36:29] [DEBUG]   ✨ NUEVO: V12826316
[2026-02-11 21:36:29] [DEBUG]   ✨ NUEVO: V12827273
[2026-02-11 21:36:29] [DEBUG]   ✨ NUEVO: V12827586
[2026-02-11 21:36:29] [DEBUG]   ✨ NUEVO: V12828696
[2026-02-11 21:36:29] [DEBUG]   ✨ NUEVO: V12861378
[2026-02-11 21:36:29] [DEBUG]   ✨ NUEVO: V12864666
[2026-02-11 21:36:29] [DEBUG]   ✨ NUEVO: V12865640
[2026-02-11 21:36:29] [DEBUG]   ✨ NUEVO: V12953082
[2026-02-11 21:36:29] [DEBUG]   ✨ NUEVO: V12975217
[2026-02-11 21:36:29] [DEBUG]   ✨ NUEVO: V12984064
[2026-02-11 21:36:29] [DEBUG]   ✨ NUEVO: V12984382
[2026-02-11 21:36:29] [DEBUG]   ✨ NUEVO: V12984429
[2026-02-11 21:36:29] [DEBUG]   ✨ NUEVO: V12984535
[2026-02-11 21:36:29] [DEBUG]   ✨ NUEVO: V12984544
[2026-02-11 21:36:29] [DEBUG]   ✨ NUEVO: V12984656
[2026-02-11 21:36:29] [DEBUG]   ✨ NUEVO: V13070635
[2026-02-11 21:36:29] [DEBUG]   ✨ NUEVO: V13109634
[2026-02-11 21:36:29] [DEBUG]   ✨ NUEVO: V13111943
[2026-02-11 21:36:29] [DEBUG]   ✨ NUEVO: V13138944
[2026-02-11 21:36:29] [DEBUG]   ✨ NUEVO: V13140893
[2026-02-11 21:36:29] [DEBUG]   ✨ NUEVO: V13141386
[2026-02-11 21:36:29] [DEBUG]   ✨ NUEVO: V13190097
[2026-02-11 21:36:29] [DEBUG]   ✨ NUEVO: V13251238
[2026-02-11 21:36:29] [DEBUG]   ✨ NUEVO: V13281213
[2026-02-11 21:36:29] [DEBUG]   ✨ NUEVO: V13288215
[2026-02-11 21:36:29] [DEBUG]   ✨ NUEVO: V13320385
[2026-02-11 21:36:29] [DEBUG]   ✨ NUEVO: V13320922
[2026-02-11 21:36:29] [DEBUG]   ✨ NUEVO: V13321844
[2026-02-11 21:36:29] [DEBUG]   ✨ NUEVO: V13362581
[2026-02-11 21:36:29] [DEBUG]   ✨ NUEVO: V13367803
[2026-02-11 21:36:29] [DEBUG]   ✨ NUEVO: V13368129
[2026-02-11 21:36:29] [DEBUG]   ✨ NUEVO: V13375786
[2026-02-11 21:36:29] [DEBUG]   ✨ NUEVO: V-13.459.616
[2026-02-11 21:36:29] [DEBUG]   ✨ NUEVO: V13461628
[2026-02-11 21:36:29] [DEBUG]   ✨ NUEVO: V13528336
[2026-02-11 21:36:29] [DEBUG]   ✨ NUEVO: V13538731
[2026-02-11 21:36:29] [DEBUG]   ✨ NUEVO: V13557947
[2026-02-11 21:36:29] [DEBUG]   ✨ NUEVO: V13567628
[2026-02-11 21:36:29] [DEBUG]   ✨ NUEVO: V13568020
[2026-02-11 21:36:29] [DEBUG]   ✨ NUEVO: V13568059
[2026-02-11 21:36:29] [DEBUG]   ✨ NUEVO: V13568539
[2026-02-11 21:36:29] [DEBUG]   ✨ NUEVO: V13585598 
[2026-02-11 21:36:29] [DEBUG]   ✨ NUEVO: V13585937
[2026-02-11 21:36:29] [DEBUG]   ✨ NUEVO: V13599659
[2026-02-11 21:36:29] [DEBUG]   ✨ NUEVO: V13600097
[2026-02-11 21:36:29] [DEBUG]   ✨ NUEVO: V13600311
[2026-02-11 21:36:29] [DEBUG]   ✨ NUEVO: V13612976
[2026-02-11 21:36:29] [DEBUG]   ✨ NUEVO: V13617330
[2026-02-11 21:36:29] [DEBUG]   ✨ NUEVO: V13620961
[2026-02-11 21:36:29] [DEBUG]   ✨ NUEVO: V13658575
[2026-02-11 21:36:29] [DEBUG]   ✨ NUEVO: V13671298
[2026-02-11 21:36:29] [DEBUG]   ✨ NUEVO: V13703836
[2026-02-11 21:36:29] [DEBUG]   ✨ NUEVO: V13743864
[2026-02-11 21:36:29] [DEBUG]   ✨ NUEVO: V13749023
[2026-02-11 21:36:29] [DEBUG]   ✨ NUEVO: V13750524
[2026-02-11 21:36:29] [DEBUG]   ✨ NUEVO: V13827924
[2026-02-11 21:36:29] [DEBUG]   ✨ NUEVO: V13836249
[2026-02-11 21:36:29] [DEBUG]   ✨ NUEVO: V13844816
[2026-02-11 21:36:29] [DEBUG]   ✨ NUEVO: V13845112
[2026-02-11 21:36:29] [DEBUG]   ✨ NUEVO: V13846086
[2026-02-11 21:36:29] [DEBUG]   ✨ NUEVO: V13849077
[2026-02-11 21:36:29] [DEBUG]   ✨ NUEVO: V13853010
[2026-02-11 21:36:29] [DEBUG]   ✨ NUEVO: V13857713
[2026-02-11 21:36:29] [DEBUG]   ✨ NUEVO: V13858687
[2026-02-11 21:36:29] [DEBUG]   ✨ NUEVO: V13895473
[2026-02-11 21:36:29] [DEBUG]   ✨ NUEVO: V-13923496
[2026-02-11 21:36:29] [DEBUG]   ✨ NUEVO: V13927338
[2026-02-11 21:36:29] [DEBUG]   ✨ NUEVO: V13930401
[2026-02-11 21:36:29] [DEBUG]   ✨ NUEVO: V13950929
[2026-02-11 21:36:29] [DEBUG]   ✨ NUEVO: V13966060
[2026-02-11 21:36:29] [DEBUG]   ✨ NUEVO: V139688704
[2026-02-11 21:36:29] [DEBUG]   ✨ NUEVO: V13979254
[2026-02-11 21:36:29] [DEBUG]   ✨ NUEVO: V13979326
[2026-02-11 21:36:29] [DEBUG]   ✨ NUEVO: V13993594
[2026-02-11 21:36:29] [DEBUG]   ✨ NUEVO: V14017508
[2026-02-11 21:36:29] [DEBUG]   ✨ NUEVO: V14017508 
[2026-02-11 21:36:29] [DEBUG]   ✨ NUEVO: V14032548
[2026-02-11 21:36:29] [DEBUG]   ✨ NUEVO: V14062560
[2026-02-11 21:36:29] [DEBUG]   ✨ NUEVO: V14098303
[2026-02-11 21:36:29] [DEBUG]   ✨ NUEVO: V14098581
[2026-02-11 21:36:29] [DEBUG]   ✨ NUEVO: V14128908
[2026-02-11 21:36:29] [DEBUG]   ✨ NUEVO: V14129910
[2026-02-11 21:36:29] [DEBUG]   ✨ NUEVO: V14141829
[2026-02-11 21:36:29] [DEBUG]   ✨ NUEVO: V14164048
[2026-02-11 21:36:29] [DEBUG]   ✨ NUEVO: V14172961
[2026-02-11 21:36:29] [DEBUG]   ✨ NUEVO: V14225830
[2026-02-11 21:36:29] [DEBUG]   ✨ NUEVO: V14239139
[2026-02-11 21:36:29] [DEBUG]   ✨ NUEVO: V14260025
[2026-02-11 21:36:29] [DEBUG]   ✨ NUEVO: V14283553
[2026-02-11 21:36:29] [DEBUG]   ✨ NUEVO: V14286009
[2026-02-11 21:36:29] [DEBUG]   ✨ NUEVO: V14299237
[2026-02-11 21:36:29] [DEBUG]   ✨ NUEVO: V14308037
[2026-02-11 21:36:29] [DEBUG]   ✨ NUEVO: V14311102
[2026-02-11 21:36:29] [DEBUG]   ✨ NUEVO: V14320613
[2026-02-11 21:36:29] [DEBUG]   ✨ NUEVO: V14330377
[2026-02-11 21:36:29] [DEBUG]   ✨ NUEVO: V14330381
[2026-02-11 21:36:29] [DEBUG]   ✨ NUEVO: V14330939
[2026-02-11 21:36:29] [DEBUG]   ✨ NUEVO: V14387148
[2026-02-11 21:36:29] [DEBUG]   ✨ NUEVO: V14415161
[2026-02-11 21:36:29] [DEBUG]   ✨ NUEVO: V14453696
[2026-02-11 21:36:29] [DEBUG]   ✨ NUEVO: V14472204
[2026-02-11 21:36:29] [DEBUG]   ✨ NUEVO: V14482126
[2026-02-11 21:36:29] [DEBUG]   ✨ NUEVO: V14519272
[2026-02-11 21:36:29] [DEBUG]   ✨ NUEVO: V14527894
[2026-02-11 21:36:29] [DEBUG]   ✨ NUEVO: V14528040
[2026-02-11 21:36:29] [DEBUG]   ✨ NUEVO: V14528544
[2026-02-11 21:36:29] [DEBUG]   ✨ NUEVO: V14533866
[2026-02-11 21:36:29] [DEBUG]   ✨ NUEVO: V14584862
[2026-02-11 21:36:29] [DEBUG]   ✨ NUEVO: V14609153
[2026-02-11 21:36:29] [DEBUG]   ✨ NUEVO: V14643435
[2026-02-11 21:36:29] [DEBUG]   ✨ NUEVO: V14652079
[2026-02-11 21:36:29] [DEBUG]   ✨ NUEVO: V14679857
[2026-02-11 21:36:29] [DEBUG]   ✨ NUEVO: V14687984
[2026-02-11 21:36:29] [DEBUG]   ✨ NUEVO: V14689308
[2026-02-11 21:36:29] [DEBUG]   ✨ NUEVO: V14690333
[2026-02-11 21:36:29] [DEBUG]   ✨ NUEVO: V14721894
[2026-02-11 21:36:29] [DEBUG]   ✨ NUEVO: V14728118
[2026-02-11 21:36:29] [DEBUG]   ✨ NUEVO: V14729408
[2026-02-11 21:36:29] [DEBUG]   ✨ NUEVO: V14796519
[2026-02-11 21:36:29] [DEBUG]   ✨ NUEVO: V14830805
[2026-02-11 21:36:29] [DEBUG]   ✨ NUEVO: V14844882
[2026-02-11 21:36:29] [DEBUG]   ✨ NUEVO: V14849134
[2026-02-11 21:36:29] [DEBUG]   ✨ NUEVO: V14868529
[2026-02-11 21:36:29] [DEBUG]   ✨ NUEVO: V14897933
[2026-02-11 21:36:29] [DEBUG]   ✨ NUEVO: V14972795
[2026-02-11 21:36:29] [DEBUG]   ✨ NUEVO: V14977478
[2026-02-11 21:36:29] [DEBUG]   ✨ NUEVO: V15016083
[2026-02-11 21:36:29] [DEBUG]   ✨ NUEVO: V15026567
[2026-02-11 21:36:29] [DEBUG]   ✨ NUEVO: V15098824
[2026-02-11 21:36:29] [DEBUG]   ✨ NUEVO: V15106479
[2026-02-11 21:36:29] [DEBUG]   ✨ NUEVO: V15118620
[2026-02-11 21:36:29] [DEBUG]   ✨ NUEVO: V15147736
[2026-02-11 21:36:29] [DEBUG]   ✨ NUEVO: V15155798
[2026-02-11 21:36:29] [DEBUG]   ✨ NUEVO: V15162904
[2026-02-11 21:36:29] [DEBUG]   ✨ NUEVO: V15166930
[2026-02-11 21:36:29] [DEBUG]   ✨ NUEVO: V15198816
[2026-02-11 21:36:29] [DEBUG]   ✨ NUEVO: V15204407
[2026-02-11 21:36:29] [DEBUG]   ✨ NUEVO: V15251271
[2026-02-11 21:36:29] [DEBUG]   ✨ NUEVO: V15267593
[2026-02-11 21:36:29] [DEBUG]   ✨ NUEVO: V-15315595
[2026-02-11 21:36:29] [DEBUG]   ✨ NUEVO: V15368476
[2026-02-11 21:36:29] [DEBUG]   ✨ NUEVO: V15373391
[2026-02-11 21:36:29] [DEBUG]   ✨ NUEVO: V15373399
[2026-02-11 21:36:29] [DEBUG]   ✨ NUEVO: V15376554+
[2026-02-11 21:36:29] [DEBUG]   ✨ NUEVO: V15420409
[2026-02-11 21:36:29] [DEBUG]   ✨ NUEVO: V15462577
[2026-02-11 21:36:29] [DEBUG]   ✨ NUEVO: V15474045
[2026-02-11 21:36:29] [DEBUG]   ✨ NUEVO: V15504515
[2026-02-11 21:36:29] [DEBUG]   ✨ NUEVO: V15508962
[2026-02-11 21:36:29] [DEBUG]   ✨ NUEVO: V15577602
[2026-02-11 21:36:29] [DEBUG]   ✨ NUEVO: V15586922
[2026-02-11 21:36:29] [DEBUG]   ✨ NUEVO: V15587328
[2026-02-11 21:36:29] [DEBUG]   ✨ NUEVO: V15614983
[2026-02-11 21:36:29] [DEBUG]   ✨ NUEVO: V15615733
[2026-02-11 21:36:29] [DEBUG]   ✨ NUEVO: V15616280
[2026-02-11 21:36:29] [DEBUG]   ✨ NUEVO: V15658541
[2026-02-11 21:36:29] [DEBUG]   ✨ NUEVO: V15696840
[2026-02-11 21:36:29] [DEBUG]   ✨ NUEVO: V15699954
[2026-02-11 21:36:29] [DEBUG]   ✨ NUEVO: V15715457
[2026-02-11 21:36:29] [DEBUG]   ✨ NUEVO: V15757727
[2026-02-11 21:36:29] [DEBUG]   ✨ NUEVO: V15781406
[2026-02-11 21:36:29] [DEBUG]   ✨ NUEVO: V15792284
[2026-02-11 21:36:29] [DEBUG]   ✨ NUEVO: V15836855
[2026-02-11 21:36:29] [DEBUG]   ✨ NUEVO: V15837130
[2026-02-11 21:36:29] [DEBUG]   ✨ NUEVO: V15871885
[2026-02-11 21:36:29] [DEBUG]   ✨ NUEVO: V15927793
[2026-02-11 21:36:29] [DEBUG]   ✨ NUEVO: V15985077
[2026-02-11 21:36:29] [DEBUG]   ✨ NUEVO: V16006069
[2026-02-11 21:36:29] [DEBUG]   ✨ NUEVO: V16029913
[2026-02-11 21:36:29] [DEBUG]   ✨ NUEVO: V16034567
[2026-02-11 21:36:29] [DEBUG]   ✨ NUEVO: V16056906
[2026-02-11 21:36:29] [DEBUG]   ✨ NUEVO: V16057742
[2026-02-11 21:36:29] [DEBUG]   ✨ NUEVO: V16057826
[2026-02-11 21:36:29] [DEBUG]   ✨ NUEVO: V16058593
[2026-02-11 21:36:29] [DEBUG]   ✨ NUEVO: V16094069
[2026-02-11 21:36:29] [DEBUG]   ✨ NUEVO: V16133550
[2026-02-11 21:36:29] [DEBUG]   ✨ NUEVO: V16136391
[2026-02-11 21:36:29] [DEBUG]   ✨ NUEVO: V16202002
[2026-02-11 21:36:29] [DEBUG]   ✨ NUEVO: V16223440
[2026-02-11 21:36:29] [DEBUG]   ✨ NUEVO: V16226077
[2026-02-11 21:36:29] [DEBUG]   ✨ NUEVO: V16236062
[2026-02-11 21:36:29] [DEBUG]   ✨ NUEVO: V16243024
[2026-02-11 21:36:29] [DEBUG]   ✨ NUEVO: V16250174
[2026-02-11 21:36:29] [DEBUG]   ✨ NUEVO: V16273367
[2026-02-11 21:36:29] [DEBUG]   ✨ NUEVO: V16309969
[2026-02-11 21:36:29] [DEBUG]   ✨ NUEVO: V16378295
[2026-02-11 21:36:29] [DEBUG]   ✨ NUEVO: V16404214
[2026-02-11 21:36:29] [DEBUG]   ✨ NUEVO: V16419770 
[2026-02-11 21:36:29] [DEBUG]   ✨ NUEVO: V16450236
[2026-02-11 21:36:29] [DEBUG]   ✨ NUEVO: V16450432
[2026-02-11 21:36:29] [DEBUG]   ✨ NUEVO: V16450568
[2026-02-11 21:36:29] [DEBUG]   ✨ NUEVO: V16450915
[2026-02-11 21:36:29] [DEBUG]   ✨ NUEVO: V16451268
[2026-02-11 21:36:29] [DEBUG]   ✨ NUEVO: V16451807
[2026-02-11 21:36:30] [DEBUG]   ✨ NUEVO: V16452046
[2026-02-11 21:36:30] [DEBUG]   ✨ NUEVO: V16452329
[2026-02-11 21:36:30] [DEBUG]   ✨ NUEVO: V16452376
[2026-02-11 21:36:30] [DEBUG]   ✨ NUEVO: V16452624
[2026-02-11 21:36:30] [DEBUG]   ✨ NUEVO: V16455580
[2026-02-11 21:36:30] [DEBUG]   ✨ NUEVO: V16502197
[2026-02-11 21:36:30] [DEBUG]   ✨ NUEVO: V16542215
[2026-02-11 21:36:30] [DEBUG]   ✨ NUEVO: V-16544734
[2026-02-11 21:36:30] [DEBUG]   ✨ NUEVO: V16560291
[2026-02-11 21:36:30] [DEBUG]   ✨ NUEVO: V16564423 
[2026-02-11 21:36:30] [DEBUG]   ✨ NUEVO: V16620421
[2026-02-11 21:36:30] [DEBUG]   ✨ NUEVO: V16620699
[2026-02-11 21:36:30] [DEBUG]   ✨ NUEVO: V16637845
[2026-02-11 21:36:30] [DEBUG]   ✨ NUEVO: V16640971
[2026-02-11 21:36:30] [DEBUG]   ✨ NUEVO: V16658428
[2026-02-11 21:36:30] [DEBUG]   ✨ NUEVO: V16669579
[2026-02-11 21:36:30] [DEBUG]   ✨ NUEVO: V16705702
[2026-02-11 21:36:30] [DEBUG]   ✨ NUEVO: V16705722
[2026-02-11 21:36:30] [DEBUG]   ✨ NUEVO: V16726529
[2026-02-11 21:36:30] [DEBUG]   ✨ NUEVO: V16754765
[2026-02-11 21:36:30] [DEBUG]   ✨ NUEVO: V16797535
[2026-02-11 21:36:30] [DEBUG]   ✨ NUEVO: V16819203
[2026-02-11 21:36:30] [DEBUG]   ✨ NUEVO: V16820853
[2026-02-11 21:36:30] [DEBUG]   ✨ NUEVO: V16830388
[2026-02-11 21:36:30] [DEBUG]   ✨ NUEVO: V16853087
[2026-02-11 21:36:30] [DEBUG]   ✨ NUEVO: V16861179
[2026-02-11 21:36:30] [DEBUG]   ✨ NUEVO: V16865716
[2026-02-11 21:36:30] [DEBUG]   ✨ NUEVO: V16909234
[2026-02-11 21:36:30] [DEBUG]   ✨ NUEVO: V16909909
[2026-02-11 21:36:30] [DEBUG]   ✨ NUEVO: V16910031
[2026-02-11 21:36:30] [DEBUG]   ✨ NUEVO: V16910902
[2026-02-11 21:36:30] [DEBUG]   ✨ NUEVO: V16911629
[2026-02-11 21:36:30] [DEBUG]   ✨ NUEVO: V16953140
[2026-02-11 21:36:30] [DEBUG]   ✨ NUEVO: V16994938
[2026-02-11 21:36:30] [DEBUG]   ✨ NUEVO: V17018092
[2026-02-11 21:36:30] [DEBUG]   ✨ NUEVO: V17075919
[2026-02-11 21:36:30] [DEBUG]   ✨ NUEVO: V17081025
[2026-02-11 21:36:30] [DEBUG]   ✨ NUEVO: V17084139
[2026-02-11 21:36:30] [DEBUG]   ✨ NUEVO: V17093683
[2026-02-11 21:36:30] [DEBUG]   ✨ NUEVO: V17105845
[2026-02-11 21:36:30] [DEBUG]   ✨ NUEVO: V17142234
[2026-02-11 21:36:30] [DEBUG]   ✨ NUEVO: V17146863
[2026-02-11 21:36:30] [DEBUG]   ✨ NUEVO: V17152840
[2026-02-11 21:36:30] [DEBUG]   ✨ NUEVO: V17159909 
[2026-02-11 21:36:30] [DEBUG]   ✨ NUEVO: V17198925
[2026-02-11 21:36:30] [DEBUG]   ✨ NUEVO: V17287422
[2026-02-11 21:36:30] [DEBUG]   ✨ NUEVO: V17311475
[2026-02-11 21:36:30] [DEBUG]   ✨ NUEVO: V17313275
[2026-02-11 21:36:30] [DEBUG]   ✨ NUEVO: V17337202
[2026-02-11 21:36:30] [DEBUG]   ✨ NUEVO: V17402418
[2026-02-11 21:36:30] [DEBUG]   ✨ NUEVO: V17425055
[2026-02-11 21:36:30] [DEBUG]   ✨ NUEVO: V17438094
[2026-02-11 21:36:30] [DEBUG]   ✨ NUEVO: V17439436
[2026-02-11 21:36:30] [DEBUG]   ✨ NUEVO: V17452020
[2026-02-11 21:36:30] [DEBUG]   ✨ NUEVO: V17453033
[2026-02-11 21:36:30] [DEBUG]   ✨ NUEVO: V17453328
[2026-02-11 21:36:30] [DEBUG]   ✨ NUEVO: V17453955
[2026-02-11 21:36:30] [DEBUG]   ✨ NUEVO: V17454075
[2026-02-11 21:36:30] [DEBUG]   ✨ NUEVO: V17454972
[2026-02-11 21:36:30] [DEBUG]   ✨ NUEVO: V17468439
[2026-02-11 21:36:30] [DEBUG]   ✨ NUEVO: V17502316
[2026-02-11 21:36:30] [DEBUG]   ✨ NUEVO: V17599643
[2026-02-11 21:36:30] [DEBUG]   ✨ NUEVO: V17649538
[2026-02-11 21:36:30] [DEBUG]   ✨ NUEVO: V17652100
[2026-02-11 21:36:30] [DEBUG]   ✨ NUEVO: V17678598
[2026-02-11 21:36:30] [DEBUG]   ✨ NUEVO: V17719608
[2026-02-11 21:36:30] [DEBUG]   ✨ NUEVO: V17772038
[2026-02-11 21:36:30] [DEBUG]   ✨ NUEVO: V17772494
[2026-02-11 21:36:30] [DEBUG]   ✨ NUEVO: V17772965
[2026-02-11 21:36:30] [DEBUG]   ✨ NUEVO: V17773180
[2026-02-11 21:36:30] [DEBUG]   ✨ NUEVO: V17773197
[2026-02-11 21:36:30] [DEBUG]   ✨ NUEVO: V17773277
[2026-02-11 21:36:30] [DEBUG]   ✨ NUEVO: V17773458
[2026-02-11 21:36:30] [DEBUG]   ✨ NUEVO: V17774268
[2026-02-11 21:36:30] [DEBUG]   ✨ NUEVO: V17774444
[2026-02-11 21:36:30] [DEBUG]   ✨ NUEVO: V17779185
[2026-02-11 21:36:30] [DEBUG]   ✨ NUEVO: V17836022
[2026-02-11 21:36:30] [DEBUG]   ✨ NUEVO: V17841256
[2026-02-11 21:36:30] [DEBUG]   ✨ NUEVO: V17855808
[2026-02-11 21:36:30] [DEBUG]   ✨ NUEVO: V17921393
[2026-02-11 21:36:30] [DEBUG]   ✨ NUEVO: V17964427
[2026-02-11 21:36:30] [DEBUG]   ✨ NUEVO: V17988079
[2026-02-11 21:36:30] [DEBUG]   ✨ NUEVO: V18004903
[2026-02-11 21:36:30] [DEBUG]   ✨ NUEVO: V18029347
[2026-02-11 21:36:30] [DEBUG]   ✨ NUEVO: V18035501
[2026-02-11 21:36:30] [DEBUG]   ✨ NUEVO: V18039393
[2026-02-11 21:36:30] [DEBUG]   ✨ NUEVO: V18072938
[2026-02-11 21:36:30] [DEBUG]   ✨ NUEVO: V18093899
[2026-02-11 21:36:30] [DEBUG]   ✨ NUEVO: V18094832
[2026-02-11 21:36:30] [DEBUG]   ✨ NUEVO: V18095523
[2026-02-11 21:36:30] [DEBUG]   ✨ NUEVO: V18111771
[2026-02-11 21:36:30] [DEBUG]   ✨ NUEVO: V18131999
[2026-02-11 21:36:30] [DEBUG]   ✨ NUEVO: V18132606
[2026-02-11 21:36:30] [DEBUG]   ✨ NUEVO: V18133205
[2026-02-11 21:36:30] [DEBUG]   ✨ NUEVO: V18133646
[2026-02-11 21:36:30] [DEBUG]   ✨ NUEVO: V18133690
[2026-02-11 21:36:30] [DEBUG]   ✨ NUEVO: V18133963
[2026-02-11 21:36:30] [DEBUG]   ✨ NUEVO: V18134102
[2026-02-11 21:36:30] [DEBUG]   ✨ NUEVO: V18134630
[2026-02-11 21:36:30] [DEBUG]   ✨ NUEVO: V18143354
[2026-02-11 21:36:30] [DEBUG]   ✨ NUEVO: V18160297
[2026-02-11 21:36:30] [DEBUG]   ✨ NUEVO: V18212505
[2026-02-11 21:36:30] [DEBUG]   ✨ NUEVO: V18270320
[2026-02-11 21:36:30] [DEBUG]   ✨ NUEVO: V18282495
[2026-02-11 21:36:30] [DEBUG]   ✨ NUEVO: V18301275
[2026-02-11 21:36:30] [DEBUG]   ✨ NUEVO: V18328179
[2026-02-11 21:36:30] [DEBUG]   ✨ NUEVO: V18336807
[2026-02-11 21:36:30] [DEBUG]   ✨ NUEVO: V18364476
[2026-02-11 21:36:30] [DEBUG]   ✨ NUEVO: V18368814
[2026-02-11 21:36:30] [DEBUG]   ✨ NUEVO: V18369039
[2026-02-11 21:36:30] [DEBUG]   ✨ NUEVO: V18441809
[2026-02-11 21:36:30] [DEBUG]   ✨ NUEVO: V18443132
[2026-02-11 21:36:30] [DEBUG]   ✨ NUEVO: V18445121
[2026-02-11 21:36:30] [DEBUG]   ✨ NUEVO: V18446765
[2026-02-11 21:36:30] [DEBUG]   ✨ NUEVO: V18446925
[2026-02-11 21:36:30] [DEBUG]   ✨ NUEVO: V18465260
[2026-02-11 21:36:30] [DEBUG]   ✨ NUEVO: V18467966
[2026-02-11 21:36:30] [DEBUG]   ✨ NUEVO: V18486794
[2026-02-11 21:36:30] [DEBUG]   ✨ NUEVO: V18527754
[2026-02-11 21:36:30] [DEBUG]   ✨ NUEVO: V18546464
[2026-02-11 21:36:30] [DEBUG]   ✨ NUEVO: V18598483
[2026-02-11 21:36:30] [DEBUG]   ✨ NUEVO: V18599909
[2026-02-11 21:36:30] [DEBUG]   ✨ NUEVO: V18601834
[2026-02-11 21:36:30] [DEBUG]   ✨ NUEVO: V18610064
[2026-02-11 21:36:30] [DEBUG]   ✨ NUEVO: V-18631214
[2026-02-11 21:36:30] [DEBUG]   ✨ NUEVO: V18637369
[2026-02-11 21:36:30] [DEBUG]   ✨ NUEVO: V18707610
[2026-02-11 21:36:30] [DEBUG]   ✨ NUEVO: V18710714
[2026-02-11 21:36:30] [DEBUG]   ✨ NUEVO: V18713154
[2026-02-11 21:36:30] [DEBUG]   ✨ NUEVO: V18777506
[2026-02-11 21:36:30] [DEBUG]   ✨ NUEVO: V18798299
[2026-02-11 21:36:30] [DEBUG]   ✨ NUEVO: V18816037
[2026-02-11 21:36:30] [DEBUG]   ✨ NUEVO: V18830755
[2026-02-11 21:36:30] [DEBUG]   ✨ NUEVO: V18837092
[2026-02-11 21:36:30] [DEBUG]   ✨ NUEVO: V18936754
[2026-02-11 21:36:30] [DEBUG]   ✨ NUEVO: V18938921
[2026-02-11 21:36:30] [DEBUG]   ✨ NUEVO: V18995284
[2026-02-11 21:36:30] [DEBUG]   ✨ NUEVO: V19018196
[2026-02-11 21:36:30] [DEBUG]   ✨ NUEVO: V19018288
[2026-02-11 21:36:30] [DEBUG]   ✨ NUEVO: V19018940
[2026-02-11 21:36:30] [DEBUG]   ✨ NUEVO: V19019944
[2026-02-11 21:36:30] [DEBUG]   ✨ NUEVO: V19060587
[2026-02-11 21:36:30] [DEBUG]   ✨ NUEVO: V19060653
[2026-02-11 21:36:30] [DEBUG]   ✨ NUEVO: V19078876
[2026-02-11 21:36:30] [DEBUG]   ✨ NUEVO: V19116622
[2026-02-11 21:36:30] [DEBUG]   ✨ NUEVO: V19123572
[2026-02-11 21:36:30] [DEBUG]   ✨ NUEVO: V19141083
[2026-02-11 21:36:30] [DEBUG]   ✨ NUEVO: V19145638
[2026-02-11 21:36:30] [DEBUG]   ✨ NUEVO: V19190062
[2026-02-11 21:36:30] [DEBUG]   ✨ NUEVO: V19200887
[2026-02-11 21:36:30] [DEBUG]   ✨ NUEVO: V19226812
[2026-02-11 21:36:30] [DEBUG]   ✨ NUEVO: V19274524
[2026-02-11 21:36:30] [DEBUG]   ✨ NUEVO: V19304380
[2026-02-11 21:36:30] [DEBUG]   ✨ NUEVO: V19305163
[2026-02-11 21:36:30] [DEBUG]   ✨ NUEVO: V19305271
[2026-02-11 21:36:30] [DEBUG]   ✨ NUEVO: V19305549
[2026-02-11 21:36:30] [DEBUG]   ✨ NUEVO: V19305683
[2026-02-11 21:36:30] [DEBUG]   ✨ NUEVO: V19305974
[2026-02-11 21:36:30] [DEBUG]   ✨ NUEVO: V19309454
[2026-02-11 21:36:30] [DEBUG]   ✨ NUEVO: V19313824
[2026-02-11 21:36:30] [DEBUG]   ✨ NUEVO: V19318243
[2026-02-11 21:36:30] [DEBUG]   ✨ NUEVO: V19340402
[2026-02-11 21:36:30] [DEBUG]   ✨ NUEVO: V19354457
[2026-02-11 21:36:30] [DEBUG]   ✨ NUEVO: V19362035
[2026-02-11 21:36:30] [DEBUG]   ✨ NUEVO: V19367400
[2026-02-11 21:36:30] [DEBUG]   ✨ NUEVO: V19381041
[2026-02-11 21:36:30] [DEBUG]   ✨ NUEVO: V19397319
[2026-02-11 21:36:30] [DEBUG]   ✨ NUEVO: V19459233
[2026-02-11 21:36:30] [DEBUG]   ✨ NUEVO: V19494874
[2026-02-11 21:36:30] [DEBUG]   ✨ NUEVO: V19497263
[2026-02-11 21:36:30] [DEBUG]   ✨ NUEVO: V19500928
[2026-02-11 21:36:30] [DEBUG]   ✨ NUEVO: V19505202
[2026-02-11 21:36:30] [DEBUG]   ✨ NUEVO: V19633850
[2026-02-11 21:36:30] [DEBUG]   ✨ NUEVO: V19682500
[2026-02-11 21:36:30] [DEBUG]   ✨ NUEVO: V19692041
[2026-02-11 21:36:30] [DEBUG]   ✨ NUEVO: V19710752 
[2026-02-11 21:36:30] [DEBUG]   ✨ NUEVO: V19721730
[2026-02-11 21:36:30] [DEBUG]   ✨ NUEVO: V19736964
[2026-02-11 21:36:30] [DEBUG]   ✨ NUEVO: V19753372
[2026-02-11 21:36:30] [DEBUG]   ✨ NUEVO: V19787096
[2026-02-11 21:36:30] [DEBUG]   ✨ NUEVO: V19787267
[2026-02-11 21:36:30] [DEBUG]   ✨ NUEVO: V19788251
[2026-02-11 21:36:30] [DEBUG]   ✨ NUEVO: V19788393
[2026-02-11 21:36:30] [DEBUG]   ✨ NUEVO: V19788872
[2026-02-11 21:36:30] [DEBUG]   ✨ NUEVO: V19879135
[2026-02-11 21:36:30] [DEBUG]   ✨ NUEVO: V19885318
[2026-02-11 21:36:30] [DEBUG]   ✨ NUEVO: V19885584
[2026-02-11 21:36:30] [DEBUG]   ✨ NUEVO: V19885695
[2026-02-11 21:36:30] [DEBUG]   ✨ NUEVO: V19905259
[2026-02-11 21:36:30] [DEBUG]   ✨ NUEVO: V19960575
[2026-02-11 21:36:30] [DEBUG]   ✨ NUEVO: V19985412
[2026-02-11 21:36:30] [DEBUG]   ✨ NUEVO: V20006485
[2026-02-11 21:36:30] [DEBUG]   ✨ NUEVO: V20026457
[2026-02-11 21:36:30] [DEBUG]   ✨ NUEVO: V20102083
[2026-02-11 21:36:30] [DEBUG]   ✨ NUEVO: V20102176
[2026-02-11 21:36:30] [DEBUG]   ✨ NUEVO: V20102968
[2026-02-11 21:36:30] [DEBUG]   ✨ NUEVO: V20114026
[2026-02-11 21:36:30] [DEBUG]   ✨ NUEVO: V20191547
[2026-02-11 21:36:30] [DEBUG]   ✨ NUEVO: V20208717
[2026-02-11 21:36:30] [DEBUG]   ✨ NUEVO: V20211859
[2026-02-11 21:36:30] [DEBUG]   ✨ NUEVO: V20220111
[2026-02-11 21:36:30] [DEBUG]   ✨ NUEVO: V20227233
[2026-02-11 21:36:30] [DEBUG]   ✨ NUEVO: V20228008 
[2026-02-11 21:36:30] [DEBUG]   ✨ NUEVO: V20240488
[2026-02-11 21:36:30] [DEBUG]   ✨ NUEVO: V20285434
[2026-02-11 21:36:30] [DEBUG]   ✨ NUEVO: V20296861
[2026-02-11 21:36:30] [DEBUG]   ✨ NUEVO: V20350333
[2026-02-11 21:36:30] [DEBUG]   ✨ NUEVO: V20417275
[2026-02-11 21:36:30] [DEBUG]   ✨ NUEVO: V20417448
[2026-02-11 21:36:30] [DEBUG]   ✨ NUEVO: V20417910
[2026-02-11 21:36:30] [DEBUG]   ✨ NUEVO: V20418001
[2026-02-11 21:36:30] [DEBUG]   ✨ NUEVO: V20453318
[2026-02-11 21:36:30] [DEBUG]   ✨ NUEVO: V20469533
[2026-02-11 21:36:30] [DEBUG]   ✨ NUEVO: V20592948
[2026-02-11 21:36:30] [DEBUG]   ✨ NUEVO: V20639815
[2026-02-11 21:36:30] [DEBUG]   ✨ NUEVO: V20677251
[2026-02-11 21:36:30] [DEBUG]   ✨ NUEVO: V20696624
[2026-02-11 21:36:30] [DEBUG]   ✨ NUEVO: V20741816
[2026-02-11 21:36:30] [DEBUG]   ✨ NUEVO: V20774973
[2026-02-11 21:36:30] [DEBUG]   ✨ NUEVO: V20781656
[2026-02-11 21:36:30] [DEBUG]   ✨ NUEVO: V20783619
[2026-02-11 21:36:30] [DEBUG]   ✨ NUEVO: V20799392
[2026-02-11 21:36:30] [DEBUG]   ✨ NUEVO: V20813394
[2026-02-11 21:36:30] [DEBUG]   ✨ NUEVO: V20820744
[2026-02-11 21:36:30] [DEBUG]   ✨ NUEVO: V20825502
[2026-02-11 21:36:30] [DEBUG]   ✨ NUEVO: V20838564
[2026-02-11 21:36:30] [DEBUG]   ✨ NUEVO: V20839699
[2026-02-11 21:36:30] [DEBUG]   ✨ NUEVO: V20850273 
[2026-02-11 21:36:30] [DEBUG]   ✨ NUEVO: V20853558
[2026-02-11 21:36:30] [DEBUG]   ✨ NUEVO: V20894062
[2026-02-11 21:36:30] [DEBUG]   ✨ NUEVO: V20964696
[2026-02-11 21:36:30] [DEBUG]   ✨ NUEVO: V20969351
[2026-02-11 21:36:30] [DEBUG]   ✨ NUEVO: V20996748
[2026-02-11 21:36:30] [DEBUG]   ✨ NUEVO: V20996752
[2026-02-11 21:36:30] [DEBUG]   ✨ NUEVO: V20997625
[2026-02-11 21:36:30] [DEBUG]   ✨ NUEVO: V20997934
[2026-02-11 21:36:30] [DEBUG]   ✨ NUEVO: V20998091
[2026-02-11 21:36:30] [DEBUG]   ✨ NUEVO: V20998838
[2026-02-11 21:36:30] [DEBUG]   ✨ NUEVO: V20998951
[2026-02-11 21:36:30] [DEBUG]   ✨ NUEVO: V21032684
[2026-02-11 21:36:30] [DEBUG]   ✨ NUEVO: V21055378
[2026-02-11 21:36:30] [DEBUG]   ✨ NUEVO: V21080395
[2026-02-11 21:36:30] [DEBUG]   ✨ NUEVO: V21119369
[2026-02-11 21:36:30] [DEBUG]   ✨ NUEVO: V21149023
[2026-02-11 21:36:30] [DEBUG]   ✨ NUEVO: V21165208
[2026-02-11 21:36:30] [DEBUG]   ✨ NUEVO: V21176000
[2026-02-11 21:36:30] [DEBUG]   ✨ NUEVO: V21187123
[2026-02-11 21:36:30] [DEBUG]   ✨ NUEVO: V21206522
[2026-02-11 21:36:30] [DEBUG]   ✨ NUEVO: V21242198
[2026-02-11 21:36:30] [DEBUG]   ✨ NUEVO: V21272017
[2026-02-11 21:36:30] [DEBUG]   ✨ NUEVO: V21282401
[2026-02-11 21:36:30] [DEBUG]   ✨ NUEVO: V21282604
[2026-02-11 21:36:30] [DEBUG]   ✨ NUEVO: V21360130
[2026-02-11 21:36:30] [DEBUG]   ✨ NUEVO: V21414332
[2026-02-11 21:36:30] [DEBUG]   ✨ NUEVO: V21531692
[2026-02-11 21:36:30] [DEBUG]   ✨ NUEVO: V21534214
[2026-02-11 21:36:30] [DEBUG]   ✨ NUEVO: V21545812
[2026-02-11 21:36:30] [DEBUG]   ✨ NUEVO: V21573637
[2026-02-11 21:36:30] [DEBUG]   ✨ NUEVO: V21574623
[2026-02-11 21:36:30] [DEBUG]   ✨ NUEVO: V22025972
[2026-02-11 21:36:30] [DEBUG]   ✨ NUEVO: V22040156
[2026-02-11 21:36:30] [DEBUG]   ✨ NUEVO: V22312285
[2026-02-11 21:36:30] [DEBUG]   ✨ NUEVO: V22346330
[2026-02-11 21:36:30] [DEBUG]   ✨ NUEVO: V22346404
[2026-02-11 21:36:30] [DEBUG]   ✨ NUEVO: V22346481
[2026-02-11 21:36:30] [DEBUG]   ✨ NUEVO: V22346923
[2026-02-11 21:36:30] [DEBUG]   ✨ NUEVO: V22346989.
[2026-02-11 21:36:30] [DEBUG]   ✨ NUEVO: V22347037
[2026-02-11 21:36:30] [DEBUG]   ✨ NUEVO: V22347413
[2026-02-11 21:36:30] [DEBUG]   ✨ NUEVO: V22347542
[2026-02-11 21:36:30] [DEBUG]   ✨ NUEVO: V22347635
[2026-02-11 21:36:30] [DEBUG]   ✨ NUEVO: V22347893
[2026-02-11 21:36:30] [DEBUG]   ✨ NUEVO: V22347926
[2026-02-11 21:36:30] [DEBUG]   ✨ NUEVO: V22502985
[2026-02-11 21:36:30] [DEBUG]   ✨ NUEVO: V22534734
[2026-02-11 21:36:30] [DEBUG]   ✨ NUEVO: V22534826
[2026-02-11 21:36:30] [DEBUG]   ✨ NUEVO: V22534857
[2026-02-11 21:36:30] [DEBUG]   ✨ NUEVO: V22535248
[2026-02-11 21:36:30] [DEBUG]   ✨ NUEVO: V22535306
[2026-02-11 21:36:30] [DEBUG]   ✨ NUEVO: V22574000
[2026-02-11 21:36:30] [DEBUG]   ✨ NUEVO: V22653705
[2026-02-11 21:36:30] [DEBUG]   ✨ NUEVO: V22708965
[2026-02-11 21:36:30] [DEBUG]   ✨ NUEVO: V22751791
[2026-02-11 21:36:30] [DEBUG]   ✨ NUEVO: V22756771
[2026-02-11 21:36:30] [DEBUG]   ✨ NUEVO: V22776749
[2026-02-11 21:36:30] [DEBUG]   ✨ NUEVO: V22776804
[2026-02-11 21:36:30] [DEBUG]   ✨ NUEVO: V22777014
[2026-02-11 21:36:30] [DEBUG]   ✨ NUEVO: V22788192
[2026-02-11 21:36:30] [DEBUG]   ✨ NUEVO: V22788653
[2026-02-11 21:36:30] [DEBUG]   ✨ NUEVO: V22789131
[2026-02-11 21:36:30] [DEBUG]   ✨ NUEVO: V23016986
[2026-02-11 21:36:30] [DEBUG]   ✨ NUEVO: V23041568
[2026-02-11 21:36:30] [DEBUG]   ✨ NUEVO: V23108115
[2026-02-11 21:36:30] [DEBUG]   ✨ NUEVO: V23496118
[2026-02-11 21:36:30] [DEBUG]   ✨ NUEVO: V23612105
[2026-02-11 21:36:30] [DEBUG]   ✨ NUEVO: V23623862
[2026-02-11 21:36:30] [DEBUG]   ✨ NUEVO: V23626683
[2026-02-11 21:36:30] [DEBUG]   ✨ NUEVO: V23643235
[2026-02-11 21:36:30] [DEBUG]   ✨ NUEVO: V23651517
[2026-02-11 21:36:30] [DEBUG]   ✨ NUEVO: V23651663
[2026-02-11 21:36:30] [DEBUG]   ✨ NUEVO: V23651669
[2026-02-11 21:36:30] [DEBUG]   ✨ NUEVO: V23651722
[2026-02-11 21:36:30] [DEBUG]   ✨ NUEVO: V23651739
[2026-02-11 21:36:30] [DEBUG]   ✨ NUEVO: V23651750
[2026-02-11 21:36:30] [DEBUG]   ✨ NUEVO: V23656968
[2026-02-11 21:36:30] [DEBUG]   ✨ NUEVO: V23708264
[2026-02-11 21:36:30] [DEBUG]   ✨ NUEVO: V23709424
[2026-02-11 21:36:30] [DEBUG]   ✨ NUEVO: V23729214
[2026-02-11 21:36:30] [DEBUG]   ✨ NUEVO: V23748141
[2026-02-11 21:36:30] [DEBUG]   ✨ NUEVO: V23793097
[2026-02-11 21:36:30] [DEBUG]   ✨ NUEVO: V23925839
[2026-02-11 21:36:30] [DEBUG]   ✨ NUEVO: V24219019
[2026-02-11 21:36:30] [DEBUG]   ✨ NUEVO: V24273991
[2026-02-11 21:36:30] [DEBUG]   ✨ NUEVO: V24274445
[2026-02-11 21:36:30] [DEBUG]   ✨ NUEVO: V24279923
[2026-02-11 21:36:30] [DEBUG]   ✨ NUEVO: V24279937
[2026-02-11 21:36:30] [DEBUG]   ✨ NUEVO: V24298446
[2026-02-11 21:36:30] [DEBUG]   ✨ NUEVO: V24318476
[2026-02-11 21:36:30] [DEBUG]   ✨ NUEVO: V24455399
[2026-02-11 21:36:30] [DEBUG]   ✨ NUEVO: V24478178
[2026-02-11 21:36:30] [DEBUG]   ✨ NUEVO: V24559417
[2026-02-11 21:36:30] [DEBUG]   ✨ NUEVO: V24590147
[2026-02-11 21:36:30] [DEBUG]   ✨ NUEVO: V24673503
[2026-02-11 21:36:30] [DEBUG]   ✨ NUEVO: V24699833
[2026-02-11 21:36:30] [DEBUG]   ✨ NUEVO: V24748495
[2026-02-11 21:36:30] [DEBUG]   ✨ NUEVO: V24804074
[2026-02-11 21:36:30] [DEBUG]   ✨ NUEVO: V24829177
[2026-02-11 21:36:30] [DEBUG]   ✨ NUEVO: V24939770
[2026-02-11 21:36:30] [DEBUG]   ✨ NUEVO: V24982384
[2026-02-11 21:36:30] [DEBUG]   ✨ NUEVO: V24998830
[2026-02-11 21:36:30] [DEBUG]   ✨ NUEVO: V25000351
[2026-02-11 21:36:30] [DEBUG]   ✨ NUEVO: V25011463
[2026-02-11 21:36:30] [DEBUG]   ✨ NUEVO: V25074754
[2026-02-11 21:36:30] [DEBUG]   ✨ NUEVO: V25125712
[2026-02-11 21:36:30] [DEBUG]   ✨ NUEVO: V25223069
[2026-02-11 21:36:30] [DEBUG]   ✨ NUEVO: V25223185
[2026-02-11 21:36:30] [DEBUG]   ✨ NUEVO: V25223401
[2026-02-11 21:36:30] [DEBUG]   ✨ NUEVO: V25223514
[2026-02-11 21:36:30] [DEBUG]   ✨ NUEVO: V25223778
[2026-02-11 21:36:30] [DEBUG]   ✨ NUEVO: V25223997
[2026-02-11 21:36:30] [DEBUG]   ✨ NUEVO: V25224157
[2026-02-11 21:36:30] [DEBUG]   ✨ NUEVO: V25226196
[2026-02-11 21:36:30] [DEBUG]   ✨ NUEVO: V25229280
[2026-02-11 21:36:30] [DEBUG]   ✨ NUEVO: V25252851
[2026-02-11 21:36:30] [DEBUG]   ✨ NUEVO: V25263616
[2026-02-11 21:36:30] [DEBUG]   ✨ NUEVO: V25272994
[2026-02-11 21:36:30] [DEBUG]   ✨ NUEVO: V25286097
[2026-02-11 21:36:30] [DEBUG]   ✨ NUEVO: V25301128
[2026-02-11 21:36:30] [DEBUG]   ✨ NUEVO: V25327174
[2026-02-11 21:36:30] [DEBUG]   ✨ NUEVO: V25376771
[2026-02-11 21:36:30] [DEBUG]   ✨ NUEVO: V25393086
[2026-02-11 21:36:30] [DEBUG]   ✨ NUEVO: V25414186
[2026-02-11 21:36:30] [DEBUG]   ✨ NUEVO: V25444454
[2026-02-11 21:36:30] [DEBUG]   ✨ NUEVO: V25478175
[2026-02-11 21:36:30] [DEBUG]   ✨ NUEVO: V25493690
[2026-02-11 21:36:30] [DEBUG]   ✨ NUEVO: V25501064
[2026-02-11 21:36:30] [DEBUG]   ✨ NUEVO: V25512992
[2026-02-11 21:36:30] [DEBUG]   ✨ NUEVO: V25539548
[2026-02-11 21:36:30] [DEBUG]   ✨ NUEVO: V25539756
[2026-02-11 21:36:30] [DEBUG]   ✨ NUEVO: V25539791
[2026-02-11 21:36:30] [DEBUG]   ✨ NUEVO: V25578377
[2026-02-11 21:36:30] [DEBUG]   ✨ NUEVO: V25663549
[2026-02-11 21:36:30] [DEBUG]   ✨ NUEVO: V25683114
[2026-02-11 21:36:30] [DEBUG]   ✨ NUEVO: V25685409
[2026-02-11 21:36:30] [DEBUG]   ✨ NUEVO: V25715866
[2026-02-11 21:36:30] [DEBUG]   ✨ NUEVO: V25749880
[2026-02-11 21:36:30] [DEBUG]   ✨ NUEVO: V25847964
[2026-02-11 21:36:30] [DEBUG]   ✨ NUEVO: V25852625
[2026-02-11 21:36:30] [DEBUG]   ✨ NUEVO: V25864419
[2026-02-11 21:36:30] [DEBUG]   ✨ NUEVO: V25878671
[2026-02-11 21:36:30] [DEBUG]   ✨ NUEVO: V25954632
[2026-02-11 21:36:30] [DEBUG]   ✨ NUEVO: V25963782
[2026-02-11 21:36:30] [DEBUG]   ✨ NUEVO: V26008200
[2026-02-11 21:36:30] [DEBUG]   ✨ NUEVO: V26009432
[2026-02-11 21:36:30] [DEBUG]   ✨ NUEVO: V26018583
[2026-02-11 21:36:30] [DEBUG]   ✨ NUEVO: V26027324
[2026-02-11 21:36:30] [DEBUG]   ✨ NUEVO: V26033038
[2026-02-11 21:36:30] [DEBUG]   ✨ NUEVO: V26070503
[2026-02-11 21:36:30] [DEBUG]   ✨ NUEVO: V26251895
[2026-02-11 21:36:30] [DEBUG]   ✨ NUEVO: V26255226
[2026-02-11 21:36:30] [DEBUG]   ✨ NUEVO: V26255507
[2026-02-11 21:36:30] [DEBUG]   ✨ NUEVO: V26255683
[2026-02-11 21:36:30] [DEBUG]   ✨ NUEVO: V26255908
[2026-02-11 21:36:30] [DEBUG]   ✨ NUEVO: V26317680
[2026-02-11 21:36:30] [DEBUG]   ✨ NUEVO: V26364056
[2026-02-11 21:36:30] [DEBUG]   ✨ NUEVO: V26367206
[2026-02-11 21:36:30] [DEBUG]   ✨ NUEVO: V26408436 
[2026-02-11 21:36:30] [DEBUG]   ✨ NUEVO: V26443343
[2026-02-11 21:36:30] [DEBUG]   ✨ NUEVO: V26475862
[2026-02-11 21:36:30] [DEBUG]   ✨ NUEVO: V26528782
[2026-02-11 21:36:30] [DEBUG]   ✨ NUEVO: V26574478
[2026-02-11 21:36:30] [DEBUG]   ✨ NUEVO: V26591460
[2026-02-11 21:36:30] [DEBUG]   ✨ NUEVO: V26592337
[2026-02-11 21:36:30] [DEBUG]   ✨ NUEVO: V26601734
[2026-02-11 21:36:30] [DEBUG]   ✨ NUEVO: V26613315
[2026-02-11 21:36:30] [DEBUG]   ✨ NUEVO: V26720469
[2026-02-11 21:36:30] [DEBUG]   ✨ NUEVO: V26740057
[2026-02-11 21:36:30] [DEBUG]   ✨ NUEVO: V26763922
[2026-02-11 21:36:30] [DEBUG]   ✨ NUEVO: V26785497
[2026-02-11 21:36:30] [DEBUG]   ✨ NUEVO: V26893104
[2026-02-11 21:36:30] [DEBUG]   ✨ NUEVO: V26893276
[2026-02-11 21:36:30] [DEBUG]   ✨ NUEVO: V26893334
[2026-02-11 21:36:30] [DEBUG]   ✨ NUEVO: V26893562
[2026-02-11 21:36:30] [DEBUG]   ✨ NUEVO: V26893684
[2026-02-11 21:36:30] [DEBUG]   ✨ NUEVO: V26893687
[2026-02-11 21:36:30] [DEBUG]   ✨ NUEVO: V26893812
[2026-02-11 21:36:30] [DEBUG]   ✨ NUEVO: V26893981
[2026-02-11 21:36:30] [DEBUG]   ✨ NUEVO: V26.950.057
[2026-02-11 21:36:30] [DEBUG]   ✨ NUEVO: V26953694
[2026-02-11 21:36:30] [DEBUG]   ✨ NUEVO: V27031422
[2026-02-11 21:36:30] [DEBUG]   ✨ NUEVO: V27037369
[2026-02-11 21:36:30] [DEBUG]   ✨ NUEVO: V27073249
[2026-02-11 21:36:30] [DEBUG]   ✨ NUEVO: V27083422
[2026-02-11 21:36:30] [DEBUG]   ✨ NUEVO: V27083512
[2026-02-11 21:36:30] [DEBUG]   ✨ NUEVO: V27159590
[2026-02-11 21:36:30] [DEBUG]   ✨ NUEVO: V27183835
[2026-02-11 21:36:30] [DEBUG]   ✨ NUEVO: V27257857
[2026-02-11 21:36:30] [DEBUG]   ✨ NUEVO: V27282414
[2026-02-11 21:36:30] [DEBUG]   ✨ NUEVO: V27282809
[2026-02-11 21:36:30] [DEBUG]   ✨ NUEVO: V27282872
[2026-02-11 21:36:30] [DEBUG]   ✨ NUEVO: V27282881
[2026-02-11 21:36:30] [DEBUG]   ✨ NUEVO: V27282930
[2026-02-11 21:36:30] [DEBUG]   ✨ NUEVO: V27391091
[2026-02-11 21:36:30] [DEBUG]   ✨ NUEVO: V27448391
[2026-02-11 21:36:30] [DEBUG]   ✨ NUEVO: V27454234
[2026-02-11 21:36:30] [DEBUG]   ✨ NUEVO: V27454312
[2026-02-11 21:36:30] [DEBUG]   ✨ NUEVO: V27490268
[2026-02-11 21:36:30] [DEBUG]   ✨ NUEVO: V27545214
[2026-02-11 21:36:30] [DEBUG]   ✨ NUEVO: V27593000
[2026-02-11 21:36:30] [DEBUG]   ✨ NUEVO: V27597180
[2026-02-11 21:36:30] [DEBUG]   ✨ NUEVO: V27652156
[2026-02-11 21:36:30] [DEBUG]   ✨ NUEVO: V27660716
[2026-02-11 21:36:30] [DEBUG]   ✨ NUEVO: V27692778
[2026-02-11 21:36:30] [DEBUG]   ✨ NUEVO: V27788794
[2026-02-11 21:36:30] [DEBUG]   ✨ NUEVO: V27798501
[2026-02-11 21:36:30] [DEBUG]   ✨ NUEVO: V27805927
[2026-02-11 21:36:30] [DEBUG]   ✨ NUEVO: V27978188
[2026-02-11 21:36:30] [DEBUG]   ✨ NUEVO: V27984142
[2026-02-11 21:36:30] [DEBUG]   ✨ NUEVO: V28301696
[2026-02-11 21:36:30] [DEBUG]   ✨ NUEVO: V28310058
[2026-02-11 21:36:30] [DEBUG]   ✨ NUEVO: V28326593
[2026-02-11 21:36:30] [DEBUG]   ✨ NUEVO: V28344002
[2026-02-11 21:36:30] [DEBUG]   ✨ NUEVO: V28496168
[2026-02-11 21:36:30] [DEBUG]   ✨ NUEVO: V28532203
[2026-02-11 21:36:30] [DEBUG]   ✨ NUEVO: V28725998
[2026-02-11 21:36:30] [DEBUG]   ✨ NUEVO: V-29501942
[2026-02-11 21:36:30] [DEBUG]   ✨ NUEVO: V29501942
[2026-02-11 21:36:30] [DEBUG]   ✨ NUEVO: V29508241
[2026-02-11 21:36:30] [DEBUG]   ✨ NUEVO: V29518624
[2026-02-11 21:36:30] [DEBUG]   ✨ NUEVO: V29533710
[2026-02-11 21:36:30] [DEBUG]   ✨ NUEVO: V29.533.967
[2026-02-11 21:36:30] [DEBUG]   ✨ NUEVO: V29535297
[2026-02-11 21:36:30] [DEBUG]   ✨ NUEVO: V29602109
[2026-02-11 21:36:30] [DEBUG]   ✨ NUEVO: V29611893
[2026-02-11 21:36:30] [DEBUG]   ✨ NUEVO: V29654762
[2026-02-11 21:36:30] [DEBUG]   ✨ NUEVO: V29656181
[2026-02-11 21:36:30] [DEBUG]   ✨ NUEVO: V29656280
[2026-02-11 21:36:30] [DEBUG]   ✨ NUEVO: V29656407
[2026-02-11 21:36:30] [DEBUG]   ✨ NUEVO: V29656637
[2026-02-11 21:36:30] [DEBUG]   ✨ NUEVO: V296566370
[2026-02-11 21:36:30] [DEBUG]   ✨ NUEVO: V29675932
[2026-02-11 21:36:30] [DEBUG]   ✨ NUEVO: V29735695
[2026-02-11 21:36:30] [DEBUG]   ✨ NUEVO: V29745623
[2026-02-11 21:36:30] [DEBUG]   ✨ NUEVO: V29764950
[2026-02-11 21:36:30] [DEBUG]   ✨ NUEVO: V29829147
[2026-02-11 21:36:30] [DEBUG]   ✨ NUEVO: V29829203
[2026-02-11 21:36:30] [DEBUG]   ✨ NUEVO: V29942213
[2026-02-11 21:36:30] [DEBUG]   ✨ NUEVO: V30002164
[2026-02-11 21:36:30] [DEBUG]   ✨ NUEVO: V30002314
[2026-02-11 21:36:30] [DEBUG]   ✨ NUEVO: V30002784
[2026-02-11 21:36:30] [DEBUG]   ✨ NUEVO: V30035200
[2026-02-11 21:36:30] [DEBUG]   ✨ NUEVO: V30109252
[2026-02-11 21:36:30] [DEBUG]   ✨ NUEVO: V30150884
[2026-02-11 21:36:30] [DEBUG]   ✨ NUEVO: V30150978
[2026-02-11 21:36:30] [DEBUG]   ✨ NUEVO: V30186530
[2026-02-11 21:36:30] [DEBUG]   ✨ NUEVO: V30223907
[2026-02-11 21:36:30] [DEBUG]   ✨ NUEVO: V30256944
[2026-02-11 21:36:30] [DEBUG]   ✨ NUEVO: V30282920
[2026-02-11 21:36:30] [DEBUG]   ✨ NUEVO: V30385678
[2026-02-11 21:36:30] [DEBUG]   ✨ NUEVO: V30400948
[2026-02-11 21:36:30] [DEBUG]   ✨ NUEVO: V30450251
[2026-02-11 21:36:30] [DEBUG]   ✨ NUEVO: V30551256
[2026-02-11 21:36:30] [DEBUG]   ✨ NUEVO: V30574957
[2026-02-11 21:36:30] [DEBUG]   ✨ NUEVO: V30575059
[2026-02-11 21:36:30] [DEBUG]   ✨ NUEVO: V30575064
[2026-02-11 21:36:30] [DEBUG]   ✨ NUEVO: V30575119
[2026-02-11 21:36:30] [DEBUG]   ✨ NUEVO: V30604611
[2026-02-11 21:36:30] [DEBUG]   ✨ NUEVO: V30699189
[2026-02-11 21:36:30] [DEBUG]   ✨ NUEVO: V30859316
[2026-02-11 21:36:30] [DEBUG]   ✨ NUEVO: V30860031
[2026-02-11 21:36:30] [DEBUG]   ✨ NUEVO: V31004693
[2026-02-11 21:36:30] [DEBUG]   ✨ NUEVO: V31004835
[2026-02-11 21:36:30] [DEBUG]   ✨ NUEVO: V31004840
[2026-02-11 21:36:30] [DEBUG]   ✨ NUEVO: V31044688
[2026-02-11 21:36:30] [DEBUG]   ✨ NUEVO: V31199050 
[2026-02-11 21:36:30] [DEBUG]   ✨ NUEVO: V31240124
[2026-02-11 21:36:30] [DEBUG]   ✨ NUEVO: V31360166
[2026-02-11 21:36:30] [DEBUG]   ✨ NUEVO: V3144666
[2026-02-11 21:36:30] [DEBUG]   ✨ NUEVO: V3153542
[2026-02-11 21:36:30] [DEBUG]   ✨ NUEVO: V31569640
[2026-02-11 21:36:30] [DEBUG]   ✨ NUEVO: V31592435
[2026-02-11 21:36:30] [DEBUG]   ✨ NUEVO: V31592885
[2026-02-11 21:36:30] [DEBUG]   ✨ NUEVO: V31593107
[2026-02-11 21:36:30] [DEBUG]   ✨ NUEVO: V31677380
[2026-02-11 21:36:30] [DEBUG]   ✨ NUEVO: V31715635
[2026-02-11 21:36:30] [DEBUG]   ✨ NUEVO: V31715640
[2026-02-11 21:36:30] [DEBUG]   ✨ NUEVO: V31748423
[2026-02-11 21:36:30] [DEBUG]   ✨ NUEVO: V31768455
[2026-02-11 21:36:30] [DEBUG]   ✨ NUEVO: V31955614
[2026-02-11 21:36:30] [DEBUG]   ✨ NUEVO: V31955806
[2026-02-11 21:36:30] [DEBUG]   ✨ NUEVO: V32214350
[2026-02-11 21:36:30] [DEBUG]   ✨ NUEVO: V32290890
[2026-02-11 21:36:30] [DEBUG]   ✨ NUEVO: V32463087
[2026-02-11 21:36:30] [DEBUG]   ✨ NUEVO: V32689394
[2026-02-11 21:36:30] [DEBUG]   ✨ NUEVO: V32689848
[2026-02-11 21:36:30] [DEBUG]   ✨ NUEVO: V32689944
[2026-02-11 21:36:30] [DEBUG]   ✨ NUEVO: V32738479
[2026-02-11 21:36:30] [DEBUG]   ✨ NUEVO: V32896003
[2026-02-11 21:36:30] [DEBUG]   ✨ NUEVO: V32953731
[2026-02-11 21:36:30] [DEBUG]   ✨ NUEVO: V33415718
[2026-02-11 21:36:30] [DEBUG]   ✨ NUEVO: V33740692
[2026-02-11 21:36:30] [DEBUG]   ✨ NUEVO: V3414872
[2026-02-11 21:36:30] [DEBUG]   ✨ NUEVO: V3724890
[2026-02-11 21:36:30] [DEBUG]   ✨ NUEVO: V3751032
[2026-02-11 21:36:30] [DEBUG]   ✨ NUEVO: V3762987
[2026-02-11 21:36:30] [DEBUG]   ✨ NUEVO: V3797919
[2026-02-11 21:36:30] [DEBUG]   ✨ NUEVO: V3808946
[2026-02-11 21:36:30] [DEBUG]   ✨ NUEVO: V3857640
[2026-02-11 21:36:30] [DEBUG]   ✨ NUEVO: V4074910
[2026-02-11 21:36:30] [DEBUG]   ✨ NUEVO: V4182047
[2026-02-11 21:36:30] [DEBUG]   ✨ NUEVO: V4235936
[2026-02-11 21:36:30] [DEBUG]   ✨ NUEVO: V4272017
[2026-02-11 21:36:30] [DEBUG]   ✨ NUEVO: V4335346
[2026-02-11 21:36:30] [DEBUG]   ✨ NUEVO: V4372052
[2026-02-11 21:36:30] [DEBUG]   ✨ NUEVO: V4372126
[2026-02-11 21:36:30] [DEBUG]   ✨ NUEVO: V4429276
[2026-02-11 21:36:30] [DEBUG]   ✨ NUEVO: V4524181
[2026-02-11 21:36:30] [DEBUG]   ✨ NUEVO: V4626333
[2026-02-11 21:36:30] [DEBUG]   ✨ NUEVO: V4667355
[2026-02-11 21:36:30] [DEBUG]   ✨ NUEVO: V4675332
[2026-02-11 21:36:30] [DEBUG]   ✨ NUEVO: V4794001
[2026-02-11 21:36:30] [DEBUG]   ✨ NUEVO: V4849701
[2026-02-11 21:36:30] [DEBUG]   ✨ NUEVO: V4878908
[2026-02-11 21:36:30] [DEBUG]   ✨ NUEVO: V4878943
[2026-02-11 21:36:30] [DEBUG]   ✨ NUEVO: V4885415
[2026-02-11 21:36:30] [DEBUG]   ✨ NUEVO: V5001326
[2026-02-11 21:36:30] [DEBUG]   ✨ NUEVO: V5072073
[2026-02-11 21:36:30] [DEBUG]   ✨ NUEVO: V5093629
[2026-02-11 21:36:30] [DEBUG]   ✨ NUEVO: V5098352
[2026-02-11 21:36:30] [DEBUG]   ✨ NUEVO: V5098948
[2026-02-11 21:36:30] [DEBUG]   ✨ NUEVO: V5116989
[2026-02-11 21:36:30] [DEBUG]   ✨ NUEVO: V5120215
[2026-02-11 21:36:30] [DEBUG]   ✨ NUEVO: V5133344
[2026-02-11 21:36:30] [DEBUG]   ✨ NUEVO: V5217006
[2026-02-11 21:36:30] [DEBUG]   ✨ NUEVO: V5226141
[2026-02-11 21:36:30] [DEBUG]   ✨ NUEVO: V5230586
[2026-02-11 21:36:30] [DEBUG]   ✨ NUEVO: V5301347
[2026-02-11 21:36:30] [DEBUG]   ✨ NUEVO: V5370539
[2026-02-11 21:36:30] [DEBUG]   ✨ NUEVO: V5404621
[2026-02-11 21:36:30] [DEBUG]   ✨ NUEVO: V5406481
[2026-02-11 21:36:30] [DEBUG]   ✨ NUEVO: V5433912
[2026-02-11 21:36:30] [DEBUG]   ✨ NUEVO: V5525602
[2026-02-11 21:36:30] [DEBUG]   ✨ NUEVO: V5525830
[2026-02-11 21:36:30] [DEBUG]   ✨ NUEVO: V5532515
[2026-02-11 21:36:30] [DEBUG]   ✨ NUEVO: V5534402
[2026-02-11 21:36:30] [DEBUG]   ✨ NUEVO: V5571398
[2026-02-11 21:36:30] [DEBUG]   ✨ NUEVO: V5572991
[2026-02-11 21:36:30] [DEBUG]   ✨ NUEVO: V5590874
[2026-02-11 21:36:30] [DEBUG]   ✨ NUEVO: V5591318
[2026-02-11 21:36:30] [DEBUG]   ✨ NUEVO: V5603633
[2026-02-11 21:36:30] [DEBUG]   ✨ NUEVO: V5616399
[2026-02-11 21:36:30] [DEBUG]   ✨ NUEVO: V5642553
[2026-02-11 21:36:30] [DEBUG]   ✨ NUEVO: V5655862
[2026-02-11 21:36:30] [DEBUG]   ✨ NUEVO: V5693015
[2026-02-11 21:36:30] [DEBUG]   ✨ NUEVO: V5703773
[2026-02-11 21:36:30] [DEBUG]   ✨ NUEVO: V5788662
[2026-02-11 21:36:30] [DEBUG]   ✨ NUEVO: V5886210
[2026-02-11 21:36:30] [DEBUG]   ✨ NUEVO: V5962153
[2026-02-11 21:36:30] [DEBUG]   ✨ NUEVO: V5978351
[2026-02-11 21:36:30] [DEBUG]   ✨ NUEVO: V60011004154
[2026-02-11 21:36:30] [DEBUG]   ✨ NUEVO: V6018142
[2026-02-11 21:36:30] [DEBUG]   ✨ NUEVO: V6018414
[2026-02-11 21:36:30] [DEBUG]   ✨ NUEVO: V6020867
[2026-02-11 21:36:30] [DEBUG]   ✨ NUEVO: V6022683
[2026-02-11 21:36:30] [DEBUG]   ✨ NUEVO: V6027160
[2026-02-11 21:36:30] [DEBUG]   ✨ NUEVO: V6065092
[2026-02-11 21:36:30] [DEBUG]   ✨ NUEVO: V6072702
[2026-02-11 21:36:30] [DEBUG]   ✨ NUEVO: V6088929
[2026-02-11 21:36:30] [DEBUG]   ✨ NUEVO: V6096099
[2026-02-11 21:36:30] [DEBUG]   ✨ NUEVO: V6110829
[2026-02-11 21:36:30] [DEBUG]   ✨ NUEVO: V6114931
[2026-02-11 21:36:30] [DEBUG]   ✨ NUEVO: V6148060
[2026-02-11 21:36:30] [DEBUG]   ✨ NUEVO: V6148460
[2026-02-11 21:36:30] [DEBUG]   ✨ NUEVO: V6159787
[2026-02-11 21:36:30] [DEBUG]   ✨ NUEVO: V6216663
[2026-02-11 21:36:30] [DEBUG]   ✨ NUEVO: V6228552
[2026-02-11 21:36:30] [DEBUG]   ✨ NUEVO: V6261051
[2026-02-11 21:36:30] [DEBUG]   ✨ NUEVO: V6262786
[2026-02-11 21:36:30] [DEBUG]   ✨ NUEVO: V6263305
[2026-02-11 21:36:30] [DEBUG]   ✨ NUEVO: V6289011
[2026-02-11 21:36:30] [DEBUG]   ✨ NUEVO: V6319184
[2026-02-11 21:36:30] [DEBUG]   ✨ NUEVO: V6330054
[2026-02-11 21:36:30] [DEBUG]   ✨ NUEVO: V6331072
[2026-02-11 21:36:30] [DEBUG]   ✨ NUEVO: V6339425
[2026-02-11 21:36:30] [DEBUG]   ✨ NUEVO: V6342860
[2026-02-11 21:36:30] [DEBUG]   ✨ NUEVO: V6344913
[2026-02-11 21:36:30] [DEBUG]   ✨ NUEVO: V6350536 
[2026-02-11 21:36:30] [DEBUG]   ✨ NUEVO: V6372287
[2026-02-11 21:36:30] [DEBUG]   ✨ NUEVO: V6391809
[2026-02-11 21:36:30] [DEBUG]   ✨ NUEVO: V6415653
[2026-02-11 21:36:30] [DEBUG]   ✨ NUEVO: V6524643
[2026-02-11 21:36:30] [DEBUG]   ✨ NUEVO: V6558275
[2026-02-11 21:36:30] [DEBUG]   ✨ NUEVO: V6653920
[2026-02-11 21:36:30] [DEBUG]   ✨ NUEVO: V6662346
[2026-02-11 21:36:30] [DEBUG]   ✨ NUEVO: V6708224
[2026-02-11 21:36:30] [DEBUG]   ✨ NUEVO: V6732304
[2026-02-11 21:36:30] [DEBUG]   ✨ NUEVO: V6732523
[2026-02-11 21:36:30] [DEBUG]   ✨ NUEVO: V6732830
[2026-02-11 21:36:30] [DEBUG]   ✨ NUEVO: V6750277
[2026-02-11 21:36:30] [DEBUG]   ✨ NUEVO: V6792626
[2026-02-11 21:36:30] [DEBUG]   ✨ NUEVO: V6812884
[2026-02-11 21:36:30] [DEBUG]   ✨ NUEVO: V6827539
[2026-02-11 21:36:30] [DEBUG]   ✨ NUEVO: V6836172
[2026-02-11 21:36:30] [DEBUG]   ✨ NUEVO: V6836509
[2026-02-11 21:36:30] [DEBUG]   ✨ NUEVO: V6836826
[2026-02-11 21:36:30] [DEBUG]   ✨ NUEVO: V6837403
[2026-02-11 21:36:30] [DEBUG]   ✨ NUEVO: V6837573
[2026-02-11 21:36:30] [DEBUG]   ✨ NUEVO: V6837614
[2026-02-11 21:36:30] [DEBUG]   ✨ NUEVO: V6837615
[2026-02-11 21:36:30] [DEBUG]   ✨ NUEVO: V6837723
[2026-02-11 21:36:30] [DEBUG]   ✨ NUEVO: V6837823
[2026-02-11 21:36:30] [DEBUG]   ✨ NUEVO: V6837854
[2026-02-11 21:36:30] [DEBUG]   ✨ NUEVO: V6837861
[2026-02-11 21:36:30] [DEBUG]   ✨ NUEVO: V6837928
[2026-02-11 21:36:30] [DEBUG]   ✨ NUEVO: V6838033
[2026-02-11 21:36:30] [DEBUG]   ✨ NUEVO: V6838085
[2026-02-11 21:36:30] [DEBUG]   ✨ NUEVO: V6838090
[2026-02-11 21:36:30] [DEBUG]   ✨ NUEVO: V6838121
[2026-02-11 21:36:30] [DEBUG]   ✨ NUEVO: V6844540
[2026-02-11 21:36:30] [DEBUG]   ✨ NUEVO: V6844766
[2026-02-11 21:36:30] [DEBUG]   ✨ NUEVO: V6866485
[2026-02-11 21:36:30] [DEBUG]   ✨ NUEVO: V6894224
[2026-02-11 21:36:30] [DEBUG]   ✨ NUEVO: V6919046
[2026-02-11 21:36:30] [DEBUG]   ✨ NUEVO: V6926512
[2026-02-11 21:36:30] [DEBUG]   ✨ NUEVO: V6926679
[2026-02-11 21:36:30] [DEBUG]   ✨ NUEVO: V6926704
[2026-02-11 21:36:30] [DEBUG]   ✨ NUEVO: V6930008
[2026-02-11 21:36:30] [DEBUG]   ✨ NUEVO: V6966902
[2026-02-11 21:36:30] [DEBUG]   ✨ NUEVO: V6970495
[2026-02-11 21:36:30] [DEBUG]   ✨ NUEVO: V7012955
[2026-02-11 21:36:30] [DEBUG]   ✨ NUEVO: V7059527
[2026-02-11 21:36:30] [DEBUG]   ✨ NUEVO: V7086417
[2026-02-11 21:36:30] [DEBUG]   ✨ NUEVO: V7222808
[2026-02-11 21:36:30] [DEBUG]   ✨ NUEVO: V7682860
[2026-02-11 21:36:30] [DEBUG]   ✨ NUEVO: V7775814
[2026-02-11 21:36:30] [DEBUG]   ✨ NUEVO: V7864166
[2026-02-11 21:36:30] [DEBUG]   ✨ NUEVO: V7929004
[2026-02-11 21:36:30] [DEBUG]   ✨ NUEVO: V7944915
[2026-02-11 21:36:30] [DEBUG]   ✨ NUEVO: V81383696
[2026-02-11 21:36:30] [DEBUG]   ✨ NUEVO: V82127388
[2026-02-11 21:36:30] [DEBUG]   ✨ NUEVO: V82151195
[2026-02-11 21:36:30] [DEBUG]   ✨ NUEVO: V8294162
[2026-02-11 21:36:30] [DEBUG]   ✨ NUEVO: V8336645
[2026-02-11 21:36:30] [DEBUG]   ✨ NUEVO: V8394905
[2026-02-11 21:36:30] [DEBUG]   ✨ NUEVO: V8423911
[2026-02-11 21:36:30] [DEBUG]   ✨ NUEVO: V8468054
[2026-02-11 21:36:30] [DEBUG]   ✨ NUEVO: V8509427
[2026-02-11 21:36:30] [DEBUG]   ✨ NUEVO: V8748651
[2026-02-11 21:36:30] [DEBUG]   ✨ NUEVO: V8750725
[2026-02-11 21:36:30] [DEBUG]   ✨ NUEVO: V8751018
[2026-02-11 21:36:30] [DEBUG]   ✨ NUEVO: V8755504
[2026-02-11 21:36:30] [DEBUG]   ✨ NUEVO: V8758572
[2026-02-11 21:36:30] [DEBUG]   ✨ NUEVO: V8760947
[2026-02-11 21:36:30] [DEBUG]   ✨ NUEVO: V8762348
[2026-02-11 21:36:30] [DEBUG]   ✨ NUEVO: V8763211
[2026-02-11 21:36:30] [DEBUG]   ✨ NUEVO: V8763493
[2026-02-11 21:36:30] [DEBUG]   ✨ NUEVO: V8763593
[2026-02-11 21:36:30] [DEBUG]   ✨ NUEVO: V8764974
[2026-02-11 21:36:30] [DEBUG]   ✨ NUEVO: V8811375
[2026-02-11 21:36:30] [DEBUG]   ✨ NUEVO: V8929453
[2026-02-11 21:36:30] [DEBUG]   ✨ NUEVO: V9063500
[2026-02-11 21:36:30] [DEBUG]   ✨ NUEVO: V9256132
[2026-02-11 21:36:30] [DEBUG]   ✨ NUEVO: V9277445
[2026-02-11 21:36:30] [DEBUG]   ✨ NUEVO: V9355356
[2026-02-11 21:36:30] [DEBUG]   ✨ NUEVO: V9376339
[2026-02-11 21:36:30] [DEBUG]   ✨ NUEVO: V9413754
[2026-02-11 21:36:30] [DEBUG]   ✨ NUEVO: V9417612
[2026-02-11 21:36:30] [DEBUG]   ✨ NUEVO: V9446448
[2026-02-11 21:36:30] [DEBUG]   ✨ NUEVO: V9455413
[2026-02-11 21:36:30] [DEBUG]   ✨ NUEVO: V9485295
[2026-02-11 21:36:30] [DEBUG]   ✨ NUEVO: V9494001
[2026-02-11 21:36:30] [DEBUG]   ✨ NUEVO: V9562937
[2026-02-11 21:36:30] [DEBUG]   ✨ NUEVO: V96949452
[2026-02-11 21:36:30] [DEBUG]   ✨ NUEVO: V9702975
[2026-02-11 21:36:30] [DEBUG]   ✨ NUEVO: V9818409
[2026-02-11 21:36:30] [DEBUG]   ✨ NUEVO: V9832092
[2026-02-11 21:36:30] [DEBUG]   ✨ NUEVO: V9864755
[2026-02-11 21:36:30] [DEBUG]   ✨ NUEVO: V9878684
[2026-02-11 21:36:30] [DEBUG]   ✨ NUEVO: V9880682
[2026-02-11 21:36:30] [DEBUG]   ✨ NUEVO: V9881974
[2026-02-11 21:36:30] [DEBUG]   ✨ NUEVO: V9927683
[2026-02-11 21:36:30] [DEBUG]   ✨ NUEVO: V9974415
[2026-02-11 21:36:30] [DEBUG]   ✨ NUEVO: VICTOR MARTINEZ
[2026-02-11 21:36:30] [DEBUG]   ✨ NUEVO: VICTOR VALERA
[2026-02-11 21:36:30] [DEBUG]   ✨ NUEVO: WENDY AMUNDARAY
[2026-02-11 21:36:30] [INFO] Customers: 1427 nuevos, 0 modificados, 0 eliminados
[2026-02-11 21:36:30] [INFO] Detectando cambios en categories...
[2026-02-11 21:36:30] [DEBUG]   ✨ NUEVO: 00
[2026-02-11 21:36:30] [DEBUG]   ✨ NUEVO: 001
[2026-02-11 21:36:30] [DEBUG]   ✨ NUEVO: 002
[2026-02-11 21:36:30] [DEBUG]   ✨ NUEVO: 0-1
[2026-02-11 21:36:30] [DEBUG]   ✨ NUEVO: 01
[2026-02-11 21:36:30] [DEBUG]   ✨ NUEVO: 02
[2026-02-11 21:36:30] [DEBUG]   ✨ NUEVO: 03
[2026-02-11 21:36:30] [DEBUG]   ✨ NUEVO: 04
[2026-02-11 21:36:30] [DEBUG]   ✨ NUEVO: 05
[2026-02-11 21:36:30] [DEBUG]   ✨ NUEVO: 06
[2026-02-11 21:36:30] [DEBUG]   ✨ NUEVO: 07
[2026-02-11 21:36:30] [DEBUG]   ✨ NUEVO: IMP
[2026-02-11 21:36:30] [DEBUG]   ✨ NUEVO: INV
[2026-02-11 21:36:30] [DEBUG]   ✨ NUEVO: NV
[2026-02-11 21:36:30] [DEBUG]   ✨ NUEVO: PUSA
[2026-02-11 21:36:30] [DEBUG]   ✨ NUEVO: R1
[2026-02-11 21:36:30] [DEBUG]   ✨ NUEVO: R2
[2026-02-11 21:36:30] [DEBUG]   ✨ NUEVO: R3
[2026-02-11 21:36:30] [DEBUG]   ✨ NUEVO: R4
[2026-02-11 21:36:30] [DEBUG]   ✨ NUEVO: R5
[2026-02-11 21:36:30] [DEBUG]   ✨ NUEVO: R6
[2026-02-11 21:36:30] [DEBUG]   ✨ NUEVO: SA
[2026-02-11 21:36:30] [DEBUG]   ✨ NUEVO: SN
[2026-02-11 21:36:30] [DEBUG]   ✨ NUEVO: TB
[2026-02-11 21:36:30] [DEBUG]   ✨ NUEVO: TP
[2026-02-11 21:36:30] [DEBUG]   ✨ NUEVO: TRM
[2026-02-11 21:36:30] [INFO] Categories: 26 nuevos, 0 modificados, 0 eliminados
[2026-02-11 21:36:30] [INFO] Detectando cambios en products (MySQL → PostgreSQL)...
[2026-02-11 21:36:31] [INFO]    📋 Products encontrados en MySQL: 0
[2026-02-11 21:36:31] [INFO]    ℹ️ No hay products en MySQL para esta empresa
[2026-02-11 21:36:31] [INFO] 
[2026-02-11 21:36:31] [INFO] 💰 DETECTANDO CAMBIOS EN QUOTES (MySQL → PostgreSQL)...
[2026-02-11 21:36:31] [INFO]    📋 Quotes encontrados en MySQL: 0
[2026-02-11 21:36:31] [INFO]    ℹ️ No hay quotes en MySQL para esta empresa
[2026-02-11 21:36:31] [INFO] 
[2026-02-11 21:36:31] [INFO] 👤 SINCRONIZANDO SELLERS...
[2026-02-11 21:36:32] [SUCCESS] ✅ Sellers sincronizados correctamente
[2026-02-11 21:36:32] [INFO] 
[2026-02-11 21:36:32] [INFO] 📦 SINCRONIZANDO CATEGORIES...
[2026-02-11 21:36:32] [INFO] Sincronizando cambios de categories a MySQL...
[2026-02-11 21:36:32] [INFO]   📁 Insertando 26 categories NUEVAS...
[2026-02-11 21:36:37] [SUCCESS]   ✅ Commit final: 26/26 categories nuevas insertadas
[2026-02-11 21:36:37] [SUCCESS] ✅ Categories sincronizados: 26 nuevos, 0 modificados, 0 errores
[2026-02-11 21:36:37] [INFO] 
[2026-02-11 21:36:37] [INFO] 📦 SINCRONIZANDO PRODUCTS...
[2026-02-11 21:36:37] [INFO] Sincronizando changes de products a MySQL...
[2026-02-11 21:36:37] [INFO]   📦 Insertando 778 productos NUEVOS...
[2026-02-11 21:38:17] [WARNING]   ⚠️ Product PROD-AUTO-20260202174752 omitido: categoría 'None' no existe en MySQL
[2026-02-11 21:38:28] [WARNING]   ⚠️ Product TEST-PROD-001 omitido: categoría 'None' no existe en MySQL
[2026-02-11 21:38:33] [SUCCESS]   ✅ Commit final: 776/778 productos nuevos insertados
[2026-02-11 21:38:33] [WARNING]   ⚠️ 2 productos omitidos por categoría inexistente
[2026-02-11 21:38:34] [SUCCESS] ✅ Products sincronizados: 776 nuevos, 0 modificados
[2026-02-11 21:38:34] [INFO] 
[2026-02-11 21:38:34] [INFO] 👥 SINCRONIZANDO CUSTOMERS...
[2026-02-11 21:38:34] [INFO] Sincronizando cambios de customers a MySQL...
[2026-02-11 21:38:34] [INFO]   👥 Insertando 1427 customers NUEVOS...
[2026-02-11 21:38:40] [DEBUG]   ✅ Commit parcial: 50/1427 customers insertados
[2026-02-11 21:38:47] [DEBUG]   ✅ Commit parcial: 100/1427 customers insertados
[2026-02-12 06:30:56] [INFO] Conectado a PostgreSQL
[2026-02-12 06:30:57] [INFO] Conectado a MySQL
[2026-02-12 06:30:57] [INFO] === INICIANDO SINCRONIZACIÓN ===
[2026-02-12 06:30:57] [WARNING] Sistema de notificaciones no disponible (pip install win10toast)
[2026-02-12 06:30:57] [INFO] Verificando/creando tabla sync_hashes...
[2026-02-12 06:30:57] [WARNING]   ⚠️ Error creando índice 'idx_sync_hashes_lookup': la relación «idx_sync_hashes_lookup» ya existe

[2026-02-12 06:30:57] [WARNING]   ⚠️ Error creando índice 'idx_sync_hashes_table': la relación «idx_sync_hashes_table» ya existe

[2026-02-12 06:30:57] [SUCCESS] ✅ Tabla sync_hashes lista
[2026-02-12 06:30:57] [INFO] 
[2026-02-12 06:30:57] [INFO] ╔════════════════════════════════════════════════════════════════╗
[2026-02-12 06:30:57] [INFO] ║          SINCRONIZACIÓN INTELIGENTE CON TABLA DE HASHES          ║
[2026-02-12 06:30:57] [INFO] ╚════════════════════════════════════════════════════════════════╝
[2026-02-12 06:30:57] [INFO] 
[2026-02-12 06:30:57] [SUCCESS] ✅ Conectado a PostgreSQL
[2026-02-12 06:30:57] [SUCCESS] ✅ Conectado a MySQL (pymysql)
[2026-02-12 06:30:57] [DEBUG]    Host: 91.238.160.176
[2026-02-12 06:30:57] [DEBUG]    Port: 3306
[2026-02-12 06:30:57] [DEBUG]    Database: chrystal_movil
[2026-02-12 06:30:57] [INFO] 🔍 Buscando empresa: RIF=J502741283, Email=multiserviciosleblanc@gmail.com
[2026-02-12 06:30:57] [DEBUG]   🔍 Verificando tabla 'acceso' (RIF y email)...
[2026-02-12 06:30:58] [SUCCESS]   ✅ Empresa encontrada en tabla 'acceso' (RIF y email coinciden)
[2026-02-12 06:30:58] [DEBUG]   🔍 Verificando tabla 'company' en PostgreSQL (por email)...
[2026-02-12 06:30:58] [SUCCESS]   ✅ Empresa encontrada en tabla 'company' de PostgreSQL
[2026-02-12 06:30:58] [DEBUG]      ID: G8RH3LzTC/ogVCXtfgYmfGlqtRYTPDZY7g0Ecax9eIjHMSGfkKJfGL/eHdZFvBtLDSe4cd2KUPFt3FX8Btm+sIJ1vwsoDtDpCbibwuxqgNNqqlKsxEU/NVlACu1NSU9tQ2mN2xDcEBL6eOpdZJryqZwSvb7dVJMZwAk6oJJuNbXkfyND5KL/TF5NfFFp0ULsVM/jVw8oa7mm3Xl39qnsIkqhRCp/+1ovLGsDDtNcUvVQtqMqZfvMH6ivR2T4nLmtD7EebsrXdbNf2JWCvEI2Z8J/h/yJMNNg7F785yECkFzCNIBJXVfp7AXRvrkm783Qt+d1cA7TWo+V0d1Gr1bfXA==
[2026-02-12 06:30:58] [DEBUG]   🔍 Buscando en tabla 'companies'...
[2026-02-12 06:30:58] [SUCCESS] ✅ Empresa encontrada:  (ID: 74)
[2026-02-12 06:30:58] [INFO] Detectando cambios en products...
[2026-02-12 06:30:58] [INFO] Products: 0 nuevos, 0 modificados, 0 eliminados
[2026-02-12 06:30:58] [INFO] Detectando cambios en customers...
[2026-02-12 06:30:59] [INFO] Customers: 0 nuevos, 0 modificados, 0 eliminados
[2026-02-12 06:30:59] [INFO] Detectando cambios en categories...
[2026-02-12 06:30:59] [INFO] Categories: 0 nuevos, 0 modificados, 0 eliminados
[2026-02-12 06:30:59] [INFO] Detectando cambios en products (MySQL → PostgreSQL)...
[2026-02-12 06:31:00] [INFO]    📋 Products encontrados en MySQL: 776
[2026-02-12 06:31:00] [DEBUG]    🔍 Códigos: ['001', '002', '003', '004', '0040962166604', '005', '006', '007', '008', '009']...
[2026-02-12 06:31:00] [DEBUG]    🔍 Product #165440 (001): hash_guardado=3778c300
[2026-02-12 06:31:00] [DEBUG]    🔍 Product #165441 (002): hash_guardado=e237e86e
[2026-02-12 06:31:00] [DEBUG]    🔍 Product #165442 (003): hash_guardado=76fe9c7a
[2026-02-12 06:31:00] [DEBUG]    🔍 Product #165443 (004): hash_guardado=8a475227
[2026-02-12 06:31:00] [DEBUG]    🔍 Product #165444 (0040962166604): hash_guardado=5095f592
[2026-02-12 06:31:00] [DEBUG]    🔍 Product #165445 (005): hash_guardado=408f391e
[2026-02-12 06:31:00] [DEBUG]    🔍 Product #165446 (006): hash_guardado=6948bf4a
[2026-02-12 06:31:00] [DEBUG]    🔍 Product #165447 (007): hash_guardado=8b09f6f1
[2026-02-12 06:31:00] [DEBUG]    🔍 Product #165448 (008): hash_guardado=31fe92a3
[2026-02-12 06:31:00] [DEBUG]    🔍 Product #165449 (009): hash_guardado=2ef49e41
[2026-02-12 06:31:00] [DEBUG]    🔍 Product #165450 (01): hash_guardado=80f8bdc3
[2026-02-12 06:31:00] [DEBUG]    🔍 Product #165451 (010): hash_guardado=02a3875f
[2026-02-12 06:31:00] [DEBUG]    🔍 Product #165452 (01009): hash_guardado=ce1d4e40
[2026-02-12 06:31:00] [DEBUG]    🔍 Product #165453 (011): hash_guardado=33c709ca
[2026-02-12 06:31:00] [DEBUG]    🔍 Product #165454 (012): hash_guardado=eb94dea8
[2026-02-12 06:31:00] [DEBUG]    🔍 Product #165455 (013): hash_guardado=873a7d0e
[2026-02-12 06:31:00] [DEBUG]    🔍 Product #165456 (0137137400038): hash_guardado=f34adb97
[2026-02-12 06:31:00] [DEBUG]    🔍 Product #165457 (0137137400068): hash_guardado=22120b0a
[2026-02-12 06:31:00] [DEBUG]    🔍 Product #165458 (014): hash_guardado=67e99abe
[2026-02-12 06:31:00] [DEBUG]    🔍 Product #165459 (015): hash_guardado=6b629308
[2026-02-12 06:31:00] [DEBUG]    🔍 Product #165460 (016): hash_guardado=4cfbe1e1
[2026-02-12 06:31:00] [DEBUG]    🔍 Product #165461 (017): hash_guardado=18e9d3f5
[2026-02-12 06:31:00] [DEBUG]    🔍 Product #165462 (018): hash_guardado=5c5e99d0
[2026-02-12 06:31:00] [DEBUG]    🔍 Product #165463 (019): hash_guardado=218cd58a
[2026-02-12 06:31:00] [DEBUG]    🔍 Product #165464 (02): hash_guardado=92014c3a
[2026-02-12 06:31:00] [DEBUG]    🔍 Product #165465 (020): hash_guardado=04599602
[2026-02-12 06:31:00] [DEBUG]    🔍 Product #165466 (02004): hash_guardado=321d98c0
[2026-02-12 06:31:00] [DEBUG]    🔍 Product #165467 (021): hash_guardado=4439e38c
[2026-02-12 06:31:00] [DEBUG]    🔍 Product #165468 (022): hash_guardado=d8bdea50
[2026-02-12 06:31:00] [DEBUG]    🔍 Product #165469 (023): hash_guardado=a3aa77b5
[2026-02-12 06:31:00] [DEBUG]    🔍 Product #165470 (024): hash_guardado=3e30b75a
[2026-02-12 06:31:00] [DEBUG]    🔍 Product #165471 (025): hash_guardado=2eedbe24
[2026-02-12 06:31:00] [DEBUG]    🔍 Product #165472 (026): hash_guardado=914ed803
[2026-02-12 06:31:00] [DEBUG]    🔍 Product #165473 (027): hash_guardado=bf1e8a83
[2026-02-12 06:31:00] [DEBUG]    🔍 Product #165474 (028): hash_guardado=a0773ad6
[2026-02-12 06:31:00] [DEBUG]    🔍 Product #165475 (029): hash_guardado=80b423b3
[2026-02-12 06:31:00] [DEBUG]    🔍 Product #165476 (030): hash_guardado=8399a88b
[2026-02-12 06:31:00] [DEBUG]    🔍 Product #165477 (031): hash_guardado=0957433b
[2026-02-12 06:31:00] [DEBUG]    🔍 Product #165478 (031655531908): hash_guardado=6b6ad739
[2026-02-12 06:31:00] [DEBUG]    🔍 Product #165479 (032): hash_guardado=501cbea1
[2026-02-12 06:31:00] [DEBUG]    🔍 Product #165480 (033): hash_guardado=d9cd4e86
[2026-02-12 06:31:00] [DEBUG]    🔍 Product #165481 (034): hash_guardado=70098e24
[2026-02-12 06:31:00] [DEBUG]    🔍 Product #165482 (035): hash_guardado=e045d769
[2026-02-12 06:31:00] [DEBUG]    🔍 Product #165483 (036): hash_guardado=c64a811c
[2026-02-12 06:31:00] [DEBUG]    🔍 Product #165484 (037): hash_guardado=bacc2372
[2026-02-12 06:31:00] [DEBUG]    🔍 Product #165485 (038): hash_guardado=9e02a9f9
[2026-02-12 06:31:00] [DEBUG]    🔍 Product #165486 (039): hash_guardado=bfbe24d8
[2026-02-12 06:31:00] [DEBUG]    🔍 Product #165487 (040): hash_guardado=4aca40cd
[2026-02-12 06:31:00] [DEBUG]    🔍 Product #165488 (041): hash_guardado=a37b272d
[2026-02-12 06:31:00] [DEBUG]    🔍 Product #165489 (042): hash_guardado=8cfec6f1
[2026-02-12 06:31:00] [DEBUG]    🔍 Product #165490 (043): hash_guardado=24161fda
[2026-02-12 06:31:00] [DEBUG]    🔍 Product #165491 (044): hash_guardado=3700d939
[2026-02-12 06:31:00] [DEBUG]    🔍 Product #165492 (045): hash_guardado=361c1f07
[2026-02-12 06:31:00] [DEBUG]    🔍 Product #165493 (046): hash_guardado=1d36025e
[2026-02-12 06:31:00] [DEBUG]    🔍 Product #165494 (046500017919): hash_guardado=d28f7556
[2026-02-12 06:31:00] [DEBUG]    🔍 Product #165495 (046500761911): hash_guardado=c7109e2d
[2026-02-12 06:31:00] [DEBUG]    🔍 Product #165496 (047): hash_guardado=fe0e539f
[2026-02-12 06:31:00] [DEBUG]    🔍 Product #165497 (048): hash_guardado=1d4d780a
[2026-02-12 06:31:00] [DEBUG]    🔍 Product #165498 (049): hash_guardado=fca071df
[2026-02-12 06:31:00] [DEBUG]    🔍 Product #165499 (050): hash_guardado=27df7019
[2026-02-12 06:31:00] [DEBUG]    🔍 Product #165500 (051): hash_guardado=fa794a85
[2026-02-12 06:31:00] [DEBUG]    🔍 Product #165501 (052): hash_guardado=57d9f213
[2026-02-12 06:31:00] [DEBUG]    🔍 Product #165502 (053): hash_guardado=61bd34ea
[2026-02-12 06:31:00] [DEBUG]    🔍 Product #165503 (054): hash_guardado=8fb3cfe2
[2026-02-12 06:31:00] [DEBUG]    🔍 Product #165504 (055): hash_guardado=bd5b4325
[2026-02-12 06:31:00] [DEBUG]    🔍 Product #165505 (056): hash_guardado=8a45ddb9
[2026-02-12 06:31:00] [DEBUG]    🔍 Product #165506 (057): hash_guardado=901fa850
[2026-02-12 06:31:00] [DEBUG]    🔍 Product #165507 (058): hash_guardado=43bd0c3c
[2026-02-12 06:31:00] [DEBUG]    🔍 Product #165508 (059): hash_guardado=a884c45d
[2026-02-12 06:31:00] [DEBUG]    🔍 Product #165509 (060): hash_guardado=e5a9422d
[2026-02-12 06:31:00] [DEBUG]    🔍 Product #165510 (061): hash_guardado=4ea8f0d7
[2026-02-12 06:31:00] [DEBUG]    🔍 Product #165511 (062): hash_guardado=81c77611
[2026-02-12 06:31:00] [DEBUG]    🔍 Product #165512 (063): hash_guardado=5a5a2af1
[2026-02-12 06:31:00] [DEBUG]    🔍 Product #165513 (0638126959492): hash_guardado=8345dfa6
[2026-02-12 06:31:00] [DEBUG]    🔍 Product #165514 (064): hash_guardado=1f296dad
[2026-02-12 06:31:00] [DEBUG]    🔍 Product #165515 (065): hash_guardado=988bacac
[2026-02-12 06:31:00] [DEBUG]    🔍 Product #165516 (0651536393441): hash_guardado=a996d163
[2026-02-12 06:31:00] [DEBUG]    🔍 Product #165517 (066): hash_guardado=4be94f27
[2026-02-12 06:31:00] [DEBUG]    🔍 Product #165518 (067): hash_guardado=40a12dd0
[2026-02-12 06:31:00] [DEBUG]    🔍 Product #165519 (068): hash_guardado=c4ecf361
[2026-02-12 06:31:00] [DEBUG]    🔍 Product #165520 (069): hash_guardado=870e0cd2
[2026-02-12 06:31:00] [DEBUG]    🔍 Product #165521 (070): hash_guardado=66771832
[2026-02-12 06:31:00] [DEBUG]    🔍 Product #165522 (071): hash_guardado=79107642
[2026-02-12 06:31:00] [DEBUG]    🔍 Product #165523 (071641300019): hash_guardado=a5defb1b
[2026-02-12 06:31:00] [DEBUG]    🔍 Product #165524 (072): hash_guardado=566e8eb2
[2026-02-12 06:31:00] [DEBUG]    🔍 Product #165525 (073): hash_guardado=59bb1d15
[2026-02-12 06:31:00] [DEBUG]    🔍 Product #165526 (074): hash_guardado=d612bc63
[2026-02-12 06:31:00] [DEBUG]    🔍 Product #165527 (075): hash_guardado=c011f09a
[2026-02-12 06:31:00] [DEBUG]    🔍 Product #165528 (076): hash_guardado=60ec4752
[2026-02-12 06:31:00] [DEBUG]    🔍 Product #165529 (077): hash_guardado=8741d604
[2026-02-12 06:31:00] [DEBUG]    🔍 Product #165530 (078): hash_guardado=4c1670fa
[2026-02-12 06:31:00] [DEBUG]    🔍 Product #165531 (079): hash_guardado=526a7888
[2026-02-12 06:31:00] [DEBUG]    🔍 Product #165532 (080): hash_guardado=762e1e12
[2026-02-12 06:31:00] [DEBUG]    🔍 Product #165533 (081): hash_guardado=6ace44ff
[2026-02-12 06:31:00] [DEBUG]    🔍 Product #165534 (083): hash_guardado=50e6a113
[2026-02-12 06:31:00] [DEBUG]    🔍 Product #165535 (084): hash_guardado=5605345a
[2026-02-12 06:31:00] [DEBUG]    🔍 Product #165536 (085): hash_guardado=46fedcd8
[2026-02-12 06:31:00] [DEBUG]    🔍 Product #165537 (086): hash_guardado=e8794a4e
[2026-02-12 06:31:00] [DEBUG]    🔍 Product #165538 (087): hash_guardado=64db5a1a
[2026-02-12 06:31:00] [DEBUG]    🔍 Product #165539 (088): hash_guardado=25e8c51a
[2026-02-12 06:31:00] [DEBUG]    🔍 Product #165540 (089): hash_guardado=50bd2f52
[2026-02-12 06:31:00] [DEBUG]    🔍 Product #165541 (090): hash_guardado=594ef698
[2026-02-12 06:31:00] [DEBUG]    🔍 Product #165542 (091): hash_guardado=6f8d9cf9
[2026-02-12 06:31:00] [DEBUG]    🔍 Product #165543 (092): hash_guardado=0f9bb88a
[2026-02-12 06:31:00] [DEBUG]    🔍 Product #165544 (093): hash_guardado=ef5d4d4a
[2026-02-12 06:31:00] [DEBUG]    🔍 Product #165545 (094): hash_guardado=a1af471b
[2026-02-12 06:31:00] [DEBUG]    🔍 Product #165546 (095): hash_guardado=26af1316
[2026-02-12 06:31:00] [DEBUG]    🔍 Product #165547 (096): hash_guardado=fcec999b
[2026-02-12 06:31:00] [DEBUG]    🔍 Product #165548 (097): hash_guardado=9f007db3
[2026-02-12 06:31:00] [DEBUG]    🔍 Product #165549 (098): hash_guardado=c031be9b
[2026-02-12 06:31:00] [DEBUG]    🔍 Product #165550 (099): hash_guardado=51be3959
[2026-02-12 06:31:00] [DEBUG]    🔍 Product #165551 (100): hash_guardado=e7605253
[2026-02-12 06:31:00] [DEBUG]    🔍 Product #165552 (101): hash_guardado=64628901
[2026-02-12 06:31:00] [DEBUG]    🔍 Product #165553 (10100000106): hash_guardado=84e8124c
[2026-02-12 06:31:00] [DEBUG]    🔍 Product #165554 (10100000203): hash_guardado=e327a249
[2026-02-12 06:31:00] [DEBUG]    🔍 Product #165555 (102): hash_guardado=7ae8e0f7
[2026-02-12 06:31:00] [DEBUG]    🔍 Product #165556 (103): hash_guardado=88514bae
[2026-02-12 06:31:00] [DEBUG]    🔍 Product #165557 (104): hash_guardado=4d0ec4b8
[2026-02-12 06:31:00] [DEBUG]    🔍 Product #165558 (105): hash_guardado=5b6e234c
[2026-02-12 06:31:00] [DEBUG]    🔍 Product #165559 (106): hash_guardado=bd239288
[2026-02-12 06:31:00] [DEBUG]    🔍 Product #165560 (107): hash_guardado=09131656
[2026-02-12 06:31:00] [DEBUG]    🔍 Product #165561 (108): hash_guardado=a5fc201b
[2026-02-12 06:31:00] [DEBUG]    🔍 Product #165562 (109): hash_guardado=0deb5d1f
[2026-02-12 06:31:00] [DEBUG]    🔍 Product #165563 (110): hash_guardado=2311488d
[2026-02-12 06:31:00] [DEBUG]    🔍 Product #165564 (111): hash_guardado=2bfbff65
[2026-02-12 06:31:00] [DEBUG]    🔍 Product #165565 (112): hash_guardado=3c5139ab
[2026-02-12 06:31:00] [DEBUG]    🔍 Product #165566 (113): hash_guardado=2230245f
[2026-02-12 06:31:00] [DEBUG]    🔍 Product #165567 (114): hash_guardado=4e3ca33c
[2026-02-12 06:31:00] [DEBUG]    🔍 Product #165568 (115): hash_guardado=474b1a83
[2026-02-12 06:31:00] [DEBUG]    🔍 Product #165569 (116): hash_guardado=995489fb
[2026-02-12 06:31:00] [DEBUG]    🔍 Product #165570 (117): hash_guardado=4c7b562f
[2026-02-12 06:31:00] [DEBUG]    🔍 Product #165571 (118): hash_guardado=3d205d5e
[2026-02-12 06:31:00] [DEBUG]    🔍 Product #165572 (119): hash_guardado=07ce4480
[2026-02-12 06:31:00] [DEBUG]    🔍 Product #165573 (123): hash_guardado=ddc0d602
[2026-02-12 06:31:00] [DEBUG]    🔍 Product #165574 (16042002): hash_guardado=b4d6393c
[2026-02-12 06:31:00] [DEBUG]    🔍 Product #165575 (16326002): hash_guardado=5b5d6151
[2026-02-12 06:31:00] [DEBUG]    🔍 Product #165576 (1666141661112): hash_guardado=1ba54b70
[2026-02-12 06:31:00] [DEBUG]    🔍 Product #165577 (194252151037): hash_guardado=1ffe521b
[2026-02-12 06:31:00] [DEBUG]    🔍 Product #165578 (194850587290): hash_guardado=24f476ab
[2026-02-12 06:31:00] [DEBUG]    🔍 Product #165579 (2001800043000): hash_guardado=3d0899b1
[2026-02-12 06:31:00] [DEBUG]    🔍 Product #165580 (2064U): hash_guardado=91c57ca5
[2026-02-12 06:31:00] [DEBUG]    🔍 Product #165581 (2190PAM1): hash_guardado=797470ea
[2026-02-12 06:31:00] [DEBUG]    🔍 Product #165582 (2467574075480): hash_guardado=dbc3c512
[2026-02-12 06:31:00] [DEBUG]    🔍 Product #165583 (3303201707318): hash_guardado=8f29c38a
[2026-02-12 06:31:00] [DEBUG]    🔍 Product #165584 (37192.61): hash_guardado=fb5e06f9
[2026-02-12 06:31:00] [DEBUG]    🔍 Product #165585 (41250.51): hash_guardado=c5d837b8
[2026-02-12 06:31:00] [DEBUG]    🔍 Product #165586 (4443436520173): hash_guardado=a05ea887
[2026-02-12 06:31:00] [DEBUG]    🔍 Product #165587 (4650125480155): hash_guardado=b0fc7318
[2026-02-12 06:31:00] [DEBUG]    🔍 Product #165588 (4712927861874): hash_guardado=ee9decff
[2026-02-12 06:31:00] [DEBUG]    🔍 Product #165589 (47661800763561): hash_guardado=f03d3b69
[2026-02-12 06:31:00] [DEBUG]    🔍 Product #165590 (4786234500641): hash_guardado=252933d8
[2026-02-12 06:31:00] [DEBUG]    🔍 Product #165591 (4786234500658): hash_guardado=cbb53737
[2026-02-12 06:31:00] [DEBUG]    🔍 Product #165592 (4891199089183): hash_guardado=dcb137be
[2026-02-12 06:31:00] [DEBUG]    🔍 Product #165593 (4891199136313): hash_guardado=8d62bc3b
[2026-02-12 06:31:00] [DEBUG]    🔍 Product #165594 (4891199145773): hash_guardado=5d112850
[2026-02-12 06:31:00] [DEBUG]    🔍 Product #165595 (5204296823823): hash_guardado=dca7b059
[2026-02-12 06:31:00] [DEBUG]    🔍 Product #165596 (5469840256681): hash_guardado=3a8f3c6c
[2026-02-12 06:31:00] [DEBUG]    🔍 Product #165597 (5565148310152): hash_guardado=592a6375
[2026-02-12 06:31:00] [DEBUG]    🔍 Product #165598 (569): hash_guardado=8d0a2727
[2026-02-12 06:31:00] [DEBUG]    🔍 Product #165599 (57X38 MM): hash_guardado=9d37a5c7
[2026-02-12 06:31:00] [DEBUG]    🔍 Product #165600 (5-A): hash_guardado=d3a0fd07
[2026-02-12 06:31:00] [DEBUG]    🔍 Product #165601 (6085010044712): hash_guardado=402f1232
[2026-02-12 06:31:00] [DEBUG]    🔍 Product #165602 (6085010094182): hash_guardado=4b85a31a
[2026-02-12 06:31:00] [DEBUG]    🔍 Product #165603 (6290171002338): hash_guardado=7d6e894a
[2026-02-12 06:31:00] [DEBUG]    🔍 Product #165604 (6290171072591): hash_guardado=0323e716
[2026-02-12 06:31:00] [DEBUG]    🔍 Product #165605 (6290171072836): hash_guardado=af319df1
[2026-02-12 06:31:00] [DEBUG]    🔍 Product #165606 (6291100137565): hash_guardado=1cac334b
[2026-02-12 06:31:00] [DEBUG]    🔍 Product #165607 (6291108730317): hash_guardado=e8f0dd6f
[2026-02-12 06:31:00] [DEBUG]    🔍 Product #165608 (6291108730515): hash_guardado=eb45cd1f
[2026-02-12 06:31:00] [DEBUG]    🔍 Product #165609 (6291108733486): hash_guardado=76730695
[2026-02-12 06:31:00] [DEBUG]    🔍 Product #165610 (6291108735879): hash_guardado=ed6e5c5f
[2026-02-12 06:31:00] [DEBUG]    🔍 Product #165611 (6294015102260): hash_guardado=f98053bb
[2026-02-12 06:31:00] [DEBUG]    🔍 Product #165612 (6294015136470): hash_guardado=07a7675f
[2026-02-12 06:31:00] [DEBUG]    🔍 Product #165613 (6294015149371): hash_guardado=602bb3f6
[2026-02-12 06:31:00] [DEBUG]    🔍 Product #165614 (6294015160734): hash_guardado=c86f94de
[2026-02-12 06:31:00] [DEBUG]    🔍 Product #165615 (6294015164176): hash_guardado=0fe7ea0d
[2026-02-12 06:31:00] [DEBUG]    🔍 Product #165616 (6820200931010): hash_guardado=39820620
[2026-02-12 06:31:00] [DEBUG]    🔍 Product #165617 (6833158749552): hash_guardado=c0006136
[2026-02-12 06:31:00] [DEBUG]    🔍 Product #165618 (6856475436325): hash_guardado=42f2564b
[2026-02-12 06:31:00] [DEBUG]    🔍 Product #165619 (6901826888138): hash_guardado=2cf7986c
[2026-02-12 06:31:00] [DEBUG]    🔍 Product #165620 (6902130638242): hash_guardado=89bf7c7a
[2026-02-12 06:31:00] [DEBUG]    🔍 Product #165621 (69101P): hash_guardado=60d5c76d
[2026-02-12 06:31:00] [DEBUG]    🔍 Product #165622 (6931905006139): hash_guardado=aff6e5f3
[2026-02-12 06:31:00] [DEBUG]    🔍 Product #165623 (6932746800030): hash_guardado=53dcd1d7
[2026-02-12 06:31:00] [DEBUG]    🔍 Product #165624 (6935364089634): hash_guardado=830036eb
[2026-02-12 06:31:00] [DEBUG]    🔍 Product #165625 (6935364095635): hash_guardado=ae5b33b8
[2026-02-12 06:31:00] [DEBUG]    🔍 Product #165626 (6935482287691): hash_guardado=b8f2a3cb
[2026-02-12 06:31:00] [DEBUG]    🔍 Product #165627 (6936648520454): hash_guardado=33b12cfb
[2026-02-12 06:31:00] [DEBUG]    🔍 Product #165628 (6937544301406): hash_guardado=de9fe249
[2026-02-12 06:31:00] [DEBUG]    🔍 Product #165629 (6937544370297): hash_guardado=4c9d982d
[2026-02-12 06:31:00] [DEBUG]    🔍 Product #165630 (6938408021270): hash_guardado=3627a8e8
[2026-02-12 06:31:00] [DEBUG]    🔍 Product #165631 (6940975926506): hash_guardado=a4508d87
[2026-02-12 06:31:00] [DEBUG]    🔍 Product #165632 (6941059606628): hash_guardado=e8c7552d
[2026-02-12 06:31:00] [DEBUG]    🔍 Product #165633 (6942063600022): hash_guardado=2e8deab7
[2026-02-12 06:31:00] [DEBUG]    🔍 Product #165634 (6948391225111): hash_guardado=76ebe6ac
[2026-02-12 06:31:00] [DEBUG]    🔍 Product #165635 (6948447510406): hash_guardado=9df37cdd
[2026-02-12 06:31:00] [DEBUG]    🔍 Product #165636 (6952879101033): hash_guardado=0f4824b6
[2026-02-12 06:31:00] [DEBUG]    🔍 Product #165637 (6954300622285): hash_guardado=a13c867f
[2026-02-12 06:31:00] [DEBUG]    🔍 Product #165638 (6954300625989): hash_guardado=f24082d8
[2026-02-12 06:31:00] [DEBUG]    🔍 Product #165639 (6954300626245): hash_guardado=dd6b6db1
[2026-02-12 06:31:00] [DEBUG]    🔍 Product #165640 (6954300636572): hash_guardado=1a3357ba
[2026-02-12 06:31:00] [DEBUG]    🔍 Product #165641 (6954300685921): hash_guardado=4dc3d42b
[2026-02-12 06:31:00] [DEBUG]    🔍 Product #165642 (6954300698860): hash_guardado=bfb984fa
[2026-02-12 06:31:00] [DEBUG]    🔍 Product #165643 (6955331816124): hash_guardado=438a38d5
[2026-02-12 06:31:00] [DEBUG]    🔍 Product #165644 (6959984401041): hash_guardado=2725c103
[2026-02-12 06:31:00] [DEBUG]    🔍 Product #165645 (6960770170287): hash_guardado=9358bcaf
[2026-02-12 06:31:00] [DEBUG]    🔍 Product #165646 (6968498495910): hash_guardado=c2bba7c5
[2026-02-12 06:31:00] [DEBUG]    🔍 Product #165647 (6970466900395): hash_guardado=4e316efa
[2026-02-12 06:31:00] [DEBUG]    🔍 Product #165648 (6971083491051): hash_guardado=b59cb0fb
[2026-02-12 06:31:00] [DEBUG]    🔍 Product #165649 (6971192051948): hash_guardado=1f9db7f4
[2026-02-12 06:31:00] [DEBUG]    🔍 Product #165650 (6971192051993): hash_guardado=0957d562
[2026-02-12 06:31:00] [DEBUG]    🔍 Product #165651 (6971399289939): hash_guardado=1cff9b18
[2026-02-12 06:31:00] [DEBUG]    🔍 Product #165652 (6971542158273): hash_guardado=c910fc24
[2026-02-12 06:31:00] [DEBUG]    🔍 Product #165653 (6975391430207): hash_guardado=f994d9fb
[2026-02-12 06:31:00] [DEBUG]    🔍 Product #165654 (6976367601676): hash_guardado=85fa76c5
[2026-02-12 06:31:00] [DEBUG]    🔍 Product #165655 (6986283615695): hash_guardado=2d7e2445
[2026-02-12 06:31:00] [DEBUG]    🔍 Product #165656 (6988822375350): hash_guardado=1765ab43
[2026-02-12 06:31:00] [DEBUG]    🔍 Product #165657 (6989652360011): hash_guardado=fa678488
[2026-02-12 06:31:00] [DEBUG]    🔍 Product #165658 (6992019802208): hash_guardado=71db63c9
[2026-02-12 06:31:00] [DEBUG]    🔍 Product #165659 (6999881512181): hash_guardado=34191be7
[2026-02-12 06:31:00] [DEBUG]    🔍 Product #165660 (710497705592): hash_guardado=c44036a4
[2026-02-12 06:31:00] [DEBUG]    🔍 Product #165661 (710497705608): hash_guardado=d9ff767f
[2026-02-12 06:31:00] [DEBUG]    🔍 Product #165662 (710497971362): hash_guardado=05d289ae
[2026-02-12 06:31:00] [DEBUG]    🔍 Product #165663 (713757145015): hash_guardado=dbb93dcb
[2026-02-12 06:31:00] [DEBUG]    🔍 Product #165664 (713757150118): hash_guardado=7d0fec50
[2026-02-12 06:31:00] [DEBUG]    🔍 Product #165665 (719346065405): hash_guardado=24515588
[2026-02-12 06:31:00] [DEBUG]    🔍 Product #165666 (720171614218): hash_guardado=24b5c1ca
[2026-02-12 06:31:00] [DEBUG]    🔍 Product #165667 (720171614577): hash_guardado=659b03a7
[2026-02-12 06:31:00] [DEBUG]    🔍 Product #165668 (720171615529): hash_guardado=ea6abb36
[2026-02-12 06:31:00] [DEBUG]    🔍 Product #165669 (720171616373): hash_guardado=26155677
[2026-02-12 06:31:00] [DEBUG]    🔍 Product #165670 (723813LA): hash_guardado=1d9ee783
[2026-02-12 06:31:00] [DEBUG]    🔍 Product #165671 (723868935856): hash_guardado=901bf5f3
[2026-02-12 06:31:00] [DEBUG]    🔍 Product #165672 (728662221792): hash_guardado=ae9a1aa0
[2026-02-12 06:31:00] [DEBUG]    🔍 Product #165673 (736211543981): hash_guardado=afd8ef09
[2026-02-12 06:31:00] [DEBUG]    🔍 Product #165674 (740617263442): hash_guardado=eec70f72
[2026-02-12 06:31:00] [DEBUG]    🔍 Product #165675 (740617309720): hash_guardado=020721be
[2026-02-12 06:31:00] [DEBUG]    🔍 Product #165676 (740617309829): hash_guardado=d5a1d2ed
[2026-02-12 06:31:00] [DEBUG]    🔍 Product #165677 (740617309928): hash_guardado=eece33ff
[2026-02-12 06:31:00] [DEBUG]    🔍 Product #165678 (7453010000950): hash_guardado=b3644ee6
[2026-02-12 06:31:00] [DEBUG]    🔍 Product #165679 (7453010005757): hash_guardado=96135107
[2026-02-12 06:31:00] [DEBUG]    🔍 Product #165680 (7453010010089): hash_guardado=fdc24301
[2026-02-12 06:31:00] [DEBUG]    🔍 Product #165681 (7453010047818): hash_guardado=db437d8b
[2026-02-12 06:31:00] [DEBUG]    🔍 Product #165682 (7453010064600): hash_guardado=ea7ce677
[2026-02-12 06:31:00] [DEBUG]    🔍 Product #165683 (7453010082727): hash_guardado=380d602c
[2026-02-12 06:31:00] [DEBUG]    🔍 Product #165684 (7453010083656): hash_guardado=d63961f5
[2026-02-12 06:31:00] [DEBUG]    🔍 Product #165685 (7453015107371): hash_guardado=939f4f49
[2026-02-12 06:31:00] [DEBUG]    🔍 Product #165686 (7453015108293): hash_guardado=2101694c
[2026-02-12 06:31:00] [DEBUG]    🔍 Product #165687 (7453015110562): hash_guardado=eb0279ca
[2026-02-12 06:31:00] [DEBUG]    🔍 Product #165688 (7453015111996): hash_guardado=312b95c7
[2026-02-12 06:31:00] [DEBUG]    🔍 Product #165689 (7453015117103): hash_guardado=69d3dda4
[2026-02-12 06:31:00] [DEBUG]    🔍 Product #165690 (7453015117110): hash_guardado=7791cf86
[2026-02-12 06:31:00] [DEBUG]    🔍 Product #165691 (7453015117127): hash_guardado=8d4fbaf0
[2026-02-12 06:31:00] [DEBUG]    🔍 Product #165692 (7453015120998): hash_guardado=6bea22b3
[2026-02-12 06:31:00] [DEBUG]    🔍 Product #165693 (7453015129489): hash_guardado=d9c7a9a9
[2026-02-12 06:31:00] [DEBUG]    🔍 Product #165694 (7453015145809): hash_guardado=54c9fafe
[2026-02-12 06:31:00] [DEBUG]    🔍 Product #165695 (7453038406413): hash_guardado=3e5372b2
[2026-02-12 06:31:00] [DEBUG]    🔍 Product #165696 (7453038413404): hash_guardado=6167451b
[2026-02-12 06:31:00] [DEBUG]    🔍 Product #165697 (7453038417976): hash_guardado=5637e288
[2026-02-12 06:31:00] [DEBUG]    🔍 Product #165698 (7453038433075): hash_guardado=e3974d3c
[2026-02-12 06:31:00] [DEBUG]    🔍 Product #165699 (7453038433181): hash_guardado=f4d45161
[2026-02-12 06:31:00] [DEBUG]    🔍 Product #165700 (7453038436915): hash_guardado=3a749bfb
[2026-02-12 06:31:00] [DEBUG]    🔍 Product #165701 (7453038443937): hash_guardado=a432577e
[2026-02-12 06:31:00] [DEBUG]    🔍 Product #165702 (7453038448291): hash_guardado=f7d13d10
[2026-02-12 06:31:00] [DEBUG]    🔍 Product #165703 (7453038455961): hash_guardado=8f7606b7
[2026-02-12 06:31:00] [DEBUG]    🔍 Product #165704 (7453038470971): hash_guardado=198cf7a9
[2026-02-12 06:31:00] [DEBUG]    🔍 Product #165705 (7453038486026): hash_guardado=901fc2b5
[2026-02-12 06:31:00] [DEBUG]    🔍 Product #165706 (7453078501925): hash_guardado=e94da117
[2026-02-12 06:31:00] [DEBUG]    🔍 Product #165707 (7453078528021): hash_guardado=39989549
[2026-02-12 06:31:00] [DEBUG]    🔍 Product #165708 (7453078547626): hash_guardado=f7cf7179
[2026-02-12 06:31:00] [DEBUG]    🔍 Product #165709 (7453078547732): hash_guardado=12d03757
[2026-02-12 06:31:00] [DEBUG]    🔍 Product #165710 (7453091307061): hash_guardado=8a99b033
[2026-02-12 06:31:00] [DEBUG]    🔍 Product #165711 (7501037022476): hash_guardado=752b0e2d
[2026-02-12 06:31:00] [DEBUG]    🔍 Product #165712 (7508718000204): hash_guardado=063c8bcf
[2026-02-12 06:31:00] [DEBUG]    🔍 Product #165713 (7590033008102): hash_guardado=acefe0e7
[2026-02-12 06:31:00] [DEBUG]    🔍 Product #165714 (7591147022589): hash_guardado=1e0b67e1
[2026-02-12 06:31:00] [DEBUG]    🔍 Product #165715 (7591147360025): hash_guardado=d2a7f84f
[2026-02-12 06:31:00] [DEBUG]    🔍 Product #165716 (7591163327163): hash_guardado=e64d1183
[2026-02-12 06:31:00] [DEBUG]    🔍 Product #165717 (7591163327187): hash_guardado=d6898bfb
[2026-02-12 06:31:00] [DEBUG]    🔍 Product #165718 (7592474240028): hash_guardado=4c3955bb
[2026-02-12 06:31:00] [DEBUG]    🔍 Product #165719 (7594003390013): hash_guardado=c647db97
[2026-02-12 06:31:00] [DEBUG]    🔍 Product #165720 (7595218000384): hash_guardado=34837bdf
[2026-02-12 06:31:00] [DEBUG]    🔍 Product #165721 (7597024102207): hash_guardado=27ebc4d3
[2026-02-12 06:31:00] [DEBUG]    🔍 Product #165722 (7598874011633): hash_guardado=06d4355c
[2026-02-12 06:31:00] [DEBUG]    🔍 Product #165723 (7611160127570): hash_guardado=2bea36db
[2026-02-12 06:31:00] [DEBUG]    🔍 Product #165724 (7640496670160): hash_guardado=04663f85
[2026-02-12 06:31:00] [DEBUG]    🔍 Product #165725 (7703486037975): hash_guardado=136ea6ed
[2026-02-12 06:31:00] [DEBUG]    🔍 Product #165726 (7750082002654): hash_guardado=1256d60c
[2026-02-12 06:31:00] [DEBUG]    🔍 Product #165727 (7750082006140): hash_guardado=aa4f4d62
[2026-02-12 06:31:00] [DEBUG]    🔍 Product #165728 (7750082055537): hash_guardado=25e90290
[2026-02-12 06:31:00] [DEBUG]    🔍 Product #165729 (779778980608): hash_guardado=8ebdd371
[2026-02-12 06:31:00] [DEBUG]    🔍 Product #165730 (7822295316467): hash_guardado=70bf2996
[2026-02-12 06:31:00] [DEBUG]    🔍 Product #165731 (7851488574360): hash_guardado=307b9290
[2026-02-12 06:31:00] [DEBUG]    🔍 Product #165732 (7862111456212): hash_guardado=686b4eaf
[2026-02-12 06:31:00] [DEBUG]    🔍 Product #165733 (7891173019448): hash_guardado=4c6451c4
[2026-02-12 06:31:00] [DEBUG]    🔍 Product #165734 (7891173024480): hash_guardado=0c8e1954
[2026-02-12 06:31:00] [DEBUG]    🔍 Product #165735 (802.IIN): hash_guardado=a2c60082
[2026-02-12 06:31:00] [DEBUG]    🔍 Product #165736 (80X63 MM): hash_guardado=38ca9cc9
[2026-02-12 06:31:00] [DEBUG]    🔍 Product #165737 (80X80MM): hash_guardado=f16fb0db
[2026-02-12 06:31:00] [DEBUG]    🔍 Product #165738 (8411061701034): hash_guardado=911174c3
[2026-02-12 06:31:00] [DEBUG]    🔍 Product #165739 (8435450003714): hash_guardado=44cc31c0
[2026-02-12 06:31:00] [DEBUG]    🔍 Product #165740 (8435450003721): hash_guardado=5a29a47b
[2026-02-12 06:31:00] [DEBUG]    🔍 Product #165741 (8554144454776): hash_guardado=07db7fc1
[2026-02-12 06:31:00] [DEBUG]    🔍 Product #165742 (8559871269815): hash_guardado=55b1dcf9
[2026-02-12 06:31:00] [DEBUG]    🔍 Product #165743 (8806086511162): hash_guardado=3d6da771
[2026-02-12 06:31:00] [DEBUG]    🔍 Product #165744 (8965347986528): hash_guardado=4458614c
[2026-02-12 06:31:00] [DEBUG]    🔍 Product #165745 (9023800122025): hash_guardado=e3c37d93
[2026-02-12 06:31:00] [DEBUG]    🔍 Product #165746 (9023800385208): hash_guardado=32a267ac
[2026-02-12 06:31:00] [DEBUG]    🔍 Product #165747 (9023800395313): hash_guardado=dd6c2f75
[2026-02-12 06:31:00] [DEBUG]    🔍 Product #165748 (9023800396211): hash_guardado=5938a7e7
[2026-02-12 06:31:00] [DEBUG]    🔍 Product #165749 (9023800691019): hash_guardado=08ed3e9f
[2026-02-12 06:31:00] [DEBUG]    🔍 Product #165750 (9023800933126): hash_guardado=671d3d8b
[2026-02-12 06:31:00] [DEBUG]    🔍 Product #165751 (9023800933249): hash_guardado=8a0f171f
[2026-02-12 06:31:00] [DEBUG]    🔍 Product #165752 (909101811302): hash_guardado=6a54caa5
[2026-02-12 06:31:00] [DEBUG]    🔍 Product #165753 (9322452): hash_guardado=b415f751
[2026-02-12 06:31:00] [DEBUG]    🔍 Product #165754 (9332001): hash_guardado=2e6272c3
[2026-02-12 06:31:00] [DEBUG]    🔍 Product #165755 (9556089243520): hash_guardado=2f8b6915
[2026-02-12 06:31:00] [DEBUG]    🔍 Product #165756 (9593340882067): hash_guardado=96010b09
[2026-02-12 06:31:00] [DEBUG]    🔍 Product #165757 (9593340892059): hash_guardado=4aa6ae9f
[2026-02-12 06:31:00] [DEBUG]    🔍 Product #165758 (9789806587106): hash_guardado=70c6879c
[2026-02-12 06:31:00] [DEBUG]    🔍 Product #165759 (989898858026): hash_guardado=47cfb621
[2026-02-12 06:31:00] [DEBUG]    🔍 Product #165760 (A-10): hash_guardado=804d744e
[2026-02-12 06:31:00] [DEBUG]    🔍 Product #165761 (AA): hash_guardado=6ec6b8a0
[2026-02-12 06:31:00] [DEBUG]    🔍 Product #165762 (AAA): hash_guardado=1e9a7101
[2026-02-12 06:31:00] [DEBUG]    🔍 Product #165763 (ADAP HDMI VGA): hash_guardado=ee86faf4
[2026-02-12 06:31:00] [DEBUG]    🔍 Product #165764 (ADAP HDMI VGA CON AUDIO): hash_guardado=01af4579
[2026-02-12 06:31:00] [DEBUG]    🔍 Product #165765 (ADAP-AUDIO-D08): hash_guardado=fc0af1be
[2026-02-12 06:31:00] [DEBUG]    🔍 Product #165766 (ADAP-EUR2P): hash_guardado=6d642664
[2026-02-12 06:31:00] [DEBUG]    🔍 Product #165767 (ADAP-REDMI-8V): hash_guardado=44a93169
[2026-02-12 06:31:00] [DEBUG]    🔍 Product #165768 (ADAPTADOR EUROPA): hash_guardado=144dd6e7
[2026-02-12 06:31:00] [DEBUG]    🔍 Product #165769 (ADAP-USB-SATA): hash_guardado=15cd43c7
[2026-02-12 06:31:00] [DEBUG]    🔍 Product #165770 (AD-HDMI/VGA): hash_guardado=a208d5da
[2026-02-12 06:31:00] [DEBUG]    🔍 Product #165771 (AD-UH): hash_guardado=5fc3dbcb
[2026-02-12 06:31:00] [DEBUG]    🔍 Product #165772 (AFILADOR): hash_guardado=73d7f6fd
[2026-02-12 06:31:00] [DEBUG]    🔍 Product #165773 (AG-ARTSC): hash_guardado=ac49ee0c
[2026-02-12 06:31:00] [DEBUG]    🔍 Product #165774 (AIRTAG): hash_guardado=b5437187
[2026-02-12 06:31:00] [DEBUG]    🔍 Product #165775 (AIRTAGFORRO): hash_guardado=950d046f
[2026-02-12 06:31:00] [DEBUG]    🔍 Product #165776 (AIRTAGLLAVERO): hash_guardado=b6da5735
[2026-02-12 06:31:00] [DEBUG]    🔍 Product #165777 (ALCALDIA): hash_guardado=55e05f71
[2026-02-12 06:31:00] [DEBUG]    🔍 Product #165778 (ALMO-DACT-RED): hash_guardado=fb84dd23
[2026-02-12 06:31:00] [DEBUG]    🔍 Product #165779 (ALMO-SELLOS-AZUL): hash_guardado=d9a560fe
[2026-02-12 06:31:00] [DEBUG]    🔍 Product #165780 (ALQ-01): hash_guardado=df108b16
[2026-02-12 06:31:00] [DEBUG]    🔍 Product #165781 (ARC-CART-AKTA): hash_guardado=c7f4efce
[2026-02-12 06:31:00] [DEBUG]    🔍 Product #165782 (ARCH-): hash_guardado=397361cf
[2026-02-12 06:31:00] [DEBUG]    🔍 Product #165783 (AR-CLP-AYS): hash_guardado=abebbfad
[2026-02-12 06:31:00] [DEBUG]    🔍 Product #165784 (AR-CLP-SA): hash_guardado=710d2bb4
[2026-02-12 06:31:00] [DEBUG]    🔍 Product #165785 (ARC-OFIC-AKTA): hash_guardado=46030824
[2026-02-12 06:31:00] [DEBUG]    🔍 Product #165786 (ARCOIRIS MICRO): hash_guardado=8485d2e6
[2026-02-12 06:31:00] [DEBUG]    🔍 Product #165787 (ARO LUZ CELULAR D66): hash_guardado=30ad520e
[2026-02-12 06:31:00] [DEBUG]    🔍 Product #165788 (ARO LUZ LED 8 PULGADAS): hash_guardado=db61653a
[2026-02-12 06:31:00] [DEBUG]    🔍 Product #165789 (AUDIFONO AIRPODS IPHONE): hash_guardado=b91f87b4
[2026-02-12 06:31:00] [DEBUG]    🔍 Product #165790 (AUDIFONO CAT): hash_guardado=971f3297
[2026-02-12 06:31:00] [DEBUG]    🔍 Product #165791 (AUDIFONO STN-13): hash_guardado=f94bc16e
[2026-02-12 06:31:00] [DEBUG]    🔍 Product #165792 (AUDIFONOS-PS4): hash_guardado=25a5dfb0
[2026-02-12 06:31:00] [DEBUG]    🔍 Product #165793 (AUDIO-PLUG): hash_guardado=11332d24
[2026-02-12 06:31:00] [DEBUG]    🔍 Product #165794 (AU-JB60): hash_guardado=20265c8b
[2026-02-12 06:31:00] [DEBUG]    🔍 Product #165795 (AU-PTP): hash_guardado=7bbd4b3c
[2026-02-12 06:31:00] [DEBUG]    🔍 Product #165796 (B091GR8KM6): hash_guardado=84be8675
[2026-02-12 06:31:00] [DEBUG]    🔍 Product #165797 (B27-S-BTV): hash_guardado=3e1b55dd
[2026-02-12 06:31:00] [DEBUG]    🔍 Product #165798 (BAL-DIGITALB2090): hash_guardado=cb758a82
[2026-02-12 06:31:00] [DEBUG]    🔍 Product #165799 (BARRA DE SILICON GRUESA): hash_guardado=1bf63c1f
[2026-02-12 06:31:00] [DEBUG]    🔍 Product #165800 (BASE BODY): hash_guardado=bb1cb816
[2026-02-12 06:31:00] [DEBUG]    🔍 Product #165801 (BASE PARA TABLET STENTS): hash_guardado=3501bc50
[2026-02-12 06:31:00] [DEBUG]    🔍 Product #165802 (BASE SOPORTE DE TELEFONO CELULAR 360°): hash_guardado=575e94ad
[2026-02-12 06:31:00] [DEBUG]    🔍 Product #165803 (BASE SOPORTE ESCRITORIO): hash_guardado=acf29b5f
[2026-02-12 06:31:00] [DEBUG]    🔍 Product #165804 (BASE TV FIJA): hash_guardado=23c0f146
[2026-02-12 06:31:00] [DEBUG]    🔍 Product #165805 (BDPTCMR): hash_guardado=a2d58487
[2026-02-12 06:31:00] [DEBUG]    🔍 Product #165806 (BIKE HOLDER): hash_guardado=b1f436aa
[2026-02-12 06:31:00] [DEBUG]    🔍 Product #165807 (BLOCK): hash_guardado=fc80cbb3
[2026-02-12 06:31:00] [DEBUG]    🔍 Product #165808 (BOLIGR-): hash_guardado=0cfc376e
[2026-02-12 06:31:00] [DEBUG]    🔍 Product #165809 (BOLIGR-01): hash_guardado=b1218e77
[2026-02-12 06:31:00] [DEBUG]    🔍 Product #165810 (BOLIGRAFO TAPA NEGRA): hash_guardado=6de976ca
[2026-02-12 06:31:00] [DEBUG]    🔍 Product #165811 (BOLIGRAFO-AZUL): hash_guardado=f73b198d
[2026-02-12 06:31:00] [DEBUG]    🔍 Product #165812 (BOLIGR-K1NEGRO): hash_guardado=3a7d2291
[2026-02-12 06:31:00] [DEBUG]    🔍 Product #165813 (BOLKORTRAN): hash_guardado=fe1da4bb
[2026-02-12 06:31:00] [DEBUG]    🔍 Product #165814 (BOLSO DE TELA HAMACA): hash_guardado=9323218f
[2026-02-12 06:31:00] [DEBUG]    🔍 Product #165815 (BORRA BLANCO GRANDE): hash_guardado=ad84fd56
[2026-02-12 06:31:00] [DEBUG]    🔍 Product #165816 (BORRABLANCA): hash_guardado=be4cb7ec
[2026-02-12 06:31:00] [DEBUG]    🔍 Product #165817 (BRILLO): hash_guardado=67b0f5c9
[2026-02-12 06:31:00] [DEBUG]    🔍 Product #165818 (BSXTDD): hash_guardado=8eea2698
[2026-02-12 06:31:00] [DEBUG]    🔍 Product #165819 (BT450): hash_guardado=772f8fda
[2026-02-12 06:31:00] [DEBUG]    🔍 Product #165820 (C1): hash_guardado=508ab8b4
[2026-02-12 06:31:00] [DEBUG]    🔍 Product #165821 (CABLE ESPIRAL MICRO 3A): hash_guardado=e9e7b7c1
[2026-02-12 06:31:00] [DEBUG]    🔍 Product #165822 (CABLE HDMI BOLSA 3 METROS): hash_guardado=bf0c98f6
[2026-02-12 06:31:00] [DEBUG]    🔍 Product #165823 (CABLE HDMI BOLSA 5 METROS): hash_guardado=efef97bb
[2026-02-12 06:31:00] [DEBUG]    🔍 Product #165824 (CABLE IMPRESORA AZUL 1.5 M): hash_guardado=712cdc57
[2026-02-12 06:31:00] [DEBUG]    🔍 Product #165825 (CABLE IMPRESORA AZUL 3 M): hash_guardado=724a23fe
[2026-02-12 06:31:00] [DEBUG]    🔍 Product #165826 (CABLE IMPRESORA AZUL 5M): hash_guardado=a6b46bc9
[2026-02-12 06:31:00] [DEBUG]    🔍 Product #165827 (CABLE PLUG A PLUG): hash_guardado=92b8c99c
[2026-02-12 06:31:00] [DEBUG]    🔍 Product #165828 (CABLE- SAMSUNG): hash_guardado=cf282e47
[2026-02-12 06:31:00] [DEBUG]    🔍 Product #165829 (CABLE TELA TIPO C): hash_guardado=428fd43b
[2026-02-12 06:31:00] [DEBUG]    🔍 Product #165830 (CABLE USB SAMSUNG): hash_guardado=4c099caa
[2026-02-12 06:31:00] [DEBUG]    🔍 Product #165831 (CABLE-EXT-USB): hash_guardado=ce4f1e92
[2026-02-12 06:31:00] [DEBUG]    🔍 Product #165832 (CABLE-VGA): hash_guardado=0977679e
[2026-02-12 06:31:00] [DEBUG]    🔍 Product #165833 (CA-MARRON-CARTA): hash_guardado=410346d2
[2026-02-12 06:31:00] [DEBUG]    🔍 Product #165834 (CANTV): hash_guardado=109dc27c
[2026-02-12 06:31:00] [DEBUG]    🔍 Product #165835 (CAR F4): hash_guardado=164a1138
[2026-02-12 06:31:00] [DEBUG]    🔍 Product #165836 (CAR F6): hash_guardado=52b6de30
[2026-02-12 06:31:00] [DEBUG]    🔍 Product #165837 (CAR HOLDER): hash_guardado=bfa8a9bc
[2026-02-12 06:31:00] [DEBUG]    🔍 Product #165838 (CAR MP3 PLAYER): hash_guardado=ab3a71c2
[2026-02-12 06:31:00] [DEBUG]    🔍 Product #165839 (CAR MP3 PLAYER MULTIFUNCION): hash_guardado=dbde4d09
[2026-02-12 06:31:00] [DEBUG]    🔍 Product #165840 (CARGADOR 67W XIAOMI): hash_guardado=0d6e6a76
[2026-02-12 06:31:00] [DEBUG]    🔍 Product #165841 (CARGADOR BELKIN): hash_guardado=4c829812
[2026-02-12 06:31:00] [DEBUG]    🔍 Product #165842 (CARGADOR CERTIFICADO): hash_guardado=df957289
[2026-02-12 06:31:00] [DEBUG]    🔍 Product #165843 (CARGADOR COMPLETO SAMSUNG 2 IN 1): hash_guardado=6d872237
[2026-02-12 06:31:00] [DEBUG]    🔍 Product #165844 (CARGADOR LAPTOP UNIVERSAL): hash_guardado=d29cf307
[2026-02-12 06:31:00] [DEBUG]    🔍 Product #165845 (CARGADOR MICRO POWER ADAPTER): hash_guardado=93b73d76
[2026-02-12 06:31:00] [DEBUG]    🔍 Product #165846 (CARGADOR-00): hash_guardado=56b83cab
[2026-02-12 06:31:00] [DEBUG]    🔍 Product #165847 (CARG-CARRO7A): hash_guardado=a04dd69b
[2026-02-12 06:31:00] [DEBUG]    🔍 Product #165848 (CARG-SAFETY-CARRO): hash_guardado=f3f70e47
[2026-02-12 06:31:00] [DEBUG]    🔍 Product #165849 (CARPETA DE AROS BLANCA): hash_guardado=fac22288
[2026-02-12 06:31:00] [DEBUG]    🔍 Product #165850 (CARPETA MANILA CARTA): hash_guardado=dc98e270
[2026-02-12 06:31:00] [DEBUG]    🔍 Product #165851 (CARPETA MANILA CARTA 18 1/2 X11): hash_guardado=d3666cb7
[2026-02-12 06:31:00] [DEBUG]    🔍 Product #165852 (CARPETA PRESENTACION CARTA): hash_guardado=51cdede3
[2026-02-12 06:31:00] [DEBUG]    🔍 Product #165853 (CARPETA PRESENTACION OFICIO): hash_guardado=11d9ccad
[2026-02-12 06:31:00] [DEBUG]    🔍 Product #165854 (CARP-MANILA-OFICIO): hash_guardado=4baf8e3e
[2026-02-12 06:31:00] [DEBUG]    🔍 Product #165855 (CARP-MARRON-OFICIO): hash_guardado=ad7ed2f7
[2026-02-12 06:31:00] [DEBUG]    🔍 Product #165856 (CARTULIN ESCARCHADA FUCSIA): hash_guardado=becc95ed
[2026-02-12 06:31:00] [DEBUG]    🔍 Product #165857 (CARTULINA): hash_guardado=e56d3496
[2026-02-12 06:31:00] [DEBUG]    🔍 Product #165858 (CARTULINA DISEÑO): hash_guardado=a54b0738
[2026-02-12 06:31:00] [DEBUG]    🔍 Product #165859 (CARTULINA ESCARCHADA DE PLATA): hash_guardado=2f7926a4
[2026-02-12 06:31:00] [DEBUG]    🔍 Product #165860 (CARTULINA ESCARCHADA ROJO): hash_guardado=97abfa10
[2026-02-12 06:31:00] [DEBUG]    🔍 Product #165861 (CARTULINA ESCARCHADA ROSADA): hash_guardado=d3ff675c
[2026-02-12 06:31:00] [DEBUG]    🔍 Product #165862 (CARTULINA ESCARCHADA VERDE NAVIDAD): hash_guardado=2a5b0b05
[2026-02-12 06:31:00] [DEBUG]    🔍 Product #165863 (CARTULINA ESCARCHADO AZUL REY): hash_guardado=7bf979f7
[2026-02-12 06:31:00] [DEBUG]    🔍 Product #165864 (CARTULINA METALDORADA): hash_guardado=071211be
[2026-02-12 06:31:00] [DEBUG]    🔍 Product #165865 (CARTULINA METALIZADA NEGRA): hash_guardado=8a0ed476
[2026-02-12 06:31:00] [DEBUG]    🔍 Product #165866 (CARTULINA METALPLATEADA): hash_guardado=e3bc4243
[2026-02-12 06:31:00] [DEBUG]    🔍 Product #165867 (CELOVEN18X25): hash_guardado=24cb7a62
[2026-02-12 06:31:00] [DEBUG]    🔍 Product #165868 (CELOVEN24X50): hash_guardado=b6fa6c28
[2026-02-12 06:31:00] [DEBUG]    🔍 Product #165869 (CHIP-SAMSUNG 205I): hash_guardado=442bbfb3
[2026-02-12 06:31:00] [DEBUG]    🔍 Product #165870 (CIDEA): hash_guardado=8c593d18
[2026-02-12 06:31:00] [DEBUG]    🔍 Product #165871 (CIL-CANON049): hash_guardado=f577b68f
[2026-02-12 06:31:00] [DEBUG]    🔍 Product #165872 (CINTA): hash_guardado=f5f28dd8
[2026-02-12 06:31:00] [DEBUG]    🔍 Product #165873 (CINTA ADHESIVA CELOVEN 24MM X 50M): hash_guardado=4472dd29
[2026-02-12 06:31:00] [DEBUG]    🔍 Product #165874 (CINTA TRANSPARENTE 25 MTS): hash_guardado=055da4b8
[2026-02-12 06:31:00] [DEBUG]    🔍 Product #165875 (CINTA2): hash_guardado=b184ce18
[2026-02-12 06:31:00] [DEBUG]    🔍 Product #165876 (CINTA3): hash_guardado=2958eeb9
[2026-02-12 06:31:00] [DEBUG]    🔍 Product #165877 (CINTA-ADHESIVA): hash_guardado=d71b06bb
[2026-02-12 06:31:00] [DEBUG]    🔍 Product #165878 (CINT-TALLY): hash_guardado=4394dc18
[2026-02-12 06:31:00] [DEBUG]    🔍 Product #165879 (CLIPS-MARIPOSA): hash_guardado=598a1416
[2026-02-12 06:31:00] [DEBUG]    🔍 Product #165880 (CLIPS-STANDARD): hash_guardado=83ff60f6
[2026-02-12 06:31:00] [DEBUG]    🔍 Product #165881 (COLA-BLANCA): hash_guardado=d72e86a2
[2026-02-12 06:31:00] [DEBUG]    🔍 Product #165882 (COLORES-MAD): hash_guardado=669906e2
[2026-02-12 06:31:00] [DEBUG]    🔍 Product #165883 (COMB-MC-H-B): hash_guardado=63122df7
[2026-02-12 06:31:00] [DEBUG]    🔍 Product #165884 (COMB-MOF-H-B): hash_guardado=39ae2091
[2026-02-12 06:31:00] [DEBUG]    🔍 Product #165885 (COMPAS-ESCOLAR): hash_guardado=393b40f7
[2026-02-12 06:31:00] [DEBUG]    🔍 Product #165886 (CONTABILIDAD): hash_guardado=f75e7a83
[2026-02-12 06:31:00] [DEBUG]    🔍 Product #165887 (CONTROL-INAL-X3): hash_guardado=722759ea
[2026-02-12 06:31:00] [DEBUG]    🔍 Product #165888 (CORNETA J): hash_guardado=18ecdb4a
[2026-02-12 06:31:00] [DEBUG]    🔍 Product #165889 (CORNETA KIMISO): hash_guardado=a92e9e58
[2026-02-12 06:31:00] [DEBUG]    🔍 Product #165890 (CORNETA-00): hash_guardado=e1384799
[2026-02-12 06:31:00] [DEBUG]    🔍 Product #165891 (CORNETA-01): hash_guardado=93e28905
[2026-02-12 06:31:00] [DEBUG]    🔍 Product #165892 (CORREC-): hash_guardado=b78e15c1
[2026-02-12 06:31:00] [DEBUG]    🔍 Product #165893 (CORRECT-): hash_guardado=69d45336
[2026-02-12 06:31:00] [DEBUG]    🔍 Product #165894 (CORRECTOR-00): hash_guardado=007df91a
[2026-02-12 06:31:00] [DEBUG]    🔍 Product #165895 (CP306): hash_guardado=5458b858
[2026-02-12 06:31:00] [DEBUG]    🔍 Product #165896 (CRAYONES): hash_guardado=54720f10
[2026-02-12 06:31:00] [DEBUG]    🔍 Product #165897 (CREDITO-01): hash_guardado=20828a6f
[2026-02-12 06:31:00] [DEBUG]    🔍 Product #165898 (CREDITO-02): hash_guardado=ce00b289
[2026-02-12 06:31:00] [DEBUG]    🔍 Product #165899 (CREDITO-03): hash_guardado=2839a22e
[2026-02-12 06:31:00] [DEBUG]    🔍 Product #165900 (CREDITO-04): hash_guardado=21c83363
[2026-02-12 06:31:00] [DEBUG]    🔍 Product #165901 (CREDITO-05): hash_guardado=f25755f9
[2026-02-12 06:31:00] [DEBUG]    🔍 Product #165902 (CREDITO-06): hash_guardado=03a0cb22
[2026-02-12 06:31:00] [DEBUG]    🔍 Product #165903 (CX-40): hash_guardado=9f5f47be
[2026-02-12 06:31:00] [DEBUG]    🔍 Product #165904 (CYRUZ X-2): hash_guardado=92094898
[2026-02-12 06:31:00] [DEBUG]    🔍 Product #165905 (D-01): hash_guardado=ff5ffc3d
[2026-02-12 06:31:00] [DEBUG]    🔍 Product #165906 (D-02): hash_guardado=8eedc815
[2026-02-12 06:31:00] [DEBUG]    🔍 Product #165907 (D-16): hash_guardado=ac24f0c6
[2026-02-12 06:31:00] [DEBUG]    🔍 Product #165908 (D18W): hash_guardado=b163d5cc
[2026-02-12 06:31:00] [DEBUG]    🔍 Product #165909 (D24W): hash_guardado=ce28c851
[2026-02-12 06:31:00] [DEBUG]    🔍 Product #165910 (DELINEADOR): hash_guardado=64612991
[2026-02-12 06:31:00] [DEBUG]    🔍 Product #165911 (DELIVERY): hash_guardado=899d0316
[2026-02-12 06:31:00] [DEBUG]    🔍 Product #165912 (DISCO DURO 320GB): hash_guardado=4c2236ed
[2026-02-12 06:31:00] [DEBUG]    🔍 Product #165913 (DISP-016): hash_guardado=5bec8922
[2026-02-12 06:31:00] [DEBUG]    🔍 Product #165914 (DISP-017): hash_guardado=631f3c24
[2026-02-12 06:31:00] [DEBUG]    🔍 Product #165915 (DTX/32GB): hash_guardado=31736dbb
[2026-02-12 06:31:00] [DEBUG]    🔍 Product #165916 (E-1046): hash_guardado=610f4b77
[2026-02-12 06:31:00] [DEBUG]    🔍 Product #165917 (ENGRAPADORA MEDIANA AMAZON): hash_guardado=9d6d321c
[2026-02-12 06:31:00] [DEBUG]    🔍 Product #165918 (ESENCIA HUMIFICADOR KP2130): hash_guardado=b85c60f1
[2026-02-12 06:31:00] [DEBUG]    🔍 Product #165919 (ESENCIA REPELENTE): hash_guardado=c0ee552b
[2026-02-12 06:31:00] [DEBUG]    🔍 Product #165920 (FAST CHARGER): hash_guardado=419e8297
[2026-02-12 06:31:00] [DEBUG]    🔍 Product #165921 (FORM. CONT. S/P): hash_guardado=851e5f97
[2026-02-12 06:31:00] [DEBUG]    🔍 Product #165922 (FT-PODER600W): hash_guardado=8ca373d6
[2026-02-12 06:31:00] [DEBUG]    🔍 Product #165923 (FUNDAS-PROCT): hash_guardado=a88ac5b1
[2026-02-12 06:31:00] [DEBUG]    🔍 Product #165924 (FUNDAS-PROT): hash_guardado=4a7c79fb
[2026-02-12 06:31:00] [DEBUG]    🔍 Product #165925 (GANCHOS): hash_guardado=6c4d6fd2
[2026-02-12 06:31:00] [DEBUG]    🔍 Product #165926 (GANCHOS MARIPOSAS): hash_guardado=bb85ff5b
[2026-02-12 06:31:00] [DEBUG]    🔍 Product #165927 (GASTOS-CONDOMINIO): hash_guardado=bfafd76d
[2026-02-12 06:31:00] [DEBUG]    🔍 Product #165928 (GASTOS-VARIOS): hash_guardado=c67c54e2
[2026-02-12 06:31:00] [DEBUG]    🔍 Product #165929 (GASTOS-VARIOS-IV): hash_guardado=522a92c4
[2026-02-12 06:31:00] [DEBUG]    🔍 Product #165930 (GLADE VAINILLA): hash_guardado=5fcbc202
[2026-02-12 06:31:00] [DEBUG]    🔍 Product #165931 (GLASS SUCTION TRAY): hash_guardado=7295f6b1
[2026-02-12 06:31:00] [DEBUG]    🔍 Product #165932 (GRAPAS LISAS AMIKO X 5000 PIEZAS): hash_guardado=4963972f
[2026-02-12 06:31:00] [DEBUG]    🔍 Product #165933 (GRAP-OK04): hash_guardado=d9fbe099
[2026-02-12 06:31:00] [DEBUG]    🔍 Product #165934 (GRAP-RAPID): hash_guardado=b1634fff
[2026-02-12 06:31:00] [DEBUG]    🔍 Product #165935 (GTX300): hash_guardado=d0a7ccc8
[2026-02-12 06:31:00] [DEBUG]    🔍 Product #165936 (HAMACA): hash_guardado=760f9c39
[2026-02-12 06:31:00] [DEBUG]    🔍 Product #165937 (H-CARTAS): hash_guardado=cd97bd41
[2026-02-12 06:31:00] [DEBUG]    🔍 Product #165938 (HDMI-RJ45): hash_guardado=b56f17e1
[2026-02-12 06:31:00] [DEBUG]    🔍 Product #165939 (HN-A16): hash_guardado=48999101
[2026-02-12 06:31:00] [DEBUG]    🔍 Product #165940 (H-OFICIO): hash_guardado=3ed08b78
[2026-02-12 06:31:00] [DEBUG]    🔍 Product #165941 (HOJA-EXAMEN): hash_guardado=98773031
[2026-02-12 06:31:00] [DEBUG]    🔍 Product #165942 (HOJAEXAMEN): hash_guardado=93bedaab
[2026-02-12 06:31:00] [DEBUG]    🔍 Product #165943 (HOLOGRAFICA): hash_guardado=f9967dc2
[2026-02-12 06:31:00] [DEBUG]    🔍 Product #165944 (HOLOGRAFICA PLATEADA): hash_guardado=80389e53
[2026-02-12 06:31:00] [DEBUG]    🔍 Product #165945 (HT-556LED): hash_guardado=a73905f4
[2026-02-12 06:31:00] [DEBUG]    🔍 Product #165946 (HUMIFICADOR H2O DQ-107): hash_guardado=e4fbc24e
[2026-02-12 06:31:00] [DEBUG]    🔍 Product #165947 (ID90): hash_guardado=90edd218
[2026-02-12 06:31:00] [DEBUG]    🔍 Product #165948 (IMP-ASEO): hash_guardado=8754ace5
[2026-02-12 06:31:00] [DEBUG]    🔍 Product #165949 (INPODS INALAMBRICOS): hash_guardado=b83c7d00
[2026-02-12 06:31:00] [DEBUG]    🔍 Product #165950 (INT1): hash_guardado=88a797db
[2026-02-12 06:31:00] [DEBUG]    🔍 Product #165951 (INT15): hash_guardado=2d9be1bf
[2026-02-12 06:31:00] [DEBUG]    🔍 Product #165952 (INT30): hash_guardado=4dab530b
[2026-02-12 06:31:00] [DEBUG]    🔍 Product #165953 (JBL J-04): hash_guardado=5a0818f3
[2026-02-12 06:31:00] [DEBUG]    🔍 Product #165954 (JBL WS-L13): hash_guardado=876f234d
[2026-02-12 06:31:00] [DEBUG]    🔍 Product #165955 (JBL-J01): hash_guardado=41885916
[2026-02-12 06:31:00] [DEBUG]    🔍 Product #165956 (JBL-W1): hash_guardado=19665375
[2026-02-12 06:31:00] [DEBUG]    🔍 Product #165957 (JBL-W3): hash_guardado=541587e7
[2026-02-12 06:31:00] [DEBUG]    🔍 Product #165958 (JBL-W6): hash_guardado=d8e7d90b
[2026-02-12 06:31:00] [DEBUG]    🔍 Product #165959 (JUEGO-GEOMETRICO): hash_guardado=3588d8a0
[2026-02-12 06:31:00] [DEBUG]    🔍 Product #165960 (K1-M): hash_guardado=d30f6d32
[2026-02-12 06:31:00] [DEBUG]    🔍 Product #165961 (K1MCOLORES): hash_guardado=68d1d9b9
[2026-02-12 06:31:00] [DEBUG]    🔍 Product #165962 (K5-F): hash_guardado=3bb221ae
[2026-02-12 06:31:00] [DEBUG]    🔍 Product #165963 (K8): hash_guardado=c836e74a
[2026-02-12 06:31:00] [DEBUG]    🔍 Product #165964 (KBS-1301): hash_guardado=b4d1d1e2
[2026-02-12 06:31:00] [DEBUG]    🔍 Product #165965 (KIN-OTG): hash_guardado=8bcf97bf
[2026-02-12 06:31:00] [DEBUG]    🔍 Product #165966 (KVR133D3N9/4G): hash_guardado=4c826c81
[2026-02-12 06:31:00] [DEBUG]    🔍 Product #165967 (KY-192): hash_guardado=63590068
[2026-02-12 06:31:00] [DEBUG]    🔍 Product #165968 (LAMINA PARA PLASTIFICAR): hash_guardado=961b9aaa
[2026-02-12 06:31:00] [DEBUG]    🔍 Product #165969 (LAMPARA): hash_guardado=27b2af9e
[2026-02-12 06:31:00] [DEBUG]    🔍 Product #165970 (LAMPARA 3 LUCES): hash_guardado=cd2082c0
[2026-02-12 06:31:00] [DEBUG]    🔍 Product #165971 (LAMPARA DE MESA): hash_guardado=ed874504
[2026-02-12 06:31:00] [DEBUG]    🔍 Product #165972 (LAMPARA MESA TIPO BARRA): hash_guardado=aba1bcb3
[2026-02-12 06:31:00] [DEBUG]    🔍 Product #165973 (LAPICERO BIC NEGRO Y AZUL): hash_guardado=80054679
[2026-02-12 06:31:00] [DEBUG]    🔍 Product #165974 (LAPIZ): hash_guardado=44177464
[2026-02-12 06:31:00] [DEBUG]    🔍 Product #165975 (LAPIZ AMAZON BASICS): hash_guardado=6fda621f
[2026-02-12 06:31:00] [DEBUG]    🔍 Product #165976 (LAPIZ DOBLE PUNTA AZUL/ROJO): hash_guardado=19f770d6
[2026-02-12 06:31:00] [DEBUG]    🔍 Product #165977 (LAPTOP): hash_guardado=5c9bb9cf
[2026-02-12 06:31:00] [DEBUG]    🔍 Product #165978 (LAPTOPS-I5): hash_guardado=666d95a8
[2026-02-12 06:31:00] [DEBUG]    🔍 Product #165979 (LDO-B08 TIPO C): hash_guardado=8866d1e4
[2026-02-12 06:31:00] [DEBUG]    🔍 Product #165980 (LDO-C600): hash_guardado=f6b41912
[2026-02-12 06:31:00] [DEBUG]    🔍 Product #165981 (LDO-C600-MICRO): hash_guardado=7cfee7cf
[2026-02-12 06:31:00] [DEBUG]    🔍 Product #165982 (LDO-CX150 MICRO): hash_guardado=c66c55cb
[2026-02-12 06:31:00] [DEBUG]    🔍 Product #165983 (LDO-CX150 TIPO C): hash_guardado=8ad2bd4b
[2026-02-12 06:31:00] [DEBUG]    🔍 Product #165984 (LDO-G30 TIPO C): hash_guardado=737b11ba
[2026-02-12 06:31:00] [DEBUG]    🔍 Product #165985 (LDO-S600 TIPO C): hash_guardado=19045067
[2026-02-12 06:31:00] [DEBUG]    🔍 Product #165986 (LED MINI PARTY): hash_guardado=cb30e58e
[2026-02-12 06:31:00] [DEBUG]    🔍 Product #165987 (LED024): hash_guardado=74f9e8f5
[2026-02-12 06:31:00] [DEBUG]    🔍 Product #165988 (LED113): hash_guardado=305e955c
[2026-02-12 06:31:00] [DEBUG]    🔍 Product #165989 (LED-UFO-LAMP): hash_guardado=8755a26e
[2026-02-12 06:31:00] [DEBUG]    🔍 Product #165990 (LIBRE01): hash_guardado=b7b35796
[2026-02-12 06:31:00] [DEBUG]    🔍 Product #165991 (LIBTA-EMP-100H): hash_guardado=91a664cf
[2026-02-12 06:31:00] [DEBUG]    🔍 Product #165992 (LICENCIAMULTI): hash_guardado=f1d8129f
[2026-02-12 06:31:00] [DEBUG]    🔍 Product #165993 (LICUADORA): hash_guardado=98ca851f
[2026-02-12 06:31:00] [DEBUG]    🔍 Product #165994 (LINTERNA LED LY 825): hash_guardado=a4eb2c43
[2026-02-12 06:31:00] [DEBUG]    🔍 Product #165995 (LK87): hash_guardado=5588da66
[2026-02-12 06:31:00] [DEBUG]    🔍 Product #165996 (LLAVERO UPPOMI): hash_guardado=adcb8718
[2026-02-12 06:31:00] [DEBUG]    🔍 Product #165997 (L-PLASTIFICADO): hash_guardado=ccf1d903
[2026-02-12 06:31:00] [DEBUG]    🔍 Product #165998 (LPZ-MONGOL): hash_guardado=e797c366
[2026-02-12 06:31:00] [DEBUG]    🔍 Product #165999 (LT-TZ-22): hash_guardado=848a3b9a
[2026-02-12 06:31:00] [DEBUG]    🔍 Product #166000 (LUCES LED SENSORIALES AMAZON): hash_guardado=1feb2583
[2026-02-12 06:31:00] [DEBUG]    🔍 Product #166001 (LUZ LAMPARA MESA BRAZO): hash_guardado=f152944f
[2026-02-12 06:31:00] [DEBUG]    🔍 Product #166002 (MACADOR-NEGRO): hash_guardado=8e25e46d
[2026-02-12 06:31:00] [DEBUG]    🔍 Product #166003 (MARCADOR-00): hash_guardado=619c73e0
[2026-02-12 06:31:00] [DEBUG]    🔍 Product #166004 (MARC-DELGADOS MAX45): hash_guardado=0effc34b
[2026-02-12 06:31:00] [DEBUG]    🔍 Product #166005 (MARC-GRUESO): hash_guardado=889cce7e
[2026-02-12 06:31:00] [DEBUG]    🔍 Product #166006 (MARC-OK91): hash_guardado=530a06bc
[2026-02-12 06:31:00] [DEBUG]    🔍 Product #166007 (MARC-OK92): hash_guardado=efba5486
[2026-02-12 06:31:00] [DEBUG]    🔍 Product #166008 (MARC-OK92L): hash_guardado=1b347c76
[2026-02-12 06:31:00] [DEBUG]    🔍 Product #166009 (MARC-OK93): hash_guardado=9b748a27
[2026-02-12 06:31:00] [DEBUG]    🔍 Product #166010 (MARC-OK93L): hash_guardado=e05e0730
[2026-02-12 06:31:00] [DEBUG]    🔍 Product #166011 (MAR-OK91): hash_guardado=21d4e4c6
[2026-02-12 06:31:00] [DEBUG]    🔍 Product #166012 (MB-MA64E): hash_guardado=82b4a4ad
[2026-02-12 06:31:00] [DEBUG]    🔍 Product #166013 (MDR-AQ68): hash_guardado=45b1c87b
[2026-02-12 06:31:00] [DEBUG]    🔍 Product #166014 (ME-MA32E): hash_guardado=f103d252
[2026-02-12 06:31:00] [DEBUG]    🔍 Product #166015 (MERREL USA): hash_guardado=f523a3d9
[2026-02-12 06:31:00] [DEBUG]    🔍 Product #166016 (MI HEADSET NARANJA): hash_guardado=645a684c
[2026-02-12 06:31:00] [DEBUG]    🔍 Product #166017 (MINI EXACTOS): hash_guardado=fd010910
[2026-02-12 06:31:00] [DEBUG]    🔍 Product #166018 (MINI HUMIFICADOR): hash_guardado=39b01af3
[2026-02-12 06:31:00] [DEBUG]    🔍 Product #166019 (MINI VENTILADOR): hash_guardado=c179f83d
[2026-02-12 06:31:00] [DEBUG]    🔍 Product #166020 (M-L-L): hash_guardado=f9431189
[2026-02-12 06:31:00] [DEBUG]    🔍 Product #166021 (M-L-L-2): hash_guardado=468a55b8
[2026-02-12 06:31:00] [DEBUG]    🔍 Product #166022 (MLTD 111S): hash_guardado=cb12fa9b
[2026-02-12 06:31:00] [DEBUG]    🔍 Product #166023 (MONITOR): hash_guardado=da1dfd97
[2026-02-12 06:31:00] [DEBUG]    🔍 Product #166024 (MOSQUITERO): hash_guardado=45e34cdc
[2026-02-12 06:31:00] [DEBUG]    🔍 Product #166025 (MOUSE GAMING HP S600): hash_guardado=a17f66f5
[2026-02-12 06:31:00] [DEBUG]    🔍 Product #166026 (MOUSE HP RECARGABLE): hash_guardado=f3a73c84
[2026-02-12 06:31:00] [DEBUG]    🔍 Product #166027 (MOUSE TJ-1 GAMING TINJI): hash_guardado=440c9724
[2026-02-12 06:31:00] [DEBUG]    🔍 Product #166028 (MOUSE TJ-3 GAMING TINJI): hash_guardado=6763d959
[2026-02-12 06:31:00] [DEBUG]    🔍 Product #166029 (MOUSE TJ-7): hash_guardado=b889161a
[2026-02-12 06:31:00] [DEBUG]    🔍 Product #166030 (MOUSE-MIXIE): hash_guardado=657b2335
[2026-02-12 06:31:00] [DEBUG]    🔍 Product #166031 (MOUSE-TJ-10): hash_guardado=912faf2d
[2026-02-12 06:31:00] [DEBUG]    🔍 Product #166032 (MR1909): hash_guardado=39594262
[2026-02-12 06:31:00] [DEBUG]    🔍 Product #166033 (MSATA SSD): hash_guardado=93665101
[2026-02-12 06:31:00] [DEBUG]    🔍 Product #166034 (MS-HP510A): hash_guardado=05d7f297
[2026-02-12 06:31:00] [DEBUG]    🔍 Product #166035 (MU-CU3X3): hash_guardado=a256d522
[2026-02-12 06:31:00] [DEBUG]    🔍 Product #166036 (MUF-16BE): hash_guardado=a0c40d60
[2026-02-12 06:31:00] [DEBUG]    🔍 Product #166037 (MUF-64BE): hash_guardado=ba02c693
[2026-02-12 06:31:00] [DEBUG]    🔍 Product #166038 (MU-RM-5U): hash_guardado=0b830534
[2026-02-12 06:31:00] [DEBUG]    🔍 Product #166039 (NANFU AA): hash_guardado=3b008eeb
[2026-02-12 06:31:00] [DEBUG]    🔍 Product #166040 (NANFU AAA): hash_guardado=d6db9338
[2026-02-12 06:31:00] [DEBUG]    🔍 Product #166041 (NANO): hash_guardado=bfd5968e
[2026-02-12 06:31:00] [DEBUG]    🔍 Product #166042 (NIMH-AAA-HR03): hash_guardado=340b27b2
[2026-02-12 06:31:00] [DEBUG]    🔍 Product #166043 (NIMH-AA-HR6): hash_guardado=11d60c4c
[2026-02-12 06:31:00] [DEBUG]    🔍 Product #166044 (NOMINA): hash_guardado=99b0bd03
[2026-02-12 06:31:00] [DEBUG]    🔍 Product #166045 (NOT-ADH-3X3): hash_guardado=e4c7f00e
[2026-02-12 06:31:00] [DEBUG]    🔍 Product #166046 (NOT-AUTOOK149B): hash_guardado=c5dba39e
[2026-02-12 06:31:00] [DEBUG]    🔍 Product #166047 (OF-024): hash_guardado=96509017
[2026-02-12 06:31:00] [DEBUG]    🔍 Product #166048 (OK-05): hash_guardado=94b982f4
[2026-02-12 06:31:00] [DEBUG]    🔍 Product #166049 (OK86): hash_guardado=67940518
[2026-02-12 06:31:00] [DEBUG]    🔍 Product #166050 (OK88): hash_guardado=41fe1538
[2026-02-12 06:31:00] [DEBUG]    🔍 Product #166051 (OK89): hash_guardado=2c924ba9
[2026-02-12 06:31:00] [DEBUG]    🔍 Product #166052 (OPALINA): hash_guardado=9998c81c
[2026-02-12 06:31:00] [DEBUG]    🔍 Product #166053 (OPALINA BLANCA TAMAÑO CARTA): hash_guardado=1b071afe
[2026-02-12 06:31:00] [DEBUG]    🔍 Product #166054 (OPRINTA): hash_guardado=855160f9
[2026-02-12 06:31:00] [DEBUG]    🔍 Product #166055 (ORIN CERTIFICADO): hash_guardado=b56b32d8
[2026-02-12 06:31:00] [DEBUG]    🔍 Product #166056 (OTG MICRO BLISTER): hash_guardado=ae292d64
[2026-02-12 06:31:00] [DEBUG]    🔍 Product #166057 (OTG-TC-06): hash_guardado=5ea58028
[2026-02-12 06:31:00] [DEBUG]    🔍 Product #166058 (P-001): hash_guardado=e26ffc1c
[2026-02-12 06:31:00] [DEBUG]    🔍 Product #166059 (PAGO DE COMISION ML): hash_guardado=21534be2
[2026-02-12 06:31:00] [DEBUG]    🔍 Product #166060 (PAGO RECARGAS): hash_guardado=d282bfb3
[2026-02-12 06:31:00] [DEBUG]    🔍 Product #166061 (PANEL SOLAR): hash_guardado=4cceef3a
[2026-02-12 06:31:00] [DEBUG]    🔍 Product #166062 (PANEL-00): hash_guardado=ec852d99
[2026-02-12 06:31:00] [DEBUG]    🔍 Product #166063 (PAPEL BOND): hash_guardado=bf807c2c
[2026-02-12 06:31:00] [DEBUG]    🔍 Product #166064 (PAPEL FOTOGRAFICO 180G): hash_guardado=03c9965a
[2026-02-12 06:31:00] [DEBUG]    🔍 Product #166065 (PAPEL-BOND): hash_guardado=bca2b8b1
[2026-02-12 06:31:00] [DEBUG]    🔍 Product #166066 (PAPER MATE): hash_guardado=1328c4f2
[2026-02-12 06:31:00] [DEBUG]    🔍 Product #166067 (PAPERMATE): hash_guardado=cd50ec73
[2026-02-12 06:31:00] [DEBUG]    🔍 Product #166068 (PASAJE): hash_guardado=1cb4e4c0
[2026-02-12 06:31:00] [DEBUG]    🔍 Product #166069 (PASTILLAS-AUTOS): hash_guardado=7e17a8a1
[2026-02-12 06:31:00] [DEBUG]    🔍 Product #166070 (PBPCS): hash_guardado=51f1eefd
[2026-02-12 06:31:00] [DEBUG]    🔍 Product #166071 (PEG-3): hash_guardado=3cfae920
[2026-02-12 06:31:00] [DEBUG]    🔍 Product #166072 (PEGA EN BARRAS): hash_guardado=ddcfd492
[2026-02-12 06:31:00] [DEBUG]    🔍 Product #166073 (PERFORADOR): hash_guardado=a1124be0
[2026-02-12 06:31:00] [DEBUG]    🔍 Product #166074 (PERF-PH-15A): hash_guardado=37d6e263
[2026-02-12 06:31:00] [DEBUG]    🔍 Product #166075 (PERFUME-01): hash_guardado=c4f011f4
[2026-02-12 06:31:00] [DEBUG]    🔍 Product #166076 (PERFUME-02): hash_guardado=ccbb39a9
[2026-02-12 06:31:00] [DEBUG]    🔍 Product #166077 (PERFUME-03): hash_guardado=aa37b262
[2026-02-12 06:31:00] [DEBUG]    🔍 Product #166078 (PESO): hash_guardado=54734a8a
[2026-02-12 06:31:00] [DEBUG]    🔍 Product #166079 (PESO-00): hash_guardado=0944750e
[2026-02-12 06:31:00] [DEBUG]    🔍 Product #166080 (PH): hash_guardado=45726c5f
[2026-02-12 06:31:00] [DEBUG]    🔍 Product #166081 (PH1): hash_guardado=6834afb7
[2026-02-12 06:31:00] [DEBUG]    🔍 Product #166082 (PHO): hash_guardado=ea842ffc
[2026-02-12 06:31:00] [DEBUG]    🔍 Product #166083 (PHONE HOLDER): hash_guardado=55f61047
[2026-02-12 06:31:00] [DEBUG]    🔍 Product #166084 (PINTURA-00): hash_guardado=c5f2e62b
[2026-02-12 06:31:00] [DEBUG]    🔍 Product #166085 (PINTURAS): hash_guardado=84434a3b
[2026-02-12 06:31:00] [DEBUG]    🔍 Product #166086 (PINZA): hash_guardado=928c7f20
[2026-02-12 06:31:00] [DEBUG]    🔍 Product #166087 (PIZARRA-00): hash_guardado=a4f09d31
[2026-02-12 06:31:00] [DEBUG]    🔍 Product #166088 (PLASTICO CARTA): hash_guardado=148b5769
[2026-02-12 06:31:00] [DEBUG]    🔍 Product #166089 (PLASTIFICACION-): hash_guardado=c9c6e8bf
[2026-02-12 06:31:00] [DEBUG]    🔍 Product #166090 (POLVO CACAO 250 GR): hash_guardado=c91bcb38
[2026-02-12 06:31:00] [DEBUG]    🔍 Product #166091 (POLVO CACAO 500 GR): hash_guardado=8693c11b
[2026-02-12 06:31:00] [DEBUG]    🔍 Product #166092 (PORTA CARNET): hash_guardado=5c4c1e3d
[2026-02-12 06:31:00] [DEBUG]    🔍 Product #166093 (PORTARETRARO): hash_guardado=f0434966
[2026-02-12 06:31:00] [DEBUG]    🔍 Product #166094 (POWER BANK MAGSAFE): hash_guardado=1e19a241
[2026-02-12 06:31:00] [DEBUG]    🔍 Product #166095 (POWER BANK MAGSAFE 5 MIL MAH): hash_guardado=e9843d95
[2026-02-12 06:31:00] [DEBUG]    🔍 Product #166096 (POWER BANK SOLAR YELOMIN 42800): hash_guardado=a48d5c91
[2026-02-12 06:31:00] [DEBUG]    🔍 Product #166097 (PR-0-0143): hash_guardado=24e06102
[2026-02-12 06:31:00] [DEBUG]    🔍 Product #166098 (PRESTAMO): hash_guardado=12b69746
[2026-02-12 06:31:00] [DEBUG]    🔍 Product #166099 (PRESTAMO-01): hash_guardado=504720b5
[2026-02-12 06:31:00] [DEBUG]    🔍 Product #166100 (PROTECTOR DE VOLTAJE): hash_guardado=6152c87d
[2026-02-12 06:31:00] [DEBUG]    🔍 Product #166101 (PTO278-285): hash_guardado=0b087762
[2026-02-12 06:31:00] [DEBUG]    🔍 Product #166102 (PULSERA NIÑOS AIRTAG): hash_guardado=ff7baf4d
[2026-02-12 06:31:00] [DEBUG]    🔍 Product #166103 (PULSERA-00): hash_guardado=5ef38fc1
[2026-02-12 06:31:00] [DEBUG]    🔍 Product #166104 (RAD-T6 MINI): hash_guardado=eecf3568
[2026-02-12 06:31:00] [DEBUG]    🔍 Product #166105 (RCA-JK): hash_guardado=c4cfd7ab
[2026-02-12 06:31:00] [DEBUG]    🔍 Product #166106 (RECEPTOR WIFI DOBLE BANDA): hash_guardado=3d858ee0
[2026-02-12 06:31:00] [DEBUG]    🔍 Product #166107 (REF-LED-30W): hash_guardado=54308da0
[2026-02-12 06:31:00] [DEBUG]    🔍 Product #166108 (REG-PLAST-30CM): hash_guardado=912a97c2
[2026-02-12 06:31:00] [DEBUG]    🔍 Product #166109 (REG-UPPOMI-2064U AZUL): hash_guardado=683a656f
[2026-02-12 06:31:00] [DEBUG]    🔍 Product #166110 (REG-UPPOMI-2064U BLANCA): hash_guardado=6c00198d
[2026-02-12 06:31:00] [DEBUG]    🔍 Product #166111 (REG-UPPOMI-2064U VERDE): hash_guardado=a8b2f3a2
[2026-02-12 06:31:00] [DEBUG]    🔍 Product #166112 (REG-UPPOMI-LH-K2500W): hash_guardado=a83c293d
[2026-02-12 06:31:00] [DEBUG]    🔍 Product #166113 (RELOJ-00): hash_guardado=a4bf2966
[2026-02-12 06:31:00] [DEBUG]    🔍 Product #166114 (REPELENTE): hash_guardado=a3272b5d
[2026-02-12 06:31:00] [DEBUG]    🔍 Product #166115 (REPUESTO FLORES): hash_guardado=6ab7c9d6
[2026-02-12 06:31:00] [DEBUG]    🔍 Product #166116 (RESALT-): hash_guardado=b7fe0976
[2026-02-12 06:31:00] [DEBUG]    🔍 Product #166117 (RESALTADOR): hash_guardado=01e04be9
[2026-02-12 06:31:00] [DEBUG]    🔍 Product #166118 (RESALTADOR VERDE OPRINTA): hash_guardado=c9a32cc6
[2026-02-12 06:31:00] [DEBUG]    🔍 Product #166119 (RESALTADOR-3D): hash_guardado=c31df3e9
[2026-02-12 06:31:00] [DEBUG]    🔍 Product #166120 (RESALTADORES ICONO): hash_guardado=946dbf9b
[2026-02-12 06:31:00] [DEBUG]    🔍 Product #166121 (RESALT-VERDE): hash_guardado=a4f4cd31
[2026-02-12 06:31:00] [DEBUG]    🔍 Product #166122 (RESMA- EXECUTIVE): hash_guardado=ea71e3e1
[2026-02-12 06:31:00] [DEBUG]    🔍 Product #166123 (RESMAHPOFICIO): hash_guardado=b8f3d423
[2026-02-12 06:31:00] [DEBUG]    🔍 Product #166124 (RES-OFIC-CHAMEX): hash_guardado=7aac566d
[2026-02-12 06:31:00] [DEBUG]    🔍 Product #166125 (RES-PAPEL-EXTRA-OFICIO): hash_guardado=0a23babf
[2026-02-12 06:31:00] [DEBUG]    🔍 Product #166126 (RES-PAP-OFIC HAMMERMILL): hash_guardado=c7ef77e6
[2026-02-12 06:31:00] [DEBUG]    🔍 Product #166127 (RES-PRINTON): hash_guardado=d7a8888f
[2026-02-12 06:31:00] [DEBUG]    🔍 Product #166128 (RETRACTIL NEGRO/AZUL AMAZON): hash_guardado=cfa89ca8
[2026-02-12 06:31:00] [DEBUG]    🔍 Product #166129 (REVISION): hash_guardado=1dcf0cb3
[2026-02-12 06:31:00] [DEBUG]    🔍 Product #166130 (RIMER): hash_guardado=431046ec
[2026-02-12 06:31:00] [DEBUG]    🔍 Product #166131 (ROLLO-PUNTO): hash_guardado=291c2b28
[2026-02-12 06:31:00] [DEBUG]    🔍 Product #166132 (ROLLO-TERM-IMP-FISCAL): hash_guardado=e9e47acb
[2026-02-12 06:31:00] [DEBUG]    🔍 Product #166133 (ROLLO-TERM-PT-8065): hash_guardado=0a750892
[2026-02-12 06:31:00] [DEBUG]    🔍 Product #166134 (ROU-025): hash_guardado=900fa258
[2026-02-12 06:31:00] [DEBUG]    🔍 Product #166135 (RP): hash_guardado=551b21a8
[2026-02-12 06:31:00] [DEBUG]    🔍 Product #166136 (RQ-CH-09): hash_guardado=cf9df84e
[2026-02-12 06:31:00] [DEBUG]    🔍 Product #166137 (S8TRAVEL ADAPTER): hash_guardado=255142c7
[2026-02-12 06:31:00] [DEBUG]    🔍 Product #166138 (SACAP-METAL): hash_guardado=64d650fa
[2026-02-12 06:31:00] [DEBUG]    🔍 Product #166139 (SD-CF-8GB): hash_guardado=f8cdef01
[2026-02-12 06:31:00] [DEBUG]    🔍 Product #166140 (SER-VARIOS): hash_guardado=8813edc2
[2026-02-12 06:31:00] [DEBUG]    🔍 Product #166141 (S-G): hash_guardado=89ee7cad
[2026-02-12 06:31:00] [DEBUG]    🔍 Product #166142 (SH-3103): hash_guardado=477d9aee
[2026-02-12 06:31:00] [DEBUG]    🔍 Product #166143 (SHOOT-MICRO): hash_guardado=94fc150c
[2026-02-12 06:31:00] [DEBUG]    🔍 Product #166144 (SOB-MANILA CARTA): hash_guardado=a5f1b15f
[2026-02-12 06:31:00] [DEBUG]    🔍 Product #166145 (SOB-MANILA-OFIC): hash_guardado=79320b64
[2026-02-12 06:31:00] [DEBUG]    🔍 Product #166146 (SOBRE DE BROCHE CARTA): hash_guardado=7db90a69
[2026-02-12 06:31:00] [DEBUG]    🔍 Product #166147 (SOBRE MANILA CARTA): hash_guardado=4cefd124
[2026-02-12 06:31:00] [DEBUG]    🔍 Product #166148 (SOBRE MANILA OFICIO): hash_guardado=256cd026
[2026-02-12 06:31:00] [DEBUG]    🔍 Product #166149 (SOBRES BLANCO #11 MEDIA CARTA): hash_guardado=e863bb43
[2026-02-12 06:31:00] [DEBUG]    🔍 Product #166150 (SOCATE ON-OFF): hash_guardado=f9d9ccf6
[2026-02-12 06:31:00] [DEBUG]    🔍 Product #166151 (SOLID-STATE DRIVE): hash_guardado=27533812
[2026-02-12 06:31:00] [DEBUG]    🔍 Product #166152 (SOMBRAS): hash_guardado=ba4542a5
[2026-02-12 06:31:00] [DEBUG]    🔍 Product #166153 (SREV-MOVILNET): hash_guardado=02bd9e65
[2026-02-12 06:31:00] [DEBUG]    🔍 Product #166154 (SS-065): hash_guardado=d7c2034d
[2026-02-12 06:31:00] [DEBUG]    🔍 Product #166155 (ST-00370): hash_guardado=075e3eb2
[2026-02-12 06:31:00] [DEBUG]    🔍 Product #166156 (ST-01701): hash_guardado=f3332877
[2026-02-12 06:31:00] [DEBUG]    🔍 Product #166157 (ST-03509B-A): hash_guardado=c9784c47
[2026-02-12 06:31:00] [DEBUG]    🔍 Product #166158 (ST-03556-B): hash_guardado=a5cd6679
[2026-02-12 06:31:00] [DEBUG]    🔍 Product #166159 (ST-03905): hash_guardado=4e3f000f
[2026-02-12 06:31:00] [DEBUG]    🔍 Product #166160 (ST-MS-951B): hash_guardado=f8411000
[2026-02-12 06:31:00] [DEBUG]    🔍 Product #166161 (ST-P01): hash_guardado=879fe50d
[2026-02-12 06:31:00] [DEBUG]    🔍 Product #166162 (T5219252200): hash_guardado=7bb5ef4b
[2026-02-12 06:31:00] [DEBUG]    🔍 Product #166163 (TABLAS-00): hash_guardado=597e3ce9
[2026-02-12 06:31:00] [DEBUG]    🔍 Product #166164 (TABLET 10 PULGADAS AMAZON): hash_guardado=afd4249d
[2026-02-12 06:31:00] [DEBUG]    🔍 Product #166165 (TABLET 4 RAM VERDE): hash_guardado=5d050ef4
[2026-02-12 06:31:00] [DEBUG]    🔍 Product #166166 (TABLET 7 PULAGADAS AMAZON): hash_guardado=d43a2fc9
[2026-02-12 06:31:00] [DEBUG]    🔍 Product #166167 (TABLET NEGRA 7 INCH 3 RAM): hash_guardado=7672478b
[2026-02-12 06:31:00] [DEBUG]    🔍 Product #166168 (TABLET PARA NIÑOS 7 INCH): hash_guardado=0eb471d5
[2026-02-12 06:31:00] [DEBUG]    🔍 Product #166169 (TAC-CL01): hash_guardado=2aafc20a
[2026-02-12 06:31:00] [DEBUG]    🔍 Product #166170 (TAC-SAMSUG5G): hash_guardado=f4d299ed
[2026-02-12 06:31:00] [DEBUG]    🔍 Product #166171 (TAP-001): hash_guardado=0ffb2a27
[2026-02-12 06:31:00] [DEBUG]    🔍 Product #166172 (TD-T35): hash_guardado=a1a1ac15
[2026-02-12 06:31:00] [DEBUG]    🔍 Product #166173 (TE-1): hash_guardado=b9231e35
[2026-02-12 06:31:00] [DEBUG]    🔍 Product #166174 (TEMP-COLORES): hash_guardado=f4323916
[2026-02-12 06:31:00] [DEBUG]    🔍 Product #166175 (TERCER BRAZO): hash_guardado=d99a65f9
[2026-02-12 06:31:00] [DEBUG]    🔍 Product #166176 (TIJ-8"-NEG): hash_guardado=5b327cdd
[2026-02-12 06:31:00] [DEBUG]    🔍 Product #166177 (TIJERA): hash_guardado=e61f4dc6
[2026-02-12 06:31:00] [DEBUG]    🔍 Product #166178 (TINTA T544): hash_guardado=9b34145d
[2026-02-12 06:31:00] [DEBUG]    🔍 Product #166179 (TINTA T544 COLORES): hash_guardado=d3a21f2c
[2026-02-12 06:31:00] [DEBUG]    🔍 Product #166180 (TINTA T664): hash_guardado=795fd19b
[2026-02-12 06:31:00] [DEBUG]    🔍 Product #166181 (TINTA T664 AMARILLA): hash_guardado=8a7cae13
[2026-02-12 06:31:00] [DEBUG]    🔍 Product #166182 (TINTA T664 CELESTE): hash_guardado=aaeda9cd
[2026-02-12 06:31:00] [DEBUG]    🔍 Product #166183 (TINTA T664 NEGRA): hash_guardado=a7a063c2
[2026-02-12 06:31:00] [DEBUG]    🔍 Product #166184 (TIRRO): hash_guardado=2bd73204
[2026-02-12 06:31:00] [DEBUG]    🔍 Product #166185 (TJ-11 MOUSE GAMER): hash_guardado=57150ed8
[2026-02-12 06:31:00] [DEBUG]    🔍 Product #166186 (TONER-104): hash_guardado=cab603b2
[2026-02-12 06:31:00] [DEBUG]    🔍 Product #166187 (TONER-137/83A): hash_guardado=74e9f8b0
[2026-02-12 06:31:00] [DEBUG]    🔍 Product #166188 (TONER-COMP-CANON): hash_guardado=2848f377
[2026-02-12 06:31:00] [DEBUG]    🔍 Product #166189 (TONER-COMP-HP): hash_guardado=56be4f36
[2026-02-12 06:31:00] [DEBUG]    🔍 Product #166190 (TONER-HP): hash_guardado=7c72ed3c
[2026-02-12 06:31:00] [DEBUG]    🔍 Product #166191 (TONER-MXP-MLTD101S): hash_guardado=0cacd133
[2026-02-12 06:31:00] [DEBUG]    🔍 Product #166192 (TONER-STAMPRINT): hash_guardado=ce04487c
[2026-02-12 06:31:00] [DEBUG]    🔍 Product #166193 (TP101): hash_guardado=316097b0
[2026-02-12 06:31:00] [DEBUG]    🔍 Product #166194 (TRIPOIDE PARA SELFIE): hash_guardado=2fbf0218
[2026-02-12 06:31:00] [DEBUG]    🔍 Product #166195 (TWS I18): hash_guardado=bf685519
[2026-02-12 06:31:00] [DEBUG]    🔍 Product #166196 (UNS-K107): hash_guardado=93363dd9
[2026-02-12 06:31:00] [DEBUG]    🔍 Product #166197 (USB FLASH DRIVE): hash_guardado=a6b14bcc
[2026-02-12 06:31:00] [DEBUG]    🔍 Product #166198 (USB-4PTO-HUB): hash_guardado=cc764b69
[2026-02-12 06:31:00] [DEBUG]    🔍 Product #166199 (USB-7PTO-HUB): hash_guardado=cece2649
[2026-02-12 06:31:00] [DEBUG]    🔍 Product #166200 (USB-CABLE-MICRO): hash_guardado=b77aae2c
[2026-02-12 06:31:00] [DEBUG]    🔍 Product #166201 (USB-LDO-W10-MICRO): hash_guardado=94bf2f0c
[2026-02-12 06:31:00] [DEBUG]    🔍 Product #166202 (USB-TC): hash_guardado=4a887693
[2026-02-12 06:31:00] [DEBUG]    🔍 Product #166203 (VARIOS SERVICIOS): hash_guardado=a9e97802
[2026-02-12 06:31:00] [DEBUG]    🔍 Product #166204 (WD2500AAKX): hash_guardado=382aa610
[2026-02-12 06:31:00] [DEBUG]    🔍 Product #166205 (X002UZCVP1): hash_guardado=7a72df68
[2026-02-12 06:31:00] [DEBUG]    🔍 Product #166206 (X0033B2V51): hash_guardado=97078999
[2026-02-12 06:31:00] [DEBUG]    🔍 Product #166207 (X003CGDNHH): hash_guardado=92fed086
[2026-02-12 06:31:00] [DEBUG]    🔍 Product #166208 (X003D43FOJ): hash_guardado=33e203dd
[2026-02-12 06:31:00] [DEBUG]    🔍 Product #166209 (X003FDNBWJ): hash_guardado=e1220ad7
[2026-02-12 06:31:00] [DEBUG]    🔍 Product #166210 (X003Z1RAMD): hash_guardado=6ee0246c
[2026-02-12 06:31:00] [DEBUG]    🔍 Product #166211 (X004AT548L): hash_guardado=ba5a82fb
[2026-02-12 06:31:00] [DEBUG]    🔍 Product #166212 (X6 USB STANDARD): hash_guardado=5571eaad
[2026-02-12 06:31:00] [DEBUG]    🔍 Product #166213 (X-CABLE): hash_guardado=a2a70d2a
[2026-02-12 06:31:00] [DEBUG]    🔍 Product #166214 (X-IZ): hash_guardado=faaaaa5e
[2026-02-12 06:31:00] [DEBUG]    🔍 Product #166215 (XS025): hash_guardado=9c760a0a
[2026-02-12 06:31:00] [INFO] ✅ Products detectados: 0 nuevos, 0 modificados
[2026-02-12 06:31:00] [INFO] 
[2026-02-12 06:31:00] [INFO] 💰 DETECTANDO CAMBIOS EN QUOTES (MySQL → PostgreSQL)...
[2026-02-12 06:31:00] [INFO]    📋 Quotes encontrados en MySQL: 0
[2026-02-12 06:31:00] [INFO]    ℹ️ No hay quotes en MySQL para esta empresa
[2026-02-12 06:31:00] [INFO] 
[2026-02-12 06:31:00] [INFO] 👤 SINCRONIZANDO SELLERS...
[2026-02-12 06:31:01] [SUCCESS] ✅ Sellers sincronizados correctamente
[2026-02-12 06:31:01] [SUCCESS] ✨ No hay cambios que sincronizar
[2026-02-12 06:31:01] [INFO] === SINCRONIZACIÓN COMPLETADA ===
[2026-02-12 06:31:01] [SUCCESS] ✅ Sincronización completada exitosamente
[2026-02-12 06:31:10] [WARNING] ⚠️ winreg no disponible (solo Windows)
[2026-02-12 06:31:10] [INFO] ======================================================================
[2026-02-12 06:31:10] [INFO] INICIANDO SYSTEM TRAY SERVICE
[2026-02-12 06:31:10] [INFO] ======================================================================
[2026-02-12 06:31:10] [INFO] RIF: J502741283
[2026-02-12 06:31:10] [INFO] Email: multiserviciosleblanc@gmail.com
[2026-02-12 06:31:10] [INFO] Intervalo: 2 minutos
[2026-02-12 06:31:10] [INFO] 
[2026-02-12 06:31:10] [ERROR] ERROR: pystray no está instalado
[2026-02-12 06:31:10] [ERROR] Ejecute: pip install pystray Pillow
[2026-02-12 06:31:10] [INFO] 
[2026-02-12 06:31:10] [INFO] Instalación:
[2026-02-12 06:31:10] [INFO]   pip install pystray Pillow
[2026-02-12 06:43:41] [INFO] Conectado a PostgreSQL
[2026-02-12 06:43:42] [INFO] Conectado a MySQL
[2026-02-12 06:43:42] [INFO] === INICIANDO SINCRONIZACIÓN ===
[2026-02-12 06:43:42] [WARNING] Sistema de notificaciones no disponible (pip install win10toast)
[2026-02-12 06:43:42] [INFO] Verificando/creando tabla sync_hashes...
[2026-02-12 06:43:42] [WARNING]   ⚠️ Error creando índice 'idx_sync_hashes_lookup': la relación «idx_sync_hashes_lookup» ya existe

[2026-02-12 06:43:42] [WARNING]   ⚠️ Error creando índice 'idx_sync_hashes_table': la relación «idx_sync_hashes_table» ya existe

[2026-02-12 06:43:42] [SUCCESS] ✅ Tabla sync_hashes lista
[2026-02-12 06:43:42] [INFO] 
[2026-02-12 06:43:42] [INFO] ╔════════════════════════════════════════════════════════════════╗
[2026-02-12 06:43:42] [INFO] ║          SINCRONIZACIÓN INTELIGENTE CON TABLA DE HASHES          ║
[2026-02-12 06:43:42] [INFO] ╚════════════════════════════════════════════════════════════════╝
[2026-02-12 06:43:42] [INFO] 
[2026-02-12 06:43:42] [SUCCESS] ✅ Conectado a PostgreSQL
[2026-02-12 06:43:43] [SUCCESS] ✅ Conectado a MySQL (pymysql)
[2026-02-12 06:43:43] [DEBUG]    Host: 91.238.160.176
[2026-02-12 06:43:43] [DEBUG]    Port: 3306
[2026-02-12 06:43:43] [DEBUG]    Database: chrystal_movil
[2026-02-12 06:43:43] [INFO] 🔍 Buscando empresa: RIF=J502741284, Email=multiserviciosleblanc2@gmail.com
[2026-02-12 06:43:43] [DEBUG]   🔍 Verificando tabla 'acceso' (RIF y email)...
[2026-02-12 06:43:43] [ERROR] 
[2026-02-12 06:43:43] [ERROR] ❌ ERROR: No se encontraron datos coincidentes en tabla 'acceso'
[2026-02-12 06:43:43] [ERROR]    RIF buscado: J502741284
[2026-02-12 06:43:43] [ERROR]    Email buscado: multiserviciosleblanc2@gmail.com
[2026-02-12 06:43:43] [ERROR] 
[2026-02-12 06:43:43] [WARNING]    💡 La empresa debe estar registrada en 'acceso' con RIF y email coincidentes
[2026-02-12 06:43:43] [WARNING]    💡 Verifica que el RIF y email sean correctos
[2026-02-12 06:43:43] [ERROR] ❌ No se pudo obtener el company_id. Verifica RIF y email en la configuración.
[2026-02-12 06:43:43] [INFO] === SINCRONIZACIÓN COMPLETADA ===
[2026-02-12 06:43:43] [WARNING] ⚠️ Sincronización completada con errores
[2026-02-12 06:44:52] [WARNING] ⚠️ winreg no disponible (solo Windows)
[2026-02-12 06:44:52] [INFO] ======================================================================
[2026-02-12 06:44:52] [INFO] INICIANDO SYSTEM TRAY SERVICE
[2026-02-12 06:44:52] [INFO] ======================================================================
[2026-02-12 06:44:52] [INFO] RIF: J502741284
[2026-02-12 06:44:52] [INFO] Email: multiserviciosleblanc2@gmail.com
[2026-02-12 06:44:52] [INFO] Intervalo: 2 minutos
[2026-02-12 06:44:52] [INFO] 
[2026-02-12 06:44:52] [ERROR] ERROR: pystray no está instalado
[2026-02-12 06:44:52] [ERROR] Ejecute: pip install pystray Pillow
[2026-02-12 06:44:52] [INFO] 
[2026-02-12 06:44:52] [INFO] Instalación:
[2026-02-12 06:44:52] [INFO]   pip install pystray Pillow
[2026-02-12 06:45:09] [INFO] Conectado a PostgreSQL
[2026-02-12 06:45:10] [INFO] Conectado a MySQL
[2026-02-12 06:45:13] [INFO] Conectado a PostgreSQL
[2026-02-12 06:45:14] [INFO] Conectado a MySQL
[2026-02-12 06:45:14] [INFO] === INICIANDO SINCRONIZACIÓN ===
[2026-02-12 06:45:14] [WARNING] Sistema de notificaciones no disponible (pip install win10toast)
[2026-02-12 06:45:14] [INFO] Verificando/creando tabla sync_hashes...
[2026-02-12 06:45:14] [WARNING]   ⚠️ Error creando índice 'idx_sync_hashes_lookup': la relación «idx_sync_hashes_lookup» ya existe

[2026-02-12 06:45:14] [WARNING]   ⚠️ Error creando índice 'idx_sync_hashes_table': la relación «idx_sync_hashes_table» ya existe

[2026-02-12 06:45:14] [SUCCESS] ✅ Tabla sync_hashes lista
[2026-02-12 06:45:14] [INFO] 
[2026-02-12 06:45:14] [INFO] ╔════════════════════════════════════════════════════════════════╗
[2026-02-12 06:45:14] [INFO] ║          SINCRONIZACIÓN INTELIGENTE CON TABLA DE HASHES          ║
[2026-02-12 06:45:14] [INFO] ╚════════════════════════════════════════════════════════════════╝
[2026-02-12 06:45:14] [INFO] 
[2026-02-12 06:45:14] [SUCCESS] ✅ Conectado a PostgreSQL
[2026-02-12 06:45:14] [SUCCESS] ✅ Conectado a MySQL (pymysql)
[2026-02-12 06:45:14] [DEBUG]    Host: 91.238.160.176
[2026-02-12 06:45:14] [DEBUG]    Port: 3306
[2026-02-12 06:45:14] [DEBUG]    Database: chrystal_movil
[2026-02-12 06:45:14] [INFO] 🔍 Buscando empresa: RIF=J502741284, Email=multiserviciosleblanc2@gmail.com
[2026-02-12 06:45:14] [DEBUG]   🔍 Verificando tabla 'acceso' (RIF y email)...
[2026-02-12 06:45:15] [ERROR] 
[2026-02-12 06:45:15] [ERROR] ❌ ERROR: No se encontraron datos coincidentes en tabla 'acceso'
[2026-02-12 06:45:15] [ERROR]    RIF buscado: J502741284
[2026-02-12 06:45:15] [ERROR]    Email buscado: multiserviciosleblanc2@gmail.com
[2026-02-12 06:45:15] [ERROR] 
[2026-02-12 06:45:15] [WARNING]    💡 La empresa debe estar registrada en 'acceso' con RIF y email coincidentes
[2026-02-12 06:45:15] [WARNING]    💡 Verifica que el RIF y email sean correctos
[2026-02-12 06:45:15] [ERROR] ❌ No se pudo obtener el company_id. Verifica RIF y email en la configuración.
[2026-02-12 06:45:15] [INFO] === SINCRONIZACIÓN COMPLETADA ===
[2026-02-12 06:45:15] [WARNING] ⚠️ Sincronización completada con errores
[2026-02-12 06:45:21] [INFO] === INICIANDO SINCRONIZACIÓN ===
[2026-02-12 06:45:21] [WARNING] Sistema de notificaciones no disponible (pip install win10toast)
[2026-02-12 06:45:21] [INFO] Verificando/creando tabla sync_hashes...
[2026-02-12 06:45:21] [WARNING]   ⚠️ Error creando índice 'idx_sync_hashes_lookup': la relación «idx_sync_hashes_lookup» ya existe

[2026-02-12 06:45:21] [WARNING]   ⚠️ Error creando índice 'idx_sync_hashes_table': la relación «idx_sync_hashes_table» ya existe

[2026-02-12 06:45:21] [SUCCESS] ✅ Tabla sync_hashes lista
[2026-02-12 06:45:21] [INFO] 
[2026-02-12 06:45:21] [INFO] ╔════════════════════════════════════════════════════════════════╗
[2026-02-12 06:45:21] [INFO] ║          SINCRONIZACIÓN INTELIGENTE CON TABLA DE HASHES          ║
[2026-02-12 06:45:21] [INFO] ╚════════════════════════════════════════════════════════════════╝
[2026-02-12 06:45:21] [INFO] 
[2026-02-12 06:45:21] [SUCCESS] ✅ Conectado a PostgreSQL
[2026-02-12 06:45:21] [SUCCESS] ✅ Conectado a MySQL (pymysql)
[2026-02-12 06:45:21] [DEBUG]    Host: 91.238.160.176
[2026-02-12 06:45:21] [DEBUG]    Port: 3306
[2026-02-12 06:45:21] [DEBUG]    Database: chrystal_movil
[2026-02-12 06:45:21] [INFO] 🔍 Buscando empresa: RIF=J502741284, Email=multiserviciosleblanc2@gmail.com
[2026-02-12 06:45:21] [DEBUG]   🔍 Verificando tabla 'acceso' (RIF y email)...
[2026-02-12 06:45:22] [ERROR] 
[2026-02-12 06:45:22] [ERROR] ❌ ERROR: No se encontraron datos coincidentes en tabla 'acceso'
[2026-02-12 06:45:22] [ERROR]    RIF buscado: J502741284
[2026-02-12 06:45:22] [ERROR]    Email buscado: multiserviciosleblanc2@gmail.com
[2026-02-12 06:45:22] [ERROR] 
[2026-02-12 06:45:22] [WARNING]    💡 La empresa debe estar registrada en 'acceso' con RIF y email coincidentes
[2026-02-12 06:45:22] [WARNING]    💡 Verifica que el RIF y email sean correctos
[2026-02-12 06:45:22] [ERROR] ❌ No se pudo obtener el company_id. Verifica RIF y email en la configuración.
[2026-02-12 06:45:22] [INFO] === SINCRONIZACIÓN COMPLETADA ===
[2026-02-12 06:45:22] [WARNING] ⚠️ Sincronización completada con errores
[2026-02-12 06:45:26] [INFO] === INICIANDO SINCRONIZACIÓN ===
[2026-02-12 06:45:26] [WARNING] Sistema de notificaciones no disponible (pip install win10toast)
[2026-02-12 06:45:26] [INFO] Verificando/creando tabla sync_hashes...
[2026-02-12 06:45:26] [WARNING]   ⚠️ Error creando índice 'idx_sync_hashes_lookup': la relación «idx_sync_hashes_lookup» ya existe

[2026-02-12 06:45:26] [WARNING]   ⚠️ Error creando índice 'idx_sync_hashes_table': la relación «idx_sync_hashes_table» ya existe

[2026-02-12 06:45:26] [SUCCESS] ✅ Tabla sync_hashes lista
[2026-02-12 06:45:26] [INFO] 
[2026-02-12 06:45:26] [INFO] ╔════════════════════════════════════════════════════════════════╗
[2026-02-12 06:45:26] [INFO] ║          SINCRONIZACIÓN INTELIGENTE CON TABLA DE HASHES          ║
[2026-02-12 06:45:26] [INFO] ╚════════════════════════════════════════════════════════════════╝
[2026-02-12 06:45:26] [INFO] 
[2026-02-12 06:45:26] [SUCCESS] ✅ Conectado a PostgreSQL
[2026-02-12 06:45:26] [SUCCESS] ✅ Conectado a MySQL (pymysql)
[2026-02-12 06:45:26] [DEBUG]    Host: 91.238.160.176
[2026-02-12 06:45:26] [DEBUG]    Port: 3306
[2026-02-12 06:45:26] [DEBUG]    Database: chrystal_movil
[2026-02-12 06:45:26] [INFO] 🔍 Buscando empresa: RIF=J502741284, Email=multiserviciosleblanc2@gmail.com
[2026-02-12 06:45:26] [DEBUG]   🔍 Verificando tabla 'acceso' (RIF y email)...
[2026-02-12 06:45:26] [ERROR] 
[2026-02-12 06:45:26] [ERROR] ❌ ERROR: No se encontraron datos coincidentes en tabla 'acceso'
[2026-02-12 06:45:26] [ERROR]    RIF buscado: J502741284
[2026-02-12 06:45:26] [ERROR]    Email buscado: multiserviciosleblanc2@gmail.com
[2026-02-12 06:45:26] [ERROR] 
[2026-02-12 06:45:26] [WARNING]    💡 La empresa debe estar registrada en 'acceso' con RIF y email coincidentes
[2026-02-12 06:45:26] [WARNING]    💡 Verifica que el RIF y email sean correctos
[2026-02-12 06:45:26] [ERROR] ❌ No se pudo obtener el company_id. Verifica RIF y email en la configuración.
[2026-02-12 06:45:26] [INFO] === SINCRONIZACIÓN COMPLETADA ===
[2026-02-12 06:45:26] [WARNING] ⚠️ Sincronización completada con errores
[2026-02-12 06:45:28] [INFO] === INICIANDO SINCRONIZACIÓN ===
[2026-02-12 06:45:28] [WARNING] Sistema de notificaciones no disponible (pip install win10toast)
[2026-02-12 06:45:28] [INFO] Verificando/creando tabla sync_hashes...
[2026-02-12 06:45:28] [WARNING]   ⚠️ Error creando índice 'idx_sync_hashes_lookup': la relación «idx_sync_hashes_lookup» ya existe

[2026-02-12 06:45:28] [WARNING]   ⚠️ Error creando índice 'idx_sync_hashes_table': la relación «idx_sync_hashes_table» ya existe

[2026-02-12 06:45:28] [SUCCESS] ✅ Tabla sync_hashes lista
[2026-02-12 06:45:28] [INFO] 
[2026-02-12 06:45:28] [INFO] ╔════════════════════════════════════════════════════════════════╗
[2026-02-12 06:45:28] [INFO] ║          SINCRONIZACIÓN INTELIGENTE CON TABLA DE HASHES          ║
[2026-02-12 06:45:28] [INFO] ╚════════════════════════════════════════════════════════════════╝
[2026-02-12 06:45:28] [INFO] 
[2026-02-12 06:45:28] [SUCCESS] ✅ Conectado a PostgreSQL
[2026-02-12 06:45:28] [SUCCESS] ✅ Conectado a MySQL (pymysql)
[2026-02-12 06:45:28] [DEBUG]    Host: 91.238.160.176
[2026-02-12 06:45:28] [DEBUG]    Port: 3306
[2026-02-12 06:45:28] [DEBUG]    Database: chrystal_movil
[2026-02-12 06:45:28] [INFO] 🔍 Buscando empresa: RIF=J502741284, Email=multiserviciosleblanc2@gmail.com
[2026-02-12 06:45:28] [DEBUG]   🔍 Verificando tabla 'acceso' (RIF y email)...
[2026-02-12 06:45:29] [ERROR] 
[2026-02-12 06:45:29] [ERROR] ❌ ERROR: No se encontraron datos coincidentes en tabla 'acceso'
[2026-02-12 06:45:29] [ERROR]    RIF buscado: J502741284
[2026-02-12 06:45:29] [ERROR]    Email buscado: multiserviciosleblanc2@gmail.com
[2026-02-12 06:45:29] [ERROR] 
[2026-02-12 06:45:29] [WARNING]    💡 La empresa debe estar registrada en 'acceso' con RIF y email coincidentes
[2026-02-12 06:45:29] [WARNING]    💡 Verifica que el RIF y email sean correctos
[2026-02-12 06:45:29] [ERROR] ❌ No se pudo obtener el company_id. Verifica RIF y email en la configuración.
[2026-02-12 06:45:29] [INFO] === SINCRONIZACIÓN COMPLETADA ===
[2026-02-12 06:45:29] [WARNING] ⚠️ Sincronización completada con errores
[2026-02-12 06:49:04] [INFO] Conectado a PostgreSQL
[2026-02-12 06:49:05] [INFO] Conectado a MySQL
[2026-02-12 06:49:08] [INFO] Conectado a PostgreSQL
[2026-02-12 06:49:08] [INFO] Conectado a MySQL
[2026-02-12 06:49:08] [INFO] === INICIANDO SINCRONIZACIÓN ===
[2026-02-12 06:49:08] [WARNING] Sistema de notificaciones no disponible (pip install win10toast)
[2026-02-12 06:49:08] [INFO] Verificando/creando tabla sync_hashes...
[2026-02-12 06:49:08] [WARNING]   ⚠️ Error creando índice 'idx_sync_hashes_lookup': la relación «idx_sync_hashes_lookup» ya existe

[2026-02-12 06:49:08] [WARNING]   ⚠️ Error creando índice 'idx_sync_hashes_table': la relación «idx_sync_hashes_table» ya existe

[2026-02-12 06:49:08] [SUCCESS] ✅ Tabla sync_hashes lista
[2026-02-12 06:49:08] [INFO] 
[2026-02-12 06:49:08] [INFO] ╔════════════════════════════════════════════════════════════════╗
[2026-02-12 06:49:08] [INFO] ║          SINCRONIZACIÓN INTELIGENTE CON TABLA DE HASHES          ║
[2026-02-12 06:49:08] [INFO] ╚════════════════════════════════════════════════════════════════╝
[2026-02-12 06:49:08] [INFO] 
[2026-02-12 06:49:08] [SUCCESS] ✅ Conectado a PostgreSQL
[2026-02-12 06:49:09] [SUCCESS] ✅ Conectado a MySQL (pymysql)
[2026-02-12 06:49:09] [DEBUG]    Host: 91.238.160.176
[2026-02-12 06:49:09] [DEBUG]    Port: 3306
[2026-02-12 06:49:09] [DEBUG]    Database: chrystal_movil
[2026-02-12 06:49:09] [INFO] 🔍 Buscando empresa: RIF=J502741284, Email=multiserviciosleblanc2@gmail.com
[2026-02-12 06:49:09] [DEBUG]   🔍 Verificando tabla 'acceso' (RIF y email)...
[2026-02-12 06:49:09] [ERROR] 
[2026-02-12 06:49:09] [ERROR] ❌ ERROR: No se encontraron datos coincidentes en tabla 'acceso'
[2026-02-12 06:49:09] [ERROR]    RIF buscado: J502741284
[2026-02-12 06:49:09] [ERROR]    Email buscado: multiserviciosleblanc2@gmail.com
[2026-02-12 06:49:09] [ERROR] 
[2026-02-12 06:49:09] [WARNING]    💡 La empresa debe estar registrada en 'acceso' con RIF y email coincidentes
[2026-02-12 06:49:09] [WARNING]    💡 Verifica que el RIF y email sean correctos
[2026-02-12 06:49:09] [ERROR] ❌ No se pudo obtener el company_id. Verifica RIF y email en la configuración.
[2026-02-12 06:49:09] [INFO] === SINCRONIZACIÓN COMPLETADA ===
[2026-02-12 06:49:09] [WARNING] ⚠️ Sincronización completada con errores
[2026-02-12 06:49:13] [INFO] === INICIANDO SINCRONIZACIÓN ===
[2026-02-12 06:49:13] [WARNING] Sistema de notificaciones no disponible (pip install win10toast)
[2026-02-12 06:49:13] [INFO] Verificando/creando tabla sync_hashes...
[2026-02-12 06:49:13] [WARNING]   ⚠️ Error creando índice 'idx_sync_hashes_lookup': la relación «idx_sync_hashes_lookup» ya existe

[2026-02-12 06:49:13] [WARNING]   ⚠️ Error creando índice 'idx_sync_hashes_table': la relación «idx_sync_hashes_table» ya existe

[2026-02-12 06:49:13] [SUCCESS] ✅ Tabla sync_hashes lista
[2026-02-12 06:49:13] [INFO] 
[2026-02-12 06:49:13] [INFO] ╔════════════════════════════════════════════════════════════════╗
[2026-02-12 06:49:13] [INFO] ║          SINCRONIZACIÓN INTELIGENTE CON TABLA DE HASHES          ║
[2026-02-12 06:49:13] [INFO] ╚════════════════════════════════════════════════════════════════╝
[2026-02-12 06:49:13] [INFO] 
[2026-02-12 06:49:13] [SUCCESS] ✅ Conectado a PostgreSQL
[2026-02-12 06:49:13] [SUCCESS] ✅ Conectado a MySQL (pymysql)
[2026-02-12 06:49:13] [DEBUG]    Host: 91.238.160.176
[2026-02-12 06:49:13] [DEBUG]    Port: 3306
[2026-02-12 06:49:13] [DEBUG]    Database: chrystal_movil
[2026-02-12 06:49:13] [INFO] 🔍 Buscando empresa: RIF=J502741284, Email=multiserviciosleblanc2@gmail.com
[2026-02-12 06:49:13] [DEBUG]   🔍 Verificando tabla 'acceso' (RIF y email)...
[2026-02-12 06:49:14] [ERROR] 
[2026-02-12 06:49:14] [ERROR] ❌ ERROR: No se encontraron datos coincidentes en tabla 'acceso'
[2026-02-12 06:49:14] [ERROR]    RIF buscado: J502741284
[2026-02-12 06:49:14] [ERROR]    Email buscado: multiserviciosleblanc2@gmail.com
[2026-02-12 06:49:14] [ERROR] 
[2026-02-12 06:49:14] [WARNING]    💡 La empresa debe estar registrada en 'acceso' con RIF y email coincidentes
[2026-02-12 06:49:14] [WARNING]    💡 Verifica que el RIF y email sean correctos
[2026-02-12 06:49:14] [ERROR] ❌ No se pudo obtener el company_id. Verifica RIF y email en la configuración.
[2026-02-12 06:49:14] [INFO] === SINCRONIZACIÓN COMPLETADA ===
[2026-02-12 06:49:14] [WARNING] ⚠️ Sincronización completada con errores
[2026-02-12 06:49:19] [INFO] === INICIANDO SINCRONIZACIÓN ===
[2026-02-12 06:49:19] [WARNING] Sistema de notificaciones no disponible (pip install win10toast)
[2026-02-12 06:49:19] [INFO] Verificando/creando tabla sync_hashes...
[2026-02-12 06:49:19] [WARNING]   ⚠️ Error creando índice 'idx_sync_hashes_lookup': la relación «idx_sync_hashes_lookup» ya existe

[2026-02-12 06:49:19] [WARNING]   ⚠️ Error creando índice 'idx_sync_hashes_table': la relación «idx_sync_hashes_table» ya existe

[2026-02-12 06:49:19] [SUCCESS] ✅ Tabla sync_hashes lista
[2026-02-12 06:49:19] [INFO] 
[2026-02-12 06:49:19] [INFO] ╔════════════════════════════════════════════════════════════════╗
[2026-02-12 06:49:19] [INFO] ║          SINCRONIZACIÓN INTELIGENTE CON TABLA DE HASHES          ║
[2026-02-12 06:49:19] [INFO] ╚════════════════════════════════════════════════════════════════╝
[2026-02-12 06:49:19] [INFO] 
[2026-02-12 06:49:19] [SUCCESS] ✅ Conectado a PostgreSQL
[2026-02-12 06:49:20] [SUCCESS] ✅ Conectado a MySQL (pymysql)
[2026-02-12 06:49:20] [DEBUG]    Host: 91.238.160.176
[2026-02-12 06:49:20] [DEBUG]    Port: 3306
[2026-02-12 06:49:20] [DEBUG]    Database: chrystal_movil
[2026-02-12 06:49:20] [INFO] 🔍 Buscando empresa: RIF=J502741284, Email=multiserviciosleblanc2@gmail.com
[2026-02-12 06:49:20] [DEBUG]   🔍 Verificando tabla 'acceso' (RIF y email)...
[2026-02-12 06:49:20] [ERROR] 
[2026-02-12 06:49:20] [ERROR] ❌ ERROR: No se encontraron datos coincidentes en tabla 'acceso'
[2026-02-12 06:49:20] [ERROR]    RIF buscado: J502741284
[2026-02-12 06:49:20] [ERROR]    Email buscado: multiserviciosleblanc2@gmail.com
[2026-02-12 06:49:20] [ERROR] 
[2026-02-12 06:49:20] [WARNING]    💡 La empresa debe estar registrada en 'acceso' con RIF y email coincidentes
[2026-02-12 06:49:20] [WARNING]    💡 Verifica que el RIF y email sean correctos
[2026-02-12 06:49:20] [ERROR] ❌ No se pudo obtener el company_id. Verifica RIF y email en la configuración.
[2026-02-12 06:49:20] [INFO] === SINCRONIZACIÓN COMPLETADA ===
[2026-02-12 06:49:20] [WARNING] ⚠️ Sincronización completada con errores
[2026-02-12 06:49:23] [INFO] Conectado a PostgreSQL
[2026-02-12 06:49:24] [INFO] Conectado a MySQL
[2026-02-12 06:50:52] [INFO] Conectado a PostgreSQL
[2026-02-12 06:50:53] [INFO] Conectado a MySQL
[2026-02-12 06:50:53] [INFO] === INICIANDO SINCRONIZACIÓN ===
[2026-02-12 06:50:53] [WARNING] Sistema de notificaciones no disponible (pip install win10toast)
[2026-02-12 06:50:53] [INFO] Verificando/creando tabla sync_hashes...
[2026-02-12 06:50:53] [WARNING]   ⚠️ Error creando índice 'idx_sync_hashes_lookup': la relación «idx_sync_hashes_lookup» ya existe

[2026-02-12 06:50:53] [WARNING]   ⚠️ Error creando índice 'idx_sync_hashes_table': la relación «idx_sync_hashes_table» ya existe

[2026-02-12 06:50:53] [SUCCESS] ✅ Tabla sync_hashes lista
[2026-02-12 06:50:53] [INFO] 
[2026-02-12 06:50:53] [INFO] ╔════════════════════════════════════════════════════════════════╗
[2026-02-12 06:50:53] [INFO] ║          SINCRONIZACIÓN INTELIGENTE CON TABLA DE HASHES          ║
[2026-02-12 06:50:53] [INFO] ╚════════════════════════════════════════════════════════════════╝
[2026-02-12 06:50:53] [INFO] 
[2026-02-12 06:50:53] [SUCCESS] ✅ Conectado a PostgreSQL
[2026-02-12 06:50:53] [SUCCESS] ✅ Conectado a MySQL (pymysql)
[2026-02-12 06:50:53] [DEBUG]    Host: 91.238.160.176
[2026-02-12 06:50:53] [DEBUG]    Port: 3306
[2026-02-12 06:50:53] [DEBUG]    Database: chrystal_movil
[2026-02-12 06:50:53] [INFO] 🔍 Buscando empresa: RIF=J502741284, Email=multiserviciosleblanc2@gmail.com
[2026-02-12 06:50:53] [DEBUG]   🔍 Verificando tabla 'acceso' (RIF y email)...
[2026-02-12 06:50:53] [ERROR] 
[2026-02-12 06:50:53] [ERROR] ❌ ERROR: No se encontraron datos coincidentes en tabla 'acceso'
[2026-02-12 06:50:53] [ERROR]    RIF buscado: J502741284
[2026-02-12 06:50:53] [ERROR]    Email buscado: multiserviciosleblanc2@gmail.com
[2026-02-12 06:50:53] [ERROR] 
[2026-02-12 06:50:53] [WARNING]    💡 La empresa debe estar registrada en 'acceso' con RIF y email coincidentes
[2026-02-12 06:50:53] [WARNING]    💡 Verifica que el RIF y email sean correctos
[2026-02-12 06:50:53] [ERROR] ❌ No se pudo obtener el company_id. Verifica RIF y email en la configuración.
[2026-02-12 06:50:53] [INFO] === SINCRONIZACIÓN COMPLETADA ===
[2026-02-12 06:50:53] [WARNING] ⚠️ Sincronización completada con errores
[2026-02-12 06:57:31] [INFO] Conectado a PostgreSQL
[2026-02-12 06:57:32] [INFO] Conectado a MySQL
[2026-02-12 07:00:24] [INFO] Conectado a PostgreSQL
[2026-02-12 07:00:25] [INFO] Conectado a MySQL
[2026-02-12 07:17:25] [INFO] Conectado a PostgreSQL
[2026-02-12 07:17:26] [INFO] Conectado a MySQL
[2026-02-12 07:17:44] [INFO] Conectado a PostgreSQL
[2026-02-12 07:17:44] [INFO] Conectado a MySQL
[2026-02-12 07:17:44] [INFO] === INICIANDO SINCRONIZACIÓN ===
[2026-02-12 07:17:44] [WARNING] Sistema de notificaciones no disponible (pip install win10toast)
[2026-02-12 07:17:44] [INFO] Verificando/creando tabla sync_hashes...
[2026-02-12 07:17:44] [WARNING]   ⚠️ Error creando índice 'idx_sync_hashes_lookup': la relación «idx_sync_hashes_lookup» ya existe

[2026-02-12 07:17:44] [WARNING]   ⚠️ Error creando índice 'idx_sync_hashes_table': la relación «idx_sync_hashes_table» ya existe

[2026-02-12 07:17:44] [SUCCESS] ✅ Tabla sync_hashes lista
[2026-02-12 07:17:44] [INFO] 
[2026-02-12 07:17:44] [INFO] ╔════════════════════════════════════════════════════════════════╗
[2026-02-12 07:17:44] [INFO] ║          SINCRONIZACIÓN INTELIGENTE CON TABLA DE HASHES          ║
[2026-02-12 07:17:44] [INFO] ╚════════════════════════════════════════════════════════════════╝
[2026-02-12 07:17:44] [INFO] 
[2026-02-12 07:17:44] [SUCCESS] ✅ Conectado a PostgreSQL
[2026-02-12 07:17:45] [SUCCESS] ✅ Conectado a MySQL (pymysql)
[2026-02-12 07:17:45] [DEBUG]    Host: 91.238.160.176
[2026-02-12 07:17:45] [DEBUG]    Port: 3306
[2026-02-12 07:17:45] [DEBUG]    Database: chrystal_movil
[2026-02-12 07:17:45] [INFO] 🔍 Buscando empresa: RIF=J502741283, Email=multiserviciosleblanc@gmail.com
[2026-02-12 07:17:45] [DEBUG]   🔍 Verificando tabla 'acceso' (RIF y email)...
[2026-02-12 07:17:45] [SUCCESS]   ✅ Empresa encontrada en tabla 'acceso' (RIF y email coinciden)
[2026-02-12 07:17:45] [DEBUG]   🔍 Verificando tabla 'company' en PostgreSQL (por email)...
[2026-02-12 07:17:45] [SUCCESS]   ✅ Empresa encontrada en tabla 'company' de PostgreSQL
[2026-02-12 07:17:45] [DEBUG]      ID: G8RH3LzTC/ogVCXtfgYmfGlqtRYTPDZY7g0Ecax9eIjHMSGfkKJfGL/eHdZFvBtLDSe4cd2KUPFt3FX8Btm+sIJ1vwsoDtDpCbibwuxqgNNqqlKsxEU/NVlACu1NSU9tQ2mN2xDcEBL6eOpdZJryqZwSvb7dVJMZwAk6oJJuNbXkfyND5KL/TF5NfFFp0ULsVM/jVw8oa7mm3Xl39qnsIkqhRCp/+1ovLGsDDtNcUvVQtqMqZfvMH6ivR2T4nLmtD7EebsrXdbNf2JWCvEI2Z8J/h/yJMNNg7F785yECkFzCNIBJXVfp7AXRvrkm783Qt+d1cA7TWo+V0d1Gr1bfXA==
[2026-02-12 07:17:45] [DEBUG]   🔍 Buscando en tabla 'companies'...
[2026-02-12 07:17:45] [SUCCESS] ✅ Empresa encontrada:  (ID: 74)
[2026-02-12 07:17:45] [INFO] Detectando cambios en products...
[2026-02-12 07:17:46] [INFO] Products: 0 nuevos, 0 modificados, 0 eliminados
[2026-02-12 07:17:46] [INFO] Detectando cambios en customers...
[2026-02-12 07:17:47] [INFO] Customers: 0 nuevos, 0 modificados, 0 eliminados
[2026-02-12 07:17:47] [INFO] Detectando cambios en categories...
[2026-02-12 07:17:47] [INFO] Categories: 0 nuevos, 0 modificados, 0 eliminados
[2026-02-12 07:17:47] [INFO] Detectando cambios en products (MySQL → PostgreSQL)...
[2026-02-12 07:17:48] [INFO]    📋 Products encontrados en MySQL: 776
[2026-02-12 07:17:48] [DEBUG]    🔍 Códigos: ['001', '002', '003', '004', '0040962166604', '005', '006', '007', '008', '009']...
[2026-02-12 07:17:48] [DEBUG]    🔍 Product #165440 (001): hash_guardado=3778c300
[2026-02-12 07:17:48] [DEBUG]    🔍 Product #165441 (002): hash_guardado=e237e86e
[2026-02-12 07:17:48] [DEBUG]    🔍 Product #165442 (003): hash_guardado=76fe9c7a
[2026-02-12 07:17:48] [DEBUG]    🔍 Product #165443 (004): hash_guardado=8a475227
[2026-02-12 07:17:48] [DEBUG]    🔍 Product #165444 (0040962166604): hash_guardado=5095f592
[2026-02-12 07:17:48] [DEBUG]    🔍 Product #165445 (005): hash_guardado=408f391e
[2026-02-12 07:17:48] [DEBUG]    🔍 Product #165446 (006): hash_guardado=6948bf4a
[2026-02-12 07:17:48] [DEBUG]    🔍 Product #165447 (007): hash_guardado=8b09f6f1
[2026-02-12 07:17:48] [DEBUG]    🔍 Product #165448 (008): hash_guardado=31fe92a3
[2026-02-12 07:17:48] [DEBUG]    🔍 Product #165449 (009): hash_guardado=2ef49e41
[2026-02-12 07:17:48] [DEBUG]    🔍 Product #165450 (01): hash_guardado=80f8bdc3
[2026-02-12 07:17:48] [DEBUG]    🔍 Product #165451 (010): hash_guardado=02a3875f
[2026-02-12 07:17:48] [DEBUG]    🔍 Product #165452 (01009): hash_guardado=ce1d4e40
[2026-02-12 07:17:48] [DEBUG]    🔍 Product #165453 (011): hash_guardado=33c709ca
[2026-02-12 07:17:48] [DEBUG]    🔍 Product #165454 (012): hash_guardado=eb94dea8
[2026-02-12 07:17:48] [DEBUG]    🔍 Product #165455 (013): hash_guardado=873a7d0e
[2026-02-12 07:17:48] [DEBUG]    🔍 Product #165456 (0137137400038): hash_guardado=f34adb97
[2026-02-12 07:17:48] [DEBUG]    🔍 Product #165457 (0137137400068): hash_guardado=22120b0a
[2026-02-12 07:17:48] [DEBUG]    🔍 Product #165458 (014): hash_guardado=67e99abe
[2026-02-12 07:17:48] [DEBUG]    🔍 Product #165459 (015): hash_guardado=6b629308
[2026-02-12 07:17:48] [DEBUG]    🔍 Product #165460 (016): hash_guardado=4cfbe1e1
[2026-02-12 07:17:48] [DEBUG]    🔍 Product #165461 (017): hash_guardado=18e9d3f5
[2026-02-12 07:17:48] [DEBUG]    🔍 Product #165462 (018): hash_guardado=5c5e99d0
[2026-02-12 07:17:48] [DEBUG]    🔍 Product #165463 (019): hash_guardado=218cd58a
[2026-02-12 07:17:48] [DEBUG]    🔍 Product #165464 (02): hash_guardado=92014c3a
[2026-02-12 07:17:48] [DEBUG]    🔍 Product #165465 (020): hash_guardado=04599602
[2026-02-12 07:17:48] [DEBUG]    🔍 Product #165466 (02004): hash_guardado=321d98c0
[2026-02-12 07:17:48] [DEBUG]    🔍 Product #165467 (021): hash_guardado=4439e38c
[2026-02-12 07:17:48] [DEBUG]    🔍 Product #165468 (022): hash_guardado=d8bdea50
[2026-02-12 07:17:48] [DEBUG]    🔍 Product #165469 (023): hash_guardado=a3aa77b5
[2026-02-12 07:17:48] [DEBUG]    🔍 Product #165470 (024): hash_guardado=3e30b75a
[2026-02-12 07:17:48] [DEBUG]    🔍 Product #165471 (025): hash_guardado=2eedbe24
[2026-02-12 07:17:48] [DEBUG]    🔍 Product #165472 (026): hash_guardado=914ed803
[2026-02-12 07:17:48] [DEBUG]    🔍 Product #165473 (027): hash_guardado=bf1e8a83
[2026-02-12 07:17:48] [DEBUG]    🔍 Product #165474 (028): hash_guardado=a0773ad6
[2026-02-12 07:17:48] [DEBUG]    🔍 Product #165475 (029): hash_guardado=80b423b3
[2026-02-12 07:17:48] [DEBUG]    🔍 Product #165476 (030): hash_guardado=8399a88b
[2026-02-12 07:17:48] [DEBUG]    🔍 Product #165477 (031): hash_guardado=0957433b
[2026-02-12 07:17:48] [DEBUG]    🔍 Product #165478 (031655531908): hash_guardado=6b6ad739
[2026-02-12 07:17:48] [DEBUG]    🔍 Product #165479 (032): hash_guardado=501cbea1
[2026-02-12 07:17:48] [DEBUG]    🔍 Product #165480 (033): hash_guardado=d9cd4e86
[2026-02-12 07:17:48] [DEBUG]    🔍 Product #165481 (034): hash_guardado=70098e24
[2026-02-12 07:17:48] [DEBUG]    🔍 Product #165482 (035): hash_guardado=e045d769
[2026-02-12 07:17:48] [DEBUG]    🔍 Product #165483 (036): hash_guardado=c64a811c
[2026-02-12 07:17:48] [DEBUG]    🔍 Product #165484 (037): hash_guardado=bacc2372
[2026-02-12 07:17:48] [DEBUG]    🔍 Product #165485 (038): hash_guardado=9e02a9f9
[2026-02-12 07:17:48] [DEBUG]    🔍 Product #165486 (039): hash_guardado=bfbe24d8
[2026-02-12 07:17:48] [DEBUG]    🔍 Product #165487 (040): hash_guardado=4aca40cd
[2026-02-12 07:17:48] [DEBUG]    🔍 Product #165488 (041): hash_guardado=a37b272d
[2026-02-12 07:17:48] [DEBUG]    🔍 Product #165489 (042): hash_guardado=8cfec6f1
[2026-02-12 07:17:48] [DEBUG]    🔍 Product #165490 (043): hash_guardado=24161fda
[2026-02-12 07:17:48] [DEBUG]    🔍 Product #165491 (044): hash_guardado=3700d939
[2026-02-12 07:17:48] [DEBUG]    🔍 Product #165492 (045): hash_guardado=361c1f07
[2026-02-12 07:17:48] [DEBUG]    🔍 Product #165493 (046): hash_guardado=1d36025e
[2026-02-12 07:17:48] [DEBUG]    🔍 Product #165494 (046500017919): hash_guardado=d28f7556
[2026-02-12 07:17:48] [DEBUG]    🔍 Product #165495 (046500761911): hash_guardado=c7109e2d
[2026-02-12 07:17:48] [DEBUG]    🔍 Product #165496 (047): hash_guardado=fe0e539f
[2026-02-12 07:17:48] [DEBUG]    🔍 Product #165497 (048): hash_guardado=1d4d780a
[2026-02-12 07:17:49] [DEBUG]    🔍 Product #165498 (049): hash_guardado=fca071df
[2026-02-12 07:17:49] [DEBUG]    🔍 Product #165499 (050): hash_guardado=27df7019
[2026-02-12 07:17:49] [DEBUG]    🔍 Product #165500 (051): hash_guardado=fa794a85
[2026-02-12 07:17:49] [DEBUG]    🔍 Product #165501 (052): hash_guardado=57d9f213
[2026-02-12 07:17:49] [DEBUG]    🔍 Product #165502 (053): hash_guardado=61bd34ea
[2026-02-12 07:17:49] [DEBUG]    🔍 Product #165503 (054): hash_guardado=8fb3cfe2
[2026-02-12 07:17:49] [DEBUG]    🔍 Product #165504 (055): hash_guardado=bd5b4325
[2026-02-12 07:17:49] [DEBUG]    🔍 Product #165505 (056): hash_guardado=8a45ddb9
[2026-02-12 07:17:49] [DEBUG]    🔍 Product #165506 (057): hash_guardado=901fa850
[2026-02-12 07:17:49] [DEBUG]    🔍 Product #165507 (058): hash_guardado=43bd0c3c
[2026-02-12 07:17:49] [DEBUG]    🔍 Product #165508 (059): hash_guardado=a884c45d
[2026-02-12 07:17:49] [DEBUG]    🔍 Product #165509 (060): hash_guardado=e5a9422d
[2026-02-12 07:17:49] [DEBUG]    🔍 Product #165510 (061): hash_guardado=4ea8f0d7
[2026-02-12 07:17:49] [DEBUG]    🔍 Product #165511 (062): hash_guardado=81c77611
[2026-02-12 07:17:49] [DEBUG]    🔍 Product #165512 (063): hash_guardado=5a5a2af1
[2026-02-12 07:17:49] [DEBUG]    🔍 Product #165513 (0638126959492): hash_guardado=8345dfa6
[2026-02-12 07:17:49] [DEBUG]    🔍 Product #165514 (064): hash_guardado=1f296dad
[2026-02-12 07:17:49] [DEBUG]    🔍 Product #165515 (065): hash_guardado=988bacac
[2026-02-12 07:17:49] [DEBUG]    🔍 Product #165516 (0651536393441): hash_guardado=a996d163
[2026-02-12 07:17:49] [DEBUG]    🔍 Product #165517 (066): hash_guardado=4be94f27
[2026-02-12 07:17:49] [DEBUG]    🔍 Product #165518 (067): hash_guardado=40a12dd0
[2026-02-12 07:17:49] [DEBUG]    🔍 Product #165519 (068): hash_guardado=c4ecf361
[2026-02-12 07:17:49] [DEBUG]    🔍 Product #165520 (069): hash_guardado=870e0cd2
[2026-02-12 07:17:49] [DEBUG]    🔍 Product #165521 (070): hash_guardado=66771832
[2026-02-12 07:17:49] [DEBUG]    🔍 Product #165522 (071): hash_guardado=79107642
[2026-02-12 07:17:49] [DEBUG]    🔍 Product #165523 (071641300019): hash_guardado=a5defb1b
[2026-02-12 07:17:49] [DEBUG]    🔍 Product #165524 (072): hash_guardado=566e8eb2
[2026-02-12 07:17:49] [DEBUG]    🔍 Product #165525 (073): hash_guardado=59bb1d15
[2026-02-12 07:17:49] [DEBUG]    🔍 Product #165526 (074): hash_guardado=d612bc63
[2026-02-12 07:17:49] [DEBUG]    🔍 Product #165527 (075): hash_guardado=c011f09a
[2026-02-12 07:17:49] [DEBUG]    🔍 Product #165528 (076): hash_guardado=60ec4752
[2026-02-12 07:17:49] [DEBUG]    🔍 Product #165529 (077): hash_guardado=8741d604
[2026-02-12 07:17:49] [DEBUG]    🔍 Product #165530 (078): hash_guardado=4c1670fa
[2026-02-12 07:17:49] [DEBUG]    🔍 Product #165531 (079): hash_guardado=526a7888
[2026-02-12 07:17:49] [DEBUG]    🔍 Product #165532 (080): hash_guardado=762e1e12
[2026-02-12 07:17:49] [DEBUG]    🔍 Product #165533 (081): hash_guardado=6ace44ff
[2026-02-12 07:17:49] [DEBUG]    🔍 Product #165534 (083): hash_guardado=50e6a113
[2026-02-12 07:17:49] [DEBUG]    🔍 Product #165535 (084): hash_guardado=5605345a
[2026-02-12 07:17:49] [DEBUG]    🔍 Product #165536 (085): hash_guardado=46fedcd8
[2026-02-12 07:17:49] [DEBUG]    🔍 Product #165537 (086): hash_guardado=e8794a4e
[2026-02-12 07:17:49] [DEBUG]    🔍 Product #165538 (087): hash_guardado=64db5a1a
[2026-02-12 07:17:49] [DEBUG]    🔍 Product #165539 (088): hash_guardado=25e8c51a
[2026-02-12 07:17:49] [DEBUG]    🔍 Product #165540 (089): hash_guardado=50bd2f52
[2026-02-12 07:17:49] [DEBUG]    🔍 Product #165541 (090): hash_guardado=594ef698
[2026-02-12 07:17:49] [DEBUG]    🔍 Product #165542 (091): hash_guardado=6f8d9cf9
[2026-02-12 07:17:49] [DEBUG]    🔍 Product #165543 (092): hash_guardado=0f9bb88a
[2026-02-12 07:17:49] [DEBUG]    🔍 Product #165544 (093): hash_guardado=ef5d4d4a
[2026-02-12 07:17:49] [DEBUG]    🔍 Product #165545 (094): hash_guardado=a1af471b
[2026-02-12 07:17:49] [DEBUG]    🔍 Product #165546 (095): hash_guardado=26af1316
[2026-02-12 07:17:49] [DEBUG]    🔍 Product #165547 (096): hash_guardado=fcec999b
[2026-02-12 07:17:49] [DEBUG]    🔍 Product #165548 (097): hash_guardado=9f007db3
[2026-02-12 07:17:49] [DEBUG]    🔍 Product #165549 (098): hash_guardado=c031be9b
[2026-02-12 07:17:49] [DEBUG]    🔍 Product #165550 (099): hash_guardado=51be3959
[2026-02-12 07:17:49] [DEBUG]    🔍 Product #165551 (100): hash_guardado=e7605253
[2026-02-12 07:17:49] [DEBUG]    🔍 Product #165552 (101): hash_guardado=64628901
[2026-02-12 07:17:49] [DEBUG]    🔍 Product #165553 (10100000106): hash_guardado=84e8124c
[2026-02-12 07:17:49] [DEBUG]    🔍 Product #165554 (10100000203): hash_guardado=e327a249
[2026-02-12 07:17:49] [DEBUG]    🔍 Product #165555 (102): hash_guardado=7ae8e0f7
[2026-02-12 07:17:49] [DEBUG]    🔍 Product #165556 (103): hash_guardado=88514bae
[2026-02-12 07:17:49] [DEBUG]    🔍 Product #165557 (104): hash_guardado=4d0ec4b8
[2026-02-12 07:17:49] [DEBUG]    🔍 Product #165558 (105): hash_guardado=5b6e234c
[2026-02-12 07:17:49] [DEBUG]    🔍 Product #165559 (106): hash_guardado=bd239288
[2026-02-12 07:17:49] [DEBUG]    🔍 Product #165560 (107): hash_guardado=09131656
[2026-02-12 07:17:49] [DEBUG]    🔍 Product #165561 (108): hash_guardado=a5fc201b
[2026-02-12 07:17:49] [DEBUG]    🔍 Product #165562 (109): hash_guardado=0deb5d1f
[2026-02-12 07:17:49] [DEBUG]    🔍 Product #165563 (110): hash_guardado=2311488d
[2026-02-12 07:17:49] [DEBUG]    🔍 Product #165564 (111): hash_guardado=2bfbff65
[2026-02-12 07:17:49] [DEBUG]    🔍 Product #165565 (112): hash_guardado=3c5139ab
[2026-02-12 07:17:49] [DEBUG]    🔍 Product #165566 (113): hash_guardado=2230245f
[2026-02-12 07:17:49] [DEBUG]    🔍 Product #165567 (114): hash_guardado=4e3ca33c
[2026-02-12 07:17:49] [DEBUG]    🔍 Product #165568 (115): hash_guardado=474b1a83
[2026-02-12 07:17:49] [DEBUG]    🔍 Product #165569 (116): hash_guardado=995489fb
[2026-02-12 07:17:49] [DEBUG]    🔍 Product #165570 (117): hash_guardado=4c7b562f
[2026-02-12 07:17:49] [DEBUG]    🔍 Product #165571 (118): hash_guardado=3d205d5e
[2026-02-12 07:17:49] [DEBUG]    🔍 Product #165572 (119): hash_guardado=07ce4480
[2026-02-12 07:17:49] [DEBUG]    🔍 Product #165573 (123): hash_guardado=ddc0d602
[2026-02-12 07:17:49] [DEBUG]    🔍 Product #165574 (16042002): hash_guardado=b4d6393c
[2026-02-12 07:17:49] [DEBUG]    🔍 Product #165575 (16326002): hash_guardado=5b5d6151
[2026-02-12 07:17:49] [DEBUG]    🔍 Product #165576 (1666141661112): hash_guardado=1ba54b70
[2026-02-12 07:17:49] [DEBUG]    🔍 Product #165577 (194252151037): hash_guardado=1ffe521b
[2026-02-12 07:17:49] [DEBUG]    🔍 Product #165578 (194850587290): hash_guardado=24f476ab
[2026-02-12 07:17:49] [DEBUG]    🔍 Product #165579 (2001800043000): hash_guardado=3d0899b1
[2026-02-12 07:17:49] [DEBUG]    🔍 Product #165580 (2064U): hash_guardado=91c57ca5
[2026-02-12 07:17:49] [DEBUG]    🔍 Product #165581 (2190PAM1): hash_guardado=797470ea
[2026-02-12 07:17:49] [DEBUG]    🔍 Product #165582 (2467574075480): hash_guardado=dbc3c512
[2026-02-12 07:17:49] [DEBUG]    🔍 Product #165583 (3303201707318): hash_guardado=8f29c38a
[2026-02-12 07:17:49] [DEBUG]    🔍 Product #165584 (37192.61): hash_guardado=fb5e06f9
[2026-02-12 07:17:49] [DEBUG]    🔍 Product #165585 (41250.51): hash_guardado=c5d837b8
[2026-02-12 07:17:49] [DEBUG]    🔍 Product #165586 (4443436520173): hash_guardado=a05ea887
[2026-02-12 07:17:49] [DEBUG]    🔍 Product #165587 (4650125480155): hash_guardado=b0fc7318
[2026-02-12 07:17:49] [DEBUG]    🔍 Product #165588 (4712927861874): hash_guardado=ee9decff
[2026-02-12 07:17:49] [DEBUG]    🔍 Product #165589 (47661800763561): hash_guardado=f03d3b69
[2026-02-12 07:17:49] [DEBUG]    🔍 Product #165590 (4786234500641): hash_guardado=252933d8
[2026-02-12 07:17:49] [DEBUG]    🔍 Product #165591 (4786234500658): hash_guardado=cbb53737
[2026-02-12 07:17:49] [DEBUG]    🔍 Product #165592 (4891199089183): hash_guardado=dcb137be
[2026-02-12 07:17:49] [DEBUG]    🔍 Product #165593 (4891199136313): hash_guardado=8d62bc3b
[2026-02-12 07:17:49] [DEBUG]    🔍 Product #165594 (4891199145773): hash_guardado=5d112850
[2026-02-12 07:17:49] [DEBUG]    🔍 Product #165595 (5204296823823): hash_guardado=dca7b059
[2026-02-12 07:17:49] [DEBUG]    🔍 Product #165596 (5469840256681): hash_guardado=3a8f3c6c
[2026-02-12 07:17:49] [DEBUG]    🔍 Product #165597 (5565148310152): hash_guardado=592a6375
[2026-02-12 07:17:49] [DEBUG]    🔍 Product #165598 (569): hash_guardado=8d0a2727
[2026-02-12 07:17:49] [DEBUG]    🔍 Product #165599 (57X38 MM): hash_guardado=9d37a5c7
[2026-02-12 07:17:49] [DEBUG]    🔍 Product #165600 (5-A): hash_guardado=d3a0fd07
[2026-02-12 07:17:49] [DEBUG]    🔍 Product #165601 (6085010044712): hash_guardado=402f1232
[2026-02-12 07:17:49] [DEBUG]    🔍 Product #165602 (6085010094182): hash_guardado=4b85a31a
[2026-02-12 07:17:49] [DEBUG]    🔍 Product #165603 (6290171002338): hash_guardado=7d6e894a
[2026-02-12 07:17:49] [DEBUG]    🔍 Product #165604 (6290171072591): hash_guardado=0323e716
[2026-02-12 07:17:49] [DEBUG]    🔍 Product #165605 (6290171072836): hash_guardado=af319df1
[2026-02-12 07:17:49] [DEBUG]    🔍 Product #165606 (6291100137565): hash_guardado=1cac334b
[2026-02-12 07:17:49] [DEBUG]    🔍 Product #165607 (6291108730317): hash_guardado=e8f0dd6f
[2026-02-12 07:17:49] [DEBUG]    🔍 Product #165608 (6291108730515): hash_guardado=eb45cd1f
[2026-02-12 07:17:49] [DEBUG]    🔍 Product #165609 (6291108733486): hash_guardado=76730695
[2026-02-12 07:17:49] [DEBUG]    🔍 Product #165610 (6291108735879): hash_guardado=ed6e5c5f
[2026-02-12 07:17:49] [DEBUG]    🔍 Product #165611 (6294015102260): hash_guardado=f98053bb
[2026-02-12 07:17:49] [DEBUG]    🔍 Product #165612 (6294015136470): hash_guardado=07a7675f
[2026-02-12 07:17:49] [DEBUG]    🔍 Product #165613 (6294015149371): hash_guardado=602bb3f6
[2026-02-12 07:17:49] [DEBUG]    🔍 Product #165614 (6294015160734): hash_guardado=c86f94de
[2026-02-12 07:17:49] [DEBUG]    🔍 Product #165615 (6294015164176): hash_guardado=0fe7ea0d
[2026-02-12 07:17:49] [DEBUG]    🔍 Product #165616 (6820200931010): hash_guardado=39820620
[2026-02-12 07:17:49] [DEBUG]    🔍 Product #165617 (6833158749552): hash_guardado=c0006136
[2026-02-12 07:17:49] [DEBUG]    🔍 Product #165618 (6856475436325): hash_guardado=42f2564b
[2026-02-12 07:17:49] [DEBUG]    🔍 Product #165619 (6901826888138): hash_guardado=2cf7986c
[2026-02-12 07:17:49] [DEBUG]    🔍 Product #165620 (6902130638242): hash_guardado=89bf7c7a
[2026-02-12 07:17:49] [DEBUG]    🔍 Product #165621 (69101P): hash_guardado=60d5c76d
[2026-02-12 07:17:49] [DEBUG]    🔍 Product #165622 (6931905006139): hash_guardado=aff6e5f3
[2026-02-12 07:17:49] [DEBUG]    🔍 Product #165623 (6932746800030): hash_guardado=53dcd1d7
[2026-02-12 07:17:49] [DEBUG]    🔍 Product #165624 (6935364089634): hash_guardado=830036eb
[2026-02-12 07:17:49] [DEBUG]    🔍 Product #165625 (6935364095635): hash_guardado=ae5b33b8
[2026-02-12 07:17:49] [DEBUG]    🔍 Product #165626 (6935482287691): hash_guardado=b8f2a3cb
[2026-02-12 07:17:49] [DEBUG]    🔍 Product #165627 (6936648520454): hash_guardado=33b12cfb
[2026-02-12 07:17:49] [DEBUG]    🔍 Product #165628 (6937544301406): hash_guardado=de9fe249
[2026-02-12 07:17:49] [DEBUG]    🔍 Product #165629 (6937544370297): hash_guardado=4c9d982d
[2026-02-12 07:17:49] [DEBUG]    🔍 Product #165630 (6938408021270): hash_guardado=3627a8e8
[2026-02-12 07:17:49] [DEBUG]    🔍 Product #165631 (6940975926506): hash_guardado=a4508d87
[2026-02-12 07:17:49] [DEBUG]    🔍 Product #165632 (6941059606628): hash_guardado=e8c7552d
[2026-02-12 07:17:49] [DEBUG]    🔍 Product #165633 (6942063600022): hash_guardado=2e8deab7
[2026-02-12 07:17:49] [DEBUG]    🔍 Product #165634 (6948391225111): hash_guardado=76ebe6ac
[2026-02-12 07:17:49] [DEBUG]    🔍 Product #165635 (6948447510406): hash_guardado=9df37cdd
[2026-02-12 07:17:49] [DEBUG]    🔍 Product #165636 (6952879101033): hash_guardado=0f4824b6
[2026-02-12 07:17:49] [DEBUG]    🔍 Product #165637 (6954300622285): hash_guardado=a13c867f
[2026-02-12 07:17:49] [DEBUG]    🔍 Product #165638 (6954300625989): hash_guardado=f24082d8
[2026-02-12 07:17:49] [DEBUG]    🔍 Product #165639 (6954300626245): hash_guardado=dd6b6db1
[2026-02-12 07:17:49] [DEBUG]    🔍 Product #165640 (6954300636572): hash_guardado=1a3357ba
[2026-02-12 07:17:49] [DEBUG]    🔍 Product #165641 (6954300685921): hash_guardado=4dc3d42b
[2026-02-12 07:17:49] [DEBUG]    🔍 Product #165642 (6954300698860): hash_guardado=bfb984fa
[2026-02-12 07:17:49] [DEBUG]    🔍 Product #165643 (6955331816124): hash_guardado=438a38d5
[2026-02-12 07:17:49] [DEBUG]    🔍 Product #165644 (6959984401041): hash_guardado=2725c103
[2026-02-12 07:17:49] [DEBUG]    🔍 Product #165645 (6960770170287): hash_guardado=9358bcaf
[2026-02-12 07:17:49] [DEBUG]    🔍 Product #165646 (6968498495910): hash_guardado=c2bba7c5
[2026-02-12 07:17:49] [DEBUG]    🔍 Product #165647 (6970466900395): hash_guardado=4e316efa
[2026-02-12 07:17:49] [DEBUG]    🔍 Product #165648 (6971083491051): hash_guardado=b59cb0fb
[2026-02-12 07:17:49] [DEBUG]    🔍 Product #165649 (6971192051948): hash_guardado=1f9db7f4
[2026-02-12 07:17:49] [DEBUG]    🔍 Product #165650 (6971192051993): hash_guardado=0957d562
[2026-02-12 07:17:49] [DEBUG]    🔍 Product #165651 (6971399289939): hash_guardado=1cff9b18
[2026-02-12 07:17:49] [DEBUG]    🔍 Product #165652 (6971542158273): hash_guardado=c910fc24
[2026-02-12 07:17:49] [DEBUG]    🔍 Product #165653 (6975391430207): hash_guardado=f994d9fb
[2026-02-12 07:17:49] [DEBUG]    🔍 Product #165654 (6976367601676): hash_guardado=85fa76c5
[2026-02-12 07:17:49] [DEBUG]    🔍 Product #165655 (6986283615695): hash_guardado=2d7e2445
[2026-02-12 07:17:49] [DEBUG]    🔍 Product #165656 (6988822375350): hash_guardado=1765ab43
[2026-02-12 07:17:49] [DEBUG]    🔍 Product #165657 (6989652360011): hash_guardado=fa678488
[2026-02-12 07:17:49] [DEBUG]    🔍 Product #165658 (6992019802208): hash_guardado=71db63c9
[2026-02-12 07:17:49] [DEBUG]    🔍 Product #165659 (6999881512181): hash_guardado=34191be7
[2026-02-12 07:17:49] [DEBUG]    🔍 Product #165660 (710497705592): hash_guardado=c44036a4
[2026-02-12 07:17:49] [DEBUG]    🔍 Product #165661 (710497705608): hash_guardado=d9ff767f
[2026-02-12 07:17:49] [DEBUG]    🔍 Product #165662 (710497971362): hash_guardado=05d289ae
[2026-02-12 07:17:49] [DEBUG]    🔍 Product #165663 (713757145015): hash_guardado=dbb93dcb
[2026-02-12 07:17:49] [DEBUG]    🔍 Product #165664 (713757150118): hash_guardado=7d0fec50
[2026-02-12 07:17:49] [DEBUG]    🔍 Product #165665 (719346065405): hash_guardado=24515588
[2026-02-12 07:17:49] [DEBUG]    🔍 Product #165666 (720171614218): hash_guardado=24b5c1ca
[2026-02-12 07:17:49] [DEBUG]    🔍 Product #165667 (720171614577): hash_guardado=659b03a7
[2026-02-12 07:17:49] [DEBUG]    🔍 Product #165668 (720171615529): hash_guardado=ea6abb36
[2026-02-12 07:17:49] [DEBUG]    🔍 Product #165669 (720171616373): hash_guardado=26155677
[2026-02-12 07:17:49] [DEBUG]    🔍 Product #165670 (723813LA): hash_guardado=1d9ee783
[2026-02-12 07:17:49] [DEBUG]    🔍 Product #165671 (723868935856): hash_guardado=901bf5f3
[2026-02-12 07:17:49] [DEBUG]    🔍 Product #165672 (728662221792): hash_guardado=ae9a1aa0
[2026-02-12 07:17:49] [DEBUG]    🔍 Product #165673 (736211543981): hash_guardado=afd8ef09
[2026-02-12 07:17:49] [DEBUG]    🔍 Product #165674 (740617263442): hash_guardado=eec70f72
[2026-02-12 07:17:49] [DEBUG]    🔍 Product #165675 (740617309720): hash_guardado=020721be
[2026-02-12 07:17:49] [DEBUG]    🔍 Product #165676 (740617309829): hash_guardado=d5a1d2ed
[2026-02-12 07:17:49] [DEBUG]    🔍 Product #165677 (740617309928): hash_guardado=eece33ff
[2026-02-12 07:17:49] [DEBUG]    🔍 Product #165678 (7453010000950): hash_guardado=b3644ee6
[2026-02-12 07:17:49] [DEBUG]    🔍 Product #165679 (7453010005757): hash_guardado=96135107
[2026-02-12 07:17:49] [DEBUG]    🔍 Product #165680 (7453010010089): hash_guardado=fdc24301
[2026-02-12 07:17:49] [DEBUG]    🔍 Product #165681 (7453010047818): hash_guardado=db437d8b
[2026-02-12 07:17:49] [DEBUG]    🔍 Product #165682 (7453010064600): hash_guardado=ea7ce677
[2026-02-12 07:17:49] [DEBUG]    🔍 Product #165683 (7453010082727): hash_guardado=380d602c
[2026-02-12 07:17:49] [DEBUG]    🔍 Product #165684 (7453010083656): hash_guardado=d63961f5
[2026-02-12 07:17:49] [DEBUG]    🔍 Product #165685 (7453015107371): hash_guardado=939f4f49
[2026-02-12 07:17:49] [DEBUG]    🔍 Product #165686 (7453015108293): hash_guardado=2101694c
[2026-02-12 07:17:49] [DEBUG]    🔍 Product #165687 (7453015110562): hash_guardado=eb0279ca
[2026-02-12 07:17:49] [DEBUG]    🔍 Product #165688 (7453015111996): hash_guardado=312b95c7
[2026-02-12 07:17:49] [DEBUG]    🔍 Product #165689 (7453015117103): hash_guardado=69d3dda4
[2026-02-12 07:17:49] [DEBUG]    🔍 Product #165690 (7453015117110): hash_guardado=7791cf86
[2026-02-12 07:17:49] [DEBUG]    🔍 Product #165691 (7453015117127): hash_guardado=8d4fbaf0
[2026-02-12 07:17:49] [DEBUG]    🔍 Product #165692 (7453015120998): hash_guardado=6bea22b3
[2026-02-12 07:17:49] [DEBUG]    🔍 Product #165693 (7453015129489): hash_guardado=d9c7a9a9
[2026-02-12 07:17:49] [DEBUG]    🔍 Product #165694 (7453015145809): hash_guardado=54c9fafe
[2026-02-12 07:17:49] [DEBUG]    🔍 Product #165695 (7453038406413): hash_guardado=3e5372b2
[2026-02-12 07:17:49] [DEBUG]    🔍 Product #165696 (7453038413404): hash_guardado=6167451b
[2026-02-12 07:17:49] [DEBUG]    🔍 Product #165697 (7453038417976): hash_guardado=5637e288
[2026-02-12 07:17:49] [DEBUG]    🔍 Product #165698 (7453038433075): hash_guardado=e3974d3c
[2026-02-12 07:17:49] [DEBUG]    🔍 Product #165699 (7453038433181): hash_guardado=f4d45161
[2026-02-12 07:17:49] [DEBUG]    🔍 Product #165700 (7453038436915): hash_guardado=3a749bfb
[2026-02-12 07:17:49] [DEBUG]    🔍 Product #165701 (7453038443937): hash_guardado=a432577e
[2026-02-12 07:17:49] [DEBUG]    🔍 Product #165702 (7453038448291): hash_guardado=f7d13d10
[2026-02-12 07:17:49] [DEBUG]    🔍 Product #165703 (7453038455961): hash_guardado=8f7606b7
[2026-02-12 07:17:49] [DEBUG]    🔍 Product #165704 (7453038470971): hash_guardado=198cf7a9
[2026-02-12 07:17:49] [DEBUG]    🔍 Product #165705 (7453038486026): hash_guardado=901fc2b5
[2026-02-12 07:17:49] [DEBUG]    🔍 Product #165706 (7453078501925): hash_guardado=e94da117
[2026-02-12 07:17:49] [DEBUG]    🔍 Product #165707 (7453078528021): hash_guardado=39989549
[2026-02-12 07:17:49] [DEBUG]    🔍 Product #165708 (7453078547626): hash_guardado=f7cf7179
[2026-02-12 07:17:49] [DEBUG]    🔍 Product #165709 (7453078547732): hash_guardado=12d03757
[2026-02-12 07:17:49] [DEBUG]    🔍 Product #165710 (7453091307061): hash_guardado=8a99b033
[2026-02-12 07:17:49] [DEBUG]    🔍 Product #165711 (7501037022476): hash_guardado=752b0e2d
[2026-02-12 07:17:49] [DEBUG]    🔍 Product #165712 (7508718000204): hash_guardado=063c8bcf
[2026-02-12 07:17:49] [DEBUG]    🔍 Product #165713 (7590033008102): hash_guardado=acefe0e7
[2026-02-12 07:17:49] [DEBUG]    🔍 Product #165714 (7591147022589): hash_guardado=1e0b67e1
[2026-02-12 07:17:49] [DEBUG]    🔍 Product #165715 (7591147360025): hash_guardado=d2a7f84f
[2026-02-12 07:17:49] [DEBUG]    🔍 Product #165716 (7591163327163): hash_guardado=e64d1183
[2026-02-12 07:17:49] [DEBUG]    🔍 Product #165717 (7591163327187): hash_guardado=d6898bfb
[2026-02-12 07:17:49] [DEBUG]    🔍 Product #165718 (7592474240028): hash_guardado=4c3955bb
[2026-02-12 07:17:49] [DEBUG]    🔍 Product #165719 (7594003390013): hash_guardado=c647db97
[2026-02-12 07:17:49] [DEBUG]    🔍 Product #165720 (7595218000384): hash_guardado=34837bdf
[2026-02-12 07:17:49] [DEBUG]    🔍 Product #165721 (7597024102207): hash_guardado=27ebc4d3
[2026-02-12 07:17:49] [DEBUG]    🔍 Product #165722 (7598874011633): hash_guardado=06d4355c
[2026-02-12 07:17:49] [DEBUG]    🔍 Product #165723 (7611160127570): hash_guardado=2bea36db
[2026-02-12 07:17:49] [DEBUG]    🔍 Product #165724 (7640496670160): hash_guardado=04663f85
[2026-02-12 07:17:49] [DEBUG]    🔍 Product #165725 (7703486037975): hash_guardado=136ea6ed
[2026-02-12 07:17:49] [DEBUG]    🔍 Product #165726 (7750082002654): hash_guardado=1256d60c
[2026-02-12 07:17:49] [DEBUG]    🔍 Product #165727 (7750082006140): hash_guardado=aa4f4d62
[2026-02-12 07:17:49] [DEBUG]    🔍 Product #165728 (7750082055537): hash_guardado=25e90290
[2026-02-12 07:17:49] [DEBUG]    🔍 Product #165729 (779778980608): hash_guardado=8ebdd371
[2026-02-12 07:17:49] [DEBUG]    🔍 Product #165730 (7822295316467): hash_guardado=70bf2996
[2026-02-12 07:17:49] [DEBUG]    🔍 Product #165731 (7851488574360): hash_guardado=307b9290
[2026-02-12 07:17:49] [DEBUG]    🔍 Product #165732 (7862111456212): hash_guardado=686b4eaf
[2026-02-12 07:17:49] [DEBUG]    🔍 Product #165733 (7891173019448): hash_guardado=4c6451c4
[2026-02-12 07:17:49] [DEBUG]    🔍 Product #165734 (7891173024480): hash_guardado=0c8e1954
[2026-02-12 07:17:49] [DEBUG]    🔍 Product #165735 (802.IIN): hash_guardado=a2c60082
[2026-02-12 07:17:49] [DEBUG]    🔍 Product #165736 (80X63 MM): hash_guardado=38ca9cc9
[2026-02-12 07:17:49] [DEBUG]    🔍 Product #165737 (80X80MM): hash_guardado=f16fb0db
[2026-02-12 07:17:49] [DEBUG]    🔍 Product #165738 (8411061701034): hash_guardado=911174c3
[2026-02-12 07:17:49] [DEBUG]    🔍 Product #165739 (8435450003714): hash_guardado=44cc31c0
[2026-02-12 07:17:49] [DEBUG]    🔍 Product #165740 (8435450003721): hash_guardado=5a29a47b
[2026-02-12 07:17:49] [DEBUG]    🔍 Product #165741 (8554144454776): hash_guardado=07db7fc1
[2026-02-12 07:17:49] [DEBUG]    🔍 Product #165742 (8559871269815): hash_guardado=55b1dcf9
[2026-02-12 07:17:49] [DEBUG]    🔍 Product #165743 (8806086511162): hash_guardado=3d6da771
[2026-02-12 07:17:49] [DEBUG]    🔍 Product #165744 (8965347986528): hash_guardado=4458614c
[2026-02-12 07:17:49] [DEBUG]    🔍 Product #165745 (9023800122025): hash_guardado=e3c37d93
[2026-02-12 07:17:49] [DEBUG]    🔍 Product #165746 (9023800385208): hash_guardado=32a267ac
[2026-02-12 07:17:49] [DEBUG]    🔍 Product #165747 (9023800395313): hash_guardado=dd6c2f75
[2026-02-12 07:17:49] [DEBUG]    🔍 Product #165748 (9023800396211): hash_guardado=5938a7e7
[2026-02-12 07:17:49] [DEBUG]    🔍 Product #165749 (9023800691019): hash_guardado=08ed3e9f
[2026-02-12 07:17:49] [DEBUG]    🔍 Product #165750 (9023800933126): hash_guardado=671d3d8b
[2026-02-12 07:17:49] [DEBUG]    🔍 Product #165751 (9023800933249): hash_guardado=8a0f171f
[2026-02-12 07:17:49] [DEBUG]    🔍 Product #165752 (909101811302): hash_guardado=6a54caa5
[2026-02-12 07:17:49] [DEBUG]    🔍 Product #165753 (9322452): hash_guardado=b415f751
[2026-02-12 07:17:49] [DEBUG]    🔍 Product #165754 (9332001): hash_guardado=2e6272c3
[2026-02-12 07:17:49] [DEBUG]    🔍 Product #165755 (9556089243520): hash_guardado=2f8b6915
[2026-02-12 07:17:49] [DEBUG]    🔍 Product #165756 (9593340882067): hash_guardado=96010b09
[2026-02-12 07:17:49] [DEBUG]    🔍 Product #165757 (9593340892059): hash_guardado=4aa6ae9f
[2026-02-12 07:17:49] [DEBUG]    🔍 Product #165758 (9789806587106): hash_guardado=70c6879c
[2026-02-12 07:17:49] [DEBUG]    🔍 Product #165759 (989898858026): hash_guardado=47cfb621
[2026-02-12 07:17:49] [DEBUG]    🔍 Product #165760 (A-10): hash_guardado=804d744e
[2026-02-12 07:17:49] [DEBUG]    🔍 Product #165761 (AA): hash_guardado=6ec6b8a0
[2026-02-12 07:17:49] [DEBUG]    🔍 Product #165762 (AAA): hash_guardado=1e9a7101
[2026-02-12 07:17:49] [DEBUG]    🔍 Product #165763 (ADAP HDMI VGA): hash_guardado=ee86faf4
[2026-02-12 07:17:49] [DEBUG]    🔍 Product #165764 (ADAP HDMI VGA CON AUDIO): hash_guardado=01af4579
[2026-02-12 07:17:49] [DEBUG]    🔍 Product #165765 (ADAP-AUDIO-D08): hash_guardado=fc0af1be
[2026-02-12 07:17:49] [DEBUG]    🔍 Product #165766 (ADAP-EUR2P): hash_guardado=6d642664
[2026-02-12 07:17:49] [DEBUG]    🔍 Product #165767 (ADAP-REDMI-8V): hash_guardado=44a93169
[2026-02-12 07:17:49] [DEBUG]    🔍 Product #165768 (ADAPTADOR EUROPA): hash_guardado=144dd6e7
[2026-02-12 07:17:49] [DEBUG]    🔍 Product #165769 (ADAP-USB-SATA): hash_guardado=15cd43c7
[2026-02-12 07:17:49] [DEBUG]    🔍 Product #165770 (AD-HDMI/VGA): hash_guardado=a208d5da
[2026-02-12 07:17:49] [DEBUG]    🔍 Product #165771 (AD-UH): hash_guardado=5fc3dbcb
[2026-02-12 07:17:49] [DEBUG]    🔍 Product #165772 (AFILADOR): hash_guardado=73d7f6fd
[2026-02-12 07:17:49] [DEBUG]    🔍 Product #165773 (AG-ARTSC): hash_guardado=ac49ee0c
[2026-02-12 07:17:49] [DEBUG]    🔍 Product #165774 (AIRTAG): hash_guardado=b5437187
[2026-02-12 07:17:49] [DEBUG]    🔍 Product #165775 (AIRTAGFORRO): hash_guardado=950d046f
[2026-02-12 07:17:49] [DEBUG]    🔍 Product #165776 (AIRTAGLLAVERO): hash_guardado=b6da5735
[2026-02-12 07:17:49] [DEBUG]    🔍 Product #165777 (ALCALDIA): hash_guardado=55e05f71
[2026-02-12 07:17:49] [DEBUG]    🔍 Product #165778 (ALMO-DACT-RED): hash_guardado=fb84dd23
[2026-02-12 07:17:49] [DEBUG]    🔍 Product #165779 (ALMO-SELLOS-AZUL): hash_guardado=d9a560fe
[2026-02-12 07:17:49] [DEBUG]    🔍 Product #165780 (ALQ-01): hash_guardado=df108b16
[2026-02-12 07:17:49] [DEBUG]    🔍 Product #165781 (ARC-CART-AKTA): hash_guardado=c7f4efce
[2026-02-12 07:17:49] [DEBUG]    🔍 Product #165782 (ARCH-): hash_guardado=397361cf
[2026-02-12 07:17:49] [DEBUG]    🔍 Product #165783 (AR-CLP-AYS): hash_guardado=abebbfad
[2026-02-12 07:17:49] [DEBUG]    🔍 Product #165784 (AR-CLP-SA): hash_guardado=710d2bb4
[2026-02-12 07:17:49] [DEBUG]    🔍 Product #165785 (ARC-OFIC-AKTA): hash_guardado=46030824
[2026-02-12 07:17:49] [DEBUG]    🔍 Product #165786 (ARCOIRIS MICRO): hash_guardado=8485d2e6
[2026-02-12 07:17:49] [DEBUG]    🔍 Product #165787 (ARO LUZ CELULAR D66): hash_guardado=30ad520e
[2026-02-12 07:17:49] [DEBUG]    🔍 Product #165788 (ARO LUZ LED 8 PULGADAS): hash_guardado=db61653a
[2026-02-12 07:17:49] [DEBUG]    🔍 Product #165789 (AUDIFONO AIRPODS IPHONE): hash_guardado=b91f87b4
[2026-02-12 07:17:49] [DEBUG]    🔍 Product #165790 (AUDIFONO CAT): hash_guardado=971f3297
[2026-02-12 07:17:49] [DEBUG]    🔍 Product #165791 (AUDIFONO STN-13): hash_guardado=f94bc16e
[2026-02-12 07:17:49] [DEBUG]    🔍 Product #165792 (AUDIFONOS-PS4): hash_guardado=25a5dfb0
[2026-02-12 07:17:49] [DEBUG]    🔍 Product #165793 (AUDIO-PLUG): hash_guardado=11332d24
[2026-02-12 07:17:49] [DEBUG]    🔍 Product #165794 (AU-JB60): hash_guardado=20265c8b
[2026-02-12 07:17:49] [DEBUG]    🔍 Product #165795 (AU-PTP): hash_guardado=7bbd4b3c
[2026-02-12 07:17:49] [DEBUG]    🔍 Product #165796 (B091GR8KM6): hash_guardado=84be8675
[2026-02-12 07:17:49] [DEBUG]    🔍 Product #165797 (B27-S-BTV): hash_guardado=3e1b55dd
[2026-02-12 07:17:49] [DEBUG]    🔍 Product #165798 (BAL-DIGITALB2090): hash_guardado=cb758a82
[2026-02-12 07:17:49] [DEBUG]    🔍 Product #165799 (BARRA DE SILICON GRUESA): hash_guardado=1bf63c1f
[2026-02-12 07:17:49] [DEBUG]    🔍 Product #165800 (BASE BODY): hash_guardado=bb1cb816
[2026-02-12 07:17:49] [DEBUG]    🔍 Product #165801 (BASE PARA TABLET STENTS): hash_guardado=3501bc50
[2026-02-12 07:17:49] [DEBUG]    🔍 Product #165802 (BASE SOPORTE DE TELEFONO CELULAR 360°): hash_guardado=575e94ad
[2026-02-12 07:17:49] [DEBUG]    🔍 Product #165803 (BASE SOPORTE ESCRITORIO): hash_guardado=acf29b5f
[2026-02-12 07:17:49] [DEBUG]    🔍 Product #165804 (BASE TV FIJA): hash_guardado=23c0f146
[2026-02-12 07:17:49] [DEBUG]    🔍 Product #165805 (BDPTCMR): hash_guardado=a2d58487
[2026-02-12 07:17:49] [DEBUG]    🔍 Product #165806 (BIKE HOLDER): hash_guardado=b1f436aa
[2026-02-12 07:17:49] [DEBUG]    🔍 Product #165807 (BLOCK): hash_guardado=fc80cbb3
[2026-02-12 07:17:49] [DEBUG]    🔍 Product #165808 (BOLIGR-): hash_guardado=0cfc376e
[2026-02-12 07:17:49] [DEBUG]    🔍 Product #165809 (BOLIGR-01): hash_guardado=b1218e77
[2026-02-12 07:17:49] [DEBUG]    🔍 Product #165810 (BOLIGRAFO TAPA NEGRA): hash_guardado=6de976ca
[2026-02-12 07:17:49] [DEBUG]    🔍 Product #165811 (BOLIGRAFO-AZUL): hash_guardado=f73b198d
[2026-02-12 07:17:49] [DEBUG]    🔍 Product #165812 (BOLIGR-K1NEGRO): hash_guardado=3a7d2291
[2026-02-12 07:17:49] [DEBUG]    🔍 Product #165813 (BOLKORTRAN): hash_guardado=fe1da4bb
[2026-02-12 07:17:49] [DEBUG]    🔍 Product #165814 (BOLSO DE TELA HAMACA): hash_guardado=9323218f
[2026-02-12 07:17:49] [DEBUG]    🔍 Product #165815 (BORRA BLANCO GRANDE): hash_guardado=ad84fd56
[2026-02-12 07:17:49] [DEBUG]    🔍 Product #165816 (BORRABLANCA): hash_guardado=be4cb7ec
[2026-02-12 07:17:49] [DEBUG]    🔍 Product #165817 (BRILLO): hash_guardado=67b0f5c9
[2026-02-12 07:17:49] [DEBUG]    🔍 Product #165818 (BSXTDD): hash_guardado=8eea2698
[2026-02-12 07:17:49] [DEBUG]    🔍 Product #165819 (BT450): hash_guardado=772f8fda
[2026-02-12 07:17:49] [DEBUG]    🔍 Product #165820 (C1): hash_guardado=508ab8b4
[2026-02-12 07:17:49] [DEBUG]    🔍 Product #165821 (CABLE ESPIRAL MICRO 3A): hash_guardado=e9e7b7c1
[2026-02-12 07:17:49] [DEBUG]    🔍 Product #165822 (CABLE HDMI BOLSA 3 METROS): hash_guardado=bf0c98f6
[2026-02-12 07:17:49] [DEBUG]    🔍 Product #165823 (CABLE HDMI BOLSA 5 METROS): hash_guardado=efef97bb
[2026-02-12 07:17:49] [DEBUG]    🔍 Product #165824 (CABLE IMPRESORA AZUL 1.5 M): hash_guardado=712cdc57
[2026-02-12 07:17:49] [DEBUG]    🔍 Product #165825 (CABLE IMPRESORA AZUL 3 M): hash_guardado=724a23fe
[2026-02-12 07:17:49] [DEBUG]    🔍 Product #165826 (CABLE IMPRESORA AZUL 5M): hash_guardado=a6b46bc9
[2026-02-12 07:17:49] [DEBUG]    🔍 Product #165827 (CABLE PLUG A PLUG): hash_guardado=92b8c99c
[2026-02-12 07:17:49] [DEBUG]    🔍 Product #165828 (CABLE- SAMSUNG): hash_guardado=cf282e47
[2026-02-12 07:17:49] [DEBUG]    🔍 Product #165829 (CABLE TELA TIPO C): hash_guardado=428fd43b
[2026-02-12 07:17:49] [DEBUG]    🔍 Product #165830 (CABLE USB SAMSUNG): hash_guardado=4c099caa
[2026-02-12 07:17:49] [DEBUG]    🔍 Product #165831 (CABLE-EXT-USB): hash_guardado=ce4f1e92
[2026-02-12 07:17:49] [DEBUG]    🔍 Product #165832 (CABLE-VGA): hash_guardado=0977679e
[2026-02-12 07:17:49] [DEBUG]    🔍 Product #165833 (CA-MARRON-CARTA): hash_guardado=410346d2
[2026-02-12 07:17:49] [DEBUG]    🔍 Product #165834 (CANTV): hash_guardado=109dc27c
[2026-02-12 07:17:49] [DEBUG]    🔍 Product #165835 (CAR F4): hash_guardado=164a1138
[2026-02-12 07:17:49] [DEBUG]    🔍 Product #165836 (CAR F6): hash_guardado=52b6de30
[2026-02-12 07:17:49] [DEBUG]    🔍 Product #165837 (CAR HOLDER): hash_guardado=bfa8a9bc
[2026-02-12 07:17:49] [DEBUG]    🔍 Product #165838 (CAR MP3 PLAYER): hash_guardado=ab3a71c2
[2026-02-12 07:17:49] [DEBUG]    🔍 Product #165839 (CAR MP3 PLAYER MULTIFUNCION): hash_guardado=dbde4d09
[2026-02-12 07:17:49] [DEBUG]    🔍 Product #165840 (CARGADOR 67W XIAOMI): hash_guardado=0d6e6a76
[2026-02-12 07:17:49] [DEBUG]    🔍 Product #165841 (CARGADOR BELKIN): hash_guardado=4c829812
[2026-02-12 07:17:49] [DEBUG]    🔍 Product #165842 (CARGADOR CERTIFICADO): hash_guardado=df957289
[2026-02-12 07:17:49] [DEBUG]    🔍 Product #165843 (CARGADOR COMPLETO SAMSUNG 2 IN 1): hash_guardado=6d872237
[2026-02-12 07:17:49] [DEBUG]    🔍 Product #165844 (CARGADOR LAPTOP UNIVERSAL): hash_guardado=d29cf307
[2026-02-12 07:17:49] [DEBUG]    🔍 Product #165845 (CARGADOR MICRO POWER ADAPTER): hash_guardado=93b73d76
[2026-02-12 07:17:49] [DEBUG]    🔍 Product #165846 (CARGADOR-00): hash_guardado=56b83cab
[2026-02-12 07:17:49] [DEBUG]    🔍 Product #165847 (CARG-CARRO7A): hash_guardado=a04dd69b
[2026-02-12 07:17:49] [DEBUG]    🔍 Product #165848 (CARG-SAFETY-CARRO): hash_guardado=f3f70e47
[2026-02-12 07:17:49] [DEBUG]    🔍 Product #165849 (CARPETA DE AROS BLANCA): hash_guardado=fac22288
[2026-02-12 07:17:49] [DEBUG]    🔍 Product #165850 (CARPETA MANILA CARTA): hash_guardado=dc98e270
[2026-02-12 07:17:49] [DEBUG]    🔍 Product #165851 (CARPETA MANILA CARTA 18 1/2 X11): hash_guardado=d3666cb7
[2026-02-12 07:17:49] [DEBUG]    🔍 Product #165852 (CARPETA PRESENTACION CARTA): hash_guardado=51cdede3
[2026-02-12 07:17:49] [DEBUG]    🔍 Product #165853 (CARPETA PRESENTACION OFICIO): hash_guardado=11d9ccad
[2026-02-12 07:17:49] [DEBUG]    🔍 Product #165854 (CARP-MANILA-OFICIO): hash_guardado=4baf8e3e
[2026-02-12 07:17:49] [DEBUG]    🔍 Product #165855 (CARP-MARRON-OFICIO): hash_guardado=ad7ed2f7
[2026-02-12 07:17:49] [DEBUG]    🔍 Product #165856 (CARTULIN ESCARCHADA FUCSIA): hash_guardado=becc95ed
[2026-02-12 07:17:49] [DEBUG]    🔍 Product #165857 (CARTULINA): hash_guardado=e56d3496
[2026-02-12 07:17:49] [DEBUG]    🔍 Product #165858 (CARTULINA DISEÑO): hash_guardado=a54b0738
[2026-02-12 07:17:49] [DEBUG]    🔍 Product #165859 (CARTULINA ESCARCHADA DE PLATA): hash_guardado=2f7926a4
[2026-02-12 07:17:49] [DEBUG]    🔍 Product #165860 (CARTULINA ESCARCHADA ROJO): hash_guardado=97abfa10
[2026-02-12 07:17:49] [DEBUG]    🔍 Product #165861 (CARTULINA ESCARCHADA ROSADA): hash_guardado=d3ff675c
[2026-02-12 07:17:49] [DEBUG]    🔍 Product #165862 (CARTULINA ESCARCHADA VERDE NAVIDAD): hash_guardado=2a5b0b05
[2026-02-12 07:17:49] [DEBUG]    🔍 Product #165863 (CARTULINA ESCARCHADO AZUL REY): hash_guardado=7bf979f7
[2026-02-12 07:17:49] [DEBUG]    🔍 Product #165864 (CARTULINA METALDORADA): hash_guardado=071211be
[2026-02-12 07:17:49] [DEBUG]    🔍 Product #165865 (CARTULINA METALIZADA NEGRA): hash_guardado=8a0ed476
[2026-02-12 07:17:49] [DEBUG]    🔍 Product #165866 (CARTULINA METALPLATEADA): hash_guardado=e3bc4243
[2026-02-12 07:17:49] [DEBUG]    🔍 Product #165867 (CELOVEN18X25): hash_guardado=24cb7a62
[2026-02-12 07:17:49] [DEBUG]    🔍 Product #165868 (CELOVEN24X50): hash_guardado=b6fa6c28
[2026-02-12 07:17:49] [DEBUG]    🔍 Product #165869 (CHIP-SAMSUNG 205I): hash_guardado=442bbfb3
[2026-02-12 07:17:49] [DEBUG]    🔍 Product #165870 (CIDEA): hash_guardado=8c593d18
[2026-02-12 07:17:49] [DEBUG]    🔍 Product #165871 (CIL-CANON049): hash_guardado=f577b68f
[2026-02-12 07:17:49] [DEBUG]    🔍 Product #165872 (CINTA): hash_guardado=f5f28dd8
[2026-02-12 07:17:49] [DEBUG]    🔍 Product #165873 (CINTA ADHESIVA CELOVEN 24MM X 50M): hash_guardado=4472dd29
[2026-02-12 07:17:49] [DEBUG]    🔍 Product #165874 (CINTA TRANSPARENTE 25 MTS): hash_guardado=055da4b8
[2026-02-12 07:17:49] [DEBUG]    🔍 Product #165875 (CINTA2): hash_guardado=b184ce18
[2026-02-12 07:17:49] [DEBUG]    🔍 Product #165876 (CINTA3): hash_guardado=2958eeb9
[2026-02-12 07:17:49] [DEBUG]    🔍 Product #165877 (CINTA-ADHESIVA): hash_guardado=d71b06bb
[2026-02-12 07:17:49] [DEBUG]    🔍 Product #165878 (CINT-TALLY): hash_guardado=4394dc18
[2026-02-12 07:17:49] [DEBUG]    🔍 Product #165879 (CLIPS-MARIPOSA): hash_guardado=598a1416
[2026-02-12 07:17:49] [DEBUG]    🔍 Product #165880 (CLIPS-STANDARD): hash_guardado=83ff60f6
[2026-02-12 07:17:49] [DEBUG]    🔍 Product #165881 (COLA-BLANCA): hash_guardado=d72e86a2
[2026-02-12 07:17:49] [DEBUG]    🔍 Product #165882 (COLORES-MAD): hash_guardado=669906e2
[2026-02-12 07:17:49] [DEBUG]    🔍 Product #165883 (COMB-MC-H-B): hash_guardado=63122df7
[2026-02-12 07:17:49] [DEBUG]    🔍 Product #165884 (COMB-MOF-H-B): hash_guardado=39ae2091
[2026-02-12 07:17:49] [DEBUG]    🔍 Product #165885 (COMPAS-ESCOLAR): hash_guardado=393b40f7
[2026-02-12 07:17:49] [DEBUG]    🔍 Product #165886 (CONTABILIDAD): hash_guardado=f75e7a83
[2026-02-12 07:17:49] [DEBUG]    🔍 Product #165887 (CONTROL-INAL-X3): hash_guardado=722759ea
[2026-02-12 07:17:49] [DEBUG]    🔍 Product #165888 (CORNETA J): hash_guardado=18ecdb4a
[2026-02-12 07:17:49] [DEBUG]    🔍 Product #165889 (CORNETA KIMISO): hash_guardado=a92e9e58
[2026-02-12 07:17:49] [DEBUG]    🔍 Product #165890 (CORNETA-00): hash_guardado=e1384799
[2026-02-12 07:17:49] [DEBUG]    🔍 Product #165891 (CORNETA-01): hash_guardado=93e28905
[2026-02-12 07:17:49] [DEBUG]    🔍 Product #165892 (CORREC-): hash_guardado=b78e15c1
[2026-02-12 07:17:49] [DEBUG]    🔍 Product #165893 (CORRECT-): hash_guardado=69d45336
[2026-02-12 07:17:49] [DEBUG]    🔍 Product #165894 (CORRECTOR-00): hash_guardado=007df91a
[2026-02-12 07:17:49] [DEBUG]    🔍 Product #165895 (CP306): hash_guardado=5458b858
[2026-02-12 07:17:49] [DEBUG]    🔍 Product #165896 (CRAYONES): hash_guardado=54720f10
[2026-02-12 07:17:49] [DEBUG]    🔍 Product #165897 (CREDITO-01): hash_guardado=20828a6f
[2026-02-12 07:17:49] [DEBUG]    🔍 Product #165898 (CREDITO-02): hash_guardado=ce00b289
[2026-02-12 07:17:49] [DEBUG]    🔍 Product #165899 (CREDITO-03): hash_guardado=2839a22e
[2026-02-12 07:17:49] [DEBUG]    🔍 Product #165900 (CREDITO-04): hash_guardado=21c83363
[2026-02-12 07:17:49] [DEBUG]    🔍 Product #165901 (CREDITO-05): hash_guardado=f25755f9
[2026-02-12 07:17:49] [DEBUG]    🔍 Product #165902 (CREDITO-06): hash_guardado=03a0cb22
[2026-02-12 07:17:49] [DEBUG]    🔍 Product #165903 (CX-40): hash_guardado=9f5f47be
[2026-02-12 07:17:49] [DEBUG]    🔍 Product #165904 (CYRUZ X-2): hash_guardado=92094898
[2026-02-12 07:17:49] [DEBUG]    🔍 Product #165905 (D-01): hash_guardado=ff5ffc3d
[2026-02-12 07:17:49] [DEBUG]    🔍 Product #165906 (D-02): hash_guardado=8eedc815
[2026-02-12 07:17:49] [DEBUG]    🔍 Product #165907 (D-16): hash_guardado=ac24f0c6
[2026-02-12 07:17:49] [DEBUG]    🔍 Product #165908 (D18W): hash_guardado=b163d5cc
[2026-02-12 07:17:49] [DEBUG]    🔍 Product #165909 (D24W): hash_guardado=ce28c851
[2026-02-12 07:17:49] [DEBUG]    🔍 Product #165910 (DELINEADOR): hash_guardado=64612991
[2026-02-12 07:17:49] [DEBUG]    🔍 Product #165911 (DELIVERY): hash_guardado=899d0316
[2026-02-12 07:17:49] [DEBUG]    🔍 Product #165912 (DISCO DURO 320GB): hash_guardado=4c2236ed
[2026-02-12 07:17:49] [DEBUG]    🔍 Product #165913 (DISP-016): hash_guardado=5bec8922
[2026-02-12 07:17:49] [DEBUG]    🔍 Product #165914 (DISP-017): hash_guardado=631f3c24
[2026-02-12 07:17:49] [DEBUG]    🔍 Product #165915 (DTX/32GB): hash_guardado=31736dbb
[2026-02-12 07:17:49] [DEBUG]    🔍 Product #165916 (E-1046): hash_guardado=610f4b77
[2026-02-12 07:17:49] [DEBUG]    🔍 Product #165917 (ENGRAPADORA MEDIANA AMAZON): hash_guardado=9d6d321c
[2026-02-12 07:17:49] [DEBUG]    🔍 Product #165918 (ESENCIA HUMIFICADOR KP2130): hash_guardado=b85c60f1
[2026-02-12 07:17:49] [DEBUG]    🔍 Product #165919 (ESENCIA REPELENTE): hash_guardado=c0ee552b
[2026-02-12 07:17:49] [DEBUG]    🔍 Product #165920 (FAST CHARGER): hash_guardado=419e8297
[2026-02-12 07:17:49] [DEBUG]    🔍 Product #165921 (FORM. CONT. S/P): hash_guardado=851e5f97
[2026-02-12 07:17:49] [DEBUG]    🔍 Product #165922 (FT-PODER600W): hash_guardado=8ca373d6
[2026-02-12 07:17:49] [DEBUG]    🔍 Product #165923 (FUNDAS-PROCT): hash_guardado=a88ac5b1
[2026-02-12 07:17:49] [DEBUG]    🔍 Product #165924 (FUNDAS-PROT): hash_guardado=4a7c79fb
[2026-02-12 07:17:49] [DEBUG]    🔍 Product #165925 (GANCHOS): hash_guardado=6c4d6fd2
[2026-02-12 07:17:49] [DEBUG]    🔍 Product #165926 (GANCHOS MARIPOSAS): hash_guardado=bb85ff5b
[2026-02-12 07:17:49] [DEBUG]    🔍 Product #165927 (GASTOS-CONDOMINIO): hash_guardado=bfafd76d
[2026-02-12 07:17:49] [DEBUG]    🔍 Product #165928 (GASTOS-VARIOS): hash_guardado=c67c54e2
[2026-02-12 07:17:49] [DEBUG]    🔍 Product #165929 (GASTOS-VARIOS-IV): hash_guardado=522a92c4
[2026-02-12 07:17:49] [DEBUG]    🔍 Product #165930 (GLADE VAINILLA): hash_guardado=5fcbc202
[2026-02-12 07:17:49] [DEBUG]    🔍 Product #165931 (GLASS SUCTION TRAY): hash_guardado=7295f6b1
[2026-02-12 07:17:49] [DEBUG]    🔍 Product #165932 (GRAPAS LISAS AMIKO X 5000 PIEZAS): hash_guardado=4963972f
[2026-02-12 07:17:49] [DEBUG]    🔍 Product #165933 (GRAP-OK04): hash_guardado=d9fbe099
[2026-02-12 07:17:49] [DEBUG]    🔍 Product #165934 (GRAP-RAPID): hash_guardado=b1634fff
[2026-02-12 07:17:49] [DEBUG]    🔍 Product #165935 (GTX300): hash_guardado=d0a7ccc8
[2026-02-12 07:17:49] [DEBUG]    🔍 Product #165936 (HAMACA): hash_guardado=760f9c39
[2026-02-12 07:17:49] [DEBUG]    🔍 Product #165937 (H-CARTAS): hash_guardado=cd97bd41
[2026-02-12 07:17:49] [DEBUG]    🔍 Product #165938 (HDMI-RJ45): hash_guardado=b56f17e1
[2026-02-12 07:17:49] [DEBUG]    🔍 Product #165939 (HN-A16): hash_guardado=48999101
[2026-02-12 07:17:49] [DEBUG]    🔍 Product #165940 (H-OFICIO): hash_guardado=3ed08b78
[2026-02-12 07:17:49] [DEBUG]    🔍 Product #165941 (HOJA-EXAMEN): hash_guardado=98773031
[2026-02-12 07:17:49] [DEBUG]    🔍 Product #165942 (HOJAEXAMEN): hash_guardado=93bedaab
[2026-02-12 07:17:49] [DEBUG]    🔍 Product #165943 (HOLOGRAFICA): hash_guardado=f9967dc2
[2026-02-12 07:17:49] [DEBUG]    🔍 Product #165944 (HOLOGRAFICA PLATEADA): hash_guardado=80389e53
[2026-02-12 07:17:49] [DEBUG]    🔍 Product #165945 (HT-556LED): hash_guardado=a73905f4
[2026-02-12 07:17:49] [DEBUG]    🔍 Product #165946 (HUMIFICADOR H2O DQ-107): hash_guardado=e4fbc24e
[2026-02-12 07:17:49] [DEBUG]    🔍 Product #165947 (ID90): hash_guardado=90edd218
[2026-02-12 07:17:49] [DEBUG]    🔍 Product #165948 (IMP-ASEO): hash_guardado=8754ace5
[2026-02-12 07:17:49] [DEBUG]    🔍 Product #165949 (INPODS INALAMBRICOS): hash_guardado=b83c7d00
[2026-02-12 07:17:49] [DEBUG]    🔍 Product #165950 (INT1): hash_guardado=88a797db
[2026-02-12 07:17:49] [DEBUG]    🔍 Product #165951 (INT15): hash_guardado=2d9be1bf
[2026-02-12 07:17:49] [DEBUG]    🔍 Product #165952 (INT30): hash_guardado=4dab530b
[2026-02-12 07:17:49] [DEBUG]    🔍 Product #165953 (JBL J-04): hash_guardado=5a0818f3
[2026-02-12 07:17:49] [DEBUG]    🔍 Product #165954 (JBL WS-L13): hash_guardado=876f234d
[2026-02-12 07:17:49] [DEBUG]    🔍 Product #165955 (JBL-J01): hash_guardado=41885916
[2026-02-12 07:17:49] [DEBUG]    🔍 Product #165956 (JBL-W1): hash_guardado=19665375
[2026-02-12 07:17:49] [DEBUG]    🔍 Product #165957 (JBL-W3): hash_guardado=541587e7
[2026-02-12 07:17:49] [DEBUG]    🔍 Product #165958 (JBL-W6): hash_guardado=d8e7d90b
[2026-02-12 07:17:49] [DEBUG]    🔍 Product #165959 (JUEGO-GEOMETRICO): hash_guardado=3588d8a0
[2026-02-12 07:17:49] [DEBUG]    🔍 Product #165960 (K1-M): hash_guardado=d30f6d32
[2026-02-12 07:17:49] [DEBUG]    🔍 Product #165961 (K1MCOLORES): hash_guardado=68d1d9b9
[2026-02-12 07:17:49] [DEBUG]    🔍 Product #165962 (K5-F): hash_guardado=3bb221ae
[2026-02-12 07:17:49] [DEBUG]    🔍 Product #165963 (K8): hash_guardado=c836e74a
[2026-02-12 07:17:49] [DEBUG]    🔍 Product #165964 (KBS-1301): hash_guardado=b4d1d1e2
[2026-02-12 07:17:49] [DEBUG]    🔍 Product #165965 (KIN-OTG): hash_guardado=8bcf97bf
[2026-02-12 07:17:49] [DEBUG]    🔍 Product #165966 (KVR133D3N9/4G): hash_guardado=4c826c81
[2026-02-12 07:17:49] [DEBUG]    🔍 Product #165967 (KY-192): hash_guardado=63590068
[2026-02-12 07:17:49] [DEBUG]    🔍 Product #165968 (LAMINA PARA PLASTIFICAR): hash_guardado=961b9aaa
[2026-02-12 07:17:49] [DEBUG]    🔍 Product #165969 (LAMPARA): hash_guardado=27b2af9e
[2026-02-12 07:17:49] [DEBUG]    🔍 Product #165970 (LAMPARA 3 LUCES): hash_guardado=cd2082c0
[2026-02-12 07:17:49] [DEBUG]    🔍 Product #165971 (LAMPARA DE MESA): hash_guardado=ed874504
[2026-02-12 07:17:49] [DEBUG]    🔍 Product #165972 (LAMPARA MESA TIPO BARRA): hash_guardado=aba1bcb3
[2026-02-12 07:17:49] [DEBUG]    🔍 Product #165973 (LAPICERO BIC NEGRO Y AZUL): hash_guardado=80054679
[2026-02-12 07:17:49] [DEBUG]    🔍 Product #165974 (LAPIZ): hash_guardado=44177464
[2026-02-12 07:17:49] [DEBUG]    🔍 Product #165975 (LAPIZ AMAZON BASICS): hash_guardado=6fda621f
[2026-02-12 07:17:49] [DEBUG]    🔍 Product #165976 (LAPIZ DOBLE PUNTA AZUL/ROJO): hash_guardado=19f770d6
[2026-02-12 07:17:49] [DEBUG]    🔍 Product #165977 (LAPTOP): hash_guardado=5c9bb9cf
[2026-02-12 07:17:49] [DEBUG]    🔍 Product #165978 (LAPTOPS-I5): hash_guardado=666d95a8
[2026-02-12 07:17:49] [DEBUG]    🔍 Product #165979 (LDO-B08 TIPO C): hash_guardado=8866d1e4
[2026-02-12 07:17:49] [DEBUG]    🔍 Product #165980 (LDO-C600): hash_guardado=f6b41912
[2026-02-12 07:17:49] [DEBUG]    🔍 Product #165981 (LDO-C600-MICRO): hash_guardado=7cfee7cf
[2026-02-12 07:17:49] [DEBUG]    🔍 Product #165982 (LDO-CX150 MICRO): hash_guardado=c66c55cb
[2026-02-12 07:17:49] [DEBUG]    🔍 Product #165983 (LDO-CX150 TIPO C): hash_guardado=8ad2bd4b
[2026-02-12 07:17:49] [DEBUG]    🔍 Product #165984 (LDO-G30 TIPO C): hash_guardado=737b11ba
[2026-02-12 07:17:49] [DEBUG]    🔍 Product #165985 (LDO-S600 TIPO C): hash_guardado=19045067
[2026-02-12 07:17:49] [DEBUG]    🔍 Product #165986 (LED MINI PARTY): hash_guardado=cb30e58e
[2026-02-12 07:17:49] [DEBUG]    🔍 Product #165987 (LED024): hash_guardado=74f9e8f5
[2026-02-12 07:17:49] [DEBUG]    🔍 Product #165988 (LED113): hash_guardado=305e955c
[2026-02-12 07:17:49] [DEBUG]    🔍 Product #165989 (LED-UFO-LAMP): hash_guardado=8755a26e
[2026-02-12 07:17:49] [DEBUG]    🔍 Product #165990 (LIBRE01): hash_guardado=b7b35796
[2026-02-12 07:17:49] [DEBUG]    🔍 Product #165991 (LIBTA-EMP-100H): hash_guardado=91a664cf
[2026-02-12 07:17:49] [DEBUG]    🔍 Product #165992 (LICENCIAMULTI): hash_guardado=f1d8129f
[2026-02-12 07:17:49] [DEBUG]    🔍 Product #165993 (LICUADORA): hash_guardado=98ca851f
[2026-02-12 07:17:49] [DEBUG]    🔍 Product #165994 (LINTERNA LED LY 825): hash_guardado=a4eb2c43
[2026-02-12 07:17:49] [DEBUG]    🔍 Product #165995 (LK87): hash_guardado=5588da66
[2026-02-12 07:17:49] [DEBUG]    🔍 Product #165996 (LLAVERO UPPOMI): hash_guardado=adcb8718
[2026-02-12 07:17:49] [DEBUG]    🔍 Product #165997 (L-PLASTIFICADO): hash_guardado=ccf1d903
[2026-02-12 07:17:49] [DEBUG]    🔍 Product #165998 (LPZ-MONGOL): hash_guardado=e797c366
[2026-02-12 07:17:49] [DEBUG]    🔍 Product #165999 (LT-TZ-22): hash_guardado=848a3b9a
[2026-02-12 07:17:49] [DEBUG]    🔍 Product #166000 (LUCES LED SENSORIALES AMAZON): hash_guardado=1feb2583
[2026-02-12 07:17:49] [DEBUG]    🔍 Product #166001 (LUZ LAMPARA MESA BRAZO): hash_guardado=f152944f
[2026-02-12 07:17:49] [DEBUG]    🔍 Product #166002 (MACADOR-NEGRO): hash_guardado=8e25e46d
[2026-02-12 07:17:49] [DEBUG]    🔍 Product #166003 (MARCADOR-00): hash_guardado=619c73e0
[2026-02-12 07:17:49] [DEBUG]    🔍 Product #166004 (MARC-DELGADOS MAX45): hash_guardado=0effc34b
[2026-02-12 07:17:49] [DEBUG]    🔍 Product #166005 (MARC-GRUESO): hash_guardado=889cce7e
[2026-02-12 07:17:49] [DEBUG]    🔍 Product #166006 (MARC-OK91): hash_guardado=530a06bc
[2026-02-12 07:17:49] [DEBUG]    🔍 Product #166007 (MARC-OK92): hash_guardado=efba5486
[2026-02-12 07:17:49] [DEBUG]    🔍 Product #166008 (MARC-OK92L): hash_guardado=1b347c76
[2026-02-12 07:17:49] [DEBUG]    🔍 Product #166009 (MARC-OK93): hash_guardado=9b748a27
[2026-02-12 07:17:49] [DEBUG]    🔍 Product #166010 (MARC-OK93L): hash_guardado=e05e0730
[2026-02-12 07:17:49] [DEBUG]    🔍 Product #166011 (MAR-OK91): hash_guardado=21d4e4c6
[2026-02-12 07:17:49] [DEBUG]    🔍 Product #166012 (MB-MA64E): hash_guardado=82b4a4ad
[2026-02-12 07:17:49] [DEBUG]    🔍 Product #166013 (MDR-AQ68): hash_guardado=45b1c87b
[2026-02-12 07:17:49] [DEBUG]    🔍 Product #166014 (ME-MA32E): hash_guardado=f103d252
[2026-02-12 07:17:49] [DEBUG]    🔍 Product #166015 (MERREL USA): hash_guardado=f523a3d9
[2026-02-12 07:17:49] [DEBUG]    🔍 Product #166016 (MI HEADSET NARANJA): hash_guardado=645a684c
[2026-02-12 07:17:49] [DEBUG]    🔍 Product #166017 (MINI EXACTOS): hash_guardado=fd010910
[2026-02-12 07:17:49] [DEBUG]    🔍 Product #166018 (MINI HUMIFICADOR): hash_guardado=39b01af3
[2026-02-12 07:17:49] [DEBUG]    🔍 Product #166019 (MINI VENTILADOR): hash_guardado=c179f83d
[2026-02-12 07:17:49] [DEBUG]    🔍 Product #166020 (M-L-L): hash_guardado=f9431189
[2026-02-12 07:17:49] [DEBUG]    🔍 Product #166021 (M-L-L-2): hash_guardado=468a55b8
[2026-02-12 07:17:49] [DEBUG]    🔍 Product #166022 (MLTD 111S): hash_guardado=cb12fa9b
[2026-02-12 07:17:49] [DEBUG]    🔍 Product #166023 (MONITOR): hash_guardado=da1dfd97
[2026-02-12 07:17:49] [DEBUG]    🔍 Product #166024 (MOSQUITERO): hash_guardado=45e34cdc
[2026-02-12 07:17:49] [DEBUG]    🔍 Product #166025 (MOUSE GAMING HP S600): hash_guardado=a17f66f5
[2026-02-12 07:17:49] [DEBUG]    🔍 Product #166026 (MOUSE HP RECARGABLE): hash_guardado=f3a73c84
[2026-02-12 07:17:49] [DEBUG]    🔍 Product #166027 (MOUSE TJ-1 GAMING TINJI): hash_guardado=440c9724
[2026-02-12 07:17:49] [DEBUG]    🔍 Product #166028 (MOUSE TJ-3 GAMING TINJI): hash_guardado=6763d959
[2026-02-12 07:17:49] [DEBUG]    🔍 Product #166029 (MOUSE TJ-7): hash_guardado=b889161a
[2026-02-12 07:17:49] [DEBUG]    🔍 Product #166030 (MOUSE-MIXIE): hash_guardado=657b2335
[2026-02-12 07:17:49] [DEBUG]    🔍 Product #166031 (MOUSE-TJ-10): hash_guardado=912faf2d
[2026-02-12 07:17:49] [DEBUG]    🔍 Product #166032 (MR1909): hash_guardado=39594262
[2026-02-12 07:17:49] [DEBUG]    🔍 Product #166033 (MSATA SSD): hash_guardado=93665101
[2026-02-12 07:17:49] [DEBUG]    🔍 Product #166034 (MS-HP510A): hash_guardado=05d7f297
[2026-02-12 07:17:49] [DEBUG]    🔍 Product #166035 (MU-CU3X3): hash_guardado=a256d522
[2026-02-12 07:17:49] [DEBUG]    🔍 Product #166036 (MUF-16BE): hash_guardado=a0c40d60
[2026-02-12 07:17:49] [DEBUG]    🔍 Product #166037 (MUF-64BE): hash_guardado=ba02c693
[2026-02-12 07:17:49] [DEBUG]    🔍 Product #166038 (MU-RM-5U): hash_guardado=0b830534
[2026-02-12 07:17:49] [DEBUG]    🔍 Product #166039 (NANFU AA): hash_guardado=3b008eeb
[2026-02-12 07:17:49] [DEBUG]    🔍 Product #166040 (NANFU AAA): hash_guardado=d6db9338
[2026-02-12 07:17:49] [DEBUG]    🔍 Product #166041 (NANO): hash_guardado=bfd5968e
[2026-02-12 07:17:49] [DEBUG]    🔍 Product #166042 (NIMH-AAA-HR03): hash_guardado=340b27b2
[2026-02-12 07:17:49] [DEBUG]    🔍 Product #166043 (NIMH-AA-HR6): hash_guardado=11d60c4c
[2026-02-12 07:17:49] [DEBUG]    🔍 Product #166044 (NOMINA): hash_guardado=99b0bd03
[2026-02-12 07:17:49] [DEBUG]    🔍 Product #166045 (NOT-ADH-3X3): hash_guardado=e4c7f00e
[2026-02-12 07:17:49] [DEBUG]    🔍 Product #166046 (NOT-AUTOOK149B): hash_guardado=c5dba39e
[2026-02-12 07:17:49] [DEBUG]    🔍 Product #166047 (OF-024): hash_guardado=96509017
[2026-02-12 07:17:49] [DEBUG]    🔍 Product #166048 (OK-05): hash_guardado=94b982f4
[2026-02-12 07:17:49] [DEBUG]    🔍 Product #166049 (OK86): hash_guardado=67940518
[2026-02-12 07:17:49] [DEBUG]    🔍 Product #166050 (OK88): hash_guardado=41fe1538
[2026-02-12 07:17:49] [DEBUG]    🔍 Product #166051 (OK89): hash_guardado=2c924ba9
[2026-02-12 07:17:49] [DEBUG]    🔍 Product #166052 (OPALINA): hash_guardado=9998c81c
[2026-02-12 07:17:49] [DEBUG]    🔍 Product #166053 (OPALINA BLANCA TAMAÑO CARTA): hash_guardado=1b071afe
[2026-02-12 07:17:49] [DEBUG]    🔍 Product #166054 (OPRINTA): hash_guardado=855160f9
[2026-02-12 07:17:49] [DEBUG]    🔍 Product #166055 (ORIN CERTIFICADO): hash_guardado=b56b32d8
[2026-02-12 07:17:49] [DEBUG]    🔍 Product #166056 (OTG MICRO BLISTER): hash_guardado=ae292d64
[2026-02-12 07:17:49] [DEBUG]    🔍 Product #166057 (OTG-TC-06): hash_guardado=5ea58028
[2026-02-12 07:17:49] [DEBUG]    🔍 Product #166058 (P-001): hash_guardado=e26ffc1c
[2026-02-12 07:17:49] [DEBUG]    🔍 Product #166059 (PAGO DE COMISION ML): hash_guardado=21534be2
[2026-02-12 07:17:49] [DEBUG]    🔍 Product #166060 (PAGO RECARGAS): hash_guardado=d282bfb3
[2026-02-12 07:17:49] [DEBUG]    🔍 Product #166061 (PANEL SOLAR): hash_guardado=4cceef3a
[2026-02-12 07:17:49] [DEBUG]    🔍 Product #166062 (PANEL-00): hash_guardado=ec852d99
[2026-02-12 07:17:49] [DEBUG]    🔍 Product #166063 (PAPEL BOND): hash_guardado=bf807c2c
[2026-02-12 07:17:49] [DEBUG]    🔍 Product #166064 (PAPEL FOTOGRAFICO 180G): hash_guardado=03c9965a
[2026-02-12 07:17:49] [DEBUG]    🔍 Product #166065 (PAPEL-BOND): hash_guardado=bca2b8b1
[2026-02-12 07:17:49] [DEBUG]    🔍 Product #166066 (PAPER MATE): hash_guardado=1328c4f2
[2026-02-12 07:17:49] [DEBUG]    🔍 Product #166067 (PAPERMATE): hash_guardado=cd50ec73
[2026-02-12 07:17:49] [DEBUG]    🔍 Product #166068 (PASAJE): hash_guardado=1cb4e4c0
[2026-02-12 07:17:49] [DEBUG]    🔍 Product #166069 (PASTILLAS-AUTOS): hash_guardado=7e17a8a1
[2026-02-12 07:17:49] [DEBUG]    🔍 Product #166070 (PBPCS): hash_guardado=51f1eefd
[2026-02-12 07:17:49] [DEBUG]    🔍 Product #166071 (PEG-3): hash_guardado=3cfae920
[2026-02-12 07:17:49] [DEBUG]    🔍 Product #166072 (PEGA EN BARRAS): hash_guardado=ddcfd492
[2026-02-12 07:17:49] [DEBUG]    🔍 Product #166073 (PERFORADOR): hash_guardado=a1124be0
[2026-02-12 07:17:49] [DEBUG]    🔍 Product #166074 (PERF-PH-15A): hash_guardado=37d6e263
[2026-02-12 07:17:49] [DEBUG]    🔍 Product #166075 (PERFUME-01): hash_guardado=c4f011f4
[2026-02-12 07:17:49] [DEBUG]    🔍 Product #166076 (PERFUME-02): hash_guardado=ccbb39a9
[2026-02-12 07:17:49] [DEBUG]    🔍 Product #166077 (PERFUME-03): hash_guardado=aa37b262
[2026-02-12 07:17:49] [DEBUG]    🔍 Product #166078 (PESO): hash_guardado=54734a8a
[2026-02-12 07:17:49] [DEBUG]    🔍 Product #166079 (PESO-00): hash_guardado=0944750e
[2026-02-12 07:17:49] [DEBUG]    🔍 Product #166080 (PH): hash_guardado=45726c5f
[2026-02-12 07:17:49] [DEBUG]    🔍 Product #166081 (PH1): hash_guardado=6834afb7
[2026-02-12 07:17:49] [DEBUG]    🔍 Product #166082 (PHO): hash_guardado=ea842ffc
[2026-02-12 07:17:49] [DEBUG]    🔍 Product #166083 (PHONE HOLDER): hash_guardado=55f61047
[2026-02-12 07:17:49] [DEBUG]    🔍 Product #166084 (PINTURA-00): hash_guardado=c5f2e62b
[2026-02-12 07:17:49] [DEBUG]    🔍 Product #166085 (PINTURAS): hash_guardado=84434a3b
[2026-02-12 07:17:49] [DEBUG]    🔍 Product #166086 (PINZA): hash_guardado=928c7f20
[2026-02-12 07:17:49] [DEBUG]    🔍 Product #166087 (PIZARRA-00): hash_guardado=a4f09d31
[2026-02-12 07:17:49] [DEBUG]    🔍 Product #166088 (PLASTICO CARTA): hash_guardado=148b5769
[2026-02-12 07:17:49] [DEBUG]    🔍 Product #166089 (PLASTIFICACION-): hash_guardado=c9c6e8bf
[2026-02-12 07:17:49] [DEBUG]    🔍 Product #166090 (POLVO CACAO 250 GR): hash_guardado=c91bcb38
[2026-02-12 07:17:49] [DEBUG]    🔍 Product #166091 (POLVO CACAO 500 GR): hash_guardado=8693c11b
[2026-02-12 07:17:49] [DEBUG]    🔍 Product #166092 (PORTA CARNET): hash_guardado=5c4c1e3d
[2026-02-12 07:17:49] [DEBUG]    🔍 Product #166093 (PORTARETRARO): hash_guardado=f0434966
[2026-02-12 07:17:49] [DEBUG]    🔍 Product #166094 (POWER BANK MAGSAFE): hash_guardado=1e19a241
[2026-02-12 07:17:49] [DEBUG]    🔍 Product #166095 (POWER BANK MAGSAFE 5 MIL MAH): hash_guardado=e9843d95
[2026-02-12 07:17:49] [DEBUG]    🔍 Product #166096 (POWER BANK SOLAR YELOMIN 42800): hash_guardado=a48d5c91
[2026-02-12 07:17:49] [DEBUG]    🔍 Product #166097 (PR-0-0143): hash_guardado=24e06102
[2026-02-12 07:17:49] [DEBUG]    🔍 Product #166098 (PRESTAMO): hash_guardado=12b69746
[2026-02-12 07:17:49] [DEBUG]    🔍 Product #166099 (PRESTAMO-01): hash_guardado=504720b5
[2026-02-12 07:17:49] [DEBUG]    🔍 Product #166100 (PROTECTOR DE VOLTAJE): hash_guardado=6152c87d
[2026-02-12 07:17:49] [DEBUG]    🔍 Product #166101 (PTO278-285): hash_guardado=0b087762
[2026-02-12 07:17:49] [DEBUG]    🔍 Product #166102 (PULSERA NIÑOS AIRTAG): hash_guardado=ff7baf4d
[2026-02-12 07:17:49] [DEBUG]    🔍 Product #166103 (PULSERA-00): hash_guardado=5ef38fc1
[2026-02-12 07:17:49] [DEBUG]    🔍 Product #166104 (RAD-T6 MINI): hash_guardado=eecf3568
[2026-02-12 07:17:49] [DEBUG]    🔍 Product #166105 (RCA-JK): hash_guardado=c4cfd7ab
[2026-02-12 07:17:49] [DEBUG]    🔍 Product #166106 (RECEPTOR WIFI DOBLE BANDA): hash_guardado=3d858ee0
[2026-02-12 07:17:49] [DEBUG]    🔍 Product #166107 (REF-LED-30W): hash_guardado=54308da0
[2026-02-12 07:17:49] [DEBUG]    🔍 Product #166108 (REG-PLAST-30CM): hash_guardado=912a97c2
[2026-02-12 07:17:49] [DEBUG]    🔍 Product #166109 (REG-UPPOMI-2064U AZUL): hash_guardado=683a656f
[2026-02-12 07:17:49] [DEBUG]    🔍 Product #166110 (REG-UPPOMI-2064U BLANCA): hash_guardado=6c00198d
[2026-02-12 07:17:49] [DEBUG]    🔍 Product #166111 (REG-UPPOMI-2064U VERDE): hash_guardado=a8b2f3a2
[2026-02-12 07:17:49] [DEBUG]    🔍 Product #166112 (REG-UPPOMI-LH-K2500W): hash_guardado=a83c293d
[2026-02-12 07:17:49] [DEBUG]    🔍 Product #166113 (RELOJ-00): hash_guardado=a4bf2966
[2026-02-12 07:17:49] [DEBUG]    🔍 Product #166114 (REPELENTE): hash_guardado=a3272b5d
[2026-02-12 07:17:49] [DEBUG]    🔍 Product #166115 (REPUESTO FLORES): hash_guardado=6ab7c9d6
[2026-02-12 07:17:49] [DEBUG]    🔍 Product #166116 (RESALT-): hash_guardado=b7fe0976
[2026-02-12 07:17:49] [DEBUG]    🔍 Product #166117 (RESALTADOR): hash_guardado=01e04be9
[2026-02-12 07:17:49] [DEBUG]    🔍 Product #166118 (RESALTADOR VERDE OPRINTA): hash_guardado=c9a32cc6
[2026-02-12 07:17:49] [DEBUG]    🔍 Product #166119 (RESALTADOR-3D): hash_guardado=c31df3e9
[2026-02-12 07:17:49] [DEBUG]    🔍 Product #166120 (RESALTADORES ICONO): hash_guardado=946dbf9b
[2026-02-12 07:17:49] [DEBUG]    🔍 Product #166121 (RESALT-VERDE): hash_guardado=a4f4cd31
[2026-02-12 07:17:49] [DEBUG]    🔍 Product #166122 (RESMA- EXECUTIVE): hash_guardado=ea71e3e1
[2026-02-12 07:17:49] [DEBUG]    🔍 Product #166123 (RESMAHPOFICIO): hash_guardado=b8f3d423
[2026-02-12 07:17:49] [DEBUG]    🔍 Product #166124 (RES-OFIC-CHAMEX): hash_guardado=7aac566d
[2026-02-12 07:17:49] [DEBUG]    🔍 Product #166125 (RES-PAPEL-EXTRA-OFICIO): hash_guardado=0a23babf
[2026-02-12 07:17:49] [DEBUG]    🔍 Product #166126 (RES-PAP-OFIC HAMMERMILL): hash_guardado=c7ef77e6
[2026-02-12 07:17:49] [DEBUG]    🔍 Product #166127 (RES-PRINTON): hash_guardado=d7a8888f
[2026-02-12 07:17:49] [DEBUG]    🔍 Product #166128 (RETRACTIL NEGRO/AZUL AMAZON): hash_guardado=cfa89ca8
[2026-02-12 07:17:49] [DEBUG]    🔍 Product #166129 (REVISION): hash_guardado=1dcf0cb3
[2026-02-12 07:17:49] [DEBUG]    🔍 Product #166130 (RIMER): hash_guardado=431046ec
[2026-02-12 07:17:49] [DEBUG]    🔍 Product #166131 (ROLLO-PUNTO): hash_guardado=291c2b28
[2026-02-12 07:17:49] [DEBUG]    🔍 Product #166132 (ROLLO-TERM-IMP-FISCAL): hash_guardado=e9e47acb
[2026-02-12 07:17:49] [DEBUG]    🔍 Product #166133 (ROLLO-TERM-PT-8065): hash_guardado=0a750892
[2026-02-12 07:17:49] [DEBUG]    🔍 Product #166134 (ROU-025): hash_guardado=900fa258
[2026-02-12 07:17:49] [DEBUG]    🔍 Product #166135 (RP): hash_guardado=551b21a8
[2026-02-12 07:17:49] [DEBUG]    🔍 Product #166136 (RQ-CH-09): hash_guardado=cf9df84e
[2026-02-12 07:17:49] [DEBUG]    🔍 Product #166137 (S8TRAVEL ADAPTER): hash_guardado=255142c7
[2026-02-12 07:17:49] [DEBUG]    🔍 Product #166138 (SACAP-METAL): hash_guardado=64d650fa
[2026-02-12 07:17:49] [DEBUG]    🔍 Product #166139 (SD-CF-8GB): hash_guardado=f8cdef01
[2026-02-12 07:17:49] [DEBUG]    🔍 Product #166140 (SER-VARIOS): hash_guardado=8813edc2
[2026-02-12 07:17:49] [DEBUG]    🔍 Product #166141 (S-G): hash_guardado=89ee7cad
[2026-02-12 07:17:49] [DEBUG]    🔍 Product #166142 (SH-3103): hash_guardado=477d9aee
[2026-02-12 07:17:49] [DEBUG]    🔍 Product #166143 (SHOOT-MICRO): hash_guardado=94fc150c
[2026-02-12 07:17:49] [DEBUG]    🔍 Product #166144 (SOB-MANILA CARTA): hash_guardado=a5f1b15f
[2026-02-12 07:17:49] [DEBUG]    🔍 Product #166145 (SOB-MANILA-OFIC): hash_guardado=79320b64
[2026-02-12 07:17:49] [DEBUG]    🔍 Product #166146 (SOBRE DE BROCHE CARTA): hash_guardado=7db90a69
[2026-02-12 07:17:49] [DEBUG]    🔍 Product #166147 (SOBRE MANILA CARTA): hash_guardado=4cefd124
[2026-02-12 07:17:49] [DEBUG]    🔍 Product #166148 (SOBRE MANILA OFICIO): hash_guardado=256cd026
[2026-02-12 07:17:49] [DEBUG]    🔍 Product #166149 (SOBRES BLANCO #11 MEDIA CARTA): hash_guardado=e863bb43
[2026-02-12 07:17:49] [DEBUG]    🔍 Product #166150 (SOCATE ON-OFF): hash_guardado=f9d9ccf6
[2026-02-12 07:17:49] [DEBUG]    🔍 Product #166151 (SOLID-STATE DRIVE): hash_guardado=27533812
[2026-02-12 07:17:49] [DEBUG]    🔍 Product #166152 (SOMBRAS): hash_guardado=ba4542a5
[2026-02-12 07:17:49] [DEBUG]    🔍 Product #166153 (SREV-MOVILNET): hash_guardado=02bd9e65
[2026-02-12 07:17:49] [DEBUG]    🔍 Product #166154 (SS-065): hash_guardado=d7c2034d
[2026-02-12 07:17:49] [DEBUG]    🔍 Product #166155 (ST-00370): hash_guardado=075e3eb2
[2026-02-12 07:17:49] [DEBUG]    🔍 Product #166156 (ST-01701): hash_guardado=f3332877
[2026-02-12 07:17:49] [DEBUG]    🔍 Product #166157 (ST-03509B-A): hash_guardado=c9784c47
[2026-02-12 07:17:49] [DEBUG]    🔍 Product #166158 (ST-03556-B): hash_guardado=a5cd6679
[2026-02-12 07:17:49] [DEBUG]    🔍 Product #166159 (ST-03905): hash_guardado=4e3f000f
[2026-02-12 07:17:49] [DEBUG]    🔍 Product #166160 (ST-MS-951B): hash_guardado=f8411000
[2026-02-12 07:17:49] [DEBUG]    🔍 Product #166161 (ST-P01): hash_guardado=879fe50d
[2026-02-12 07:17:49] [DEBUG]    🔍 Product #166162 (T5219252200): hash_guardado=7bb5ef4b
[2026-02-12 07:17:49] [DEBUG]    🔍 Product #166163 (TABLAS-00): hash_guardado=597e3ce9
[2026-02-12 07:17:49] [DEBUG]    🔍 Product #166164 (TABLET 10 PULGADAS AMAZON): hash_guardado=afd4249d
[2026-02-12 07:17:49] [DEBUG]    🔍 Product #166165 (TABLET 4 RAM VERDE): hash_guardado=5d050ef4
[2026-02-12 07:17:49] [DEBUG]    🔍 Product #166166 (TABLET 7 PULAGADAS AMAZON): hash_guardado=d43a2fc9
[2026-02-12 07:17:49] [DEBUG]    🔍 Product #166167 (TABLET NEGRA 7 INCH 3 RAM): hash_guardado=7672478b
[2026-02-12 07:17:49] [DEBUG]    🔍 Product #166168 (TABLET PARA NIÑOS 7 INCH): hash_guardado=0eb471d5
[2026-02-12 07:17:49] [DEBUG]    🔍 Product #166169 (TAC-CL01): hash_guardado=2aafc20a
[2026-02-12 07:17:49] [DEBUG]    🔍 Product #166170 (TAC-SAMSUG5G): hash_guardado=f4d299ed
[2026-02-12 07:17:49] [DEBUG]    🔍 Product #166171 (TAP-001): hash_guardado=0ffb2a27
[2026-02-12 07:17:49] [DEBUG]    🔍 Product #166172 (TD-T35): hash_guardado=a1a1ac15
[2026-02-12 07:17:49] [DEBUG]    🔍 Product #166173 (TE-1): hash_guardado=b9231e35
[2026-02-12 07:17:49] [DEBUG]    🔍 Product #166174 (TEMP-COLORES): hash_guardado=f4323916
[2026-02-12 07:17:49] [DEBUG]    🔍 Product #166175 (TERCER BRAZO): hash_guardado=d99a65f9
[2026-02-12 07:17:49] [DEBUG]    🔍 Product #166176 (TIJ-8"-NEG): hash_guardado=5b327cdd
[2026-02-12 07:17:49] [DEBUG]    🔍 Product #166177 (TIJERA): hash_guardado=e61f4dc6
[2026-02-12 07:17:49] [DEBUG]    🔍 Product #166178 (TINTA T544): hash_guardado=9b34145d
[2026-02-12 07:17:49] [DEBUG]    🔍 Product #166179 (TINTA T544 COLORES): hash_guardado=d3a21f2c
[2026-02-12 07:17:49] [DEBUG]    🔍 Product #166180 (TINTA T664): hash_guardado=795fd19b
[2026-02-12 07:17:49] [DEBUG]    🔍 Product #166181 (TINTA T664 AMARILLA): hash_guardado=8a7cae13
[2026-02-12 07:17:49] [DEBUG]    🔍 Product #166182 (TINTA T664 CELESTE): hash_guardado=aaeda9cd
[2026-02-12 07:17:49] [DEBUG]    🔍 Product #166183 (TINTA T664 NEGRA): hash_guardado=a7a063c2
[2026-02-12 07:17:49] [DEBUG]    🔍 Product #166184 (TIRRO): hash_guardado=2bd73204
[2026-02-12 07:17:49] [DEBUG]    🔍 Product #166185 (TJ-11 MOUSE GAMER): hash_guardado=57150ed8
[2026-02-12 07:17:49] [DEBUG]    🔍 Product #166186 (TONER-104): hash_guardado=cab603b2
[2026-02-12 07:17:49] [DEBUG]    🔍 Product #166187 (TONER-137/83A): hash_guardado=74e9f8b0
[2026-02-12 07:17:49] [DEBUG]    🔍 Product #166188 (TONER-COMP-CANON): hash_guardado=2848f377
[2026-02-12 07:17:49] [DEBUG]    🔍 Product #166189 (TONER-COMP-HP): hash_guardado=56be4f36
[2026-02-12 07:17:49] [DEBUG]    🔍 Product #166190 (TONER-HP): hash_guardado=7c72ed3c
[2026-02-12 07:17:49] [DEBUG]    🔍 Product #166191 (TONER-MXP-MLTD101S): hash_guardado=0cacd133
[2026-02-12 07:17:49] [DEBUG]    🔍 Product #166192 (TONER-STAMPRINT): hash_guardado=ce04487c
[2026-02-12 07:17:49] [DEBUG]    🔍 Product #166193 (TP101): hash_guardado=316097b0
[2026-02-12 07:17:49] [DEBUG]    🔍 Product #166194 (TRIPOIDE PARA SELFIE): hash_guardado=2fbf0218
[2026-02-12 07:17:49] [DEBUG]    🔍 Product #166195 (TWS I18): hash_guardado=bf685519
[2026-02-12 07:17:49] [DEBUG]    🔍 Product #166196 (UNS-K107): hash_guardado=93363dd9
[2026-02-12 07:17:49] [DEBUG]    🔍 Product #166197 (USB FLASH DRIVE): hash_guardado=a6b14bcc
[2026-02-12 07:17:49] [DEBUG]    🔍 Product #166198 (USB-4PTO-HUB): hash_guardado=cc764b69
[2026-02-12 07:17:49] [DEBUG]    🔍 Product #166199 (USB-7PTO-HUB): hash_guardado=cece2649
[2026-02-12 07:17:49] [DEBUG]    🔍 Product #166200 (USB-CABLE-MICRO): hash_guardado=b77aae2c
[2026-02-12 07:17:49] [DEBUG]    🔍 Product #166201 (USB-LDO-W10-MICRO): hash_guardado=94bf2f0c
[2026-02-12 07:17:49] [DEBUG]    🔍 Product #166202 (USB-TC): hash_guardado=4a887693
[2026-02-12 07:17:49] [DEBUG]    🔍 Product #166203 (VARIOS SERVICIOS): hash_guardado=a9e97802
[2026-02-12 07:17:49] [DEBUG]    🔍 Product #166204 (WD2500AAKX): hash_guardado=382aa610
[2026-02-12 07:17:49] [DEBUG]    🔍 Product #166205 (X002UZCVP1): hash_guardado=7a72df68
[2026-02-12 07:17:49] [DEBUG]    🔍 Product #166206 (X0033B2V51): hash_guardado=97078999
[2026-02-12 07:17:49] [DEBUG]    🔍 Product #166207 (X003CGDNHH): hash_guardado=92fed086
[2026-02-12 07:17:49] [DEBUG]    🔍 Product #166208 (X003D43FOJ): hash_guardado=33e203dd
[2026-02-12 07:17:49] [DEBUG]    🔍 Product #166209 (X003FDNBWJ): hash_guardado=e1220ad7
[2026-02-12 07:17:49] [DEBUG]    🔍 Product #166210 (X003Z1RAMD): hash_guardado=6ee0246c
[2026-02-12 07:17:49] [DEBUG]    🔍 Product #166211 (X004AT548L): hash_guardado=ba5a82fb
[2026-02-12 07:17:49] [DEBUG]    🔍 Product #166212 (X6 USB STANDARD): hash_guardado=5571eaad
[2026-02-12 07:17:49] [DEBUG]    🔍 Product #166213 (X-CABLE): hash_guardado=a2a70d2a
[2026-02-12 07:17:49] [DEBUG]    🔍 Product #166214 (X-IZ): hash_guardado=faaaaa5e
[2026-02-12 07:17:49] [DEBUG]    🔍 Product #166215 (XS025): hash_guardado=9c760a0a
[2026-02-12 07:17:49] [INFO] ✅ Products detectados: 0 nuevos, 0 modificados
[2026-02-12 07:17:49] [INFO] 
[2026-02-12 07:17:49] [INFO] 💰 DETECTANDO CAMBIOS EN QUOTES (MySQL → PostgreSQL)...
[2026-02-12 07:17:49] [INFO]    📋 Quotes encontrados en MySQL: 0
[2026-02-12 07:17:49] [INFO]    ℹ️ No hay quotes en MySQL para esta empresa
[2026-02-12 07:17:49] [INFO] 
[2026-02-12 07:17:49] [INFO] 👤 SINCRONIZANDO SELLERS...
[2026-02-12 07:17:50] [SUCCESS] ✅ Sellers sincronizados correctamente
[2026-02-12 07:17:50] [SUCCESS] ✨ No hay cambios que sincronizar
[2026-02-12 07:17:50] [INFO] === SINCRONIZACIÓN COMPLETADA ===
[2026-02-12 07:17:50] [SUCCESS] ✅ Sincronización completada exitosamente
[2026-02-12 07:18:12] [INFO] === INICIANDO SINCRONIZACIÓN ===
[2026-02-12 07:18:12] [WARNING] Sistema de notificaciones no disponible (pip install win10toast)
[2026-02-12 07:18:12] [INFO] Verificando/creando tabla sync_hashes...
[2026-02-12 07:18:12] [WARNING]   ⚠️ Error creando índice 'idx_sync_hashes_lookup': la relación «idx_sync_hashes_lookup» ya existe

[2026-02-12 07:18:12] [WARNING]   ⚠️ Error creando índice 'idx_sync_hashes_table': la relación «idx_sync_hashes_table» ya existe

[2026-02-12 07:18:12] [SUCCESS] ✅ Tabla sync_hashes lista
[2026-02-12 07:18:12] [INFO] 
[2026-02-12 07:18:12] [INFO] ╔════════════════════════════════════════════════════════════════╗
[2026-02-12 07:18:12] [INFO] ║          SINCRONIZACIÓN INTELIGENTE CON TABLA DE HASHES          ║
[2026-02-12 07:18:12] [INFO] ╚════════════════════════════════════════════════════════════════╝
[2026-02-12 07:18:12] [INFO] 
[2026-02-12 07:18:12] [SUCCESS] ✅ Conectado a PostgreSQL
[2026-02-12 07:18:12] [SUCCESS] ✅ Conectado a MySQL (pymysql)
[2026-02-12 07:18:12] [DEBUG]    Host: 91.238.160.176
[2026-02-12 07:18:12] [DEBUG]    Port: 3306
[2026-02-12 07:18:12] [DEBUG]    Database: chrystal_movil
[2026-02-12 07:18:12] [INFO] 🔍 Buscando empresa: RIF=J502741284, Email=multiserviciosleblanc2@gmail.com
[2026-02-12 07:18:12] [DEBUG]   🔍 Verificando tabla 'acceso' (RIF y email)...
[2026-02-12 07:18:12] [ERROR] 
[2026-02-12 07:18:12] [ERROR] ❌ ERROR: No se encontraron datos coincidentes en tabla 'acceso'
[2026-02-12 07:18:12] [ERROR]    RIF buscado: J502741284
[2026-02-12 07:18:12] [ERROR]    Email buscado: multiserviciosleblanc2@gmail.com
[2026-02-12 07:18:12] [ERROR] 
[2026-02-12 07:18:12] [WARNING]    💡 La empresa debe estar registrada en 'acceso' con RIF y email coincidentes
[2026-02-12 07:18:12] [WARNING]    💡 Verifica que el RIF y email sean correctos
[2026-02-12 07:18:12] [ERROR] ❌ No se pudo obtener el company_id. Verifica RIF y email en la configuración.
[2026-02-12 07:18:12] [INFO] === SINCRONIZACIÓN COMPLETADA ===
[2026-02-12 07:18:12] [WARNING] ⚠️ Sincronización completada con errores
[2026-02-12 07:18:13] [INFO] Conectado a PostgreSQL
[2026-02-12 07:18:14] [INFO] Conectado a MySQL
